month,signal,signal_industries,n_industries,pearson_ic,spearman_ic
1926-07-31,mom,0,0,,
1926-07-31,rev,0,0,,
1926-07-31,rev_alt,0,0,,
1926-07-31,rev_orth,0,0,,
1926-07-31,blend,0,0,,
1926-08-31,mom,0,0,,
1926-08-31,rev,0,0,,
1926-08-31,rev_alt,0,0,,
1926-08-31,rev_orth,0,0,,
1926-08-31,blend,0,0,,
1926-09-30,mom,0,0,,
1926-09-30,rev,0,0,,
1926-09-30,rev_alt,0,0,,
1926-09-30,rev_orth,0,0,,
1926-09-30,blend,0,0,,
1926-10-31,mom,0,0,,
1926-10-31,rev,0,0,,
1926-10-31,rev_alt,0,0,,
1926-10-31,rev_orth,0,0,,
1926-10-31,blend,0,0,,
1926-11-30,mom,0,0,,
1926-11-30,rev,0,0,,
1926-11-30,rev_alt,0,0,,
1926-11-30,rev_orth,0,0,,
1926-11-30,blend,0,0,,
1926-12-31,mom,0,0,,
1926-12-31,rev,0,0,,
1926-12-31,rev_alt,0,0,,
1926-12-31,rev_orth,0,0,,
1926-12-31,blend,0,0,,
1927-01-31,mom,0,0,,
1927-01-31,rev,0,0,,
1927-01-31,rev_alt,0,0,,
1927-01-31,rev_orth,0,0,,
1927-01-31,blend,0,0,,
1927-02-28,mom,0,0,,
1927-02-28,rev,0,0,,
1927-02-28,rev_alt,0,0,,
1927-02-28,rev_orth,0,0,,
1927-02-28,blend,0,0,,
1927-03-31,mom,0,0,,
1927-03-31,rev,0,0,,
1927-03-31,rev_alt,0,0,,
1927-03-31,rev_orth,0,0,,
1927-03-31,blend,0,0,,
1927-04-30,mom,0,0,,
1927-04-30,rev,0,0,,
1927-04-30,rev_alt,0,0,,
1927-04-30,rev_orth,0,0,,
1927-04-30,blend,0,0,,
1927-05-31,mom,0,0,,
1927-05-31,rev,0,0,,
1927-05-31,rev_alt,0,0,,
1927-05-31,rev_orth,0,0,,
1927-05-31,blend,0,0,,
1927-06-30,mom,40,40,0.06029276372488451,0.1885553470919325
1927-06-30,rev,0,0,,
1927-06-30,rev_alt,0,0,,
1927-06-30,rev_orth,0,0,,
1927-06-30,blend,0,0,,
1927-07-31,mom,40,40,0.026695543024881835,-0.0878048780487805
1927-07-31,rev,0,0,,
1927-07-31,rev_alt,0,0,,
1927-07-31,rev_orth,0,0,,
1927-07-31,blend,0,0,,
1927-08-31,mom,40,40,0.27956520079787095,0.3309568480300188
1927-08-31,rev,0,0,,
1927-08-31,rev_alt,0,0,,
1927-08-31,rev_orth,0,0,,
1927-08-31,blend,0,0,,
1927-09-30,mom,40,40,0.0977930308488194,-0.07064452606378123
1927-09-30,rev,0,0,,
1927-09-30,rev_alt,0,0,,
1927-09-30,rev_orth,0,0,,
1927-09-30,blend,0,0,,
1927-10-31,mom,40,40,0.379589428585607,0.2618321687762474
1927-10-31,rev,0,0,,
1927-10-31,rev_alt,0,0,,
1927-10-31,rev_orth,0,0,,
1927-10-31,blend,0,0,,
1927-11-30,mom,40,40,0.25379157091502286,0.07354596622889306
1927-11-30,rev,0,0,,
1927-11-30,rev_alt,0,0,,
1927-11-30,rev_orth,0,0,,
1927-11-30,blend,0,0,,
1927-12-31,mom,40,40,0.03170036912650462,0.16191369606003755
1927-12-31,rev,0,0,,
1927-12-31,rev_alt,0,0,,
1927-12-31,rev_orth,0,0,,
1927-12-31,blend,0,0,,
1928-01-31,mom,40,40,-0.1385066734300529,-0.15798855496866876
1928-01-31,rev,0,0,,
1928-01-31,rev_alt,0,0,,
1928-01-31,rev_orth,0,0,,
1928-01-31,blend,0,0,,
1928-02-29,mom,40,40,0.11305435087360827,0.1651109340903602
1928-02-29,rev,0,0,,
1928-02-29,rev_alt,0,0,,
1928-02-29,rev_orth,0,0,,
1928-02-29,blend,0,0,,
1928-03-31,mom,40,40,0.5063680173846438,0.19005628517823644
1928-03-31,rev,0,0,,
1928-03-31,rev_alt,0,0,,
1928-03-31,rev_orth,0,0,,
1928-03-31,blend,0,0,,
1928-04-30,mom,40,40,0.1508997796770889,0.011257563687979106
1928-04-30,rev,0,0,,
1928-04-30,rev_alt,0,0,,
1928-04-30,rev_orth,0,0,,
1928-04-30,blend,0,0,,
1928-05-31,mom,40,40,-0.2539459501956458,-0.03893240775426107
1928-05-31,rev,0,0,,
1928-05-31,rev_alt,0,0,,
1928-05-31,rev_orth,0,0,,
1928-05-31,blend,0,0,,
1928-06-30,mom,41,41,0.26493834552364315,0.23102051504992177
1928-06-30,rev,0,0,,
1928-06-30,rev_alt,0,0,,
1928-06-30,rev_orth,0,0,,
1928-06-30,blend,0,0,,
1928-07-31,mom,41,41,0.45840815778833355,0.5158536585365855
1928-07-31,rev,0,0,,
1928-07-31,rev_alt,0,0,,
1928-07-31,rev_orth,0,0,,
1928-07-31,blend,0,0,,
1928-08-31,mom,41,41,0.14980413171529708,0.1212649190070593
1928-08-31,rev,0,0,,
1928-08-31,rev_alt,0,0,,
1928-08-31,rev_orth,0,0,,
1928-08-31,blend,0,0,,
1928-09-30,mom,41,41,-0.24225209920082139,-0.07682926829268294
1928-09-30,rev,0,0,,
1928-09-30,rev_alt,0,0,,
1928-09-30,rev_orth,0,0,,
1928-09-30,blend,0,0,,
1928-10-31,mom,41,41,0.6818821551863219,0.36097560975609766
1928-10-31,rev,0,0,,
1928-10-31,rev_alt,0,0,,
1928-10-31,rev_orth,0,0,,
1928-10-31,blend,0,0,,
1928-11-30,mom,41,41,0.2934381081245741,0.2892983146609315
1928-11-30,rev,0,0,,
1928-11-30,rev_alt,0,0,,
1928-11-30,rev_orth,0,0,,
1928-11-30,blend,0,0,,
1928-12-31,mom,41,41,0.2859998347904659,0.34564459930313596
1928-12-31,rev,0,0,,
1928-12-31,rev_alt,0,0,,
1928-12-31,rev_orth,0,0,,
1928-12-31,blend,0,0,,
1929-01-31,mom,41,41,-0.006234498507770664,0.0270034843205575
1929-01-31,rev,0,0,,
1929-01-31,rev_alt,0,0,,
1929-01-31,rev_orth,0,0,,
1929-01-31,blend,0,0,,
1929-02-28,mom,41,41,0.2066561989165141,0.273879524629319
1929-02-28,rev,0,0,,
1929-02-28,rev_alt,0,0,,
1929-02-28,rev_orth,0,0,,
1929-02-28,blend,0,0,,
1929-03-31,mom,41,41,0.36748349110310036,0.4540069686411151
1929-03-31,rev,0,0,,
1929-03-31,rev_alt,0,0,,
1929-03-31,rev_orth,0,0,,
1929-03-31,blend,0,0,,
1929-04-30,mom,41,41,0.05753467181373201,-0.07717770034843208
1929-04-30,rev,0,0,,
1929-04-30,rev_alt,0,0,,
1929-04-30,rev_orth,0,0,,
1929-04-30,blend,0,0,,
1929-05-31,mom,41,41,0.343655822065498,0.4686615275145472
1929-05-31,rev,0,0,,
1929-05-31,rev_alt,0,0,,
1929-05-31,rev_orth,0,0,,
1929-05-31,blend,0,0,,
1929-06-30,mom,41,41,-0.08899761671221669,0.19059233449477356
1929-06-30,rev,0,0,,
1929-06-30,rev_alt,0,0,,
1929-06-30,rev_orth,0,0,,
1929-06-30,blend,0,0,,
1929-07-31,mom,41,41,0.4835073133225263,0.4126666101554884
1929-07-31,rev,0,0,,
1929-07-31,rev_alt,0,0,,
1929-07-31,rev_orth,0,0,,
1929-07-31,blend,0,0,,
1929-08-31,mom,41,41,-0.020340700973577985,-0.17613240418118473
1929-08-31,rev,0,0,,
1929-08-31,rev_alt,0,0,,
1929-08-31,rev_orth,0,0,,
1929-08-31,blend,0,0,,
1929-09-30,mom,41,41,-0.24275809209267432,-0.19477351916376312
1929-09-30,rev,0,0,,
1929-09-30,rev_alt,0,0,,
1929-09-30,rev_orth,0,0,,
1929-09-30,blend,0,0,,
1929-10-31,mom,41,41,-0.16041346876134202,-0.2026132404181185
1929-10-31,rev,0,0,,
1929-10-31,rev_alt,0,0,,
1929-10-31,rev_orth,0,0,,
1929-10-31,blend,0,0,,
1929-11-30,mom,41,41,0.2404632799552468,0.2841463414634147
1929-11-30,rev,0,0,,
1929-11-30,rev_alt,0,0,,
1929-11-30,rev_orth,0,0,,
1929-11-30,blend,0,0,,
1929-12-31,mom,41,41,-0.32606953983849024,-0.28885017421602793
1929-12-31,rev,0,0,,
1929-12-31,rev_alt,0,0,,
1929-12-31,rev_orth,0,0,,
1929-12-31,blend,0,0,,
1930-01-31,mom,41,41,0.07319119642688407,0.19111498257839724
1930-01-31,rev,0,0,,
1930-01-31,rev_alt,0,0,,
1930-01-31,rev_orth,0,0,,
1930-01-31,blend,0,0,,
1930-02-28,mom,41,41,-0.1632372871182207,0.11916376306620212
1930-02-28,rev,0,0,,
1930-02-28,rev_alt,0,0,,
1930-02-28,rev_orth,0,0,,
1930-02-28,blend,0,0,,
1930-03-31,mom,41,41,0.15045063894088934,0.30400696864111504
1930-03-31,rev,0,0,,
1930-03-31,rev_alt,0,0,,
1930-03-31,rev_orth,0,0,,
1930-03-31,blend,0,0,,
1930-04-30,mom,41,41,0.31058946950585536,0.28432055749128926
1930-04-30,rev,0,0,,
1930-04-30,rev_alt,0,0,,
1930-04-30,rev_orth,0,0,,
1930-04-30,blend,0,0,,
1930-05-31,mom,41,41,0.4046398344770313,0.40871080139372834
1930-05-31,rev,0,0,,
1930-05-31,rev_alt,0,0,,
1930-05-31,rev_orth,0,0,,
1930-05-31,blend,0,0,,
1930-06-30,mom,42,42,-0.4641851672656906,-0.47236629004373093
1930-06-30,rev,0,0,,
1930-06-30,rev_alt,0,0,,
1930-06-30,rev_orth,0,0,,
1930-06-30,blend,0,0,,
1930-07-31,mom,42,42,0.0677466052474259,0.06766064338384249
1930-07-31,rev,0,0,,
1930-07-31,rev_alt,0,0,,
1930-07-31,rev_orth,0,0,,
1930-07-31,blend,0,0,,
1930-08-31,mom,42,42,0.3314153503510213,0.32112470626367395
1930-08-31,rev,0,0,,
1930-08-31,rev_alt,0,0,,
1930-08-31,rev_orth,0,0,,
1930-08-31,blend,0,0,,
1930-09-30,mom,42,42,0.011520674139391618,0.11271371849931126
1930-09-30,rev,0,0,,
1930-09-30,rev_alt,0,0,,
1930-09-30,rev_orth,0,0,,
1930-09-30,blend,0,0,,
1930-10-31,mom,42,42,-0.0860030175704411,-0.13403022578968643
1930-10-31,rev,0,0,,
1930-10-31,rev_alt,0,0,,
1930-10-31,rev_orth,0,0,,
1930-10-31,blend,0,0,,
1930-11-30,mom,42,42,0.5028706338184393,0.4734624422656188
1930-11-30,rev,0,0,,
1930-11-30,rev_alt,0,0,,
1930-11-30,rev_orth,0,0,,
1930-11-30,blend,0,0,,
1930-12-31,mom,42,42,-0.34933001044525214,-0.27948624470896527
1930-12-31,rev,0,0,,
1930-12-31,rev_alt,0,0,,
1930-12-31,rev_orth,0,0,,
1930-12-31,blend,0,0,,
1931-01-31,mom,42,42,-0.661523078603341,-0.5413661777813792
1931-01-31,rev,0,0,,
1931-01-31,rev_alt,0,0,,
1931-01-31,rev_orth,0,0,,
1931-01-31,blend,0,0,,
1931-02-28,mom,42,42,0.47878888255956503,0.5533587229560003
1931-02-28,rev,0,0,,
1931-02-28,rev_alt,0,0,,
1931-02-28,rev_orth,0,0,,
1931-02-28,blend,0,0,,
1931-03-31,mom,42,42,0.5503267769188808,0.640113454289832
1931-03-31,rev,0,0,,
1931-03-31,rev_alt,0,0,,
1931-03-31,rev_orth,0,0,,
1931-03-31,blend,0,0,,
1931-04-30,mom,42,42,0.2537509078608669,0.3676363341706507
1931-04-30,rev,0,0,,
1931-04-30,rev_alt,0,0,,
1931-04-30,rev_orth,0,0,,
1931-04-30,blend,0,0,,
1931-05-31,mom,42,42,-0.10322416836343254,-0.33619641844258974
1931-05-31,rev,0,0,,
1931-05-31,rev_alt,0,0,,
1931-05-31,rev_orth,0,0,,
1931-05-31,blend,0,0,,
1931-06-30,mom,43,43,0.421300700706678,0.5240108728480821
1931-06-30,rev,0,0,,
1931-06-30,rev_alt,0,0,,
1931-06-30,rev_orth,0,0,,
1931-06-30,blend,0,0,,
1931-07-31,mom,43,43,-0.11809944930595996,-0.05481727574750831
1931-07-31,rev,0,0,,
1931-07-31,rev_alt,0,0,,
1931-07-31,rev_orth,0,0,,
1931-07-31,blend,0,0,,
1931-08-31,mom,43,43,0.3870978537393493,0.427061310782241
1931-08-31,rev,0,0,,
1931-08-31,rev_alt,0,0,,
1931-08-31,rev_orth,0,0,,
1931-08-31,blend,0,0,,
1931-09-30,mom,43,43,0.08499023636745359,0.14686449967049453
1931-09-30,rev,0,0,,
1931-09-30,rev_alt,0,0,,
1931-09-30,rev_orth,0,0,,
1931-09-30,blend,0,0,,
1931-10-31,mom,43,43,0.3485173559955721,0.459470684059105
1931-10-31,rev,0,0,,
1931-10-31,rev_alt,0,0,,
1931-10-31,rev_orth,0,0,,
1931-10-31,blend,0,0,,
1931-11-30,mom,43,43,0.6003817624837939,0.6932457436888485
1931-11-30,rev,0,0,,
1931-11-30,rev_alt,0,0,,
1931-11-30,rev_orth,0,0,,
1931-11-30,blend,0,0,,
1931-12-31,mom,43,43,-0.030056822223074993,-0.0320144971307762
1931-12-31,rev,0,0,,
1931-12-31,rev_alt,0,0,,
1931-12-31,rev_orth,0,0,,
1931-12-31,blend,0,0,,
1932-01-31,mom,43,43,0.012508089163511128,0.012080942313500454
1932-01-31,rev,0,0,,
1932-01-31,rev_alt,0,0,,
1932-01-31,rev_orth,0,0,,
1932-01-31,blend,0,0,,
1932-02-29,mom,43,43,0.16293468121304414,0.23663545756569013
1932-02-29,rev,0,0,,
1932-02-29,rev_alt,0,0,,
1932-02-29,rev_orth,0,0,,
1932-02-29,blend,0,0,,
1932-03-31,mom,43,43,0.27048280903484745,0.2617034128662036
1932-03-31,rev,0,0,,
1932-03-31,rev_alt,0,0,,
1932-03-31,rev_orth,0,0,,
1932-03-31,blend,0,0,,
1932-04-30,mom,43,43,0.37176206646099813,0.32709151313802476
1932-04-30,rev,0,0,,
1932-04-30,rev_alt,0,0,,
1932-04-30,rev_orth,0,0,,
1932-04-30,blend,0,0,,
1932-05-31,mom,43,43,0.3173175620223225,0.2133796436122017
1932-05-31,rev,0,0,,
1932-05-31,rev_alt,0,0,,
1932-05-31,rev_orth,0,0,,
1932-05-31,blend,0,0,,
1932-06-30,mom,43,43,-0.6662119560663392,-0.6167321051041981
1932-06-30,rev,0,0,,
1932-06-30,rev_alt,0,0,,
1932-06-30,rev_orth,0,0,,
1932-06-30,blend,0,0,,
1932-07-31,mom,43,43,-0.49435520355940776,-0.5351857444880701
1932-07-31,rev,0,0,,
1932-07-31,rev_alt,0,0,,
1932-07-31,rev_orth,0,0,,
1932-07-31,blend,0,0,,
1932-08-31,mom,43,43,0.11847397663388512,0.02944729688915735
1932-08-31,rev,0,0,,
1932-08-31,rev_alt,0,0,,
1932-08-31,rev_orth,0,0,,
1932-08-31,blend,0,0,,
1932-09-30,mom,43,43,0.10587409310821153,0.1253397765025672
1932-09-30,rev,0,0,,
1932-09-30,rev_alt,0,0,,
1932-09-30,rev_orth,0,0,,
1932-09-30,blend,0,0,,
1932-10-31,mom,43,43,-0.29561706420609274,-0.26065617113755635
1932-10-31,rev,0,0,,
1932-10-31,rev_alt,0,0,,
1932-10-31,rev_orth,0,0,,
1932-10-31,blend,0,0,,
1932-11-30,mom,43,43,0.40348600729051953,0.2982482633645424
1932-11-30,rev,0,0,,
1932-11-30,rev_alt,0,0,,
1932-11-30,rev_orth,0,0,,
1932-11-30,blend,0,0,,
1932-12-31,mom,43,43,0.10316089311554331,0.031108426457263662
1932-12-31,rev,0,0,,
1932-12-31,rev_alt,0,0,,
1932-12-31,rev_orth,0,0,,
1932-12-31,blend,0,0,,
1933-01-31,mom,43,43,0.3198540640271996,0.33902144367260645
1933-01-31,rev,0,0,,
1933-01-31,rev_alt,0,0,,
1933-01-31,rev_orth,0,0,,
1933-01-31,blend,0,0,,
1933-02-28,mom,43,43,-0.1767979428159418,0.10042662445334587
1933-02-28,rev,0,0,,
1933-02-28,rev_alt,0,0,,
1933-02-28,rev_orth,0,0,,
1933-02-28,blend,0,0,,
1933-03-31,mom,43,43,0.02994149495647984,-0.08622772576260948
1933-03-31,rev,0,0,,
1933-03-31,rev_alt,0,0,,
1933-03-31,rev_orth,0,0,,
1933-03-31,blend,0,0,,
1933-04-30,mom,43,43,-0.2967622114682381,-0.21987315010570824
1933-04-30,rev,0,0,,
1933-04-30,rev_alt,0,0,,
1933-04-30,rev_orth,0,0,,
1933-04-30,blend,0,0,,
1933-05-31,mom,43,43,0.07722243628998343,0.14617940199335547
1933-05-31,rev,0,0,,
1933-05-31,rev_alt,0,0,,
1933-05-31,rev_orth,0,0,,
1933-05-31,blend,0,0,,
1933-06-30,mom,43,43,-0.013370648432276255,-0.08675954247886797
1933-06-30,rev,0,0,,
1933-06-30,rev_alt,0,0,,
1933-06-30,rev_orth,0,0,,
1933-06-30,blend,0,0,,
1933-07-31,mom,43,43,0.07349011030408914,0.4713077620054364
1933-07-31,rev,0,0,,
1933-07-31,rev_alt,0,0,,
1933-07-31,rev_orth,0,0,,
1933-07-31,blend,0,0,,
1933-08-31,mom,43,43,0.14562844448922202,0.09498640893989731
1933-08-31,rev,0,0,,
1933-08-31,rev_alt,0,0,,
1933-08-31,rev_orth,0,0,,
1933-08-31,blend,0,0,,
1933-09-30,mom,43,43,0.09719582406929758,0.26059050138479206
1933-09-30,rev,0,0,,
1933-09-30,rev_alt,0,0,,
1933-09-30,rev_orth,0,0,,
1933-09-30,blend,0,0,,
1933-10-31,mom,43,43,0.09790267556019988,0.2157284707242174
1933-10-31,rev,0,0,,
1933-10-31,rev_alt,0,0,,
1933-10-31,rev_orth,0,0,,
1933-10-31,blend,0,0,,
1933-11-30,mom,43,43,0.24413485133675938,0.3655995167623074
1933-11-30,rev,0,0,,
1933-11-30,rev_alt,0,0,,
1933-11-30,rev_orth,0,0,,
1933-11-30,blend,0,0,,
1933-12-31,mom,43,43,-0.33511433600471313,-0.3117873602485675
1933-12-31,rev,0,0,,
1933-12-31,rev_alt,0,0,,
1933-12-31,rev_orth,0,0,,
1933-12-31,blend,0,0,,
1934-01-31,mom,43,43,0.03508593206208008,0.12881791076496846
1934-01-31,rev,0,0,,
1934-01-31,rev_alt,0,0,,
1934-01-31,rev_orth,0,0,,
1934-01-31,blend,0,0,,
1934-02-28,mom,43,43,0.19523922665752574,0.10827953343315637
1934-02-28,rev,0,0,,
1934-02-28,rev_alt,0,0,,
1934-02-28,rev_orth,0,0,,
1934-02-28,blend,0,0,,
1934-03-31,mom,43,43,-0.20507318536996041,-0.18166717003926305
1934-03-31,rev,0,0,,
1934-03-31,rev_alt,0,0,,
1934-03-31,rev_orth,0,0,,
1934-03-31,blend,0,0,,
1934-04-30,mom,43,43,-0.42646509268312427,-0.3815456641825238
1934-04-30,rev,0,0,,
1934-04-30,rev_alt,0,0,,
1934-04-30,rev_orth,0,0,,
1934-04-30,blend,0,0,,
1934-05-31,mom,43,43,0.10566171240033198,0.0016611295681063121
1934-05-31,rev,0,0,,
1934-05-31,rev_alt,0,0,,
1934-05-31,rev_orth,0,0,,
1934-05-31,blend,0,0,,
1934-06-30,mom,43,43,0.4406969231953153,0.49713077620054363
1934-06-30,rev,0,0,,
1934-06-30,rev_alt,0,0,,
1934-06-30,rev_orth,0,0,,
1934-06-30,blend,0,0,,
1934-07-31,mom,43,43,0.040577235216956026,0.10812443370582905
1934-07-31,rev,0,0,,
1934-07-31,rev_alt,0,0,,
1934-07-31,rev_orth,0,0,,
1934-07-31,blend,0,0,,
1934-08-31,mom,43,43,0.3318464856913423,0.34922792338099595
1934-08-31,rev,0,0,,
1934-08-31,rev_alt,0,0,,
1934-08-31,rev_orth,0,0,,
1934-08-31,blend,0,0,,
1934-09-30,mom,43,43,0.0749658607707599,0.3323769254001812
1934-09-30,rev,0,0,,
1934-09-30,rev_alt,0,0,,
1934-09-30,rev_orth,0,0,,
1934-09-30,blend,0,0,,
1934-10-31,mom,43,43,-0.17059457839397668,-0.11484879382972862
1934-10-31,rev,0,0,,
1934-10-31,rev_alt,0,0,,
1934-10-31,rev_orth,0,0,,
1934-10-31,blend,0,0,,
1934-11-30,mom,43,43,0.10470996112993164,-0.0622970627767179
1934-11-30,rev,0,0,,
1934-11-30,rev_alt,0,0,,
1934-11-30,rev_orth,0,0,,
1934-11-30,blend,0,0,,
1934-12-31,mom,43,43,-0.0913986166418238,0.07143126822019939
1934-12-31,rev,0,0,,
1934-12-31,rev_alt,0,0,,
1934-12-31,rev_orth,0,0,,
1934-12-31,blend,0,0,,
1935-01-31,mom,43,43,0.31270784418177255,0.580133650883501
1935-01-31,rev,0,0,,
1935-01-31,rev_alt,0,0,,
1935-01-31,rev_orth,0,0,,
1935-01-31,blend,0,0,,
1935-02-28,mom,43,43,-0.019420794518065,0.06705176128915123
1935-02-28,rev,0,0,,
1935-02-28,rev_alt,0,0,,
1935-02-28,rev_orth,0,0,,
1935-02-28,blend,0,0,,
1935-03-31,mom,43,43,-0.10821151878341995,-0.1696681392080212
1935-03-31,rev,0,0,,
1935-03-31,rev_alt,0,0,,
1935-03-31,rev_orth,0,0,,
1935-03-31,blend,0,0,,
1935-04-30,mom,43,43,-0.33950958418983057,-0.2798248263364542
1935-04-30,rev,0,0,,
1935-04-30,rev_alt,0,0,,
1935-04-30,rev_orth,0,0,,
1935-04-30,blend,0,0,,
1935-05-31,mom,43,43,0.425033103628101,0.247206282090003
1935-05-31,rev,0,0,,
1935-05-31,rev_alt,0,0,,
1935-05-31,rev_orth,0,0,,
1935-05-31,blend,0,0,,
1935-06-30,mom,43,43,-0.31871637778371964,-0.2763515554213229
1935-06-30,rev,0,0,,
1935-06-30,rev_alt,0,0,,
1935-06-30,rev_orth,0,0,,
1935-06-30,blend,0,0,,
1935-07-31,mom,43,43,-0.030481986314462386,-0.1887647236484446
1935-07-31,rev,0,0,,
1935-07-31,rev_alt,0,0,,
1935-07-31,rev_orth,0,0,,
1935-07-31,blend,0,0,,
1935-08-31,mom,43,43,0.40267599310035784,0.44035034732709155
1935-08-31,rev,0,0,,
1935-08-31,rev_alt,0,0,,
1935-08-31,rev_orth,0,0,,
1935-08-31,blend,0,0,,
1935-09-30,mom,43,43,-0.11390949459494935,0.10268800966475385
1935-09-30,rev,0,0,,
1935-09-30,rev_alt,0,0,,
1935-09-30,rev_orth,0,0,,
1935-09-30,blend,0,0,,
1935-10-31,mom,43,43,-0.2959679822869614,-0.16958622772576262
1935-10-31,rev,0,0,,
1935-10-31,rev_alt,0,0,,
1935-10-31,rev_orth,0,0,,
1935-10-31,blend,0,0,,
1935-11-30,mom,43,43,0.25585417459442916,0.2872244035034733
1935-11-30,rev,0,0,,
1935-11-30,rev_alt,0,0,,
1935-11-30,rev_orth,0,0,,
1935-11-30,blend,0,0,,
1935-12-31,mom,43,43,0.09764759419120785,0.08630649003772507
1935-12-31,rev,0,0,,
1935-12-31,rev_alt,0,0,,
1935-12-31,rev_orth,0,0,,
1935-12-31,blend,0,0,,
1936-01-31,mom,43,43,-0.23379971230277732,-0.05708245243128965
1936-01-31,rev,0,0,,
1936-01-31,rev_alt,0,0,,
1936-01-31,rev_orth,0,0,,
1936-01-31,blend,0,0,,
1936-02-29,mom,43,43,0.015521979920278206,-0.02031185111124063
1936-02-29,rev,0,0,,
1936-02-29,rev_alt,0,0,,
1936-02-29,rev_orth,0,0,,
1936-02-29,blend,0,0,,
1936-03-31,mom,43,43,-0.5240410724634836,-0.3888700119810009
1936-03-31,rev,0,0,,
1936-03-31,rev_alt,0,0,,
1936-03-31,rev_orth,0,0,,
1936-03-31,blend,0,0,,
1936-04-30,mom,43,43,0.18736425531518816,0.2059123344994543
1936-04-30,rev,0,0,,
1936-04-30,rev_alt,0,0,,
1936-04-30,rev_orth,0,0,,
1936-04-30,blend,0,0,,
1936-05-31,mom,43,43,-0.011220462765731062,-0.01563030921943052
1936-05-31,rev,0,0,,
1936-05-31,rev_alt,0,0,,
1936-05-31,rev_orth,0,0,,
1936-05-31,blend,0,0,,
1936-06-30,mom,43,43,0.24897506804758712,0.47336429225415433
1936-06-30,rev,0,0,,
1936-06-30,rev_alt,0,0,,
1936-06-30,rev_orth,0,0,,
1936-06-30,blend,0,0,,
1936-07-31,mom,43,43,0.023292997525381186,0.0745271265680093
1936-07-31,rev,0,0,,
1936-07-31,rev_alt,0,0,,
1936-07-31,rev_orth,0,0,,
1936-07-31,blend,0,0,,
1936-08-31,mom,43,43,0.2896143305151381,0.2567200241618846
1936-08-31,rev,0,0,,
1936-08-31,rev_alt,0,0,,
1936-08-31,rev_orth,0,0,,
1936-08-31,blend,0,0,,
1936-09-30,mom,43,43,0.25723395042607733,0.30353367562669886
1936-09-30,rev,0,0,,
1936-09-30,rev_alt,0,0,,
1936-09-30,rev_orth,0,0,,
1936-09-30,blend,0,0,,
1936-10-31,mom,43,43,0.0345097034970203,0.1553911205073996
1936-10-31,rev,0,0,,
1936-10-31,rev_alt,0,0,,
1936-10-31,rev_orth,0,0,,
1936-10-31,blend,0,0,,
1936-11-30,mom,43,43,0.17983036579384032,0.14331558888154172
1936-11-30,rev,0,0,,
1936-11-30,rev_alt,0,0,,
1936-11-30,rev_orth,0,0,,
1936-11-30,blend,0,0,,
1936-12-31,mom,43,43,0.0706051401654525,0.1774388402295379
1936-12-31,rev,0,0,,
1936-12-31,rev_alt,0,0,,
1936-12-31,rev_orth,0,0,,
1936-12-31,blend,0,0,,
1937-01-31,mom,43,43,0.06834303586057149,-0.06788235743124657
1937-01-31,rev,0,0,,
1937-01-31,rev_alt,0,0,,
1937-01-31,rev_orth,0,0,,
1937-01-31,blend,0,0,,
1937-02-28,mom,43,43,0.012299000722818669,0.09966777408637874
1937-02-28,rev,0,0,,
1937-02-28,rev_alt,0,0,,
1937-02-28,rev_orth,0,0,,
1937-02-28,blend,0,0,,
1937-03-31,mom,43,43,-0.3058579779898242,-0.2911617021745126
1937-03-31,rev,0,0,,
1937-03-31,rev_alt,0,0,,
1937-03-31,rev_orth,0,0,,
1937-03-31,blend,0,0,,
1937-04-30,mom,43,43,-0.027961719333993593,-0.051347882046264455
1937-04-30,rev,0,0,,
1937-04-30,rev_alt,0,0,,
1937-04-30,rev_orth,0,0,,
1937-04-30,blend,0,0,,
1937-05-31,mom,43,43,-0.20924563959100112,-0.1978254303835699
1937-05-31,rev,0,0,,
1937-05-31,rev_alt,0,0,,
1937-05-31,rev_orth,0,0,,
1937-05-31,blend,0,0,,
1937-06-30,mom,43,43,-0.09800293281392193,0.0824524312896406
1937-06-30,rev,0,0,,
1937-06-30,rev_alt,0,0,,
1937-06-30,rev_orth,0,0,,
1937-06-30,blend,0,0,,
1937-07-31,mom,43,43,0.09263303307005749,-0.019481254969145288
1937-07-31,rev,0,0,,
1937-07-31,rev_alt,0,0,,
1937-07-31,rev_orth,0,0,,
1937-07-31,blend,0,0,,
1937-08-31,mom,43,43,-0.46865494700805416,-0.5101177891875567
1937-08-31,rev,0,0,,
1937-08-31,rev_alt,0,0,,
1937-08-31,rev_orth,0,0,,
1937-08-31,blend,0,0,,
1937-09-30,mom,43,43,-0.08006320609706705,-0.07082987258734715
1937-09-30,rev,0,0,,
1937-09-30,rev_alt,0,0,,
1937-09-30,rev_orth,0,0,,
1937-09-30,blend,0,0,,
1937-10-31,mom,43,43,0.03575803557172519,-0.001963153125943824
1937-10-31,rev,0,0,,
1937-10-31,rev_alt,0,0,,
1937-10-31,rev_orth,0,0,,
1937-10-31,blend,0,0,,
1937-11-30,mom,43,43,0.06903879125974113,0.16777408637873756
1937-11-30,rev,0,0,,
1937-11-30,rev_alt,0,0,,
1937-11-30,rev_orth,0,0,,
1937-11-30,blend,0,0,,
1937-12-31,mom,43,43,0.055912682485977305,0.08773784355179705
1937-12-31,rev,0,0,,
1937-12-31,rev_alt,0,0,,
1937-12-31,rev_orth,0,0,,
1937-12-31,blend,0,0,,
1938-01-31,mom,43,43,-0.1497858766168617,-0.04825008498172031
1938-01-31,rev,0,0,,
1938-01-31,rev_alt,0,0,,
1938-01-31,rev_orth,0,0,,
1938-01-31,blend,0,0,,
1938-02-28,mom,43,43,0.6179326050542503,0.6925400181214135
1938-02-28,rev,0,0,,
1938-02-28,rev_alt,0,0,,
1938-02-28,rev_orth,0,0,,
1938-02-28,blend,0,0,,
1938-03-31,mom,43,43,-0.2408075084240821,-0.2858652974932045
1938-03-31,rev,0,0,,
1938-03-31,rev_alt,0,0,,
1938-03-31,rev_orth,0,0,,
1938-03-31,blend,0,0,,
1938-04-30,mom,43,43,0.5203734513240212,0.6212859142873156
1938-04-30,rev,0,0,,
1938-04-30,rev_alt,0,0,,
1938-04-30,rev_orth,0,0,,
1938-04-30,blend,0,0,,
1938-05-31,mom,43,43,-0.7162539581415098,-0.7321051041981275
1938-05-31,rev,0,0,,
1938-05-31,rev_alt,0,0,,
1938-05-31,rev_orth,0,0,,
1938-05-31,blend,0,0,,
1938-06-30,mom,43,43,-0.31919510116880223,-0.26254388964231845
1938-06-30,rev,0,0,,
1938-06-30,rev_alt,0,0,,
1938-06-30,rev_orth,0,0,,
1938-06-30,blend,0,0,,
1938-07-31,mom,43,43,-0.028603173270218732,0.14738749622470554
1938-07-31,rev,0,0,,
1938-07-31,rev_alt,0,0,,
1938-07-31,rev_orth,0,0,,
1938-07-31,blend,0,0,,
1938-08-31,mom,43,43,0.2399408355167083,0.3327795826145403
1938-08-31,rev,0,0,,
1938-08-31,rev_alt,0,0,,
1938-08-31,rev_orth,0,0,,
1938-08-31,blend,0,0,,
1938-09-30,mom,43,43,0.15688911287934604,-0.1103896103896104
1938-09-30,rev,0,0,,
1938-09-30,rev_alt,0,0,,
1938-09-30,rev_orth,0,0,,
1938-09-30,blend,0,0,,
1938-10-31,mom,43,43,0.02786746105440903,0.07165779444077086
1938-10-31,rev,0,0,,
1938-10-31,rev_alt,0,0,,
1938-10-31,rev_orth,0,0,,
1938-10-31,blend,0,0,,
1938-11-30,mom,43,43,0.410531707180142,0.2347655371791708
1938-11-30,rev,0,0,,
1938-11-30,rev_alt,0,0,,
1938-11-30,rev_orth,0,0,,
1938-11-30,blend,0,0,,
1938-12-31,mom,43,43,-0.3851992407854038,-0.3526125037752945
1938-12-31,rev,0,0,,
1938-12-31,rev_alt,0,0,,
1938-12-31,rev_orth,0,0,,
1938-12-31,blend,0,0,,
1939-01-31,mom,43,43,0.23991863187230425,0.25174613979507904
1939-01-31,rev,0,0,,
1939-01-31,rev_alt,0,0,,
1939-01-31,rev_orth,0,0,,
1939-01-31,blend,0,0,,
1939-02-28,mom,43,43,-0.3101716230093233,-0.12413168227121715
1939-02-28,rev,0,0,,
1939-02-28,rev_alt,0,0,,
1939-02-28,rev_orth,0,0,,
1939-02-28,blend,0,0,,
1939-03-31,mom,43,43,0.19398187361678002,0.11794910552391923
1939-03-31,rev,0,0,,
1939-03-31,rev_alt,0,0,,
1939-03-31,rev_orth,0,0,,
1939-03-31,blend,0,0,,
1939-04-30,mom,43,43,0.3082318415065867,0.18726874628637624
1939-04-30,rev,0,0,,
1939-04-30,rev_alt,0,0,,
1939-04-30,rev_orth,0,0,,
1939-04-30,blend,0,0,,
1939-05-31,mom,43,43,0.17457178005977414,0.11054062216852915
1939-05-31,rev,0,0,,
1939-05-31,rev_alt,0,0,,
1939-05-31,rev_orth,0,0,,
1939-05-31,blend,0,0,,
1939-06-30,mom,43,43,0.21106016532383282,0.06599214738749622
1939-06-30,rev,0,0,,
1939-06-30,rev_alt,0,0,,
1939-06-30,rev_orth,0,0,,
1939-06-30,blend,0,0,,
1939-07-31,mom,43,43,0.3639515329780075,0.26616830917146184
1939-07-31,rev,0,0,,
1939-07-31,rev_alt,0,0,,
1939-07-31,rev_orth,0,0,,
1939-07-31,blend,0,0,,
1939-08-31,mom,43,43,-0.22998645345827046,-0.2694050135910601
1939-08-31,rev,0,0,,
1939-08-31,rev_alt,0,0,,
1939-08-31,rev_orth,0,0,,
1939-08-31,blend,0,0,,
1939-09-30,mom,43,43,0.5250044893775692,0.34823316218665057
1939-09-30,rev,0,0,,
1939-09-30,rev_alt,0,0,,
1939-09-30,rev_orth,0,0,,
1939-09-30,blend,0,0,,
1939-10-31,mom,43,43,0.0553156179701033,0.1034469740609653
1939-10-31,rev,0,0,,
1939-10-31,rev_alt,0,0,,
1939-10-31,rev_orth,0,0,,
1939-10-31,blend,0,0,,
1939-11-30,mom,43,43,0.1253536492550824,0.2550781552239431
1939-11-30,rev,0,0,,
1939-11-30,rev_alt,0,0,,
1939-11-30,rev_orth,0,0,,
1939-11-30,blend,0,0,,
1939-12-31,mom,43,43,0.08950961165995985,0.05693359010362616
1939-12-31,rev,0,0,,
1939-12-31,rev_alt,0,0,,
1939-12-31,rev_orth,0,0,,
1939-12-31,blend,0,0,,
1940-01-31,mom,43,43,0.2583411928952746,0.2241854496255518
1940-01-31,rev,0,0,,
1940-01-31,rev_alt,0,0,,
1940-01-31,rev_orth,0,0,,
1940-01-31,blend,0,0,,
1940-02-29,mom,43,43,0.08957260931250141,-0.1614620728848788
1940-02-29,rev,0,0,,
1940-02-29,rev_alt,0,0,,
1940-02-29,rev_orth,0,0,,
1940-02-29,blend,0,0,,
1940-03-31,mom,43,43,0.2518357255470075,0.27168044720536727
1940-03-31,rev,0,0,,
1940-03-31,rev_alt,0,0,,
1940-03-31,rev_orth,0,0,,
1940-03-31,blend,0,0,,
1940-04-30,mom,43,43,0.08961073086208002,0.100120809423135
1940-04-30,rev,0,0,,
1940-04-30,rev_alt,0,0,,
1940-04-30,rev_orth,0,0,,
1940-04-30,blend,0,0,,
1940-05-31,mom,43,43,-0.055585044720770554,0.08328614043010564
1940-05-31,rev,0,0,,
1940-05-31,rev_alt,0,0,,
1940-05-31,rev_orth,0,0,,
1940-05-31,blend,0,0,,
1940-06-30,mom,43,43,0.3525006818217598,0.1855934762911507
1940-06-30,rev,0,0,,
1940-06-30,rev_alt,0,0,,
1940-06-30,rev_orth,0,0,,
1940-06-30,blend,0,0,,
1940-07-31,mom,43,43,-0.11923898162989618,-0.039190515855898896
1940-07-31,rev,0,0,,
1940-07-31,rev_alt,0,0,,
1940-07-31,rev_orth,0,0,,
1940-07-31,blend,0,0,,
1940-08-31,mom,43,43,-0.307237247215706,-0.2097553609181516
1940-08-31,rev,0,0,,
1940-08-31,rev_alt,0,0,,
1940-08-31,rev_orth,0,0,,
1940-08-31,blend,0,0,,
1940-09-30,mom,43,43,-0.35862322095830856,-0.44957903909415137
1940-09-30,rev,0,0,,
1940-09-30,rev_alt,0,0,,
1940-09-30,rev_orth,0,0,,
1940-09-30,blend,0,0,,
1940-10-31,mom,43,43,-0.16002109071279622,-0.1233952589213829
1940-10-31,rev,0,0,,
1940-10-31,rev_alt,0,0,,
1940-10-31,rev_orth,0,0,,
1940-10-31,blend,0,0,,
1940-11-30,mom,43,43,0.04334958306876369,0.0974025974025974
1940-11-30,rev,0,0,,
1940-11-30,rev_alt,0,0,,
1940-11-30,rev_orth,0,0,,
1940-11-30,blend,0,0,,
1940-12-31,mom,43,43,-0.15577138018304196,-0.06463304137722742
1940-12-31,rev,0,0,,
1940-12-31,rev_alt,0,0,,
1940-12-31,rev_orth,0,0,,
1940-12-31,blend,0,0,,
1941-01-31,mom,43,43,0.21016653873576474,0.20522500755058892
1941-01-31,rev,0,0,,
1941-01-31,rev_alt,0,0,,
1941-01-31,rev_orth,0,0,,
1941-01-31,blend,0,0,,
1941-02-28,mom,43,43,0.16283867860650592,0.29350247312041755
1941-02-28,rev,0,0,,
1941-02-28,rev_alt,0,0,,
1941-02-28,rev_orth,0,0,,
1941-02-28,blend,0,0,,
1941-03-31,mom,43,43,0.31721797388042977,0.14799154334038053
1941-03-31,rev,0,0,,
1941-03-31,rev_alt,0,0,,
1941-03-31,rev_orth,0,0,,
1941-03-31,blend,0,0,,
1941-04-30,mom,43,43,0.24981689346345853,0.31796730494213493
1941-04-30,rev,0,0,,
1941-04-30,rev_alt,0,0,,
1941-04-30,rev_orth,0,0,,
1941-04-30,blend,0,0,,
1941-05-31,mom,43,43,0.15000939483841497,0.05194805194805195
1941-05-31,rev,0,0,,
1941-05-31,rev_alt,0,0,,
1941-05-31,rev_orth,0,0,,
1941-05-31,blend,0,0,,
1941-06-30,mom,43,43,-0.17655704978819753,0.0739985653866759
1941-06-30,rev,0,0,,
1941-06-30,rev_alt,0,0,,
1941-06-30,rev_orth,0,0,,
1941-06-30,blend,0,0,,
1941-07-31,mom,43,43,0.26714194394354085,0.03843394875695718
1941-07-31,rev,0,0,,
1941-07-31,rev_alt,0,0,,
1941-07-31,rev_orth,0,0,,
1941-07-31,blend,0,0,,
1941-08-31,mom,43,43,-0.20898962143028638,-0.24403503473270916
1941-08-31,rev,0,0,,
1941-08-31,rev_alt,0,0,,
1941-08-31,rev_orth,0,0,,
1941-08-31,blend,0,0,,
1941-09-30,mom,43,43,0.5660417902572062,0.6407429779522803
1941-09-30,rev,0,0,,
1941-09-30,rev_alt,0,0,,
1941-09-30,rev_orth,0,0,,
1941-09-30,blend,0,0,,
1941-10-31,mom,43,43,0.2829397901668822,0.33811537299909394
1941-10-31,rev,0,0,,
1941-10-31,rev_alt,0,0,,
1941-10-31,rev_orth,0,0,,
1941-10-31,blend,0,0,,
1941-11-30,mom,43,43,0.1568762989836788,0.020613886072002575
1941-11-30,rev,0,0,,
1941-11-30,rev_alt,0,0,,
1941-11-30,rev_orth,0,0,,
1941-11-30,blend,0,0,,
1941-12-31,mom,43,43,-0.20829966244068454,-0.24103299925246488
1941-12-31,rev,0,0,,
1941-12-31,rev_alt,0,0,,
1941-12-31,rev_orth,0,0,,
1941-12-31,blend,0,0,,
1942-01-31,mom,43,43,-0.28200794729135753,-0.15759269092728517
1942-01-31,rev,0,0,,
1942-01-31,rev_alt,0,0,,
1942-01-31,rev_orth,0,0,,
1942-01-31,blend,0,0,,
1942-02-28,mom,43,43,0.10506695121172299,0.054441801677340126
1942-02-28,rev,0,0,,
1942-02-28,rev_alt,0,0,,
1942-02-28,rev_orth,0,0,,
1942-02-28,blend,0,0,,
1942-03-31,mom,43,43,-0.24293883856934817,-0.25128360012080947
1942-03-31,rev,0,0,,
1942-03-31,rev_alt,0,0,,
1942-03-31,rev_orth,0,0,,
1942-03-31,blend,0,0,,
1942-04-30,mom,43,43,-0.27375215241383116,-0.33956280463661387
1942-04-30,rev,0,0,,
1942-04-30,rev_alt,0,0,,
1942-04-30,rev_orth,0,0,,
1942-04-30,blend,0,0,,
1942-05-31,mom,43,43,-0.11493051966281029,-0.1174871639987919
1942-05-31,rev,0,0,,
1942-05-31,rev_alt,0,0,,
1942-05-31,rev_orth,0,0,,
1942-05-31,blend,0,0,,
1942-06-30,mom,43,43,0.48842964965560054,0.4570889211879492
1942-06-30,rev,0,0,,
1942-06-30,rev_alt,0,0,,
1942-06-30,rev_orth,0,0,,
1942-06-30,blend,0,0,,
1942-07-31,mom,43,43,0.34819453233614284,0.317224194818172
1942-07-31,rev,0,0,,
1942-07-31,rev_alt,0,0,,
1942-07-31,rev_orth,0,0,,
1942-07-31,blend,0,0,,
1942-08-31,mom,43,43,-0.10529655793838781,-0.019329507701600725
1942-08-31,rev,0,0,,
1942-08-31,rev_alt,0,0,,
1942-08-31,rev_orth,0,0,,
1942-08-31,blend,0,0,,
1942-09-30,mom,43,43,0.08778724676068435,-0.054139766716578185
1942-09-30,rev,0,0,,
1942-09-30,rev_alt,0,0,,
1942-09-30,rev_orth,0,0,,
1942-09-30,blend,0,0,,
1942-10-31,mom,43,43,-0.038642661392107105,-0.035185744488070075
1942-10-31,rev,0,0,,
1942-10-31,rev_alt,0,0,,
1942-10-31,rev_orth,0,0,,
1942-10-31,blend,0,0,,
1942-11-30,mom,43,43,0.2205531946456285,0.3576849022823304
1942-11-30,rev,0,0,,
1942-11-30,rev_alt,0,0,,
1942-11-30,rev_orth,0,0,,
1942-11-30,blend,0,0,,
1942-12-31,mom,43,43,0.2155060499172941,0.1576562971911809
1942-12-31,rev,0,0,,
1942-12-31,rev_alt,0,0,,
1942-12-31,rev_orth,0,0,,
1942-12-31,blend,0,0,,
1943-01-31,mom,43,43,-0.13228137357600472,-0.01917849592268197
1943-01-31,rev,0,0,,
1943-01-31,rev_alt,0,0,,
1943-01-31,rev_orth,0,0,,
1943-01-31,blend,0,0,,
1943-02-28,mom,43,43,0.2535455270902055,0.29341588643914224
1943-02-28,rev,0,0,,
1943-02-28,rev_alt,0,0,,
1943-02-28,rev_orth,0,0,,
1943-02-28,blend,0,0,,
1943-03-31,mom,43,43,0.49918155309708057,0.3638011102377597
1943-03-31,rev,0,0,,
1943-03-31,rev_alt,0,0,,
1943-03-31,rev_orth,0,0,,
1943-03-31,blend,0,0,,
1943-04-30,mom,43,43,0.2734771629692051,0.2088571753668832
1943-04-30,rev,0,0,,
1943-04-30,rev_alt,0,0,,
1943-04-30,rev_orth,0,0,,
1943-04-30,blend,0,0,,
1943-05-31,mom,43,43,-0.15439311307396122,-0.09959602831125051
1943-05-31,rev,0,0,,
1943-05-31,rev_alt,0,0,,
1943-05-31,rev_orth,0,0,,
1943-05-31,blend,0,0,,
1943-06-30,mom,43,42,-0.1967509003274066,-0.36894777389385874
1943-06-30,rev,0,0,,
1943-06-30,rev_alt,0,0,,
1943-06-30,rev_orth,0,0,,
1943-06-30,blend,0,0,,
1943-07-31,mom,43,42,0.450131243691219,0.11750405224968431
1943-07-31,rev,0,0,,
1943-07-31,rev_alt,0,0,,
1943-07-31,rev_orth,0,0,,
1943-07-31,blend,0,0,,
1943-08-31,mom,42,42,-0.2391446633250537,0.030875202593192864
1943-08-31,rev,0,0,,
1943-08-31,rev_alt,0,0,,
1943-08-31,rev_orth,0,0,,
1943-08-31,blend,0,0,,
1943-09-30,mom,42,42,0.0465474129448724,0.12082168479590234
1943-09-30,rev,0,0,,
1943-09-30,rev_alt,0,0,,
1943-09-30,rev_orth,0,0,,
1943-09-30,blend,0,0,,
1943-10-31,mom,42,42,-0.17701035021262507,-0.0783598720306087
1943-10-31,rev,0,0,,
1943-10-31,rev_alt,0,0,,
1943-10-31,rev_orth,0,0,,
1943-10-31,blend,0,0,,
1943-11-30,mom,42,42,0.5237192276214102,0.4527369235108695
1943-11-30,rev,0,0,,
1943-11-30,rev_alt,0,0,,
1943-11-30,rev_orth,0,0,,
1943-11-30,blend,0,0,,
1943-12-31,mom,42,42,0.32296168497868855,0.1511345223763181
1943-12-31,rev,0,0,,
1943-12-31,rev_alt,0,0,,
1943-12-31,rev_orth,0,0,,
1943-12-31,blend,0,0,,
1944-01-31,mom,42,42,-0.06378903870016525,0.05583242174673153
1944-01-31,rev,0,0,,
1944-01-31,rev_alt,0,0,,
1944-01-31,rev_orth,0,0,,
1944-01-31,blend,0,0,,
1944-02-29,mom,42,42,0.21350184582688048,0.3392755854468844
1944-02-29,rev,0,0,,
1944-02-29,rev_alt,0,0,,
1944-02-29,rev_orth,0,0,,
1944-02-29,blend,0,0,,
1944-03-31,mom,42,42,-0.15948413736550884,-0.03670839920358401
1944-03-31,rev,0,0,,
1944-03-31,rev_alt,0,0,,
1944-03-31,rev_orth,0,0,,
1944-03-31,blend,0,0,,
1944-04-30,mom,42,42,0.2839511555287576,0.3025931938622905
1944-04-30,rev,0,0,,
1944-04-30,rev_alt,0,0,,
1944-04-30,rev_orth,0,0,,
1944-04-30,blend,0,0,,
1944-05-31,mom,42,42,-0.2755754594724543,-0.20324149175324707
1944-05-31,rev,0,0,,
1944-05-31,rev_alt,0,0,,
1944-05-31,rev_orth,0,0,,
1944-05-31,blend,0,0,,
1944-06-30,mom,42,42,0.4331926514091089,0.27526132404181186
1944-06-30,rev,0,0,,
1944-06-30,rev_alt,0,0,,
1944-06-30,rev_orth,0,0,,
1944-06-30,blend,0,0,,
1944-07-31,mom,42,42,0.4604341595233996,0.4319111870973571
1944-07-31,rev,0,0,,
1944-07-31,rev_alt,0,0,,
1944-07-31,rev_orth,0,0,,
1944-07-31,blend,0,0,,
1944-08-31,mom,42,42,-0.19954985449339332,-0.11060692002268863
1944-08-31,rev,0,0,,
1944-08-31,rev_alt,0,0,,
1944-08-31,rev_orth,0,0,,
1944-08-31,blend,0,0,,
1944-09-30,mom,42,42,-0.1860352830518997,-0.2844408437216496
1944-09-30,rev,0,0,,
1944-09-30,rev_alt,0,0,,
1944-09-30,rev_orth,0,0,,
1944-09-30,blend,0,0,,
1944-10-31,mom,42,42,0.3063220206110691,0.2918034117706535
1944-10-31,rev,0,0,,
1944-10-31,rev_alt,0,0,,
1944-10-31,rev_orth,0,0,,
1944-10-31,blend,0,0,,
1944-11-30,mom,42,42,0.20185222542131703,0.23652864435621104
1944-11-30,rev,0,0,,
1944-11-30,rev_alt,0,0,,
1944-11-30,rev_orth,0,0,,
1944-11-30,blend,0,0,,
1944-12-31,mom,42,42,0.21857598425850916,0.040761750539028425
1944-12-31,rev,0,0,,
1944-12-31,rev_alt,0,0,,
1944-12-31,rev_orth,0,0,,
1944-12-31,blend,0,0,,
1945-01-31,mom,42,42,0.17447024995237664,0.14180948919706848
1945-01-31,rev,0,0,,
1945-01-31,rev_alt,0,0,,
1945-01-31,rev_orth,0,0,,
1945-01-31,blend,0,0,,
1945-02-28,mom,42,42,-0.6538111825201154,-0.5762327301030593
1945-02-28,rev,0,0,,
1945-02-28,rev_alt,0,0,,
1945-02-28,rev_orth,0,0,,
1945-02-28,blend,0,0,,
1945-03-31,mom,42,42,0.28448997662366077,0.2762336925694839
1945-03-31,rev,0,0,,
1945-03-31,rev_alt,0,0,,
1945-03-31,rev_orth,0,0,,
1945-03-31,blend,0,0,,
1945-04-30,mom,42,42,-0.21651470692586983,-0.09440077789482215
1945-04-30,rev,0,0,,
1945-04-30,rev_alt,0,0,,
1945-04-30,rev_orth,0,0,,
1945-04-30,blend,0,0,,
1945-05-31,mom,42,42,0.5557220384461644,0.3956729600518597
1945-05-31,rev,0,0,,
1945-05-31,rev_alt,0,0,,
1945-05-31,rev_orth,0,0,,
1945-05-31,blend,0,0,,
1945-06-30,mom,43,43,-0.15841726296365138,-0.04047268474210029
1945-06-30,rev,0,0,,
1945-06-30,rev_alt,0,0,,
1945-06-30,rev_orth,0,0,,
1945-06-30,blend,0,0,,
1945-07-31,mom,43,43,-0.10314339411889317,-0.17955300513440048
1945-07-31,rev,0,0,,
1945-07-31,rev_alt,0,0,,
1945-07-31,rev_orth,0,0,,
1945-07-31,blend,0,0,,
1945-08-31,mom,43,43,0.3857384118436492,0.33087929951470796
1945-08-31,rev,0,0,,
1945-08-31,rev_alt,0,0,,
1945-08-31,rev_orth,0,0,,
1945-08-31,blend,0,0,,
1945-09-30,mom,43,43,0.35307025503331085,0.1498036846874056
1945-09-30,rev,0,0,,
1945-09-30,rev_alt,0,0,,
1945-09-30,rev_orth,0,0,,
1945-09-30,blend,0,0,,
1945-10-31,mom,43,43,0.39697965775108524,0.466626396858955
1945-10-31,rev,0,0,,
1945-10-31,rev_alt,0,0,,
1945-10-31,rev_orth,0,0,,
1945-10-31,blend,0,0,,
1945-11-30,mom,43,43,0.36939048103689864,0.037378237559465385
1945-11-30,rev,0,0,,
1945-11-30,rev_alt,0,0,,
1945-11-30,rev_orth,0,0,,
1945-11-30,blend,0,0,,
1945-12-31,mom,43,43,0.28879332686232795,0.3122923588039867
1945-12-31,rev,0,0,,
1945-12-31,rev_alt,0,0,,
1945-12-31,rev_orth,0,0,,
1945-12-31,blend,0,0,,
1946-01-31,mom,43,43,-0.14821473003398783,-0.18582700960878512
1946-01-31,rev,0,0,,
1946-01-31,rev_alt,0,0,,
1946-01-31,rev_orth,0,0,,
1946-01-31,blend,0,0,,
1946-02-28,mom,43,43,0.011090875314081455,-0.024463908184838415
1946-02-28,rev,0,0,,
1946-02-28,rev_alt,0,0,,
1946-02-28,rev_orth,0,0,,
1946-02-28,blend,0,0,,
1946-03-31,mom,43,43,0.1369897582711166,0.27794767264117753
1946-03-31,rev,0,0,,
1946-03-31,rev_alt,0,0,,
1946-03-31,rev_orth,0,0,,
1946-03-31,blend,0,0,,
1946-04-30,mom,43,43,-0.0537057650351368,0.16958622772576262
1946-04-30,rev,0,0,,
1946-04-30,rev_alt,0,0,,
1946-04-30,rev_orth,0,0,,
1946-04-30,blend,0,0,,
1946-05-31,mom,43,43,-0.20527104986738345,-0.2724355346072721
1946-05-31,rev,0,0,,
1946-05-31,rev_alt,0,0,,
1946-05-31,rev_orth,0,0,,
1946-05-31,blend,0,0,,
1946-06-30,mom,43,43,0.04465111711321081,-0.017518027724192663
1946-06-30,rev,0,0,,
1946-06-30,rev_alt,0,0,,
1946-06-30,rev_orth,0,0,,
1946-06-30,blend,0,0,,
1946-07-31,mom,43,43,-0.196703141255223,-0.16777408637873756
1946-07-31,rev,0,0,,
1946-07-31,rev_alt,0,0,,
1946-07-31,rev_orth,0,0,,
1946-07-31,blend,0,0,,
1946-08-31,mom,43,43,-0.30213235862213117,-0.0976328010662979
1946-08-31,rev,0,0,,
1946-08-31,rev_alt,0,0,,
1946-08-31,rev_orth,0,0,,
1946-08-31,blend,0,0,,
1946-09-30,mom,43,43,-0.15391512240992106,-0.16045607290478195
1946-09-30,rev,0,0,,
1946-09-30,rev_alt,0,0,,
1946-09-30,rev_orth,0,0,,
1946-09-30,blend,0,0,,
1946-10-31,mom,43,43,0.06926164051406111,0.1480726395135423
1946-10-31,rev,0,0,,
1946-10-31,rev_alt,0,0,,
1946-10-31,rev_orth,0,0,,
1946-10-31,blend,0,0,,
1946-11-30,mom,43,43,0.0702889482507445,-0.07105372451924698
1946-11-30,rev,0,0,,
1946-11-30,rev_alt,0,0,,
1946-11-30,rev_orth,0,0,,
1946-11-30,blend,0,0,,
1946-12-31,mom,43,43,-0.5361002639921868,-0.4524312896405919
1946-12-31,rev,0,0,,
1946-12-31,rev_alt,0,0,,
1946-12-31,rev_orth,0,0,,
1946-12-31,blend,0,0,,
1947-01-31,mom,43,43,-0.05580774436382316,-0.15820275729204586
1947-01-31,rev,0,0,,
1947-01-31,rev_alt,0,0,,
1947-01-31,rev_orth,0,0,,
1947-01-31,blend,0,0,,
1947-02-28,mom,43,43,0.3545093715632013,0.23774639987908344
1947-02-28,rev,0,0,,
1947-02-28,rev_alt,0,0,,
1947-02-28,rev_orth,0,0,,
1947-02-28,blend,0,0,,
1947-03-31,mom,43,43,0.39283783218285406,0.2586272000124349
1947-03-31,rev,0,0,,
1947-03-31,rev_alt,0,0,,
1947-03-31,rev_orth,0,0,,
1947-03-31,blend,0,0,,
1947-04-30,mom,43,43,0.09412072788934142,0.11711405603544318
1947-04-30,rev,0,0,,
1947-04-30,rev_alt,0,0,,
1947-04-30,rev_orth,0,0,,
1947-04-30,blend,0,0,,
1947-05-31,mom,43,43,0.037159798136604555,0.060102688009664756
1947-05-31,rev,0,0,,
1947-05-31,rev_alt,0,0,,
1947-05-31,rev_orth,0,0,,
1947-05-31,blend,0,0,,
1947-06-30,mom,43,43,-0.09314428973783626,-0.1832597124423086
1947-06-30,rev,0,0,,
1947-06-30,rev_alt,0,0,,
1947-06-30,rev_orth,0,0,,
1947-06-30,blend,0,0,,
1947-07-31,mom,43,43,0.05754367699359483,0.07037946052323948
1947-07-31,rev,0,0,,
1947-07-31,rev_alt,0,0,,
1947-07-31,rev_orth,0,0,,
1947-07-31,blend,0,0,,
1947-08-31,mom,43,43,0.03217653136945858,0.21822025915050344
1947-08-31,rev,0,0,,
1947-08-31,rev_alt,0,0,,
1947-08-31,rev_orth,0,0,,
1947-08-31,blend,0,0,,
1947-09-30,mom,43,43,0.09217307018716775,0.0719598294015328
1947-09-30,rev,0,0,,
1947-09-30,rev_alt,0,0,,
1947-09-30,rev_orth,0,0,,
1947-09-30,blend,0,0,,
1947-10-31,mom,43,43,0.34793002756810254,0.20048327475416486
1947-10-31,rev,0,0,,
1947-10-31,rev_alt,0,0,,
1947-10-31,rev_orth,0,0,,
1947-10-31,blend,0,0,,
1947-11-30,mom,43,43,0.14591826943022945,0.1671700392630625
1947-11-30,rev,0,0,,
1947-11-30,rev_alt,0,0,,
1947-11-30,rev_orth,0,0,,
1947-11-30,blend,0,0,,
1947-12-31,mom,43,43,-0.07308494718043898,-0.04469948655995167
1947-12-31,rev,0,0,,
1947-12-31,rev_alt,0,0,,
1947-12-31,rev_orth,0,0,,
1947-12-31,blend,0,0,,
1948-01-31,mom,43,43,0.09309280155950975,0.008759013862096331
1948-01-31,rev,0,0,,
1948-01-31,rev_alt,0,0,,
1948-01-31,rev_orth,0,0,,
1948-01-31,blend,0,0,,
1948-02-29,mom,43,43,-0.13787110534748048,0.008079435200381962
1948-02-29,rev,0,0,,
1948-02-29,rev_alt,0,0,,
1948-02-29,rev_orth,0,0,,
1948-02-29,blend,0,0,,
1948-03-31,mom,43,43,0.2916262916404802,0.2506795530051344
1948-03-31,rev,0,0,,
1948-03-31,rev_alt,0,0,,
1948-03-31,rev_orth,0,0,,
1948-03-31,blend,0,0,,
1948-04-30,mom,43,43,0.13879698494013054,0.15554213228631833
1948-04-30,rev,0,0,,
1948-04-30,rev_alt,0,0,,
1948-04-30,rev_orth,0,0,,
1948-04-30,blend,0,0,,
1948-05-31,mom,43,43,0.24117219400981804,0.2079510704845974
1948-05-31,rev,0,0,,
1948-05-31,rev_alt,0,0,,
1948-05-31,rev_orth,0,0,,
1948-05-31,blend,0,0,,
1948-06-30,mom,43,43,0.11508287844497642,0.07362102168572347
1948-06-30,rev,0,0,,
1948-06-30,rev_alt,0,0,,
1948-06-30,rev_orth,0,0,,
1948-06-30,blend,0,0,,
1948-07-31,mom,43,43,-0.1937431619870315,-0.09853890594858372
1948-07-31,rev,0,0,,
1948-07-31,rev_alt,0,0,,
1948-07-31,rev_orth,0,0,,
1948-07-31,blend,0,0,,
1948-08-31,mom,43,43,0.09856229655901108,-0.006946804097524677
1948-08-31,rev,0,0,,
1948-08-31,rev_alt,0,0,,
1948-08-31,rev_orth,0,0,,
1948-08-31,blend,0,0,,
1948-09-30,mom,43,43,0.4188539058591481,0.345514950166113
1948-09-30,rev,0,0,,
1948-09-30,rev_alt,0,0,,
1948-09-30,rev_orth,0,0,,
1948-09-30,blend,0,0,,
1948-10-31,mom,43,43,-0.25130626833507685,-0.2252425719882186
1948-10-31,rev,0,0,,
1948-10-31,rev_alt,0,0,,
1948-10-31,rev_orth,0,0,,
1948-10-31,blend,0,0,,
1948-11-30,mom,43,43,0.23632766716876139,0.27801268498942916
1948-11-30,rev,0,0,,
1948-11-30,rev_alt,0,0,,
1948-11-30,rev_orth,0,0,,
1948-11-30,blend,0,0,,
1948-12-31,mom,43,43,-0.2994616332643939,-0.2482633645424343
1948-12-31,rev,0,0,,
1948-12-31,rev_alt,0,0,,
1948-12-31,rev_orth,0,0,,
1948-12-31,blend,0,0,,
1949-01-31,mom,43,43,0.2627036788649585,0.2077323875136375
1949-01-31,rev,0,0,,
1949-01-31,rev_alt,0,0,,
1949-01-31,rev_orth,0,0,,
1949-01-31,blend,0,0,,
1949-02-28,mom,43,43,-0.150053239363118,-0.054819345378292555
1949-02-28,rev,0,0,,
1949-02-28,rev_alt,0,0,,
1949-02-28,rev_orth,0,0,,
1949-02-28,blend,0,0,,
1949-03-31,mom,43,43,0.19179813647895852,0.15826034430685595
1949-03-31,rev,0,0,,
1949-03-31,rev_alt,0,0,,
1949-03-31,rev_orth,0,0,,
1949-03-31,blend,0,0,,
1949-04-30,mom,43,43,0.12540142617655683,0.19223799456357596
1949-04-30,rev,0,0,,
1949-04-30,rev_alt,0,0,,
1949-04-30,rev_orth,0,0,,
1949-04-30,blend,0,0,,
1949-05-31,mom,43,43,0.11147246610454442,0.07701600724856539
1949-05-31,rev,0,0,,
1949-05-31,rev_alt,0,0,,
1949-05-31,rev_orth,0,0,,
1949-05-31,blend,0,0,,
1949-06-30,mom,43,43,-0.22727657636336093,-0.29848604997298966
1949-06-30,rev,0,0,,
1949-06-30,rev_alt,0,0,,
1949-06-30,rev_orth,0,0,,
1949-06-30,blend,0,0,,
1949-07-31,mom,43,43,0.09904736922630597,0.013440048323769256
1949-07-31,rev,0,0,,
1949-07-31,rev_alt,0,0,,
1949-07-31,rev_orth,0,0,,
1949-07-31,blend,0,0,,
1949-08-31,mom,43,43,0.17789035142654835,0.15252189670794322
1949-08-31,rev,0,0,,
1949-08-31,rev_alt,0,0,,
1949-08-31,rev_orth,0,0,,
1949-08-31,blend,0,0,,
1949-09-30,mom,43,43,0.026073075558552067,0.04727918295163725
1949-09-30,rev,0,0,,
1949-09-30,rev_alt,0,0,,
1949-09-30,rev_orth,0,0,,
1949-09-30,blend,0,0,,
1949-10-31,mom,43,43,0.33034689543167917,0.32938156100853755
1949-10-31,rev,0,0,,
1949-10-31,rev_alt,0,0,,
1949-10-31,rev_orth,0,0,,
1949-10-31,blend,0,0,,
1949-11-30,mom,43,43,0.2644644949077015,0.13093709921797433
1949-11-30,rev,0,0,,
1949-11-30,rev_alt,0,0,,
1949-11-30,rev_orth,0,0,,
1949-11-30,blend,0,0,,
1949-12-31,mom,43,43,-0.051783267327348184,-0.11658989688151809
1949-12-31,rev,0,0,,
1949-12-31,rev_alt,0,0,,
1949-12-31,rev_orth,0,0,,
1949-12-31,blend,0,0,,
1950-01-31,mom,43,43,0.06092741654437525,-0.018121413470250678
1950-01-31,rev,0,0,,
1950-01-31,rev_alt,0,0,,
1950-01-31,rev_orth,0,0,,
1950-01-31,blend,0,0,,
1950-02-28,mom,43,43,0.08277623174020762,0.13153125943823618
1950-02-28,rev,0,0,,
1950-02-28,rev_alt,0,0,,
1950-02-28,rev_orth,0,0,,
1950-02-28,blend,0,0,,
1950-03-31,mom,43,43,0.09188776779524169,0.1076754635116325
1950-03-31,rev,0,0,,
1950-03-31,rev_alt,0,0,,
1950-03-31,rev_orth,0,0,,
1950-03-31,blend,0,0,,
1950-04-30,mom,43,43,0.29842853602939345,0.2126326123764075
1950-04-30,rev,0,0,,
1950-04-30,rev_alt,0,0,,
1950-04-30,rev_orth,0,0,,
1950-04-30,blend,0,0,,
1950-05-31,mom,43,43,-0.1609802178802441,-0.14149803684687404
1950-05-31,rev,0,0,,
1950-05-31,rev_alt,0,0,,
1950-05-31,rev_orth,0,0,,
1950-05-31,blend,0,0,,
1950-06-30,mom,43,43,-0.22912760344533833,-0.22304439746300211
1950-06-30,rev,0,0,,
1950-06-30,rev_alt,0,0,,
1950-06-30,rev_orth,0,0,,
1950-06-30,blend,0,0,,
1950-07-31,mom,43,43,0.09274689574492435,0.15478707339172457
1950-07-31,rev,0,0,,
1950-07-31,rev_alt,0,0,,
1950-07-31,rev_orth,0,0,,
1950-07-31,blend,0,0,,
1950-08-31,mom,43,43,-0.41813627631254213,-0.3706108898280381
1950-08-31,rev,0,0,,
1950-08-31,rev_alt,0,0,,
1950-08-31,rev_orth,0,0,,
1950-08-31,blend,0,0,,
1950-09-30,mom,43,43,0.1113207632243534,0.02476593174267593
1950-09-30,rev,0,0,,
1950-09-30,rev_alt,0,0,,
1950-09-30,rev_orth,0,0,,
1950-09-30,blend,0,0,,
1950-10-31,mom,43,43,0.31874693137123083,0.4346118997281788
1950-10-31,rev,0,0,,
1950-10-31,rev_alt,0,0,,
1950-10-31,rev_orth,0,0,,
1950-10-31,blend,0,0,,
1950-11-30,mom,43,43,0.48933039738809714,0.5363938387194201
1950-11-30,rev,0,0,,
1950-11-30,rev_alt,0,0,,
1950-11-30,rev_orth,0,0,,
1950-11-30,blend,0,0,,
1950-12-31,mom,43,43,0.055271790805822237,0.04794805002095837
1950-12-31,rev,0,0,,
1950-12-31,rev_alt,0,0,,
1950-12-31,rev_orth,0,0,,
1950-12-31,blend,0,0,,
1951-01-31,mom,43,43,-0.3195086579956299,-0.24192086982784658
1951-01-31,rev,0,0,,
1951-01-31,rev_alt,0,0,,
1951-01-31,rev_orth,0,0,,
1951-01-31,blend,0,0,,
1951-02-28,mom,43,43,-0.41025020246119126,-0.4089398973119903
1951-02-28,rev,0,0,,
1951-02-28,rev_alt,0,0,,
1951-02-28,rev_orth,0,0,,
1951-02-28,blend,0,0,,
1951-03-31,mom,43,43,0.44403278301545557,0.49018423437028086
1951-03-31,rev,0,0,,
1951-03-31,rev_alt,0,0,,
1951-03-31,rev_orth,0,0,,
1951-03-31,blend,0,0,,
1951-04-30,mom,43,43,-0.022757355164659057,-0.09483897767924993
1951-04-30,rev,0,0,,
1951-04-30,rev_alt,0,0,,
1951-04-30,rev_orth,0,0,,
1951-04-30,blend,0,0,,
1951-05-31,mom,43,43,-0.13717334894995925,-0.10563672752648938
1951-05-31,rev,0,0,,
1951-05-31,rev_alt,0,0,,
1951-05-31,rev_orth,0,0,,
1951-05-31,blend,0,0,,
1951-06-30,mom,43,43,0.4006353154030238,0.4115070975536092
1951-06-30,rev,0,0,,
1951-06-30,rev_alt,0,0,,
1951-06-30,rev_orth,0,0,,
1951-06-30,blend,0,0,,
1951-07-31,mom,43,43,0.021055967268687442,0.08570242011620118
1951-07-31,rev,0,0,,
1951-07-31,rev_alt,0,0,,
1951-07-31,rev_orth,0,0,,
1951-07-31,blend,0,0,,
1951-08-31,mom,43,43,-0.06817116386886529,-0.03745233513448087
1951-08-31,rev,0,0,,
1951-08-31,rev_alt,0,0,,
1951-08-31,rev_orth,0,0,,
1951-08-31,blend,0,0,,
1951-09-30,mom,43,43,-0.24846254958576725,-0.30852871241832425
1951-09-30,rev,0,0,,
1951-09-30,rev_alt,0,0,,
1951-09-30,rev_orth,0,0,,
1951-09-30,blend,0,0,,
1951-10-31,mom,43,43,0.07551020374031335,0.139011590690684
1951-10-31,rev,0,0,,
1951-10-31,rev_alt,0,0,,
1951-10-31,rev_orth,0,0,,
1951-10-31,blend,0,0,,
1951-11-30,mom,43,43,0.2401953229669045,0.25016990179305015
1951-11-30,rev,0,0,,
1951-11-30,rev_alt,0,0,,
1951-11-30,rev_orth,0,0,,
1951-11-30,blend,0,0,,
1951-12-31,mom,43,43,-0.052410408111782304,-0.11461794019933555
1951-12-31,rev,0,0,,
1951-12-31,rev_alt,0,0,,
1951-12-31,rev_orth,0,0,,
1951-12-31,blend,0,0,,
1952-01-31,mom,43,43,0.12071979843943174,0.06645521900294794
1952-01-31,rev,0,0,,
1952-01-31,rev_alt,0,0,,
1952-01-31,rev_orth,0,0,,
1952-01-31,blend,0,0,,
1952-02-29,mom,43,43,0.003136843141642337,-0.11250377529447297
1952-02-29,rev,0,0,,
1952-02-29,rev_alt,0,0,,
1952-02-29,rev_orth,0,0,,
1952-02-29,blend,0,0,,
1952-03-31,mom,43,43,-0.21023395766754144,-0.3064028994261553
1952-03-31,rev,0,0,,
1952-03-31,rev_alt,0,0,,
1952-03-31,rev_orth,0,0,,
1952-03-31,blend,0,0,,
1952-04-30,mom,43,43,-0.09210720607979385,-0.04855578660562553
1952-04-30,rev,0,0,,
1952-04-30,rev_alt,0,0,,
1952-04-30,rev_orth,0,0,,
1952-04-30,blend,0,0,,
1952-05-31,mom,43,43,0.11352441047854668,0.10299003322259137
1952-05-31,rev,0,0,,
1952-05-31,rev_alt,0,0,,
1952-05-31,rev_orth,0,0,,
1952-05-31,blend,0,0,,
1952-06-30,mom,43,43,0.21188800062004898,0.1544153736895431
1952-06-30,rev,0,0,,
1952-06-30,rev_alt,0,0,,
1952-06-30,rev_orth,0,0,,
1952-06-30,blend,0,0,,
1952-07-31,mom,43,43,0.048529993103370056,-0.0430399819085768
1952-07-31,rev,0,0,,
1952-07-31,rev_alt,0,0,,
1952-07-31,rev_orth,0,0,,
1952-07-31,blend,0,0,,
1952-08-31,mom,43,43,0.29301680486954257,0.34046890951889963
1952-08-31,rev,0,0,,
1952-08-31,rev_alt,0,0,,
1952-08-31,rev_orth,0,0,,
1952-08-31,blend,0,0,,
1952-09-30,mom,43,43,0.20718978051817732,0.2368043501427725
1952-09-30,rev,0,0,,
1952-09-30,rev_alt,0,0,,
1952-09-30,rev_orth,0,0,,
1952-09-30,blend,0,0,,
1952-10-31,mom,43,43,0.05995036947716869,0.10608977996763229
1952-10-31,rev,0,0,,
1952-10-31,rev_alt,0,0,,
1952-10-31,rev_orth,0,0,,
1952-10-31,blend,0,0,,
1952-11-30,mom,43,43,0.33506437382317417,0.38871899450062
1952-11-30,rev,0,0,,
1952-11-30,rev_alt,0,0,,
1952-11-30,rev_orth,0,0,,
1952-11-30,blend,0,0,,
1952-12-31,mom,43,43,0.3872913287678641,0.3469002501772631
1952-12-31,rev,0,0,,
1952-12-31,rev_alt,0,0,,
1952-12-31,rev_orth,0,0,,
1952-12-31,blend,0,0,,
1953-01-31,mom,43,43,-0.06606972253691981,-0.03669586227725763
1953-01-31,rev,0,0,,
1953-01-31,rev_alt,0,0,,
1953-01-31,rev_orth,0,0,,
1953-01-31,blend,0,0,,
1953-02-28,mom,43,43,-0.0586417937807195,-0.08442195901135831
1953-02-28,rev,0,0,,
1953-02-28,rev_alt,0,0,,
1953-02-28,rev_orth,0,0,,
1953-02-28,blend,0,0,,
1953-03-31,mom,43,43,0.32394565646852125,0.3091444545550098
1953-03-31,rev,0,0,,
1953-03-31,rev_alt,0,0,,
1953-03-31,rev_orth,0,0,,
1953-03-31,blend,0,0,,
1953-04-30,mom,43,43,0.17947506421349688,0.2959634535247147
1953-04-30,rev,0,0,,
1953-04-30,rev_alt,0,0,,
1953-04-30,rev_orth,0,0,,
1953-04-30,blend,0,0,,
1953-05-31,mom,43,43,-0.151150070058396,-0.13319741769601665
1953-05-31,rev,0,0,,
1953-05-31,rev_alt,0,0,,
1953-05-31,rev_orth,0,0,,
1953-05-31,blend,0,0,,
1953-06-30,mom,43,43,-0.033207010545571305,-0.04620960434913923
1953-06-30,rev,0,0,,
1953-06-30,rev_alt,0,0,,
1953-06-30,rev_orth,0,0,,
1953-06-30,blend,0,0,,
1953-07-31,mom,43,43,-0.06664437304697539,-0.03737682639429038
1953-07-31,rev,0,0,,
1953-07-31,rev_alt,0,0,,
1953-07-31,rev_orth,0,0,,
1953-07-31,blend,0,0,,
1953-08-31,mom,43,43,0.24166926783794632,0.23467230443974632
1953-08-31,rev,0,0,,
1953-08-31,rev_alt,0,0,,
1953-08-31,rev_orth,0,0,,
1953-08-31,blend,0,0,,
1953-09-30,mom,43,43,0.1518017816712603,0.19881451292154864
1953-09-30,rev,0,0,,
1953-09-30,rev_alt,0,0,,
1953-09-30,rev_orth,0,0,,
1953-09-30,blend,0,0,,
1953-10-31,mom,43,43,0.03354419458054528,0.2339172455451525
1953-10-31,rev,0,0,,
1953-10-31,rev_alt,0,0,,
1953-10-31,rev_orth,0,0,,
1953-10-31,blend,0,0,,
1953-11-30,mom,43,43,0.5233092704052347,0.5224844284981696
1953-11-30,rev,0,0,,
1953-11-30,rev_alt,0,0,,
1953-11-30,rev_orth,0,0,,
1953-11-30,blend,0,0,,
1953-12-31,mom,43,43,-0.5014890486708319,-0.3927357860626785
1953-12-31,rev,0,0,,
1953-12-31,rev_alt,0,0,,
1953-12-31,rev_orth,0,0,,
1953-12-31,blend,0,0,,
1954-01-31,mom,43,43,0.24138885162467616,0.17412315487925986
1954-01-31,rev,0,0,,
1954-01-31,rev_alt,0,0,,
1954-01-31,rev_orth,0,0,,
1954-01-31,blend,0,0,,
1954-02-28,mom,43,43,0.34514920143834116,0.40058899155210714
1954-02-28,rev,0,0,,
1954-02-28,rev_alt,0,0,,
1954-02-28,rev_orth,0,0,,
1954-02-28,blend,0,0,,
1954-03-31,mom,43,43,0.33856894860160164,0.10268800966475385
1954-03-31,rev,0,0,,
1954-03-31,rev_alt,0,0,,
1954-03-31,rev_orth,0,0,,
1954-03-31,blend,0,0,,
1954-04-30,mom,43,43,-0.054810546600660905,-0.0841954242376248
1954-04-30,rev,0,0,,
1954-04-30,rev_alt,0,0,,
1954-04-30,rev_orth,0,0,,
1954-04-30,blend,0,0,,
1954-05-31,mom,43,43,0.20621237834608722,0.14829356689821804
1954-05-31,rev,0,0,,
1954-05-31,rev_alt,0,0,,
1954-05-31,rev_orth,0,0,,
1954-05-31,blend,0,0,,
1954-06-30,mom,43,43,-0.10791054381309029,-0.2482633645424343
1954-06-30,rev,0,0,,
1954-06-30,rev_alt,0,0,,
1954-06-30,rev_orth,0,0,,
1954-06-30,blend,0,0,,
1954-07-31,mom,43,43,-0.08956757450929713,-0.09423846587314416
1954-07-31,rev,0,0,,
1954-07-31,rev_alt,0,0,,
1954-07-31,rev_orth,0,0,,
1954-07-31,blend,0,0,,
1954-08-31,mom,43,43,0.037744763819001007,0.14391422530957415
1954-08-31,rev,0,0,,
1954-08-31,rev_alt,0,0,,
1954-08-31,rev_orth,0,0,,
1954-08-31,blend,0,0,,
1954-09-30,mom,43,43,0.13265647569263858,0.11718956477563368
1954-09-30,rev,0,0,,
1954-09-30,rev_alt,0,0,,
1954-09-30,rev_orth,0,0,,
1954-09-30,blend,0,0,,
1954-10-31,mom,43,43,0.22836924004540332,0.30353367562669886
1954-10-31,rev,0,0,,
1954-10-31,rev_alt,0,0,,
1954-10-31,rev_orth,0,0,,
1954-10-31,blend,0,0,,
1954-11-30,mom,43,43,0.18806916347740177,0.02959830866807611
1954-11-30,rev,0,0,,
1954-11-30,rev_alt,0,0,,
1954-11-30,rev_orth,0,0,,
1954-11-30,blend,0,0,,
1954-12-31,mom,43,43,0.280835730618136,0.09582059130172625
1954-12-31,rev,0,0,,
1954-12-31,rev_alt,0,0,,
1954-12-31,rev_orth,0,0,,
1954-12-31,blend,0,0,,
1955-01-31,mom,43,43,0.03156234478557486,0.1534395534088373
1955-01-31,rev,0,0,,
1955-01-31,rev_alt,0,0,,
1955-01-31,rev_orth,0,0,,
1955-01-31,blend,0,0,,
1955-02-28,mom,43,43,0.08186513282730343,0.1717003926306252
1955-02-28,rev,0,0,,
1955-02-28,rev_alt,0,0,,
1955-02-28,rev_orth,0,0,,
1955-02-28,blend,0,0,,
1955-03-31,mom,43,43,-0.22363667130137302,-0.1439196588030656
1955-03-31,rev,0,0,,
1955-03-31,rev_alt,0,0,,
1955-03-31,rev_orth,0,0,,
1955-03-31,blend,0,0,,
1955-04-30,mom,43,43,0.10624980941561184,0.08849624350324915
1955-04-30,rev,0,0,,
1955-04-30,rev_alt,0,0,,
1955-04-30,rev_orth,0,0,,
1955-04-30,blend,0,0,,
1955-05-31,mom,43,43,0.23197431705296107,0.1144669284204168
1955-05-31,rev,0,0,,
1955-05-31,rev_alt,0,0,,
1955-05-31,rev_orth,0,0,,
1955-05-31,blend,0,0,,
1955-06-30,mom,43,43,-0.17450818715961589,-0.2851102385986107
1955-06-30,rev,0,0,,
1955-06-30,rev_alt,0,0,,
1955-06-30,rev_orth,0,0,,
1955-06-30,blend,0,0,,
1955-07-31,mom,43,43,0.17576656139314084,0.24207188160676532
1955-07-31,rev,0,0,,
1955-07-31,rev_alt,0,0,,
1955-07-31,rev_orth,0,0,,
1955-07-31,blend,0,0,,
1955-08-31,mom,43,43,0.2705418423136274,0.1470155171508755
1955-08-31,rev,0,0,,
1955-08-31,rev_alt,0,0,,
1955-08-31,rev_orth,0,0,,
1955-08-31,blend,0,0,,
1955-09-30,mom,43,43,-0.1893958120450695,-0.2442044860847342
1955-09-30,rev,0,0,,
1955-09-30,rev_alt,0,0,,
1955-09-30,rev_orth,0,0,,
1955-09-30,blend,0,0,,
1955-10-31,mom,43,43,0.35085979715479765,0.4031563856544204
1955-10-31,rev,0,0,,
1955-10-31,rev_alt,0,0,,
1955-10-31,rev_orth,0,0,,
1955-10-31,blend,0,0,,
1955-11-30,mom,43,43,-0.05368888115330892,-0.005587857752093485
1955-11-30,rev,0,0,,
1955-11-30,rev_alt,0,0,,
1955-11-30,rev_orth,0,0,,
1955-11-30,blend,0,0,,
1955-12-31,mom,43,43,-0.12274970531158472,-0.2009966777408638
1955-12-31,rev,0,0,,
1955-12-31,rev_alt,0,0,,
1955-12-31,rev_orth,0,0,,
1955-12-31,blend,0,0,,
1956-01-31,mom,43,43,0.1983020193870904,0.21678559308688417
1956-01-31,rev,0,0,,
1956-01-31,rev_alt,0,0,,
1956-01-31,rev_orth,0,0,,
1956-01-31,blend,0,0,,
1956-02-29,mom,43,43,0.15385112352136093,0.21942011476895198
1956-02-29,rev,0,0,,
1956-02-29,rev_alt,0,0,,
1956-02-29,rev_orth,0,0,,
1956-02-29,blend,0,0,,
1956-03-31,mom,43,43,0.007309878133134141,0.126698882512836
1956-03-31,rev,0,0,,
1956-03-31,rev_alt,0,0,,
1956-03-31,rev_orth,0,0,,
1956-03-31,blend,0,0,,
1956-04-30,mom,43,43,-0.27541655504349155,-0.3492902446390818
1956-04-30,rev,0,0,,
1956-04-30,rev_alt,0,0,,
1956-04-30,rev_orth,0,0,,
1956-04-30,blend,0,0,,
1956-05-31,mom,43,43,0.4502830207175028,0.4580187254605859
1956-05-31,rev,0,0,,
1956-05-31,rev_alt,0,0,,
1956-05-31,rev_orth,0,0,,
1956-05-31,blend,0,0,,
1956-06-30,mom,43,43,0.3379428512225713,0.46828752642706134
1956-06-30,rev,0,0,,
1956-06-30,rev_alt,0,0,,
1956-06-30,rev_orth,0,0,,
1956-06-30,blend,0,0,,
1956-07-31,mom,43,43,-0.16676048644014202,-0.30564784053156147
1956-07-31,rev,0,0,,
1956-07-31,rev_alt,0,0,,
1956-07-31,rev_orth,0,0,,
1956-07-31,blend,0,0,,
1956-08-31,mom,43,43,-0.38023520778768904,-0.35458904393452045
1956-08-31,rev,0,0,,
1956-08-31,rev_alt,0,0,,
1956-08-31,rev_orth,0,0,,
1956-08-31,blend,0,0,,
1956-09-30,mom,43,43,0.43970237691641256,0.4112205990773847
1956-09-30,rev,0,0,,
1956-09-30,rev_alt,0,0,,
1956-09-30,rev_orth,0,0,,
1956-09-30,blend,0,0,,
1956-10-31,mom,43,43,0.4484323885124082,0.37203156291852263
1956-10-31,rev,0,0,,
1956-10-31,rev_alt,0,0,,
1956-10-31,rev_orth,0,0,,
1956-10-31,blend,0,0,,
1956-11-30,mom,43,43,-0.00047304043812743113,0.13470250679553006
1956-11-30,rev,0,0,,
1956-11-30,rev_alt,0,0,,
1956-11-30,rev_orth,0,0,,
1956-11-30,blend,0,0,,
1956-12-31,mom,43,43,-0.20760578649691913,-0.11756710847658611
1956-12-31,rev,0,0,,
1956-12-31,rev_alt,0,0,,
1956-12-31,rev_orth,0,0,,
1956-12-31,blend,0,0,,
1957-01-31,mom,43,43,-0.050482228759600775,-0.07052516333791357
1957-01-31,rev,0,0,,
1957-01-31,rev_alt,0,0,,
1957-01-31,rev_orth,0,0,,
1957-01-31,blend,0,0,,
1957-02-28,mom,43,43,0.13524453814413565,0.004606207065914899
1957-02-28,rev,0,0,,
1957-02-28,rev_alt,0,0,,
1957-02-28,rev_orth,0,0,,
1957-02-28,blend,0,0,,
1957-03-31,mom,43,43,0.3276053784104593,0.2703110842645726
1957-03-31,rev,0,0,,
1957-03-31,rev_alt,0,0,,
1957-03-31,rev_orth,0,0,,
1957-03-31,blend,0,0,,
1957-04-30,mom,43,43,0.028538506779896354,0.004832376925400181
1957-04-30,rev,0,0,,
1957-04-30,rev_alt,0,0,,
1957-04-30,rev_orth,0,0,,
1957-04-30,blend,0,0,,
1957-05-31,mom,43,43,0.18076493352272596,0.08637873754152825
1957-05-31,rev,0,0,,
1957-05-31,rev_alt,0,0,,
1957-05-31,rev_orth,0,0,,
1957-05-31,blend,0,0,,
1957-06-30,mom,43,43,0.06585173004965378,0.02756485341580017
1957-06-30,rev,0,0,,
1957-06-30,rev_alt,0,0,,
1957-06-30,rev_orth,0,0,,
1957-06-30,blend,0,0,,
1957-07-31,mom,43,43,-0.008608212300550581,-0.09695322240458354
1957-07-31,rev,0,0,,
1957-07-31,rev_alt,0,0,,
1957-07-31,rev_orth,0,0,,
1957-07-31,blend,0,0,,
1957-08-31,mom,43,43,-0.15753629654670348,-0.12768527966211118
1957-08-31,rev,0,0,,
1957-08-31,rev_alt,0,0,,
1957-08-31,rev_orth,0,0,,
1957-08-31,blend,0,0,,
1957-09-30,mom,43,43,0.18237175946125295,0.2010797751272632
1957-09-30,rev,0,0,,
1957-09-30,rev_alt,0,0,,
1957-09-30,rev_orth,0,0,,
1957-09-30,blend,0,0,,
1957-10-31,mom,43,43,0.20079329216985792,0.349076905900615
1957-10-31,rev,0,0,,
1957-10-31,rev_alt,0,0,,
1957-10-31,rev_orth,0,0,,
1957-10-31,blend,0,0,,
1957-11-30,mom,43,43,0.5046183310863175,0.5958924796134099
1957-11-30,rev,0,0,,
1957-11-30,rev_alt,0,0,,
1957-11-30,rev_orth,0,0,,
1957-11-30,blend,0,0,,
1957-12-31,mom,43,43,-0.3806603508533329,-0.3684826521295698
1957-12-31,rev,0,0,,
1957-12-31,rev_alt,0,0,,
1957-12-31,rev_orth,0,0,,
1957-12-31,blend,0,0,,
1958-01-31,mom,43,43,0.3523845287285569,0.38508003624282694
1958-01-31,rev,0,0,,
1958-01-31,rev_alt,0,0,,
1958-01-31,rev_orth,0,0,,
1958-01-31,blend,0,0,,
1958-02-28,mom,43,43,0.21284497419994974,0.24955638632955496
1958-02-28,rev,0,0,,
1958-02-28,rev_alt,0,0,,
1958-02-28,rev_orth,0,0,,
1958-02-28,blend,0,0,,
1958-03-31,mom,43,43,-0.027510755645906146,-0.054366292937149646
1958-03-31,rev,0,0,,
1958-03-31,rev_alt,0,0,,
1958-03-31,rev_orth,0,0,,
1958-03-31,blend,0,0,,
1958-04-30,mom,43,43,-0.38546086356358905,-0.42972024042405366
1958-04-30,rev,0,0,,
1958-04-30,rev_alt,0,0,,
1958-04-30,rev_orth,0,0,,
1958-04-30,blend,0,0,,
1958-05-31,mom,43,43,0.010870975509777024,0.07611281011200952
1958-05-31,rev,0,0,,
1958-05-31,rev_alt,0,0,,
1958-05-31,rev_orth,0,0,,
1958-05-31,blend,0,0,,
1958-06-30,mom,43,43,-0.3640800967271103,-0.380700694654183
1958-06-30,rev,0,0,,
1958-06-30,rev_alt,0,0,,
1958-06-30,rev_orth,0,0,,
1958-06-30,blend,0,0,,
1958-07-31,mom,43,43,0.04090756713340023,-0.0045303533675626695
1958-07-31,rev,0,0,,
1958-07-31,rev_alt,0,0,,
1958-07-31,rev_orth,0,0,,
1958-07-31,blend,0,0,,
1958-08-31,mom,43,43,0.05601663007258447,0.02099222236597282
1958-08-31,rev,0,0,,
1958-08-31,rev_alt,0,0,,
1958-08-31,rev_orth,0,0,,
1958-08-31,blend,0,0,,
1958-09-30,mom,43,43,0.10965760776873455,0.14263601021982733
1958-09-30,rev,0,0,,
1958-09-30,rev_alt,0,0,,
1958-09-30,rev_orth,0,0,,
1958-09-30,blend,0,0,,
1958-10-31,mom,43,43,0.27044467819556567,0.3043002229676571
1958-10-31,rev,0,0,,
1958-10-31,rev_alt,0,0,,
1958-10-31,rev_orth,0,0,,
1958-10-31,blend,0,0,,
1958-11-30,mom,43,43,-0.36413606038501256,-0.34702506795530047
1958-11-30,rev,0,0,,
1958-11-30,rev_alt,0,0,,
1958-11-30,rev_orth,0,0,,
1958-11-30,blend,0,0,,
1958-12-31,mom,43,43,0.16808487464645974,0.21035940803382663
1958-12-31,rev,0,0,,
1958-12-31,rev_alt,0,0,,
1958-12-31,rev_orth,0,0,,
1958-12-31,blend,0,0,,
1959-01-31,mom,43,43,0.18090816940227494,0.08616523282086773
1959-01-31,rev,0,0,,
1959-01-31,rev_alt,0,0,,
1959-01-31,rev_orth,0,0,,
1959-01-31,blend,0,0,,
1959-02-28,mom,43,43,0.42238554449188365,0.28527202043965466
1959-02-28,rev,0,0,,
1959-02-28,rev_alt,0,0,,
1959-02-28,rev_orth,0,0,,
1959-02-28,blend,0,0,,
1959-03-31,mom,43,43,0.4542361070411339,0.36907278767743884
1959-03-31,rev,0,0,,
1959-03-31,rev_alt,0,0,,
1959-03-31,rev_orth,0,0,,
1959-03-31,blend,0,0,,
1959-04-30,mom,43,43,-0.03299628280104569,0.04455015671238652
1959-04-30,rev,0,0,,
1959-04-30,rev_alt,0,0,,
1959-04-30,rev_orth,0,0,,
1959-04-30,blend,0,0,,
1959-05-31,mom,43,43,0.26327800120952916,0.30416068953287234
1959-05-31,rev,0,0,,
1959-05-31,rev_alt,0,0,,
1959-05-31,rev_orth,0,0,,
1959-05-31,blend,0,0,,
1959-06-30,mom,43,43,-0.16078785296409473,-0.07444880700694653
1959-06-30,rev,0,0,,
1959-06-30,rev_alt,0,0,,
1959-06-30,rev_orth,0,0,,
1959-06-30,blend,0,0,,
1959-07-31,mom,43,43,0.0894214335328883,-0.010117789187556629
1959-07-31,rev,0,0,,
1959-07-31,rev_alt,0,0,,
1959-07-31,rev_orth,0,0,,
1959-07-31,blend,0,0,,
1959-08-31,mom,43,43,0.013153274342298168,0.025069848293176173
1959-08-31,rev,0,0,,
1959-08-31,rev_alt,0,0,,
1959-08-31,rev_orth,0,0,,
1959-08-31,blend,0,0,,
1959-09-30,mom,43,43,0.44442468481460984,0.3023255813953489
1959-09-30,rev,0,0,,
1959-09-30,rev_alt,0,0,,
1959-09-30,rev_orth,0,0,,
1959-09-30,blend,0,0,,
1959-10-31,mom,43,43,0.10934486776759388,0.1481425551192993
1959-10-31,rev,0,0,,
1959-10-31,rev_alt,0,0,,
1959-10-31,rev_orth,0,0,,
1959-10-31,blend,0,0,,
1959-11-30,mom,43,43,-0.30307281881408354,-0.3594216033067116
1959-11-30,rev,0,0,,
1959-11-30,rev_alt,0,0,,
1959-11-30,rev_orth,0,0,,
1959-11-30,blend,0,0,,
1959-12-31,mom,43,43,0.2006175832087591,-0.1756465935376127
1959-12-31,rev,0,0,,
1959-12-31,rev_alt,0,0,,
1959-12-31,rev_orth,0,0,,
1959-12-31,blend,0,0,,
1960-01-31,mom,43,43,0.411558674324488,0.37526427061310785
1960-01-31,rev,0,0,,
1960-01-31,rev_alt,0,0,,
1960-01-31,rev_orth,0,0,,
1960-01-31,blend,0,0,,
1960-02-29,mom,43,43,0.2907843568631841,0.28105414261205336
1960-02-29,rev,0,0,,
1960-02-29,rev_alt,0,0,,
1960-02-29,rev_orth,0,0,,
1960-02-29,blend,0,0,,
1960-03-31,mom,43,43,0.5959213726789339,0.5783214411189294
1960-03-31,rev,0,0,,
1960-03-31,rev_alt,0,0,,
1960-03-31,rev_orth,0,0,,
1960-03-31,blend,0,0,,
1960-04-30,mom,43,43,0.5903658922361572,0.6132588341890668
1960-04-30,rev,0,0,,
1960-04-30,rev_alt,0,0,,
1960-04-30,rev_orth,0,0,,
1960-04-30,blend,0,0,,
1960-05-31,mom,43,43,-0.11827983214347786,0.007248565388100272
1960-05-31,rev,0,0,,
1960-05-31,rev_alt,0,0,,
1960-05-31,rev_orth,0,0,,
1960-05-31,blend,0,0,,
1960-06-30,mom,43,43,-0.14211462616683362,-0.1085774690425853
1960-06-30,rev,0,0,,
1960-06-30,rev_alt,0,0,,
1960-06-30,rev_orth,0,0,,
1960-06-30,blend,0,0,,
1960-07-31,mom,43,43,0.11329086164605937,0.2435819993959529
1960-07-31,rev,0,0,,
1960-07-31,rev_alt,0,0,,
1960-07-31,rev_orth,0,0,,
1960-07-31,blend,0,0,,
1960-08-31,mom,43,43,-0.08796942369666258,-0.08275445484747809
1960-08-31,rev,0,0,,
1960-08-31,rev_alt,0,0,,
1960-08-31,rev_orth,0,0,,
1960-08-31,blend,0,0,,
1960-09-30,mom,43,43,0.21376315833001192,0.3079362690950977
1960-09-30,rev,0,0,,
1960-09-30,rev_alt,0,0,,
1960-09-30,rev_orth,0,0,,
1960-09-30,blend,0,0,,
1960-10-31,mom,43,43,0.538629470689829,0.42247140136576694
1960-10-31,rev,0,0,,
1960-10-31,rev_alt,0,0,,
1960-10-31,rev_orth,0,0,,
1960-10-31,blend,0,0,,
1960-11-30,mom,43,43,0.4555493493450159,0.3374613012716997
1960-11-30,rev,0,0,,
1960-11-30,rev_alt,0,0,,
1960-11-30,rev_orth,0,0,,
1960-11-30,blend,0,0,,
1960-12-31,mom,43,43,-0.2627397559852326,-0.20175173663545756
1960-12-31,rev,0,0,,
1960-12-31,rev_alt,0,0,,
1960-12-31,rev_orth,0,0,,
1960-12-31,blend,0,0,,
1961-01-31,mom,43,43,0.22211203741413893,-0.05194805194805195
1961-01-31,rev,0,0,,
1961-01-31,rev_alt,0,0,,
1961-01-31,rev_orth,0,0,,
1961-01-31,blend,0,0,,
1961-02-28,mom,43,43,0.13057587252709135,0.15448504983388703
1961-02-28,rev,0,0,,
1961-02-28,rev_alt,0,0,,
1961-02-28,rev_orth,0,0,,
1961-02-28,blend,0,0,,
1961-03-31,mom,43,43,-0.22663560748670902,0.04553177033486283
1961-03-31,rev,0,0,,
1961-03-31,rev_alt,0,0,,
1961-03-31,rev_orth,0,0,,
1961-03-31,blend,0,0,,
1961-04-30,mom,43,43,-0.2946112885173895,-0.14466928420416791
1961-04-30,rev,0,0,,
1961-04-30,rev_alt,0,0,,
1961-04-30,rev_orth,0,0,,
1961-04-30,blend,0,0,,
1961-05-31,mom,43,43,0.22026974931760757,0.10941216453601367
1961-05-31,rev,0,0,,
1961-05-31,rev_alt,0,0,,
1961-05-31,rev_orth,0,0,,
1961-05-31,blend,0,0,,
1961-06-30,mom,43,43,-0.0036382343270592726,0.02053760193295077
1961-06-30,rev,0,0,,
1961-06-30,rev_alt,0,0,,
1961-06-30,rev_orth,0,0,,
1961-06-30,blend,0,0,,
1961-07-31,mom,43,43,0.20442850687621944,0.14376321353065538
1961-07-31,rev,0,0,,
1961-07-31,rev_alt,0,0,,
1961-07-31,rev_orth,0,0,,
1961-07-31,blend,0,0,,
1961-08-31,mom,43,43,0.3691678601444013,0.215350927023265
1961-08-31,rev,0,0,,
1961-08-31,rev_alt,0,0,,
1961-08-31,rev_orth,0,0,,
1961-08-31,blend,0,0,,
1961-09-30,mom,43,43,0.27932190683364017,0.2710763772838434
1961-09-30,rev,0,0,,
1961-09-30,rev_alt,0,0,,
1961-09-30,rev_orth,0,0,,
1961-09-30,blend,0,0,,
1961-10-31,mom,43,43,0.11771722522957848,0.14527881612649432
1961-10-31,rev,0,0,,
1961-10-31,rev_alt,0,0,,
1961-10-31,rev_orth,0,0,,
1961-10-31,blend,0,0,,
1961-11-30,mom,43,43,-0.5173171529135718,-0.33753681286294424
1961-11-30,rev,0,0,,
1961-11-30,rev_alt,0,0,,
1961-11-30,rev_orth,0,0,,
1961-11-30,blend,0,0,,
1961-12-31,mom,43,43,0.01734838975024837,-0.037148897614013895
1961-12-31,rev,0,0,,
1961-12-31,rev_alt,0,0,,
1961-12-31,rev_orth,0,0,,
1961-12-31,blend,0,0,,
1962-01-31,mom,43,43,0.20949864266556056,0.2105104198127454
1962-01-31,rev,0,0,,
1962-01-31,rev_alt,0,0,,
1962-01-31,rev_orth,0,0,,
1962-01-31,blend,0,0,,
1962-02-28,mom,43,43,0.3253427425505528,0.1627906976744186
1962-02-28,rev,0,0,,
1962-02-28,rev_alt,0,0,,
1962-02-28,rev_orth,0,0,,
1962-02-28,blend,0,0,,
1962-03-31,mom,43,43,0.024725919442507377,0.08805316517890602
1962-03-31,rev,0,0,,
1962-03-31,rev_alt,0,0,,
1962-03-31,rev_orth,0,0,,
1962-03-31,blend,0,0,,
1962-04-30,mom,43,43,0.023972446598366157,0.028089251350860645
1962-04-30,rev,0,0,,
1962-04-30,rev_alt,0,0,,
1962-04-30,rev_orth,0,0,,
1962-04-30,blend,0,0,,
1962-05-31,mom,43,43,0.3122193765261289,0.3052178518102954
1962-05-31,rev,0,0,,
1962-05-31,rev_alt,0,0,,
1962-05-31,rev_orth,0,0,,
1962-05-31,blend,0,0,,
1962-06-30,mom,43,43,0.23906822982209894,0.08184838417396556
1962-06-30,rev,0,0,,
1962-06-30,rev_alt,0,0,,
1962-06-30,rev_orth,0,0,,
1962-06-30,blend,0,0,,
1962-07-31,mom,43,43,0.01613455429357881,0.1034469740609653
1962-07-31,rev,0,0,,
1962-07-31,rev_alt,0,0,,
1962-07-31,rev_orth,0,0,,
1962-07-31,blend,0,0,,
1962-08-31,mom,43,43,0.5368770032379011,0.5000188775413957
1962-08-31,rev,0,0,,
1962-08-31,rev_alt,0,0,,
1962-08-31,rev_orth,0,0,,
1962-08-31,blend,0,0,,
1962-09-30,mom,43,43,0.39089667031267455,0.2586272000124349
1962-09-30,rev,0,0,,
1962-09-30,rev_alt,0,0,,
1962-09-30,rev_orth,0,0,,
1962-09-30,blend,0,0,,
1962-10-31,mom,43,43,-0.3734346384364742,-0.41603745092117184
1962-10-31,rev,0,0,,
1962-10-31,rev_alt,0,0,,
1962-10-31,rev_orth,0,0,,
1962-10-31,blend,0,0,,
1962-11-30,mom,43,43,0.3064916221175677,0.3209000302023558
1962-11-30,rev,0,0,,
1962-11-30,rev_alt,0,0,,
1962-11-30,rev_orth,0,0,,
1962-11-30,blend,0,0,,
1962-12-31,mom,43,43,-0.15141653613842487,-0.1584113560857747
1962-12-31,rev,0,0,,
1962-12-31,rev_alt,0,0,,
1962-12-31,rev_orth,0,0,,
1962-12-31,blend,0,0,,
1963-01-31,mom,43,43,0.37070036384674276,0.2604953186348535
1963-01-31,rev,0,0,,
1963-01-31,rev_alt,0,0,,
1963-01-31,rev_orth,0,0,,
1963-01-31,blend,0,0,,
1963-02-28,mom,43,43,0.32792085266394516,0.3338871772126518
1963-02-28,rev,0,0,,
1963-02-28,rev_alt,0,0,,
1963-02-28,rev_orth,0,0,,
1963-02-28,blend,0,0,,
1963-03-31,mom,43,43,0.19193629240529866,0.12020537601932951
1963-03-31,rev,0,0,,
1963-03-31,rev_alt,0,0,,
1963-03-31,rev_orth,0,0,,
1963-03-31,blend,0,0,,
1963-04-30,mom,43,43,-0.055487116370230016,0.0016611295681063121
1963-04-30,rev,0,0,,
1963-04-30,rev_alt,0,0,,
1963-04-30,rev_orth,0,0,,
1963-04-30,blend,0,0,,
1963-05-31,mom,43,43,-0.13676075702216609,-0.04848393395327043
1963-05-31,rev,0,0,,
1963-05-31,rev_alt,0,0,,
1963-05-31,rev_orth,0,0,,
1963-05-31,blend,0,0,,
1963-06-30,mom,43,43,0.431260624464764,0.3691622307912842
1963-06-30,rev,0,0,,
1963-06-30,rev_alt,0,0,,
1963-06-30,rev_orth,0,0,,
1963-06-30,blend,0,0,,
1963-07-31,mom,43,43,0.4558349446101714,0.49360063462520454
1963-07-31,rev,0,0,,
1963-07-31,rev_alt,0,0,,
1963-07-31,rev_orth,0,0,,
1963-07-31,blend,0,0,,
1963-08-31,mom,43,43,0.26279653543577197,0.16052552099063724
1963-08-31,rev,0,0,,
1963-08-31,rev_alt,0,0,,
1963-08-31,rev_orth,0,0,,
1963-08-31,blend,0,0,,
1963-09-30,mom,43,43,0.0026801399216624944,0.09967153705144101
1963-09-30,rev,0,0,,
1963-09-30,rev_alt,0,0,,
1963-09-30,rev_orth,0,0,,
1963-09-30,blend,0,0,,
1963-10-31,mom,43,43,0.06181349153730571,0.15668655183235108
1963-10-31,rev,0,0,,
1963-10-31,rev_alt,0,0,,
1963-10-31,rev_orth,0,0,,
1963-10-31,blend,0,0,,
1963-11-30,mom,43,43,0.3207765436581359,0.3036321083941608
1963-11-30,rev,0,0,,
1963-11-30,rev_alt,0,0,,
1963-11-30,rev_orth,0,0,,
1963-11-30,blend,0,0,,
1963-12-31,mom,43,43,0.4525963476937492,0.481425551192993
1963-12-31,rev,0,0,,
1963-12-31,rev_alt,0,0,,
1963-12-31,rev_orth,0,0,,
1963-12-31,blend,0,0,,
1964-01-31,mom,43,43,-0.1364961510185515,-0.12352763515554212
1964-01-31,rev,0,0,,
1964-01-31,rev_alt,0,0,,
1964-01-31,rev_orth,0,0,,
1964-01-31,blend,0,0,,
1964-02-29,mom,43,43,-0.22763137665239958,-0.12277257626094837
1964-02-29,rev,0,0,,
1964-02-29,rev_alt,0,0,,
1964-02-29,rev_orth,0,0,,
1964-02-29,blend,0,0,,
1964-03-31,mom,43,43,0.16065478533071265,0.09521652138020235
1964-03-31,rev,0,0,,
1964-03-31,rev_alt,0,0,,
1964-03-31,rev_orth,0,0,,
1964-03-31,blend,0,0,,
1964-04-30,mom,43,43,0.3606664196149638,0.3290546662639686
1964-04-30,rev,0,0,,
1964-04-30,rev_alt,0,0,,
1964-04-30,rev_orth,0,0,,
1964-04-30,blend,0,0,,
1964-05-31,mom,43,43,-0.19820981431328683,-0.14452372872458946
1964-05-31,rev,0,0,,
1964-05-31,rev_alt,0,0,,
1964-05-31,rev_orth,0,0,,
1964-05-31,blend,0,0,,
1964-06-30,mom,47,47,-0.07823797539281539,-0.07018963922294172
1964-06-30,rev,0,0,,
1964-06-30,rev_alt,0,0,,
1964-06-30,rev_orth,0,0,,
1964-06-30,blend,0,0,,
1964-07-31,mom,47,47,-0.1558790694356317,-0.12453746530989825
1964-07-31,rev,0,0,,
1964-07-31,rev_alt,0,0,,
1964-07-31,rev_orth,0,0,,
1964-07-31,blend,0,0,,
1964-08-31,mom,47,47,0.013775801340322635,0.07377428307123034
1964-08-31,rev,0,0,,
1964-08-31,rev_alt,0,0,,
1964-08-31,rev_orth,0,0,,
1964-08-31,blend,0,0,,
1964-09-30,mom,47,47,-0.01361442819963625,0.008268285645506614
1964-09-30,rev,0,0,,
1964-09-30,rev_alt,0,0,,
1964-09-30,rev_orth,0,0,,
1964-09-30,blend,0,0,,
1964-10-31,mom,47,47,0.07308003276179052,0.08372361968317185
1964-10-31,rev,0,0,,
1964-10-31,rev_alt,0,0,,
1964-10-31,rev_orth,0,0,,
1964-10-31,blend,0,0,,
1964-11-30,mom,47,47,-0.08651230282770339,-0.1118274600175969
1964-11-30,rev,0,0,,
1964-11-30,rev_alt,0,0,,
1964-11-30,rev_orth,0,0,,
1964-11-30,blend,0,0,,
1964-12-31,mom,47,47,0.04379810700637701,0.1021653031562187
1964-12-31,rev,0,0,,
1964-12-31,rev_alt,0,0,,
1964-12-31,rev_orth,0,0,,
1964-12-31,blend,0,0,,
1965-01-31,mom,47,47,0.10814168193075493,0.14662349676225717
1965-01-31,rev,0,0,,
1965-01-31,rev_alt,0,0,,
1965-01-31,rev_orth,0,0,,
1965-01-31,blend,0,0,,
1965-02-28,mom,47,47,-0.18554884954418982,-0.09708008111052871
1965-02-28,rev,0,0,,
1965-02-28,rev_alt,0,0,,
1965-02-28,rev_orth,0,0,,
1965-02-28,blend,0,0,,
1965-03-31,mom,47,47,0.16363816011797194,0.16507661201343624
1965-03-31,rev,0,0,,
1965-03-31,rev_alt,0,0,,
1965-03-31,rev_orth,0,0,,
1965-03-31,blend,0,0,,
1965-04-30,mom,47,47,-0.18063430896004312,-0.09077768156255513
1965-04-30,rev,0,0,,
1965-04-30,rev_alt,0,0,,
1965-04-30,rev_orth,0,0,,
1965-04-30,blend,0,0,,
1965-05-31,mom,47,47,-0.39351404998239214,-0.4436670634514069
1965-05-31,rev,0,0,,
1965-05-31,rev_alt,0,0,,
1965-05-31,rev_orth,0,0,,
1965-05-31,blend,0,0,,
1965-06-30,mom,47,47,0.5086915469634383,0.49965309898242377
1965-06-30,rev,0,0,,
1965-06-30,rev_alt,0,0,,
1965-06-30,rev_orth,0,0,,
1965-06-30,blend,0,0,,
1965-07-31,mom,47,47,0.4465623495356731,0.41861809841585934
1965-07-31,rev,0,0,,
1965-07-31,rev_alt,0,0,,
1965-07-31,rev_orth,0,0,,
1965-07-31,blend,0,0,,
1965-08-31,mom,47,47,0.4618236225951638,0.3644984105543615
1965-08-31,rev,0,0,,
1965-08-31,rev_alt,0,0,,
1965-08-31,rev_orth,0,0,,
1965-08-31,blend,0,0,,
1965-09-30,mom,47,47,0.25174259935978527,0.33118441226871576
1965-09-30,rev,0,0,,
1965-09-30,rev_alt,0,0,,
1965-09-30,rev_orth,0,0,,
1965-09-30,blend,0,0,,
1965-10-31,mom,47,47,0.5961675476079237,0.6447341796802462
1965-10-31,rev,0,0,,
1965-10-31,rev_alt,0,0,,
1965-10-31,rev_orth,0,0,,
1965-10-31,blend,0,0,,
1965-11-30,mom,47,47,-0.014828928223250368,0.1407383855650625
1965-11-30,rev,0,0,,
1965-11-30,rev_alt,0,0,,
1965-11-30,rev_orth,0,0,,
1965-11-30,blend,0,0,,
1965-12-31,mom,47,47,0.46621282899959,0.509670145626524
1965-12-31,rev,0,0,,
1965-12-31,rev_alt,0,0,,
1965-12-31,rev_orth,0,0,,
1965-12-31,blend,0,0,,
1966-01-31,mom,47,47,0.39035577432775803,0.4309666975023127
1966-01-31,rev,0,0,,
1966-01-31,rev_alt,0,0,,
1966-01-31,rev_orth,0,0,,
1966-01-31,blend,0,0,,
1966-02-28,mom,47,47,0.3921021661506277,0.325518198511325
1966-02-28,rev,0,0,,
1966-02-28,rev_alt,0,0,,
1966-02-28,rev_orth,0,0,,
1966-02-28,blend,0,0,,
1966-03-31,mom,47,47,0.3808297244572603,0.47907030527289546
1966-03-31,rev,0,0,,
1966-03-31,rev_alt,0,0,,
1966-03-31,rev_orth,0,0,,
1966-03-31,blend,0,0,,
1966-04-30,mom,47,47,-0.5558824213772071,-0.6740286771507863
1966-04-30,rev,0,0,,
1966-04-30,rev_alt,0,0,,
1966-04-30,rev_orth,0,0,,
1966-04-30,blend,0,0,,
1966-05-31,mom,47,47,0.1940546469926743,0.3847132284921369
1966-05-31,rev,0,0,,
1966-05-31,rev_alt,0,0,,
1966-05-31,rev_orth,0,0,,
1966-05-31,blend,0,0,,
1966-06-30,mom,48,48,-0.15788885763210142,-0.21847690419201324
1966-06-30,rev,0,0,,
1966-06-30,rev_alt,0,0,,
1966-06-30,rev_orth,0,0,,
1966-06-30,blend,0,0,,
1966-07-31,mom,48,48,-0.11061886335897175,-0.29659384003864764
1966-07-31,rev,0,0,,
1966-07-31,rev_alt,0,0,,
1966-07-31,rev_orth,0,0,,
1966-07-31,blend,0,0,,
1966-08-31,mom,48,48,-0.28926101778100444,-0.21634824142422926
1966-08-31,rev,0,0,,
1966-08-31,rev_alt,0,0,,
1966-08-31,rev_orth,0,0,,
1966-08-31,blend,0,0,,
1966-09-30,mom,48,48,-0.20200316023596476,-0.4165219279201042
1966-09-30,rev,0,0,,
1966-09-30,rev_alt,0,0,,
1966-09-30,rev_orth,0,0,,
1966-09-30,blend,0,0,,
1966-10-31,mom,48,48,0.6092180555867124,0.6891385777942362
1966-10-31,rev,0,0,,
1966-10-31,rev_alt,0,0,,
1966-10-31,rev_orth,0,0,,
1966-10-31,blend,0,0,,
1966-11-30,mom,48,48,-0.5210196877454445,-0.24420561290928391
1966-11-30,rev,0,0,,
1966-11-30,rev_alt,0,0,,
1966-11-30,rev_orth,0,0,,
1966-11-30,blend,0,0,,
1966-12-31,mom,48,48,-0.47064308016691025,-0.39806773773339127
1966-12-31,rev,0,0,,
1966-12-31,rev_alt,0,0,,
1966-12-31,rev_orth,0,0,,
1966-12-31,blend,0,0,,
1967-01-31,mom,48,48,0.282171784156383,0.2484394510526322
1967-01-31,rev,0,0,,
1967-01-31,rev_alt,0,0,,
1967-01-31,rev_orth,0,0,,
1967-01-31,blend,0,0,,
1967-02-28,mom,48,48,0.1955435353524244,0.12092922275293096
1967-02-28,rev,0,0,,
1967-02-28,rev_alt,0,0,,
1967-02-28,rev_orth,0,0,,
1967-02-28,blend,0,0,,
1967-03-31,mom,48,48,-0.2417279046608925,-0.1391700817403991
1967-03-31,rev,0,0,,
1967-03-31,rev_alt,0,0,,
1967-03-31,rev_orth,0,0,,
1967-03-31,blend,0,0,,
1967-04-30,mom,48,48,0.0219078178816352,-0.058355726184045366
1967-04-30,rev,0,0,,
1967-04-30,rev_alt,0,0,,
1967-04-30,rev_orth,0,0,,
1967-04-30,blend,0,0,,
1967-05-31,mom,48,48,0.27615824615450574,0.39579884401364673
1967-05-31,rev,0,0,,
1967-05-31,rev_alt,0,0,,
1967-05-31,rev_orth,0,0,,
1967-05-31,blend,0,0,,
1967-06-30,mom,48,48,-0.19690648480392334,-0.2636921243639256
1967-06-30,rev,0,0,,
1967-06-30,rev_alt,0,0,,
1967-06-30,rev_orth,0,0,,
1967-06-30,blend,0,0,,
1967-07-31,mom,48,48,0.1204786251257295,0.16402518454190185
1967-07-31,rev,0,0,,
1967-07-31,rev_alt,0,0,,
1967-07-31,rev_orth,0,0,,
1967-07-31,blend,0,0,,
1967-08-31,mom,48,48,0.23387994964425413,0.37864683705968183
1967-08-31,rev,0,0,,
1967-08-31,rev_alt,0,0,,
1967-08-31,rev_orth,0,0,,
1967-08-31,blend,0,0,,
1967-09-30,mom,48,48,0.32385436564578096,0.3129613547546678
1967-09-30,rev,0,0,,
1967-09-30,rev_alt,0,0,,
1967-09-30,rev_orth,0,0,,
1967-09-30,blend,0,0,,
1967-10-31,mom,48,48,0.44377269180132817,0.3115043288253317
1967-10-31,rev,0,0,,
1967-10-31,rev_alt,0,0,,
1967-10-31,rev_orth,0,0,,
1967-10-31,blend,0,0,,
1967-11-30,mom,48,48,0.4800396965218858,0.45501669080724094
1967-11-30,rev,0,0,,
1967-11-30,rev_alt,0,0,,
1967-11-30,rev_orth,0,0,,
1967-11-30,blend,0,0,,
1967-12-31,mom,48,48,-0.33233857419490037,-0.04277029960920538
1967-12-31,rev,0,0,,
1967-12-31,rev_alt,0,0,,
1967-12-31,rev_orth,0,0,,
1967-12-31,blend,0,0,,
1968-01-31,mom,48,48,-0.43523398298587834,-0.495834125077436
1968-01-31,rev,0,0,,
1968-01-31,rev_alt,0,0,,
1968-01-31,rev_orth,0,0,,
1968-01-31,blend,0,0,,
1968-02-29,mom,48,48,-0.1502698511830996,-0.02551089641887191
1968-02-29,rev,0,0,,
1968-02-29,rev_alt,0,0,,
1968-02-29,rev_orth,0,0,,
1968-02-29,blend,0,0,,
1968-03-31,mom,48,48,0.5060725495698584,0.42994002241252005
1968-03-31,rev,0,0,,
1968-03-31,rev_alt,0,0,,
1968-03-31,rev_orth,0,0,,
1968-03-31,blend,0,0,,
1968-04-30,mom,48,48,0.4757516505344518,0.4734171033306401
1968-04-30,rev,0,0,,
1968-04-30,rev_alt,0,0,,
1968-04-30,rev_orth,0,0,,
1968-04-30,blend,0,0,,
1968-05-31,mom,48,48,-0.09273027530138234,-0.10084672166739037
1968-05-31,rev,0,0,,
1968-05-31,rev_alt,0,0,,
1968-05-31,rev_orth,0,0,,
1968-05-31,blend,0,0,,
1968-06-30,mom,48,48,-0.07250907702807231,-0.04092599127623281
1968-06-30,rev,0,0,,
1968-06-30,rev_alt,0,0,,
1968-06-30,rev_orth,0,0,,
1968-06-30,blend,0,0,,
1968-07-31,mom,48,48,0.28415259670195064,0.28441935581891237
1968-07-31,rev,0,0,,
1968-07-31,rev_alt,0,0,,
1968-07-31,rev_orth,0,0,,
1968-07-31,blend,0,0,,
1968-08-31,mom,48,48,0.2581175052122012,0.21917064698219715
1968-08-31,rev,0,0,,
1968-08-31,rev_alt,0,0,,
1968-08-31,rev_orth,0,0,,
1968-08-31,blend,0,0,,
1968-09-30,mom,48,48,0.21272155073292603,0.1345564089837946
1968-09-30,rev,0,0,,
1968-09-30,rev_alt,0,0,,
1968-09-30,rev_orth,0,0,,
1968-09-30,blend,0,0,,
1968-10-31,mom,48,48,0.07582951703348488,-0.004777026887624179
1968-10-31,rev,0,0,,
1968-10-31,rev_alt,0,0,,
1968-10-31,rev_orth,0,0,,
1968-10-31,blend,0,0,,
1968-11-30,mom,48,48,0.1289149469874465,0.1758080712781407
1968-11-30,rev,0,0,,
1968-11-30,rev_alt,0,0,,
1968-11-30,rev_orth,0,0,,
1968-11-30,blend,0,0,,
1968-12-31,mom,48,48,0.10186850199040334,0.13005482296746926
1968-12-31,rev,0,0,,
1968-12-31,rev_alt,0,0,,
1968-12-31,rev_orth,0,0,,
1968-12-31,blend,0,0,,
1969-01-31,mom,48,48,-0.29757133734556146,-0.35379688485056954
1969-01-31,rev,0,0,,
1969-01-31,rev_alt,0,0,,
1969-01-31,rev_orth,0,0,,
1969-01-31,blend,0,0,,
1969-02-28,mom,48,48,0.04672013998352194,0.08917958046001394
1969-02-28,rev,0,0,,
1969-02-28,rev_alt,0,0,,
1969-02-28,rev_orth,0,0,,
1969-02-28,blend,0,0,,
1969-03-31,mom,48,48,0.35021403613914615,0.0814155449413808
1969-03-31,rev,0,0,,
1969-03-31,rev_alt,0,0,,
1969-03-31,rev_orth,0,0,,
1969-03-31,blend,0,0,,
1969-04-30,mom,48,48,0.011247840541855703,0.07023447676943118
1969-04-30,rev,0,0,,
1969-04-30,rev_alt,0,0,,
1969-04-30,rev_orth,0,0,,
1969-04-30,blend,0,0,,
1969-05-31,mom,48,48,-0.0809040941823676,-0.031046461137646548
1969-05-31,rev,0,0,,
1969-05-31,rev_alt,0,0,,
1969-05-31,rev_orth,0,0,,
1969-05-31,blend,0,0,,
1969-06-30,mom,48,48,0.20339346305907394,0.17965696917064697
1969-06-30,rev,0,0,,
1969-06-30,rev_alt,0,0,,
1969-06-30,rev_orth,0,0,,
1969-06-30,blend,0,0,,
1969-07-31,mom,48,48,0.13207353204268135,0.1775992618777636
1969-07-31,rev,0,0,,
1969-07-31,rev_alt,0,0,,
1969-07-31,rev_orth,0,0,,
1969-07-31,blend,0,0,,
1969-08-31,mom,48,48,0.2366415317174408,0.1186495874945723
1969-08-31,rev,0,0,,
1969-08-31,rev_alt,0,0,,
1969-08-31,rev_orth,0,0,,
1969-08-31,blend,0,0,,
1969-09-30,mom,48,48,-0.35682857460771367,-0.14003473729917498
1969-09-30,rev,0,0,,
1969-09-30,rev_alt,0,0,,
1969-09-30,rev_orth,0,0,,
1969-09-30,blend,0,0,,
1969-10-31,mom,48,48,0.5779027701627859,0.4919118474326797
1969-10-31,rev,0,0,,
1969-10-31,rev_alt,0,0,,
1969-10-31,rev_orth,0,0,,
1969-10-31,blend,0,0,,
1969-11-30,mom,48,48,0.4088982136567492,0.5133939493201921
1969-11-30,rev,0,0,,
1969-11-30,rev_alt,0,0,,
1969-11-30,rev_orth,0,0,,
1969-11-30,blend,0,0,,
1969-12-31,mom,48,48,0.2344509861068308,0.1075770733825445
1969-12-31,rev,0,0,,
1969-12-31,rev_alt,0,0,,
1969-12-31,rev_orth,0,0,,
1969-12-31,blend,0,0,,
1970-01-31,mom,48,48,0.06358533775024518,0.0934726560297495
1970-01-31,rev,0,0,,
1970-01-31,rev_alt,0,0,,
1970-01-31,rev_orth,0,0,,
1970-01-31,blend,0,0,,
1970-02-28,mom,48,48,-0.005464999882537291,-0.08885390944190068
1970-02-28,rev,0,0,,
1970-02-28,rev_alt,0,0,,
1970-02-28,rev_orth,0,0,,
1970-02-28,blend,0,0,,
1970-03-31,mom,48,48,0.4723484149142858,0.38840642640034734
1970-03-31,rev,0,0,,
1970-03-31,rev_alt,0,0,,
1970-03-31,rev_orth,0,0,,
1970-03-31,blend,0,0,,
1970-04-30,mom,48,48,0.47230637833176015,0.422818063395571
1970-04-30,rev,0,0,,
1970-04-30,rev_alt,0,0,,
1970-04-30,rev_orth,0,0,,
1970-04-30,blend,0,0,,
1970-05-31,mom,48,48,0.5530653068096134,0.549841235581218
1970-05-31,rev,0,0,,
1970-05-31,rev_alt,0,0,,
1970-05-31,rev_orth,0,0,,
1970-05-31,blend,0,0,,
1970-06-30,mom,49,49,0.13780403599517432,-0.10785714285714285
1970-06-30,rev,0,0,,
1970-06-30,rev_alt,0,0,,
1970-06-30,rev_orth,0,0,,
1970-06-30,blend,0,0,,
1970-07-31,mom,49,49,-0.45154669737701614,-0.6021428571428572
1970-07-31,rev,0,0,,
1970-07-31,rev_alt,0,0,,
1970-07-31,rev_orth,0,0,,
1970-07-31,blend,0,0,,
1970-08-31,mom,49,49,-0.5727665970000835,-0.6218367346938775
1970-08-31,rev,0,0,,
1970-08-31,rev_alt,0,0,,
1970-08-31,rev_orth,0,0,,
1970-08-31,blend,0,0,,
1970-09-30,mom,49,49,0.78400877541921,0.6395061100578376
1970-09-30,rev,0,0,,
1970-09-30,rev_alt,0,0,,
1970-09-30,rev_orth,0,0,,
1970-09-30,blend,0,0,,
1970-10-31,mom,49,49,0.27459394487402644,0.22883820632879265
1970-10-31,rev,0,0,,
1970-10-31,rev_alt,0,0,,
1970-10-31,rev_orth,0,0,,
1970-10-31,blend,0,0,,
1970-11-30,mom,49,49,-0.026335361781766237,-0.21581632653061225
1970-11-30,rev,0,0,,
1970-11-30,rev_alt,0,0,,
1970-11-30,rev_orth,0,0,,
1970-11-30,blend,0,0,,
1970-12-31,mom,49,49,-0.502018230771484,-0.5816326530612244
1970-12-31,rev,0,0,,
1970-12-31,rev_alt,0,0,,
1970-12-31,rev_orth,0,0,,
1970-12-31,blend,0,0,,
1971-01-31,mom,49,49,-0.3487921807865651,-0.29852802377121485
1971-01-31,rev,0,0,,
1971-01-31,rev_alt,0,0,,
1971-01-31,rev_orth,0,0,,
1971-01-31,blend,0,0,,
1971-02-28,mom,49,49,-0.3475931812772052,-0.36175315114183715
1971-02-28,rev,0,0,,
1971-02-28,rev_alt,0,0,,
1971-02-28,rev_orth,0,0,,
1971-02-28,blend,0,0,,
1971-03-31,mom,49,49,0.28444732845753573,0.370204081632653
1971-03-31,rev,0,0,,
1971-03-31,rev_alt,0,0,,
1971-03-31,rev_orth,0,0,,
1971-03-31,blend,0,0,,
1971-04-30,mom,49,49,-0.2021427182951392,0.06000459236392605
1971-04-30,rev,0,0,,
1971-04-30,rev_alt,0,0,,
1971-04-30,rev_orth,0,0,,
1971-04-30,blend,0,0,,
1971-05-31,mom,49,49,0.09691460010440492,0.07316513178737347
1971-05-31,rev,0,0,,
1971-05-31,rev_alt,0,0,,
1971-05-31,rev_orth,0,0,,
1971-05-31,blend,0,0,,
1971-06-30,mom,49,49,-0.1574264174587547,-0.2677551020408163
1971-06-30,rev,0,0,,
1971-06-30,rev_alt,0,0,,
1971-06-30,rev_orth,0,0,,
1971-06-30,blend,0,0,,
1971-07-31,mom,49,49,0.3356063103782263,0.2846501187181008
1971-07-31,rev,0,0,,
1971-07-31,rev_alt,0,0,,
1971-07-31,rev_orth,0,0,,
1971-07-31,blend,0,0,,
1971-08-31,mom,49,49,-0.011667964679258708,0.05117477488335814
1971-08-31,rev,0,0,,
1971-08-31,rev_alt,0,0,,
1971-08-31,rev_orth,0,0,,
1971-08-31,blend,0,0,,
1971-09-30,mom,49,49,0.08492634251209472,-0.00887777749721268
1971-09-30,rev,0,0,,
1971-09-30,rev_alt,0,0,,
1971-09-30,rev_orth,0,0,,
1971-09-30,blend,0,0,,
1971-10-31,mom,49,49,0.0261833814095161,-0.0014796295828687798
1971-10-31,rev,0,0,,
1971-10-31,rev_alt,0,0,,
1971-10-31,rev_orth,0,0,,
1971-10-31,blend,0,0,,
1971-11-30,mom,49,49,-0.11500075062358908,-0.07397959183673468
1971-11-30,rev,0,0,,
1971-11-30,rev_alt,0,0,,
1971-11-30,rev_orth,0,0,,
1971-11-30,blend,0,0,,
1971-12-31,mom,49,49,-0.13958674876635785,-0.13990152814573087
1971-12-31,rev,0,0,,
1971-12-31,rev_alt,0,0,,
1971-12-31,rev_orth,0,0,,
1971-12-31,blend,0,0,,
1972-01-31,mom,49,49,0.3758375763714219,0.2763335800281832
1972-01-31,rev,0,0,,
1972-01-31,rev_alt,0,0,,
1972-01-31,rev_orth,0,0,,
1972-01-31,blend,0,0,,
1972-02-29,mom,49,49,0.05622055020616399,0.04571778465822937
1972-02-29,rev,0,0,,
1972-02-29,rev_alt,0,0,,
1972-02-29,rev_orth,0,0,,
1972-02-29,blend,0,0,,
1972-03-31,mom,49,49,0.009908122361907211,0.25551672244851203
1972-03-31,rev,0,0,,
1972-03-31,rev_alt,0,0,,
1972-03-31,rev_orth,0,0,,
1972-03-31,blend,0,0,,
1972-04-30,mom,49,49,0.5701001459604977,0.5420036227177604
1972-04-30,rev,0,0,,
1972-04-30,rev_alt,0,0,,
1972-04-30,rev_orth,0,0,,
1972-04-30,blend,0,0,,
1972-05-31,mom,49,49,0.4514060210150098,0.36501862387428813
1972-05-31,rev,0,0,,
1972-05-31,rev_alt,0,0,,
1972-05-31,rev_orth,0,0,,
1972-05-31,blend,0,0,,
1972-06-30,mom,49,49,0.37995806119782716,0.22359424547494985
1972-06-30,rev,0,0,,
1972-06-30,rev_alt,0,0,,
1972-06-30,rev_orth,0,0,,
1972-06-30,blend,0,0,,
1972-07-31,mom,49,49,-0.18574626007504785,-0.3464462477084731
1972-07-31,rev,0,0,,
1972-07-31,rev_alt,0,0,,
1972-07-31,rev_orth,0,0,,
1972-07-31,blend,0,0,,
1972-08-31,mom,49,49,0.2700791004269801,0.29675740577261384
1972-08-31,rev,0,0,,
1972-08-31,rev_alt,0,0,,
1972-08-31,rev_orth,0,0,,
1972-08-31,blend,0,0,,
1972-09-30,mom,49,49,0.4444037336155502,0.1641368402789264
1972-09-30,rev,0,0,,
1972-09-30,rev_alt,0,0,,
1972-09-30,rev_orth,0,0,,
1972-09-30,blend,0,0,,
1972-10-31,mom,49,49,-0.3411444284031564,-0.4215923876980941
1972-10-31,rev,0,0,,
1972-10-31,rev_alt,0,0,,
1972-10-31,rev_orth,0,0,,
1972-10-31,blend,0,0,,
1972-11-30,mom,49,49,0.6398996428408701,0.4994515167828444
1972-11-30,rev,0,0,,
1972-11-30,rev_alt,0,0,,
1972-11-30,rev_orth,0,0,,
1972-11-30,blend,0,0,,
1972-12-31,mom,49,49,0.2877602581694987,0.4108883111629358
1972-12-31,rev,0,0,,
1972-12-31,rev_alt,0,0,,
1972-12-31,rev_orth,0,0,,
1972-12-31,blend,0,0,,
1973-01-31,mom,49,49,-0.08460740274052397,0.26959183673469383
1973-01-31,rev,0,0,,
1973-01-31,rev_alt,0,0,,
1973-01-31,rev_orth,0,0,,
1973-01-31,blend,0,0,,
1973-02-28,mom,49,49,0.36006524089566727,0.26531965951164366
1973-02-28,rev,0,0,,
1973-02-28,rev_alt,0,0,,
1973-02-28,rev_orth,0,0,,
1973-02-28,blend,0,0,,
1973-03-31,mom,49,49,0.7088683755018363,0.7288126954739073
1973-03-31,rev,0,0,,
1973-03-31,rev_alt,0,0,,
1973-03-31,rev_orth,0,0,,
1973-03-31,blend,0,0,,
1973-04-30,mom,49,49,0.7631110480787093,0.748896655770619
1973-04-30,rev,0,0,,
1973-04-30,rev_alt,0,0,,
1973-04-30,rev_orth,0,0,,
1973-04-30,blend,0,0,,
1973-05-31,mom,49,49,0.5245208710903806,0.493673469387755
1973-05-31,rev,0,0,,
1973-05-31,rev_alt,0,0,,
1973-05-31,rev_orth,0,0,,
1973-05-31,blend,0,0,,
1973-06-30,mom,49,49,-0.7631845782326375,-0.7395918367346939
1973-06-30,rev,0,0,,
1973-06-30,rev_alt,0,0,,
1973-06-30,rev_orth,0,0,,
1973-06-30,blend,0,0,,
1973-07-31,mom,49,49,0.3847851388835043,0.26802387911820463
1973-07-31,rev,0,0,,
1973-07-31,rev_alt,0,0,,
1973-07-31,rev_orth,0,0,,
1973-07-31,blend,0,0,,
1973-08-31,mom,49,49,-0.2365363916203112,-0.14821806683564848
1973-08-31,rev,0,0,,
1973-08-31,rev_alt,0,0,,
1973-08-31,rev_orth,0,0,,
1973-08-31,blend,0,0,,
1973-09-30,mom,49,49,0.45401049588590137,0.49410684282899175
1973-09-30,rev,0,0,,
1973-09-30,rev_alt,0,0,,
1973-09-30,rev_orth,0,0,,
1973-09-30,blend,0,0,,
1973-10-31,mom,49,49,0.6276705596338943,0.6384856758627555
1973-10-31,rev,0,0,,
1973-10-31,rev_alt,0,0,,
1973-10-31,rev_orth,0,0,,
1973-10-31,blend,0,0,,
1973-11-30,mom,49,49,0.6493244224336969,0.579147427418742
1973-11-30,rev,0,0,,
1973-11-30,rev_alt,0,0,,
1973-11-30,rev_orth,0,0,,
1973-11-30,blend,0,0,,
1973-12-31,mom,49,49,-0.3643567020228361,-0.4230828108981825
1973-12-31,rev,0,0,,
1973-12-31,rev_alt,0,0,,
1973-12-31,rev_orth,0,0,,
1973-12-31,blend,0,0,,
1974-01-31,mom,49,49,0.132309130835264,0.2418429042344144
1974-01-31,rev,0,0,,
1974-01-31,rev_alt,0,0,,
1974-01-31,rev_orth,0,0,,
1974-01-31,blend,0,0,,
1974-02-28,mom,49,49,-0.2836871556746199,-0.34776397368391737
1974-02-28,rev,0,0,,
1974-02-28,rev_alt,0,0,,
1974-02-28,rev_orth,0,0,,
1974-02-28,blend,0,0,,
1974-03-31,mom,49,49,0.05061249477792766,0.12888083883884616
1974-03-31,rev,0,0,,
1974-03-31,rev_alt,0,0,,
1974-03-31,rev_orth,0,0,,
1974-03-31,blend,0,0,,
1974-04-30,mom,49,49,-0.32759879089929833,-0.31042400162862305
1974-04-30,rev,0,0,,
1974-04-30,rev_alt,0,0,,
1974-04-30,rev_orth,0,0,,
1974-04-30,blend,0,0,,
1974-05-31,mom,49,49,0.3184278269814616,0.3025077171320344
1974-05-31,rev,0,0,,
1974-05-31,rev_alt,0,0,,
1974-05-31,rev_orth,0,0,,
1974-05-31,blend,0,0,,
1974-06-30,mom,49,49,0.43693164818834873,0.2894897959183673
1974-06-30,rev,0,0,,
1974-06-30,rev_alt,0,0,,
1974-06-30,rev_orth,0,0,,
1974-06-30,blend,0,0,,
1974-07-31,mom,49,49,0.2375937125252745,0.22408163265306122
1974-07-31,rev,0,0,,
1974-07-31,rev_alt,0,0,,
1974-07-31,rev_orth,0,0,,
1974-07-31,blend,0,0,,
1974-08-31,mom,49,49,0.033294762784702905,0.10061481163507703
1974-08-31,rev,0,0,,
1974-08-31,rev_alt,0,0,,
1974-08-31,rev_orth,0,0,,
1974-08-31,blend,0,0,,
1974-09-30,mom,49,49,0.3116232992118469,0.19612244897959183
1974-09-30,rev,0,0,,
1974-09-30,rev_alt,0,0,,
1974-09-30,rev_orth,0,0,,
1974-09-30,blend,0,0,,
1974-10-31,mom,49,49,0.19366511688504037,0.21551020408163266
1974-10-31,rev,0,0,,
1974-10-31,rev_alt,0,0,,
1974-10-31,rev_orth,0,0,,
1974-10-31,blend,0,0,,
1974-11-30,mom,49,49,0.12104286986216183,0.21062299124308942
1974-11-30,rev,0,0,,
1974-11-30,rev_alt,0,0,,
1974-11-30,rev_orth,0,0,,
1974-11-30,blend,0,0,,
1974-12-31,mom,49,49,-0.41415943581772807,-0.44623587350932237
1974-12-31,rev,0,0,,
1974-12-31,rev_alt,0,0,,
1974-12-31,rev_orth,0,0,,
1974-12-31,blend,0,0,,
1975-01-31,mom,49,49,-0.29110158524473484,-0.25367346938775504
1975-01-31,rev,0,0,,
1975-01-31,rev_alt,0,0,,
1975-01-31,rev_orth,0,0,,
1975-01-31,blend,0,0,,
1975-02-28,mom,49,49,-0.12745932625783085,-0.05699124979532508
1975-02-28,rev,0,0,,
1975-02-28,rev_alt,0,0,,
1975-02-28,rev_orth,0,0,,
1975-02-28,blend,0,0,,
1975-03-31,mom,49,49,0.49519686084848025,0.2451020408163265
1975-03-31,rev,0,0,,
1975-03-31,rev_alt,0,0,,
1975-03-31,rev_orth,0,0,,
1975-03-31,blend,0,0,,
1975-04-30,mom,49,49,0.3241211428601722,0.08744897959183671
1975-04-30,rev,0,0,,
1975-04-30,rev_alt,0,0,,
1975-04-30,rev_orth,0,0,,
1975-04-30,blend,0,0,,
1975-05-31,mom,49,49,-0.11051840978243319,0.0635779164449538
1975-05-31,rev,0,0,,
1975-05-31,rev_alt,0,0,,
1975-05-31,rev_orth,0,0,,
1975-05-31,blend,0,0,,
1975-06-30,mom,49,49,-0.053556564509491505,0.09714781379041722
1975-06-30,rev,0,0,,
1975-06-30,rev_alt,0,0,,
1975-06-30,rev_orth,0,0,,
1975-06-30,blend,0,0,,
1975-07-31,mom,49,49,0.0877577884701054,0.004540932168114531
1975-07-31,rev,0,0,,
1975-07-31,rev_alt,0,0,,
1975-07-31,rev_orth,0,0,,
1975-07-31,blend,0,0,,
1975-08-31,mom,49,49,0.2695004093229577,0.26546595585056076
1975-08-31,rev,0,0,,
1975-08-31,rev_alt,0,0,,
1975-08-31,rev_orth,0,0,,
1975-08-31,blend,0,0,,
1975-09-30,mom,49,49,-0.3033411408147098,-0.1661266869593361
1975-09-30,rev,0,0,,
1975-09-30,rev_alt,0,0,,
1975-09-30,rev_orth,0,0,,
1975-09-30,blend,0,0,,
1975-10-31,mom,49,49,0.017008618339490425,-0.145309829379665
1975-10-31,rev,0,0,,
1975-10-31,rev_alt,0,0,,
1975-10-31,rev_orth,0,0,,
1975-10-31,blend,0,0,,
1975-11-30,mom,49,49,-0.1842187152435949,-0.09857142857142856
1975-11-30,rev,0,0,,
1975-11-30,rev_alt,0,0,,
1975-11-30,rev_orth,0,0,,
1975-11-30,blend,0,0,,
1975-12-31,mom,49,49,0.3641122325535809,0.43459183673469376
1975-12-31,rev,0,0,,
1975-12-31,rev_alt,0,0,,
1975-12-31,rev_orth,0,0,,
1975-12-31,blend,0,0,,
1976-01-31,mom,49,49,-0.0785594417349672,-0.02984770020614608
1976-01-31,rev,0,0,,
1976-01-31,rev_alt,0,0,,
1976-01-31,rev_orth,0,0,,
1976-01-31,blend,0,0,,
1976-02-29,mom,49,49,-0.08168427320851843,-0.1198081443119996
1976-02-29,rev,0,0,,
1976-02-29,rev_alt,0,0,,
1976-02-29,rev_orth,0,0,,
1976-02-29,blend,0,0,,
1976-03-31,mom,49,49,0.1625012127386108,0.20867346938775508
1976-03-31,rev,0,0,,
1976-03-31,rev_alt,0,0,,
1976-03-31,rev_orth,0,0,,
1976-03-31,blend,0,0,,
1976-04-30,mom,49,49,-0.1629918462289055,0.02204137861376941
1976-04-30,rev,0,0,,
1976-04-30,rev_alt,0,0,,
1976-04-30,rev_orth,0,0,,
1976-04-30,blend,0,0,,
1976-05-31,mom,49,49,-0.20944175887761315,-0.26316326530612244
1976-05-31,rev,0,0,,
1976-05-31,rev_alt,0,0,,
1976-05-31,rev_orth,0,0,,
1976-05-31,blend,0,0,,
1976-06-30,mom,49,49,-0.0723724666773271,-0.09663265306122448
1976-06-30,rev,0,0,,
1976-06-30,rev_alt,0,0,,
1976-06-30,rev_orth,0,0,,
1976-06-30,blend,0,0,,
1976-07-31,mom,49,49,0.20228079767578935,-0.06979591836734693
1976-07-31,rev,0,0,,
1976-07-31,rev_alt,0,0,,
1976-07-31,rev_orth,0,0,,
1976-07-31,blend,0,0,,
1976-08-31,mom,49,49,-0.030365862622845796,0.0339813256220682
1976-08-31,rev,0,0,,
1976-08-31,rev_alt,0,0,,
1976-08-31,rev_orth,0,0,,
1976-08-31,blend,0,0,,
1976-09-30,mom,49,49,-0.2395839740812721,-0.029693877551020407
1976-09-30,rev,0,0,,
1976-09-30,rev_alt,0,0,,
1976-09-30,rev_orth,0,0,,
1976-09-30,blend,0,0,,
1976-10-31,mom,49,49,0.3990260354778646,0.21174009547949782
1976-10-31,rev,0,0,,
1976-10-31,rev_alt,0,0,,
1976-10-31,rev_orth,0,0,,
1976-10-31,blend,0,0,,
1976-11-30,mom,49,49,-0.03201982800548479,0.11872751859778108
1976-11-30,rev,0,0,,
1976-11-30,rev_alt,0,0,,
1976-11-30,rev_orth,0,0,,
1976-11-30,blend,0,0,,
1976-12-31,mom,49,49,0.3643311902435574,0.4100614812936685
1976-12-31,rev,0,0,,
1976-12-31,rev_alt,0,0,,
1976-12-31,rev_orth,0,0,,
1976-12-31,blend,0,0,,
1977-01-31,mom,49,49,-0.243074512385547,-0.29387755102040813
1977-01-31,rev,0,0,,
1977-01-31,rev_alt,0,0,,
1977-01-31,rev_orth,0,0,,
1977-01-31,blend,0,0,,
1977-02-28,mom,49,49,0.3259740828276768,0.17818144801426858
1977-02-28,rev,0,0,,
1977-02-28,rev_alt,0,0,,
1977-02-28,rev_orth,0,0,,
1977-02-28,blend,0,0,,
1977-03-31,mom,49,49,0.2998949570759155,0.29602040816326525
1977-03-31,rev,0,0,,
1977-03-31,rev_alt,0,0,,
1977-03-31,rev_orth,0,0,,
1977-03-31,blend,0,0,,
1977-04-30,mom,49,49,0.1996822997634531,0.3731632653061224
1977-04-30,rev,0,0,,
1977-04-30,rev_alt,0,0,,
1977-04-30,rev_orth,0,0,,
1977-04-30,blend,0,0,,
1977-05-31,mom,49,49,0.07692979237441469,0.04193877551020408
1977-05-31,rev,0,0,,
1977-05-31,rev_alt,0,0,,
1977-05-31,rev_orth,0,0,,
1977-05-31,blend,0,0,,
1977-06-30,mom,49,49,0.3237804178855768,0.3439795918367346
1977-06-30,rev,0,0,,
1977-06-30,rev_alt,0,0,,
1977-06-30,rev_orth,0,0,,
1977-06-30,blend,0,0,,
1977-07-31,mom,49,49,-0.238566591023452,-0.2045460344041703
1977-07-31,rev,0,0,,
1977-07-31,rev_alt,0,0,,
1977-07-31,rev_orth,0,0,,
1977-07-31,blend,0,0,,
1977-08-31,mom,49,49,0.4190544720868046,0.26561224489795915
1977-08-31,rev,0,0,,
1977-08-31,rev_alt,0,0,,
1977-08-31,rev_orth,0,0,,
1977-08-31,blend,0,0,,
1977-09-30,mom,49,49,0.042589295227435736,0.05449257622277604
1977-09-30,rev,0,0,,
1977-09-30,rev_alt,0,0,,
1977-09-30,rev_orth,0,0,,
1977-09-30,blend,0,0,,
1977-10-31,mom,49,49,0.4466102344734403,0.4419500498899783
1977-10-31,rev,0,0,,
1977-10-31,rev_alt,0,0,,
1977-10-31,rev_orth,0,0,,
1977-10-31,blend,0,0,,
1977-11-30,mom,49,49,0.4097909771483468,0.28048064985076654
1977-11-30,rev,0,0,,
1977-11-30,rev_alt,0,0,,
1977-11-30,rev_orth,0,0,,
1977-11-30,blend,0,0,,
1977-12-31,mom,49,49,0.1336430097090393,0.11551020408163264
1977-12-31,rev,0,0,,
1977-12-31,rev_alt,0,0,,
1977-12-31,rev_orth,0,0,,
1977-12-31,blend,0,0,,
1978-01-31,mom,49,49,0.42432844765564626,0.41036761155219303
1978-01-31,rev,0,0,,
1978-01-31,rev_alt,0,0,,
1978-01-31,rev_orth,0,0,,
1978-01-31,blend,0,0,,
1978-02-28,mom,49,49,0.38072512926671825,0.37772335372398036
1978-02-28,rev,0,0,,
1978-02-28,rev_alt,0,0,,
1978-02-28,rev_orth,0,0,,
1978-02-28,blend,0,0,,
1978-03-31,mom,49,49,-0.1077653453587113,-0.15306903433364055
1978-03-31,rev,0,0,,
1978-03-31,rev_alt,0,0,,
1978-03-31,rev_orth,0,0,,
1978-03-31,blend,0,0,,
1978-04-30,mom,49,49,0.4579039693649127,0.4787755102040816
1978-04-30,rev,0,0,,
1978-04-30,rev_alt,0,0,,
1978-04-30,rev_orth,0,0,,
1978-04-30,blend,0,0,,
1978-05-31,mom,49,49,0.5988338475727246,0.5276799843595036
1978-05-31,rev,0,0,,
1978-05-31,rev_alt,0,0,,
1978-05-31,rev_orth,0,0,,
1978-05-31,blend,0,0,,
1978-06-30,mom,49,49,0.4052461021837561,0.14846938775510204
1978-06-30,rev,0,0,,
1978-06-30,rev_alt,0,0,,
1978-06-30,rev_orth,0,0,,
1978-06-30,blend,0,0,,
1978-07-31,mom,49,49,0.558521220520271,0.41980662785670075
1978-07-31,rev,0,0,,
1978-07-31,rev_alt,0,0,,
1978-07-31,rev_orth,0,0,,
1978-07-31,blend,0,0,,
1978-08-31,mom,49,49,-0.5456816467546257,-0.5580558761084503
1978-08-31,rev,0,0,,
1978-08-31,rev_alt,0,0,,
1978-08-31,rev_orth,0,0,,
1978-08-31,blend,0,0,,
1978-09-30,mom,49,49,-0.7227289456684631,-0.6926530612244897
1978-09-30,rev,0,0,,
1978-09-30,rev_alt,0,0,,
1978-09-30,rev_orth,0,0,,
1978-09-30,blend,0,0,,
1978-10-31,mom,49,49,0.5543469117349809,0.5368641257207001
1978-10-31,rev,0,0,,
1978-10-31,rev_alt,0,0,,
1978-10-31,rev_orth,0,0,,
1978-10-31,blend,0,0,,
1978-11-30,mom,49,49,0.5389143389032165,0.5440816326530612
1978-11-30,rev,0,0,,
1978-11-30,rev_alt,0,0,,
1978-11-30,rev_orth,0,0,,
1978-11-30,blend,0,0,,
1978-12-31,mom,49,49,-0.2520698645405719,-0.32731261799071376
1978-12-31,rev,0,0,,
1978-12-31,rev_alt,0,0,,
1978-12-31,rev_orth,0,0,,
1978-12-31,blend,0,0,,
1979-01-31,mom,49,49,-0.5492321912322432,-0.29681600201921676
1979-01-31,rev,0,0,,
1979-01-31,rev_alt,0,0,,
1979-01-31,rev_orth,0,0,,
1979-01-31,blend,0,0,,
1979-02-28,mom,49,49,0.3668258319308267,0.35092731968867136
1979-02-28,rev,0,0,,
1979-02-28,rev_alt,0,0,,
1979-02-28,rev_orth,0,0,,
1979-02-28,blend,0,0,,
1979-03-31,mom,49,49,-0.15457930412449386,-0.16209597188876254
1979-03-31,rev,0,0,,
1979-03-31,rev_alt,0,0,,
1979-03-31,rev_orth,0,0,,
1979-03-31,blend,0,0,,
1979-04-30,mom,49,49,-0.1835613169406778,-0.2779733663498913
1979-04-30,rev,0,0,,
1979-04-30,rev_alt,0,0,,
1979-04-30,rev_orth,0,0,,
1979-04-30,blend,0,0,,
1979-05-31,mom,49,49,0.08217141848011981,0.10091836734693876
1979-05-31,rev,0,0,,
1979-05-31,rev_alt,0,0,,
1979-05-31,rev_orth,0,0,,
1979-05-31,blend,0,0,,
1979-06-30,mom,49,49,-0.12486105069372239,-0.07199163246302927
1979-06-30,rev,0,0,,
1979-06-30,rev_alt,0,0,,
1979-06-30,rev_orth,0,0,,
1979-06-30,blend,0,0,,
1979-07-31,mom,49,49,-0.0748505691195015,-0.07714285714285714
1979-07-31,rev,0,0,,
1979-07-31,rev_alt,0,0,,
1979-07-31,rev_orth,0,0,,
1979-07-31,blend,0,0,,
1979-08-31,mom,49,49,0.48353625750744067,0.3395494784135079
1979-08-31,rev,0,0,,
1979-08-31,rev_alt,0,0,,
1979-08-31,rev_orth,0,0,,
1979-08-31,blend,0,0,,
1979-09-30,mom,49,49,-0.054527706608675675,-0.10806398125917503
1979-09-30,rev,0,0,,
1979-09-30,rev_alt,0,0,,
1979-09-30,rev_orth,0,0,,
1979-09-30,blend,0,0,,
1979-10-31,mom,49,49,0.6335054449493931,0.6437755102040816
1979-10-31,rev,0,0,,
1979-10-31,rev_alt,0,0,,
1979-10-31,rev_orth,0,0,,
1979-10-31,blend,0,0,,
1979-11-30,mom,49,49,0.6108568130973513,0.5410204081632652
1979-11-30,rev,0,0,,
1979-11-30,rev_alt,0,0,,
1979-11-30,rev_orth,0,0,,
1979-11-30,blend,0,0,,
1979-12-31,mom,49,49,0.5408362391537296,0.5214418736868597
1979-12-31,rev,0,0,,
1979-12-31,rev_alt,0,0,,
1979-12-31,rev_orth,0,0,,
1979-12-31,blend,0,0,,
1980-01-31,mom,49,49,0.4714347240898009,0.3447959183673469
1980-01-31,rev,0,0,,
1980-01-31,rev_alt,0,0,,
1980-01-31,rev_orth,0,0,,
1980-01-31,blend,0,0,,
1980-02-29,mom,49,49,-0.6158706813557199,-0.6408836962211981
1980-02-29,rev,0,0,,
1980-02-29,rev_alt,0,0,,
1980-02-29,rev_orth,0,0,,
1980-02-29,blend,0,0,,
1980-03-31,mom,49,49,-0.005454697755533006,-0.08653061224489796
1980-03-31,rev,0,0,,
1980-03-31,rev_alt,0,0,,
1980-03-31,rev_orth,0,0,,
1980-03-31,blend,0,0,,
1980-04-30,mom,49,49,-0.2366289187685086,-0.12072044507779785
1980-04-30,rev,0,0,,
1980-04-30,rev_alt,0,0,,
1980-04-30,rev_orth,0,0,,
1980-04-30,blend,0,0,,
1980-05-31,mom,49,49,0.5014518036798044,0.2885351297189125
1980-05-31,rev,0,0,,
1980-05-31,rev_alt,0,0,,
1980-05-31,rev_orth,0,0,,
1980-05-31,blend,0,0,,
1980-06-30,mom,49,49,0.18110918220611907,0.09678818340351984
1980-06-30,rev,0,0,,
1980-06-30,rev_alt,0,0,,
1980-06-30,rev_orth,0,0,,
1980-06-30,blend,0,0,,
1980-07-31,mom,49,49,0.3831568197530467,0.30500778090998504
1980-07-31,rev,0,0,,
1980-07-31,rev_alt,0,0,,
1980-07-31,rev_orth,0,0,,
1980-07-31,blend,0,0,,
1980-08-31,mom,49,49,0.7418652728136531,0.6894053421973433
1980-08-31,rev,0,0,,
1980-08-31,rev_alt,0,0,,
1980-08-31,rev_orth,0,0,,
1980-08-31,blend,0,0,,
1980-09-30,mom,49,49,0.4417836373238532,0.4247557337028481
1980-09-30,rev,0,0,,
1980-09-30,rev_alt,0,0,,
1980-09-30,rev_orth,0,0,,
1980-09-30,blend,0,0,,
1980-10-31,mom,49,49,0.3075980491730661,0.5803867544262463
1980-10-31,rev,0,0,,
1980-10-31,rev_alt,0,0,,
1980-10-31,rev_orth,0,0,,
1980-10-31,blend,0,0,,
1980-11-30,mom,49,49,-0.518166750006489,-0.547899074087023
1980-11-30,rev,0,0,,
1980-11-30,rev_alt,0,0,,
1980-11-30,rev_orth,0,0,,
1980-11-30,blend,0,0,,
1980-12-31,mom,49,49,-0.6309500377998098,-0.6256122448979591
1980-12-31,rev,0,0,,
1980-12-31,rev_alt,0,0,,
1980-12-31,rev_orth,0,0,,
1980-12-31,blend,0,0,,
1981-01-31,mom,49,49,-0.4859165224004177,-0.3999183637023582
1981-01-31,rev,0,0,,
1981-01-31,rev_alt,0,0,,
1981-01-31,rev_orth,0,0,,
1981-01-31,blend,0,0,,
1981-02-28,mom,49,49,0.09389906494896763,0.07811423763352075
1981-02-28,rev,0,0,,
1981-02-28,rev_alt,0,0,,
1981-02-28,rev_orth,0,0,,
1981-02-28,blend,0,0,,
1981-03-31,mom,49,49,0.17648349154090523,0.16591836734693877
1981-03-31,rev,0,0,,
1981-03-31,rev_alt,0,0,,
1981-03-31,rev_orth,0,0,,
1981-03-31,blend,0,0,,
1981-04-30,mom,49,49,0.38850307487580094,0.21751109778810324
1981-04-30,rev,0,0,,
1981-04-30,rev_alt,0,0,,
1981-04-30,rev_orth,0,0,,
1981-04-30,blend,0,0,,
1981-05-31,mom,49,49,-0.5188422312496273,-0.47900403144140585
1981-05-31,rev,0,0,,
1981-05-31,rev_alt,0,0,,
1981-05-31,rev_orth,0,0,,
1981-05-31,blend,0,0,,
1981-06-30,mom,49,49,-0.3173366475659032,-0.17766212584991212
1981-06-30,rev,0,0,,
1981-06-30,rev_alt,0,0,,
1981-06-30,rev_orth,0,0,,
1981-06-30,blend,0,0,,
1981-07-31,mom,49,49,-0.24316736698704955,0.019489795918367348
1981-07-31,rev,0,0,,
1981-07-31,rev_alt,0,0,,
1981-07-31,rev_orth,0,0,,
1981-07-31,blend,0,0,,
1981-08-31,mom,49,49,0.21215278569028245,0.17479591836734695
1981-08-31,rev,0,0,,
1981-08-31,rev_alt,0,0,,
1981-08-31,rev_orth,0,0,,
1981-08-31,blend,0,0,,
1981-09-30,mom,49,49,0.363186421679999,0.1957192786167117
1981-09-30,rev,0,0,,
1981-09-30,rev_alt,0,0,,
1981-09-30,rev_orth,0,0,,
1981-09-30,blend,0,0,,
1981-10-31,mom,49,49,0.02407243566828312,0.0027551723267211763
1981-10-31,rev,0,0,,
1981-10-31,rev_alt,0,0,,
1981-10-31,rev_orth,0,0,,
1981-10-31,blend,0,0,,
1981-11-30,mom,49,49,-0.012830904262181059,-0.11852645558568234
1981-11-30,rev,0,0,,
1981-11-30,rev_alt,0,0,,
1981-11-30,rev_orth,0,0,,
1981-11-30,blend,0,0,,
1981-12-31,mom,49,49,0.2308529181778219,0.27358538736566024
1981-12-31,rev,0,0,,
1981-12-31,rev_alt,0,0,,
1981-12-31,rev_orth,0,0,,
1981-12-31,blend,0,0,,
1982-01-31,mom,49,49,0.43197261754528804,0.4302150566465363
1982-01-31,rev,0,0,,
1982-01-31,rev_alt,0,0,,
1982-01-31,rev_orth,0,0,,
1982-01-31,blend,0,0,,
1982-02-28,mom,49,49,0.4484071495401904,0.4964412359073527
1982-02-28,rev,0,0,,
1982-02-28,rev_alt,0,0,,
1982-02-28,rev_orth,0,0,,
1982-02-28,blend,0,0,,
1982-03-31,mom,49,49,0.1795925358767217,0.17051020408163267
1982-03-31,rev,0,0,,
1982-03-31,rev_alt,0,0,,
1982-03-31,rev_orth,0,0,,
1982-03-31,blend,0,0,,
1982-04-30,mom,49,49,0.4258552570701364,0.4147660600327214
1982-04-30,rev,0,0,,
1982-04-30,rev_alt,0,0,,
1982-04-30,rev_orth,0,0,,
1982-04-30,blend,0,0,,
1982-05-31,mom,49,49,0.5741244576827931,0.5603204165194807
1982-05-31,rev,0,0,,
1982-05-31,rev_alt,0,0,,
1982-05-31,rev_orth,0,0,,
1982-05-31,blend,0,0,,
1982-06-30,mom,49,49,0.37425195144531587,0.3386734693877551
1982-06-30,rev,0,0,,
1982-06-30,rev_alt,0,0,,
1982-06-30,rev_orth,0,0,,
1982-06-30,blend,0,0,,
1982-07-31,mom,49,49,-0.4354420381382741,-0.3535714285714286
1982-07-31,rev,0,0,,
1982-07-31,rev_alt,0,0,,
1982-07-31,rev_orth,0,0,,
1982-07-31,blend,0,0,,
1982-08-31,mom,49,49,0.21958085457672982,0.19520408163265304
1982-08-31,rev,0,0,,
1982-08-31,rev_alt,0,0,,
1982-08-31,rev_orth,0,0,,
1982-08-31,blend,0,0,,
1982-09-30,mom,49,49,-0.17582530406197,-0.22489795918367345
1982-09-30,rev,0,0,,
1982-09-30,rev_alt,0,0,,
1982-09-30,rev_orth,0,0,,
1982-09-30,blend,0,0,,
1982-10-31,mom,49,49,0.2106484189055946,0.07148323903381015
1982-10-31,rev,0,0,,
1982-10-31,rev_alt,0,0,,
1982-10-31,rev_orth,0,0,,
1982-10-31,blend,0,0,,
1982-11-30,mom,49,49,-0.3150042853357607,-0.254247666028177
1982-11-30,rev,0,0,,
1982-11-30,rev_alt,0,0,,
1982-11-30,rev_orth,0,0,,
1982-11-30,blend,0,0,,
1982-12-31,mom,49,49,-0.2942571712310689,-0.37867346938775504
1982-12-31,rev,0,0,,
1982-12-31,rev_alt,0,0,,
1982-12-31,rev_orth,0,0,,
1982-12-31,blend,0,0,,
1983-01-31,mom,49,49,0.18291047343669137,0.33479591836734685
1983-01-31,rev,0,0,,
1983-01-31,rev_alt,0,0,,
1983-01-31,rev_orth,0,0,,
1983-01-31,blend,0,0,,
1983-02-28,mom,49,49,0.15827807758291063,0.15474884568417274
1983-02-28,rev,0,0,,
1983-02-28,rev_alt,0,0,,
1983-02-28,rev_orth,0,0,,
1983-02-28,blend,0,0,,
1983-03-31,mom,49,49,0.15194121986245046,0.19827542247350907
1983-03-31,rev,0,0,,
1983-03-31,rev_alt,0,0,,
1983-03-31,rev_orth,0,0,,
1983-03-31,blend,0,0,,
1983-04-30,mom,49,49,-0.09836156471898218,-0.052756447885735115
1983-04-30,rev,0,0,,
1983-04-30,rev_alt,0,0,,
1983-04-30,rev_orth,0,0,,
1983-04-30,blend,0,0,,
1983-05-31,mom,49,49,0.028484256716947043,0.1260268382680307
1983-05-31,rev,0,0,,
1983-05-31,rev_alt,0,0,,
1983-05-31,rev_orth,0,0,,
1983-05-31,blend,0,0,,
1983-06-30,mom,49,49,-0.28952547802693096,-0.29789514211006995
1983-06-30,rev,0,0,,
1983-06-30,rev_alt,0,0,,
1983-06-30,rev_orth,0,0,,
1983-06-30,blend,0,0,,
1983-07-31,mom,49,49,-0.3309036036824344,-0.42849125011130446
1983-07-31,rev,0,0,,
1983-07-31,rev_alt,0,0,,
1983-07-31,rev_orth,0,0,,
1983-07-31,blend,0,0,,
1983-08-31,mom,49,49,-0.25485790885348,-0.17342279145417183
1983-08-31,rev,0,0,,
1983-08-31,rev_alt,0,0,,
1983-08-31,rev_orth,0,0,,
1983-08-31,blend,0,0,,
1983-09-30,mom,49,49,-0.5111651821009207,-0.4999617338803853
1983-09-30,rev,0,0,,
1983-09-30,rev_alt,0,0,,
1983-09-30,rev_orth,0,0,,
1983-09-30,blend,0,0,,
1983-10-31,mom,49,49,0.08768552958667714,0.09724489795918365
1983-10-31,rev,0,0,,
1983-10-31,rev_alt,0,0,,
1983-10-31,rev_orth,0,0,,
1983-10-31,blend,0,0,,
1983-11-30,mom,49,49,-0.12857570845906335,-0.020153575352867863
1983-11-30,rev,0,0,,
1983-11-30,rev_alt,0,0,,
1983-11-30,rev_orth,0,0,,
1983-11-30,blend,0,0,,
1983-12-31,mom,49,49,-0.22186075102163794,-0.21295918367346936
1983-12-31,rev,0,0,,
1983-12-31,rev_alt,0,0,,
1983-12-31,rev_orth,0,0,,
1983-12-31,blend,0,0,,
1984-01-31,mom,49,49,-0.4606349906608046,-0.34027246332368294
1984-01-31,rev,0,0,,
1984-01-31,rev_alt,0,0,,
1984-01-31,rev_orth,0,0,,
1984-01-31,blend,0,0,,
1984-02-29,mom,49,49,-0.015138342412541556,-0.05306122448979591
1984-02-29,rev,0,0,,
1984-02-29,rev_alt,0,0,,
1984-02-29,rev_orth,0,0,,
1984-02-29,blend,0,0,,
1984-03-31,mom,49,49,0.20619824531194167,0.15618542281120545
1984-03-31,rev,0,0,,
1984-03-31,rev_alt,0,0,,
1984-03-31,rev_orth,0,0,,
1984-03-31,blend,0,0,,
1984-04-30,mom,49,49,0.21331407586852183,0.09632653061224489
1984-04-30,rev,0,0,,
1984-04-30,rev_alt,0,0,,
1984-04-30,rev_orth,0,0,,
1984-04-30,blend,0,0,,
1984-05-31,mom,49,49,-0.01724654706489058,-0.05250267877643871
1984-05-31,rev,0,0,,
1984-05-31,rev_alt,0,0,,
1984-05-31,rev_orth,0,0,,
1984-05-31,blend,0,0,,
1984-06-30,mom,49,49,0.23803742226332214,0.14735069776982884
1984-06-30,rev,0,0,,
1984-06-30,rev_alt,0,0,,
1984-06-30,rev_orth,0,0,,
1984-06-30,blend,0,0,,
1984-07-31,mom,49,49,-0.45522042831769227,-0.37337687198047353
1984-07-31,rev,0,0,,
1984-07-31,rev_alt,0,0,,
1984-07-31,rev_orth,0,0,,
1984-07-31,blend,0,0,,
1984-08-31,mom,49,49,0.26251646860784467,0.24122448979591837
1984-08-31,rev,0,0,,
1984-08-31,rev_alt,0,0,,
1984-08-31,rev_orth,0,0,,
1984-08-31,blend,0,0,,
1984-09-30,mom,49,49,0.5278028980626763,0.5128702264481716
1984-09-30,rev,0,0,,
1984-09-30,rev_alt,0,0,,
1984-09-30,rev_orth,0,0,,
1984-09-30,blend,0,0,,
1984-10-31,mom,49,49,-0.008132208568220374,0.034897959183673465
1984-10-31,rev,0,0,,
1984-10-31,rev_alt,0,0,,
1984-10-31,rev_orth,0,0,,
1984-10-31,blend,0,0,,
1984-11-30,mom,49,49,0.31386531933538675,0.3214531733781753
1984-11-30,rev,0,0,,
1984-11-30,rev_alt,0,0,,
1984-11-30,rev_orth,0,0,,
1984-11-30,blend,0,0,,
1984-12-31,mom,49,49,-0.6443758648026845,-0.5917346938775511
1984-12-31,rev,0,0,,
1984-12-31,rev_alt,0,0,,
1984-12-31,rev_orth,0,0,,
1984-12-31,blend,0,0,,
1985-01-31,mom,49,49,0.4662820560293781,0.42734693877551017
1985-01-31,rev,43,43,0.3314332300536178,0.39308366052552096
1985-01-31,rev_alt,0,0,,
1985-01-31,rev_orth,43,43,0.22055568117405627,0.2762005436424041
1985-01-31,blend,0,0,,
1985-02-28,mom,49,49,-0.20925401218980771,0.03331717646942459
1985-02-28,rev,43,43,0.0889588535091432,0.14376321353065538
1985-02-28,rev_alt,0,0,,
1985-02-28,rev_orth,43,43,0.17708893134319853,0.21035940803382663
1985-02-28,blend,0,0,,
1985-03-31,mom,49,49,0.07071920174325645,0.21011812190021043
1985-03-31,rev,44,44,0.23759922595812688,0.3189202540992387
1985-03-31,rev_alt,0,0,,
1985-03-31,rev_orth,44,44,0.13271680671714964,0.21545618050417076
1985-03-31,blend,0,0,,
1985-04-30,mom,49,49,0.40493957458818164,0.38540816326530614
1985-04-30,rev,44,44,0.18529559256462041,0.12896405919661733
1985-04-30,rev_alt,30,30,0.17991682560716304,0.4363110495348944
1985-04-30,rev_orth,44,44,-0.08049376454027772,-0.17758985200845664
1985-04-30,blend,0,0,,
1985-05-31,mom,49,49,0.5062548815140248,0.47489795918367345
1985-05-31,rev,44,44,0.37524372948301793,0.41536293164200133
1985-05-31,rev_alt,38,38,0.19529167762763414,0.10230878651931283
1985-05-31,rev_orth,44,44,0.20713034357174015,0.33417899929527833
1985-05-31,blend,0,0,,
1985-06-30,mom,49,49,-0.6655524601972669,-0.5938416798279217
1985-06-30,rev,44,44,-0.4971927000298292,-0.6280700521887929
1985-06-30,rev_alt,44,44,-0.6724643547120905,-0.5802882416654535
1985-06-30,rev_orth,44,44,-0.10314526271317122,-0.2625885339379984
1985-06-30,blend,0,0,,
1985-07-31,mom,49,49,0.39713526999811744,0.3840089814038329
1985-07-31,rev,44,44,0.3687144514832954,0.4230891217343196
1985-07-31,rev_alt,43,43,0.17236607255498398,0.13093709921797433
1985-07-31,rev_orth,44,44,0.1406279579408895,0.0811896541589264
1985-07-31,blend,0,0,,
1985-08-31,mom,49,49,0.1493424776824771,0.06867346938775509
1985-08-31,rev,44,44,0.057529906752387366,0.023960535588442564
1985-08-31,rev_alt,43,43,0.2770674103477343,0.1828752642706131
1985-08-31,rev_orth,44,44,-0.16120404064228716,-0.21367159971811134
1985-08-31,blend,0,0,,
1985-09-30,mom,49,49,0.5209149197875527,0.5172070717772698
1985-09-30,rev,43,43,0.11860798391786267,0.12474043879468223
1985-09-30,rev_alt,42,42,0.594047958991897,0.4159474903134586
1985-09-30,rev_orth,43,43,-0.11477948823078198,-0.09227168051277343
1985-09-30,blend,0,0,,
1985-10-31,mom,49,49,-0.08077761352943505,-0.09776008992775177
1985-10-31,rev,43,43,-0.1481872650747461,-0.07823000852930878
1985-10-31,rev_alt,42,42,0.07017116747207819,0.008995137792906869
1985-10-31,rev_orth,43,43,-0.041251355528087556,0.036472098571096664
1985-10-31,blend,0,0,,
1985-11-30,mom,49,49,0.13682264245170278,0.09138221349718341
1985-11-30,rev,45,45,0.0374823941844654,-0.005731602884827749
1985-11-30,rev_alt,43,43,0.45931982411705796,0.26436608094701736
1985-11-30,rev_orth,45,45,0.01718860359603952,-0.0036893076040270564
1985-11-30,blend,0,0,,
1985-12-31,mom,49,49,0.11174208456079389,0.11117630555417488
1985-12-31,rev,45,45,-0.034707132615478434,0.006324318986269602
1985-12-31,rev_alt,43,43,-0.1645118600947304,-0.029296285110238598
1985-12-31,rev_orth,45,45,-0.14325838440037406,-0.07450838305698876
1985-12-31,blend,0,0,,
1986-01-31,mom,49,49,0.2527220190486166,0.21454628951597307
1986-01-31,rev,46,46,-0.09384185640040016,-0.040025902760403693
1986-01-31,rev_alt,43,43,0.5360881314117945,0.39694944718138286
1986-01-31,rev_orth,46,46,-0.15361604857793454,-0.04452804590602691
1986-01-31,blend,0,0,,
1986-02-28,mom,49,49,0.20398635113533659,0.2096938775510204
1986-02-28,rev,46,46,0.3394991580684761,0.4295405488744989
1986-02-28,rev_alt,32,32,0.42927199736787547,0.5846774193548387
1986-02-28,rev_orth,46,46,0.25986064401675246,0.37711995066296633
1986-02-28,blend,0,0,,
1986-03-31,mom,49,49,0.13384804608231154,0.03688963727440738
1986-03-31,rev,46,46,-0.09981056131995772,0.005427408422805475
1986-03-31,rev_alt,34,34,-0.11160711190768552,-0.15249446144283677
1986-03-31,rev_orth,46,46,-0.14380189590005593,-0.04440606891386298
1986-03-31,blend,0,0,,
1986-04-30,mom,49,49,0.3924342072187606,0.490204081632653
1986-04-30,rev,45,45,0.15672085769302962,0.2740447957839262
1986-04-30,rev_alt,32,32,0.24187437986711566,0.3275593451572275
1986-04-30,rev_orth,45,45,-0.06374758298702413,-0.04216073781291173
1986-04-30,blend,0,0,,
1986-05-31,mom,49,49,0.6194671715800132,0.6253220747461988
1986-05-31,rev,46,46,0.3877967514175407,0.46359739761164026
1986-05-31,rev_alt,41,41,0.41130367316651795,0.5609129322799572
1986-05-31,rev_orth,46,46,0.04938600895025205,0.0751796232125302
1986-05-31,blend,0,0,,
1986-06-30,mom,49,49,-0.1851966951788418,0.030612244897959183
1986-06-30,rev,45,45,-0.07138971016834006,0.08866930171277997
1986-06-30,rev_alt,43,43,0.27124114778342956,0.29839927514346115
1986-06-30,rev_orth,45,45,0.03803742863984151,0.12200263504611329
1986-06-30,blend,0,0,,
1986-07-31,mom,49,49,-0.6455616959905962,-0.5750803619914876
1986-07-31,rev,45,45,-0.02191421478470458,-0.0025693392242331285
1986-07-31,rev_alt,45,45,-0.18528602825387858,-0.18354305330034607
1986-07-31,rev_orth,45,45,0.3254782745619996,0.3035114309241545
1986-07-31,blend,0,0,,
1986-08-31,mom,49,49,-0.7322466659405205,-0.6709354832663605
1986-08-31,rev,45,45,-0.39123230149403077,-0.47509881422924893
1986-08-31,rev_alt,44,44,-0.7018757277055562,-0.4972515856236786
1986-08-31,rev_orth,45,45,-0.0015748430530729066,-0.08656126482213437
1986-08-31,blend,0,0,,
1986-09-30,mom,49,49,0.5216007865892756,0.5549121152855465
1986-09-30,rev,45,45,0.4500981195158535,0.4570638034035261
1986-09-30,rev_alt,44,44,0.3184469903106515,0.4924063571188393
1986-09-30,rev_orth,45,45,0.19635769036035366,0.2202312330322842
1986-09-30,blend,0,0,,
1986-10-31,mom,49,49,0.047622822670167334,-0.10801847111771382
1986-10-31,rev,46,46,-0.07490768267740057,-0.08807203667916157
1986-10-31,rev_alt,44,44,0.18183737386644402,-0.07104345072600268
1986-10-31,rev_orth,46,46,-0.09690897418555605,-0.05822129035373145
1986-10-31,blend,0,0,,
1986-11-30,mom,49,49,0.23890782240343972,0.2183673469387755
1986-11-30,rev,46,46,0.5789859972795776,0.4328707986432316
1986-11-30,rev_alt,44,44,0.10673916992337149,0.35187991142040426
1986-11-30,rev_orth,46,46,0.5364372201507043,0.465186555658341
1986-11-30,blend,0,0,,
1986-12-31,mom,49,49,0.28027715157681016,0.25969387755102036
1986-12-31,rev,45,45,0.26463252387070246,0.22911725955204212
1986-12-31,rev_alt,44,44,0.14330884437479624,0.11593079396886942
1986-12-31,rev_orth,45,45,0.195206661322696,0.13175230566534912
1986-12-31,blend,0,0,,
1987-01-31,mom,49,49,-0.4371156819166053,-0.41460241346178295
1987-01-31,rev,45,45,-0.1561778291039003,-0.1903820816864295
1987-01-31,rev_alt,44,44,-0.3911235879911157,-0.28935870331219166
1987-01-31,rev_orth,45,45,0.03825145115396515,-0.02779973649538867
1987-01-31,blend,0,0,,
1987-02-28,mom,49,49,0.06474714844079132,0.07117710096514286
1987-02-28,rev,45,45,0.04636797170826071,0.09585611721177442
1987-02-28,rev_alt,35,35,-0.2811977541333255,-0.12184873949579832
1987-02-28,rev_orth,45,45,0.0168965825699232,0.027208643579699543
1987-02-28,blend,0,0,,
1987-03-31,mom,49,49,0.30275080181114516,0.25694533032162675
1987-03-31,rev,45,45,0.24414848279986182,0.22477683730366546
1987-03-31,rev_alt,32,32,0.03955441357728477,-0.02382697947214076
1987-03-31,rev_orth,45,45,0.10178545849799206,0.06752528084298275
1987-03-31,blend,0,0,,
1987-04-30,mom,49,49,-0.09337987914042858,5.102170975409586e-05
1987-04-30,rev,45,45,-0.20961456996616784,-0.13485292671764454
1987-04-30,rev_alt,31,31,-0.15268571175566503,-0.12298387096774195
1987-04-30,rev_orth,45,45,-0.17250117847989568,-0.14368062196931256
1987-04-30,blend,0,0,,
1987-05-31,mom,49,49,-0.44038311656332296,-0.21693877551020407
1987-05-31,rev,45,45,0.02604747119065337,0.03689064558629776
1987-05-31,rev_alt,41,41,-0.05777687025453543,-0.027874564459930317
1987-05-31,rev_orth,45,45,0.26882929818432627,0.2699604743083004
1987-05-31,blend,0,0,,
1987-06-30,mom,49,49,0.3839605670704867,0.23388351751277545
1987-06-30,rev,45,45,0.1325946780609653,0.2058697586676303
1987-06-30,rev_alt,45,45,0.2294275721239079,0.35080206876964204
1987-06-30,rev_orth,45,45,-0.029768966576513553,0.06469251296371614
1987-06-30,blend,0,0,,
1987-07-31,mom,49,49,-0.12612905201970412,-0.07020408163265306
1987-07-31,rev,45,45,0.16514479100853396,0.17556573019175511
1987-07-31,rev_alt,44,44,0.12826111884131172,0.13699788583509515
1987-07-31,rev_orth,45,45,0.2260934943662598,0.2658761528326746
1987-07-31,blend,0,0,,
1987-08-31,mom,49,49,0.4138297951791615,0.3093956479488373
1987-08-31,rev,44,44,0.13190888811167048,0.13383135425342432
1987-08-31,rev_alt,44,44,0.23498063735114105,0.32171676259446136
1987-08-31,rev_orth,44,44,-0.13037667994148736,-0.08372388038602849
1987-08-31,blend,0,0,,
1987-09-30,mom,49,49,-0.15788183797194966,-0.07989795918367347
1987-09-30,rev,44,44,0.04630324900165235,-0.02903453136011275
1987-09-30,rev_alt,44,44,0.07717863214120982,0.1391120507399577
1987-09-30,rev_orth,44,44,0.1337219112090504,0.010570824524312896
1987-09-30,blend,0,0,,
1987-10-31,mom,49,49,0.34442727623427044,0.03872646568641107
1987-10-31,rev,44,44,0.09413309057774617,0.17484759868496355
1987-10-31,rev_alt,44,44,-0.17807459360147657,-0.0014094929357917252
1987-10-31,rev_orth,44,44,-0.10342004040374649,0.0492617781059208
1987-10-31,blend,0,0,,
1987-11-30,mom,49,49,0.008792535936920282,0.05255236104671873
1987-11-30,rev,44,44,0.21675093246335037,0.24511082153418104
1987-11-30,rev_alt,44,44,0.15624091533277418,0.08767046060624532
1987-11-30,rev_orth,44,44,0.23833056393487412,0.23947284979101413
1987-11-30,blend,0,0,,
1987-12-31,mom,49,49,-0.5825530730893284,-0.4310204081632653
1987-12-31,rev,45,45,-0.4265027060231874,-0.408300395256917
1987-12-31,rev_alt,44,44,-0.057883621841102365,-0.13713883016208597
1987-12-31,rev_orth,45,45,-0.08399848616966843,-0.14703557312252963
1987-12-31,blend,0,0,,
1988-01-31,mom,49,49,0.09116208564486955,0.10877551020408163
1988-01-31,rev,45,45,-0.006915393879442094,0.12700922266139655
1988-01-31,rev_alt,44,44,-0.24532322434196158,-0.25214940098661026
1988-01-31,rev_orth,45,45,-0.03971156552794551,-0.0051383399209486156
1988-01-31,blend,0,0,,
1988-02-29,mom,49,49,-0.1284929323922568,-0.15556916189442335
1988-02-29,rev,45,45,0.15765465119407368,0.12873048318337268
1988-02-29,rev_alt,40,40,0.07483617084565783,0.06764236824964975
1988-02-29,rev_orth,45,45,0.2061838860047636,0.14012780846009912
1988-02-29,blend,0,0,,
1988-03-31,mom,49,49,0.012567224446347308,-0.006072048199798957
1988-03-31,rev,46,46,-0.18368648939594512,-0.01597434243737661
1988-03-31,rev_alt,33,33,-0.025966639028659415,-0.028917677465595523
1988-03-31,rev_orth,46,46,-0.2005504055349958,-0.06414407774081728
1988-03-31,blend,0,0,,
1988-04-30,mom,49,49,0.0030186263066693114,0.03964386847893249
1988-04-30,rev,46,46,-0.21889748243401802,-0.3014585711754287
1988-04-30,rev_alt,31,31,-0.06664190416648853,0.030849884217672183
1988-04-30,rev_orth,46,46,-0.22723335003354392,-0.2968330816422542
1988-04-30,blend,0,0,,
1988-05-31,mom,49,49,-0.42256875361536095,-0.4013265306122449
1988-05-31,rev,45,45,0.21175143081566872,0.2598155467720685
1988-05-31,rev_alt,44,44,0.055273167457837516,0.08484848484848484
1988-05-31,rev_orth,45,45,0.2586573612514329,0.32687747035573117
1988-05-31,blend,0,0,,
1988-06-30,mom,49,49,0.3642983446087872,0.34250873757924555
1988-06-30,rev,46,46,0.08639851010472689,-0.0339202565766133
1988-06-30,rev_alt,44,44,0.06310640048568655,0.021424292624034228
1988-06-30,rev_orth,46,46,0.04308570681874094,-0.0792500540017238
1988-06-30,blend,0,0,,
1988-07-31,mom,49,49,0.025975531826077772,0.025408163265306122
1988-07-31,rev,46,46,-0.15750901837476367,-0.14967622571692876
1988-07-31,rev_alt,44,44,-0.2145603272860765,-0.23551797040169128
1988-07-31,rev_orth,46,46,-0.16088831735935033,-0.15312981806968853
1988-07-31,blend,0,0,,
1988-08-31,mom,49,49,-0.09332009600007501,-0.12846938775510203
1988-08-31,rev,46,46,-0.06617693432068657,-0.08812827628738822
1988-08-31,rev_alt,44,44,-0.11841569105975598,-0.19415765190531017
1988-08-31,rev_orth,46,46,-0.04313871469161448,-0.08886833179155104
1988-08-31,blend,0,0,,
1988-09-30,mom,49,49,0.29712766080986774,0.2603637848751512
1988-09-30,rev,46,46,0.09906117642662367,0.09621018229003045
1988-09-30,rev_alt,45,45,0.26343769327927347,0.35862046248105933
1988-09-30,rev_orth,46,46,0.04903733059227112,0.00789416880328455
1988-09-30,blend,0,0,,
1988-10-31,mom,49,49,-0.11257756503461491,0.007449169624097996
1988-10-31,rev,46,46,0.08203223117145686,0.2729038824572979
1988-10-31,rev_alt,45,45,-0.051309047627018045,0.25508086577954064
1988-10-31,rev_orth,46,46,0.10911487741212522,0.2605692437021658
1988-10-31,blend,0,0,,
1988-11-30,mom,49,49,0.061675594665674266,-0.08714952700474973
1988-11-30,rev,46,46,-0.07219608725609375,-0.07228544145407485
1988-11-30,rev_alt,45,45,0.061568648413526265,-0.1310406173016087
1988-11-30,rev_orth,46,46,-0.0776008074204327,-0.07900823421729512
1988-11-30,blend,0,0,,
1988-12-31,mom,49,49,0.107216939745644,-0.023878160164916864
1988-12-31,rev,46,46,-0.10421105965898361,-0.08880939903695118
1988-12-31,rev_alt,45,45,0.1574331276407112,-0.012649054614928518
1988-12-31,rev_orth,46,46,-0.13891160985134007,-0.11613062387956882
1988-12-31,blend,0,0,,
1989-01-31,mom,49,49,0.010348989713019952,0.02204194094404424
1989-01-31,rev,45,45,-0.28063277826402944,-0.11634495051271042
1989-01-31,rev_alt,45,45,-0.5246769884763629,-0.3458725878775366
1989-01-31,rev_orth,45,45,-0.26887584043107454,-0.106199354601636
1989-01-31,blend,0,0,,
1989-02-28,mom,49,49,0.3593252400487096,0.38132653061224486
1989-02-28,rev,45,45,0.30206032068629285,0.1907773386034255
1989-02-28,rev_alt,40,40,-0.04233547646115962,-0.11200750469043153
1989-02-28,rev_orth,45,45,0.21059657696753675,0.012648221343873516
1989-02-28,blend,0,0,,
1989-03-31,mom,49,49,0.11471215122928535,0.06877901942724916
1989-03-31,rev,46,46,-0.0545729050708276,-0.16713435513204006
1989-03-31,rev_alt,33,33,0.07253306826023811,-0.16645775941797158
1989-03-31,rev_orth,46,46,-0.08513477940390313,-0.19716920050078676
1989-03-31,blend,0,0,,
1989-04-30,mom,49,49,0.30472734085694986,0.23865898121153967
1989-04-30,rev,46,46,0.024757228957358393,-0.042188367680519596
1989-04-30,rev_alt,31,31,-0.03244576927589167,-0.11716072026879176
1989-04-30,rev_orth,46,46,-0.15254683081846526,-0.18306297554938913
1989-04-30,blend,0,0,,
1989-05-31,mom,49,49,0.19879866605030763,0.3599765298703217
1989-05-31,rev,45,45,-0.08462902791082441,-0.10343578137934925
1989-05-31,rev_alt,43,43,0.0032852817507314086,0.02069095716030268
1989-05-31,rev_orth,45,45,-0.12488403384026846,-0.1987021125096289
1989-05-31,blend,0,0,,
1989-06-30,mom,49,49,0.6768905052734285,0.6758845891125078
1989-06-30,rev,45,45,0.17254598569837853,0.06818406407071916
1989-06-30,rev_alt,45,45,0.04659973178583937,0.013834447782464754
1989-06-30,rev_orth,45,45,-0.11969930007384014,-0.1611383775043276
1989-06-30,blend,0,0,,
1989-07-31,mom,49,49,-0.3531968309184642,-0.3433673469387754
1989-07-31,rev,46,46,-0.33917955102507774,-0.3618254702436016
1989-07-31,rev_alt,45,45,-0.2158520627114589,-0.17101449275362315
1989-07-31,rev_orth,46,46,-0.11524530992835992,-0.06925686093123651
1989-07-31,blend,0,0,,
1989-08-31,mom,49,49,0.17556312771420401,0.19816326530612244
1989-08-31,rev,46,46,0.3271112156230961,0.41572617946345974
1989-08-31,rev_alt,44,44,0.22674348730935293,0.2534268298553522
1989-08-31,rev_orth,46,46,0.2837886934046563,0.2899167437557817
1989-08-31,blend,0,0,,
1989-09-30,mom,49,49,0.22581566995261665,0.22398530582048082
1989-09-30,rev,46,46,0.09092759961489659,0.027752937199047242
1989-09-30,rev_alt,44,44,0.1844560728768359,0.17428994291352454
1989-09-30,rev_orth,46,46,0.009576101636312243,-0.04693330046327767
1989-09-30,blend,0,0,,
1989-10-31,mom,49,49,0.13482282063625556,0.24980229095605333
1989-10-31,rev,46,46,0.21764202703652863,0.20672854553601416
1989-10-31,rev_alt,45,45,0.08961493709263625,0.03326855300068906
1989-10-31,rev_orth,46,46,0.23612219210302843,0.2568071788818505
1989-10-31,blend,0,0,,
1989-11-30,mom,49,49,-0.03032633360994312,0.10724489795918365
1989-11-30,rev,46,46,0.12085679526454102,0.19247610237434473
1989-11-30,rev_alt,45,45,0.15364671307865002,0.14031620553359683
1989-11-30,rev_orth,46,46,0.15986632885959362,0.22195497995683008
1989-11-30,blend,0,0,,
1989-12-31,mom,49,49,-0.18845399136191954,-0.20817388669375117
1989-12-31,rev,46,46,-0.17190731362565823,-0.15245613501343286
1989-12-31,rev_alt,45,45,-0.11296911167411347,-0.23584439552963726
1989-12-31,rev_orth,46,46,-0.007679215882797241,-0.0160967035754474
1989-12-31,blend,0,0,,
1990-01-31,mom,49,49,-0.12566594656059993,-0.2803204248763404
1990-01-31,rev,46,46,-0.2922020257033126,-0.26711483953602855
1990-01-31,rev_alt,45,45,-0.41856243421654593,-0.48000527148109173
1990-01-31,rev_orth,46,46,-0.08606952175096261,-0.1031824351290177
1990-01-31,blend,46,46,-0.4047465612565603,-0.39305538498340103
1990-02-28,mom,49,49,-0.2518617628486417,-0.013265306122448977
1990-02-28,rev,46,46,0.26309385870926283,0.33900709219858155
1990-02-28,rev_alt,41,41,0.02415359510944093,0.201219512195122
1990-02-28,rev_orth,46,46,0.2999541039901851,0.3502312673450509
1990-02-28,blend,46,46,0.04577780067477359,0.10897317298797408
1990-03-31,mom,49,49,-0.05458997845547879,0.03612244897959184
1990-03-31,rev,45,45,-0.08377432384795815,-0.004347826086956521
1990-03-31,rev_alt,34,34,-0.002222831636267922,0.08204736440030558
1990-03-31,rev_orth,45,45,-0.09422748667373579,-0.00026350461133069827
1990-03-31,blend,45,45,-0.0087914875846207,0.10777338603425558
1990-04-30,mom,49,49,0.3530224086155476,0.2841909233303139
1990-04-30,rev,46,46,0.13923361814944787,0.25828733553246636
1990-04-30,rev_alt,32,32,0.2444861045436905,0.20859682976436764
1990-04-30,rev_orth,46,46,0.08316636588468403,0.22239353675503193
1990-04-30,blend,46,46,0.2702579752673849,0.3666471369963019
1990-05-31,mom,49,49,-0.04003589226099451,-0.015510599765245141
1990-05-31,rev,46,46,0.3138655290850303,0.18353942467636578
1990-05-31,rev_alt,44,44,0.27693682244388573,0.14708058784986655
1990-05-31,rev_orth,46,46,0.3224308138767261,0.20253476835926923
1990-05-31,blend,46,46,0.1790202466527372,0.06340004320137904
1990-06-30,mom,49,49,0.23856163240801273,0.3592857142857142
1990-06-30,rev,46,46,-0.007770397181660574,-6.167129201356769e-05
1990-06-30,rev_alt,45,45,0.0755445658133512,0.1525691699604743
1990-06-30,rev_orth,46,46,-0.08079960342162401,-0.11230342275670675
1990-06-30,blend,46,46,0.18418535323071555,0.255627505396238
1990-07-31,mom,49,49,0.248840965792898,0.25030612244897954
1990-07-31,rev,46,46,0.19512707582909156,0.1923527597903176
1990-07-31,rev_alt,45,45,0.2064160818525922,0.13215191548392524
1990-07-31,rev_orth,46,46,0.11672669206927921,0.15164970706136294
1990-07-31,blend,46,46,0.3296228927956021,0.27819919827320383
1990-08-31,mom,49,49,0.28157152590931767,0.32842674568711505
1990-08-31,rev,46,46,0.18345123253402593,0.23805852797404972
1990-08-31,rev_alt,45,45,0.3320827412892693,0.2711641083075301
1990-08-31,rev_orth,46,46,0.030795857090761616,0.0938049277327797
1990-08-31,blend,46,46,0.34180848668127617,0.35998643206853054
1990-09-30,mom,49,49,0.3348069777757816,0.3307142857142856
1990-09-30,rev,45,45,0.04565624347665541,0.15783926218708827
1990-09-30,rev_alt,45,45,0.4353338774139441,0.4704874835309617
1990-09-30,rev_orth,45,45,-0.10446430658432851,-0.09314888010540184
1990-09-30,blend,45,45,0.20431528130022553,0.2727272727272727
1990-10-31,mom,49,49,-0.3739114190113181,-0.33062067920654115
1990-10-31,rev,45,45,-0.20653189313150216,-0.264163372859025
1990-10-31,rev_alt,45,45,-0.3253504910142259,-0.44374176548089583
1990-10-31,rev_orth,45,45,0.04446059386257001,-0.09183135704874834
1990-10-31,blend,45,45,-0.3462508675436609,-0.3339920948616601
1990-11-30,mom,49,49,-0.23350500611115674,-0.24118577509837294
1990-11-30,rev,46,46,-0.041614897806007745,-0.15301591246568616
1990-11-30,rev_alt,45,45,-0.09079027821166802,-0.26922063377034056
1990-11-30,rev_orth,46,46,0.1278231540965578,0.04681139764669722
1990-11-30,blend,46,46,-0.21337019577195157,-0.2582953008489696
1990-12-31,mom,49,49,0.04161067320400988,-0.04030612244897959
1990-12-31,rev,46,46,-0.13448072024881086,-0.19740980573543015
1990-12-31,rev_alt,45,45,-0.1755490097722685,-0.3507246376811594
1990-12-31,rev_orth,46,46,-0.15045378724518757,-0.17261794634597596
1990-12-31,blend,46,46,-0.04976203694767638,-0.14017884674683934
1991-01-31,mom,49,49,-0.15607932783192957,-0.2171428571428571
1991-01-31,rev,45,45,-0.08542876807770411,0.003820816864295125
1991-01-31,rev_alt,44,44,-0.3076691673835659,-0.23523608174770963
1991-01-31,rev_orth,45,45,0.004893679043623492,0.022661396574440048
1991-01-31,blend,45,45,-0.14129811826536354,-0.19552042160737812
1991-02-28,mom,49,49,0.2591206612581024,0.3474489795918367
1991-02-28,rev,45,45,0.22915025763327052,0.3351778656126482
1991-02-28,rev_alt,40,40,0.23856235334527384,0.258079647546921
1991-02-28,rev_orth,45,45,0.09322452397534692,0.19855072463768114
1991-02-28,blend,45,45,0.3227198866459742,0.32621870882740445
1991-03-31,mom,49,49,-0.3790092477635815,-0.3763457324149776
1991-03-31,rev,46,46,-0.08912916541314532,-0.1556679415813752
1991-03-31,rev_alt,34,34,-0.262227188675102,-0.11199388846447668
1991-03-31,rev_orth,46,46,0.05495137464229171,0.013506845961299987
1991-03-31,blend,46,46,-0.2576825379859038,-0.2462069820890847
1991-04-30,mom,49,49,0.08716818774002942,-0.006327014841094243
1991-04-30,rev,46,46,-0.15407629677310586,-0.15450087955841083
1991-04-30,rev_alt,32,32,-0.1438277795230161,-0.22383135114870104
1991-04-30,rev_orth,46,46,-0.19899461599620366,-0.18509267048095446
1991-04-30,blend,46,46,-0.040930220113825244,-0.06630277266478708
1991-05-31,mom,49,49,-0.22481787463751793,-0.026174804871052535
1991-05-31,rev,46,46,-0.13819477847557016,-0.1128619446094588
1991-05-31,rev_alt,42,42,-0.05915164804557811,-0.0845150311968236
1991-05-31,rev_orth,46,46,-0.04929975569589182,-0.022325696146789115
1991-05-31,blend,46,46,-0.22928394419077913,-0.16257053879264122
1991-06-30,mom,49,49,0.39987564678515464,0.331938775510204
1991-06-30,rev,46,46,0.03937882949861479,0.17607153869873574
1991-06-30,rev_alt,46,46,0.10637287659454371,0.17853839037927846
1991-06-30,rev_orth,46,46,-0.09589156248584126,-0.025593586185630592
1991-06-30,blend,46,46,0.34389212108815637,0.32778291705211227
1991-07-31,mom,49,49,0.519697085450803,0.43225592503670013
1991-07-31,rev,47,47,0.16005327348717008,0.331936052869186
1991-07-31,rev_alt,46,46,0.24484254034603653,0.22556669333244572
1991-07-31,rev_orth,47,47,-0.05272227879529577,0.046196987675053064
1991-07-31,blend,47,47,0.4258064621589815,0.4701801048479743
1991-08-31,mom,49,49,0.21303029523250938,0.18342772614314595
1991-08-31,rev,47,47,0.10235478085452623,0.13541486001242298
1991-08-31,rev_alt,45,45,0.0038548288878781367,-0.1559339900052099
1991-08-31,rev_orth,47,47,0.08101196166896468,0.11367447258088113
1991-08-31,blend,47,47,0.15020273176745336,0.15640358511255514
1991-09-30,mom,49,49,0.12172611600442738,0.0616357978250126
1991-09-30,rev,47,47,0.05618928850532269,-0.028331887876211475
1991-09-30,rev_alt,45,45,-0.014426321378085666,0.0019105342949425831
1991-09-30,rev_orth,47,47,0.02889803037870712,0.014570685193480185
1991-09-30,blend,47,47,0.13212626247857331,0.034518647065506634
1991-10-31,mom,49,49,0.081443610578122,0.18362713340499098
1991-10-31,rev,46,46,0.290214823581061,0.30898270081605933
1991-10-31,rev_alt,44,44,0.5191242667540705,0.4368877299316371
1991-10-31,rev_orth,46,46,0.27577356560188776,0.28517684801865434
1991-10-31,blend,46,46,0.19159184639483917,0.22751241183841173
1991-11-30,mom,49,49,0.37340112643389356,0.4558279549430925
1991-11-30,rev,47,47,0.1689615912562043,0.212887745456252
1991-11-30,rev_alt,46,46,0.2900931043581676,0.30250701546961495
1991-11-30,rev_orth,47,47,0.01789307743909585,0.08273828455945047
1991-11-30,blend,47,47,0.39564512020050424,0.4165823481836762
1991-12-31,mom,49,49,-0.17624142452075964,-0.20765306122448976
1991-12-31,rev,46,46,-0.03045706506588164,-0.08430465618254702
1991-12-31,rev_alt,45,45,-0.16178023725052995,-0.34204025184074766
1991-12-31,rev_orth,46,46,0.06299117174287194,0.031760715386987354
1991-12-31,blend,46,46,-0.14640824399499072,-0.1847055195806352
1992-01-31,mom,49,49,-0.12931404324901896,-0.10316326530612244
1992-01-31,rev,46,46,-0.16979243602265115,-0.20542707369719393
1992-01-31,rev_alt,45,45,-0.3668572233291579,-0.34888010540184455
1992-01-31,rev_orth,46,46,-0.12541514856785235,-0.16225716928769657
1992-01-31,blend,46,46,-0.202450125203783,-0.1620104841196423
1992-02-29,mom,49,49,0.19830126363689882,0.11087300386900031
1992-02-29,rev,46,46,-0.11251903050283316,-0.1849019369496683
1992-02-29,rev_alt,36,36,0.18654298530907737,0.21677286522340355
1992-02-29,rev_orth,46,46,-0.24367721048367671,-0.30529172378280794
1992-02-29,blend,46,46,0.12546458112666942,0.06543727655223419
1992-03-31,mom,49,49,-0.23735870822879224,-0.1773514631052372
1992-03-31,rev,46,46,-0.1850192248714063,-0.1000339203041214
1992-03-31,rev_alt,32,32,-0.09547530854808137,-0.08798460306405666
1992-03-31,rev_orth,46,46,-0.13695865045906824,-0.08498566102286022
1992-03-31,blend,46,46,-0.17594365647361088,-0.12710845237163637
1992-04-30,mom,49,49,0.17391080176478826,0.18220317386847681
1992-04-30,rev,46,46,-0.2821966161250562,-0.27433082573453127
1992-04-30,rev_alt,32,32,0.2153043417783553,0.1343721379131842
1992-04-30,rev_orth,46,46,-0.3597387101969426,-0.43906500638582013
1992-04-30,blend,46,46,-0.009709023048498966,0.029419020655434218
1992-05-31,mom,49,49,-0.11053371338394875,-0.10158681578609279
1992-05-31,rev,46,46,0.017483370703776417,0.08406315545777115
1992-05-31,rev_alt,43,43,0.033095900140393264,-0.0030204636497802614
1992-05-31,rev_orth,46,46,0.06993269491201544,0.1163192305160355
1992-05-31,blend,46,46,-0.07110858058621014,-0.05285555702663968
1992-06-30,mom,49,49,0.03006189545245168,-0.033215133049916405
1992-06-30,rev,47,47,-0.24752355169399276,-0.30227515840447733
1992-06-30,rev_alt,46,46,0.10128265434618502,-0.011532887236048521
1992-06-30,rev_orth,47,47,-0.24786543002835976,-0.30580208737591447
1992-06-30,blend,47,47,-0.06053340523990172,-0.13783932242468896
1992-07-31,mom,49,49,-0.15939382852891543,-0.1308706855192559
1992-07-31,rev,46,46,-0.19859083777564188,-0.1347559283998183
1992-07-31,rev_alt,46,46,-0.03574687158688944,0.005797280214912091
1992-07-31,rev_orth,46,46,-0.1467239900238619,-0.08418390950377665
1992-07-31,blend,46,46,-0.17068018604981217,-0.04551481700643749
1992-08-31,mom,49,49,0.018930807418725187,0.0727606706725838
1992-08-31,rev,47,47,-0.0939712451712562,-0.020758044543080292
1992-08-31,rev_alt,46,46,-0.06994549955183685,-0.023252228181046265
1992-08-31,rev_orth,47,47,-0.09722173148607574,-0.013009916496359514
1992-08-31,blend,47,47,-0.03163727555061362,0.03521350731681309
1992-09-30,mom,49,49,0.09217260316518092,0.13240133681187877
1992-09-30,rev,47,47,-0.07364325045648289,0.0022549218014106
1992-09-30,rev_alt,46,46,-0.15683089849542442,-0.0032686792701100086
1992-09-30,rev_orth,47,47,-0.08709957165908214,-0.0082680466051722
1992-09-30,blend,47,47,0.05074012432837441,0.10783151691360945
1992-10-31,mom,49,49,0.23569669968050222,0.19868360656506545
1992-10-31,rev,47,47,-0.014441022236070543,0.13171436853471374
1992-10-31,rev_alt,46,46,0.14930520173815637,0.229986431916382
1992-10-31,rev_orth,47,47,-0.022172963283138798,0.12043943356356836
1992-10-31,blend,47,47,0.24106127930276974,0.24116796802383278
1992-11-30,mom,49,49,0.08626983927666766,0.149034414191714
1992-11-30,rev,47,47,-0.030766833664358048,0.036252204345755025
1992-11-30,rev_alt,46,46,-0.0441473344129024,-0.027321224842617623
1992-11-30,rev_orth,47,47,-0.04325883601135473,0.03578965628392721
1992-11-30,blend,47,47,0.05231015833145956,0.07423896392336435
1992-12-31,mom,49,49,0.7254370133814738,0.6534860585304598
1992-12-31,rev,47,47,0.14490832978219795,0.10887225005272202
1992-12-31,rev_alt,45,45,-0.2363079079336945,-0.1480285912723729
1992-12-31,rev_orth,47,47,-0.011294283140927008,-0.027463791171026538
1992-12-31,blend,47,47,0.696125868206545,0.6317828339490673
1993-01-31,mom,49,49,0.21676844440967077,0.1493953775096332
1993-01-31,rev,47,47,0.04756464513383818,0.0840705407592071
1993-01-31,rev_alt,46,46,0.049994029088760106,0.15801159521849575
1993-01-31,rev_orth,47,47,0.015395353675211877,0.026481642137356844
1993-01-31,blend,47,47,0.20511252466140015,0.1533969357869164
1993-02-28,mom,49,49,-0.0006166919697701834,0.21999999999999997
1993-02-28,rev,47,47,0.31017631865616435,0.4557123034227568
1993-02-28,rev_alt,38,38,-0.4667455784778417,-0.12419301892986104
1993-02-28,rev_orth,47,47,0.3415127563395963,0.39153561517113783
1993-02-28,blend,47,47,0.04395582435897488,0.2548566142460685
1993-03-31,mom,49,49,0.04488369000504781,0.038979591836734696
1993-03-31,rev,47,47,0.017132488623108358,-0.005203515263644773
1993-03-31,rev_alt,34,34,-0.24454948296405388,-0.17433155080213902
1993-03-31,rev_orth,47,47,0.028492513646852416,-0.026595744680851064
1993-03-31,blend,47,47,-0.03538025353072704,-0.0114477335800185
1993-04-30,mom,49,49,-0.1696217229554531,-0.20513344119529386
1993-04-30,rev,47,47,0.06249095591114438,0.0056670329887631085
1993-04-30,rev_alt,35,35,-0.024132461245893175,0.006865630422992442
1993-04-30,rev_orth,47,47,0.13784710321398652,0.06713699285667316
1993-04-30,blend,47,47,-0.0931596528528282,-0.14994506673329325
1993-05-31,mom,49,49,0.472053887658231,0.4242965383150612
1993-05-31,rev,47,47,0.17645427304925182,0.16599693568845725
1993-05-31,rev_alt,44,44,0.16458633248693308,0.32502907099357187
1993-05-31,rev_orth,47,47,0.03896417578991261,0.037697667038966945
1993-05-31,blend,47,47,0.4758776682749521,0.45295018954488814
1993-06-30,mom,49,49,0.28466449489042966,0.2880612244897959
1993-06-30,rev,47,47,0.19038834129808146,0.17495374653098983
1993-06-30,rev_alt,45,45,0.3337806283568556,0.34571805006587614
1993-06-30,rev_orth,47,47,0.09291585264856211,0.05307585568917669
1993-06-30,blend,47,47,0.2585367416739421,0.26850138760407033
1993-07-31,mom,49,49,0.22669776029312227,0.17858054005591398
1993-07-31,rev,47,47,-0.05018135261965885,0.07794160174925115
1993-07-31,rev_alt,46,46,0.023072316798642994,0.14061921822723275
1993-07-31,rev_orth,47,47,-0.13919024107031464,-0.011737496405859037
1993-07-31,blend,47,47,0.1423807430603794,0.14194854027775342
1993-08-31,mom,49,49,0.22329483307761924,0.3350085462453934
1993-08-31,rev,47,47,0.13638553070335324,0.28423578399319255
1993-08-31,rev_alt,46,46,0.026220773219632232,0.2688334516681043
1993-08-31,rev_orth,47,47,0.0007613087632994016,0.11956867398249026
1993-08-31,blend,47,47,0.2179863568991866,0.34633286129357677
1993-09-30,mom,49,49,-0.2718915262989366,-0.3452639099059667
1993-09-30,rev,47,47,0.008184443375921068,-0.0845282146160962
1993-09-30,rev_alt,46,46,-0.054434101180818525,-0.07339110059303605
1993-09-30,rev_orth,47,47,0.10620714216271408,0.07342738205365404
1993-09-30,blend,47,47,-0.18182577964698338,-0.257631822386679
1993-10-31,mom,49,49,-0.5440692451268896,-0.5459462224566513
1993-10-31,rev,47,47,-0.2622570819923552,-0.31032090251352445
1993-10-31,rev_alt,46,46,-0.35337185907808466,-0.4176766277003812
1993-10-31,rev_orth,47,47,-0.07393975186998017,-0.1454177510381058
1993-10-31,blend,47,47,-0.5000716189648499,-0.5133275521734805
1993-11-30,mom,49,49,0.16955899495264262,0.18061224489795918
1993-11-30,rev,47,47,-0.08016278154679143,-0.0622109158186864
1993-11-30,rev_alt,46,46,-0.11911684867628541,-0.10835646006783842
1993-11-30,rev_orth,47,47,-0.16051066013312826,-0.13771970397779834
1993-11-30,blend,47,47,0.08377541397575419,0.11170212765957446
1993-12-31,mom,49,49,-0.022031019328367464,-0.036938775510204074
1993-12-31,rev,47,47,0.0019790921870037753,0.07550878815911193
1993-12-31,rev_alt,45,45,0.04462794471987605,-0.020026350461133068
1993-12-31,rev_orth,47,47,-0.013397376417221982,0.04220629047178539
1993-12-31,blend,47,47,0.040173627773681275,-0.04197502312673451
1994-01-31,mom,49,49,0.3148411310856132,0.24761467454038585
1994-01-31,rev,47,47,0.026299291700065928,0.03284186186466963
1994-01-31,rev_alt,45,45,-0.04233139051005976,-0.1004018712238792
1994-01-31,rev_orth,47,47,-0.04264902140703161,-0.08453310219392075
1994-01-31,blend,47,47,0.25620348069505366,0.2440011568114539
1994-02-28,mom,49,49,-0.03135838188089987,-0.13857496369212435
1994-02-28,rev,47,47,-0.41047945561813903,-0.29915295898713956
1994-02-28,rev_alt,40,40,-0.5593785434586624,-0.4755382527863841
1994-02-28,rev_orth,47,47,-0.4116071099144529,-0.27914775531308655
1994-02-28,blend,47,47,-0.19652516076102197,-0.24994940891020573
1994-03-31,mom,49,49,-0.37243360609525206,-0.36193877551020404
1994-03-31,rev,47,47,-0.13254895473219633,-0.16766882516188716
1994-03-31,rev_alt,37,37,-0.1558386680661146,-0.19179706021811282
1994-03-31,rev_orth,47,47,0.04579423820398401,0.012257169287696578
1994-03-31,blend,47,47,-0.32348834593594383,-0.3709528214616096
1994-04-30,mom,49,49,0.06306227578589724,-0.026530612244897955
1994-04-30,rev,47,47,-0.027218864252010703,-0.0551572617946346
1994-04-30,rev_alt,36,36,0.2981773637818524,0.12715572715572715
1994-04-30,rev_orth,47,47,-0.03863259107957046,-0.08233117483811286
1994-04-30,blend,47,47,0.011347648781751055,-0.03330249768732655
1994-05-31,mom,49,49,-0.13870377417882912,-0.1126530612244898
1994-05-31,rev,47,47,-0.15379615691260415,-0.2256012950971323
1994-05-31,rev_alt,45,45,-0.03725521989709274,-0.2156785243741765
1994-05-31,rev_orth,47,47,-0.1030289057204945,-0.19495837187789086
1994-05-31,blend,47,47,-0.17049159939092373,-0.18200740055504164
1994-06-30,mom,49,49,-0.019769564308458443,0.02173469387755102
1994-06-30,rev,47,47,0.2550044034518758,0.3575393154486587
1994-06-30,rev_alt,46,46,-0.00793527885174617,0.16990440949737898
1994-06-30,rev_orth,47,47,0.2536411248811952,0.35661424606845515
1994-06-30,blend,47,47,0.07899710427228236,0.125
1994-07-31,mom,49,49,0.30868334995115454,0.42163265306122444
1994-07-31,rev,48,48,0.023174720481370394,0.0814155449413808
1994-07-31,rev_alt,46,46,-0.19423594267334449,0.030403946962688867
1994-07-31,rev_orth,48,48,-0.03209953706784325,0.03234910985670864
1994-07-31,blend,48,48,0.2858293534003379,0.36658706035605737
1994-08-31,mom,49,49,0.1018767261874746,0.09877551020408162
1994-08-31,rev,48,48,0.03902695038669256,0.06708640903169778
1994-08-31,rev_alt,46,46,-0.04167060424940828,0.06506321307431391
1994-08-31,rev_orth,48,48,-0.017538114499398613,-0.07381676074685194
1994-08-31,blend,48,48,0.10917057794442148,0.11973512809379071
1994-09-30,mom,49,49,-0.11285219789010417,-0.09663265306122448
1994-09-30,rev,48,48,0.013873583984025314,0.00412505427702996
1994-09-30,rev_alt,46,46,-0.09946044658516848,0.07209374036386063
1994-09-30,rev_orth,48,48,0.02247324979180931,0.013894919669995658
1994-09-30,blend,48,48,-0.07447257937927412,-0.06589231437255753
1994-10-31,mom,49,49,-0.15124253960297496,-0.06265465957802972
1994-10-31,rev,47,47,-0.08419718037127212,-0.05666213757390738
1994-10-31,rev_alt,45,45,-0.2014469695857623,-0.2689153135620054
1994-10-31,rev_orth,47,47,-0.022755862670839285,0.030932901634735152
1994-10-31,blend,47,47,-0.16994336133990726,-0.0793848111111988
1994-11-30,mom,49,49,0.05025370391532123,0.10429103539265376
1994-11-30,rev,48,48,0.24966315336180148,0.34940020677863093
1994-11-30,rev_alt,45,45,0.2179695501859897,0.30548784571202614
1994-11-30,rev_orth,48,48,0.25014091850899434,0.3249742174900829
1994-11-30,blend,48,48,0.1098345369083097,0.15431797232742703
1994-12-31,mom,49,49,0.050212102684505766,-0.0060204081632653055
1994-12-31,rev,47,47,0.091354684854009,-0.036540240518038856
1994-12-31,rev_alt,45,45,-0.1406065839169135,-0.18247694334650852
1994-12-31,rev_orth,47,47,0.08321247514059155,-0.04428769657724329
1994-12-31,blend,47,47,0.07435728273255414,0.010291396854764108
1995-01-31,mom,49,49,0.24260933717722913,0.2379324433248953
1995-01-31,rev,48,48,-0.05456014357313305,0.15264357922982733
1995-01-31,rev_alt,46,46,0.07104388135104256,0.15536914939653343
1995-01-31,rev_orth,48,48,-0.09688725683439675,0.13597872189570323
1995-01-31,blend,48,48,0.20412826881230414,0.20404950722792353
1995-02-28,mom,49,49,-0.058688352763814705,0.23562426685091736
1995-02-28,rev,48,48,0.0611776832967217,0.19475655459402325
1995-02-28,rev_alt,39,39,0.013222318219190133,0.0440327968417856
1995-02-28,rev_orth,48,48,0.08680790305598048,0.2094121481671521
1995-02-28,blend,48,48,-0.04529518645508346,0.2243934215974616
1995-03-31,mom,49,49,0.4294483553093362,0.4153061224489795
1995-03-31,rev,48,48,0.15079397149437695,0.2670429874077291
1995-03-31,rev_alt,36,36,-0.012184511338016207,0.054826254826254826
1995-03-31,rev_orth,48,48,0.011229790406011748,0.05590534085974815
1995-03-31,blend,48,48,0.46237001684196255,0.4472427268779852
1995-04-30,mom,49,49,0.01992763311409041,-0.02229648716253989
1995-04-30,rev,48,48,-0.21956964418587477,-0.31024750325662176
1995-04-30,rev_alt,36,36,-0.21938066169400755,-0.23320463320463325
1995-04-30,rev_orth,48,48,-0.27043998737619385,-0.33488927485887976
1995-04-30,blend,48,48,-0.04367322571972006,-0.09151107251411203
1995-05-31,mom,49,49,0.4051503501002518,0.19735197332884277
1995-05-31,rev,48,48,0.1501864079241707,0.13645615658945529
1995-05-31,rev_alt,45,45,0.22372178401626333,0.21706907353914937
1995-05-31,rev_orth,48,48,-0.13540589423400004,-0.09905826800944946
1995-05-31,blend,48,48,0.38449501289974447,0.22205335585022337
1995-06-30,mom,49,49,0.07428151244630227,-0.040001020447211155
1995-06-30,rev,47,47,0.049472129153406263,0.08227573649762265
1995-06-30,rev_alt,46,46,-0.09787496607720494,-0.061303154613006575
1995-06-30,rev_orth,47,47,0.05329509761966851,0.05116937933970207
1995-06-30,blend,47,47,0.012965031978907166,-0.09915874075433792
1995-07-31,mom,49,49,-0.15441745642530433,-0.15693877551020405
1995-07-31,rev,47,47,0.04181210108479089,0.06741443108233117
1995-07-31,rev_alt,46,46,0.08878939991749035,-0.15072928558771437
1995-07-31,rev_orth,47,47,0.09278145160346574,0.14072617946345978
1995-07-31,blend,47,47,-0.05386603654655313,-0.08418131359851988
1995-08-31,mom,49,49,0.21628880291178293,0.3138425433954076
1995-08-31,rev,47,47,0.0923277956798947,-0.0024862677115859047
1995-08-31,rev_alt,46,46,0.14906272843064292,0.10836648477105282
1995-08-31,rev_orth,47,47,0.023739297072472416,-0.0342295461688106
1995-08-31,blend,47,47,0.22230644460025686,0.26233015366198253
1995-09-30,mom,49,49,0.532774664123577,0.48441247065452786
1995-09-30,rev,47,47,0.32949210901581527,0.41472722559180875
1995-09-30,rev_alt,44,44,0.2305200032261508,0.048768455578393696
1995-09-30,rev_orth,47,47,0.16933702776051235,0.19265683755823804
1995-09-30,blend,47,47,0.5556370469922389,0.4888696163129959
1995-10-31,mom,49,49,-0.3205732740015471,-0.19923977658974432
1995-10-31,rev,47,47,-0.3566691100581061,-0.27417536364843753
1995-10-31,rev_alt,45,45,-0.0899647882843094,-0.12760631121254395
1995-10-31,rev_orth,47,47,-0.15077914893691574,-0.02665433206282786
1995-10-31,blend,47,47,-0.4108645202410555,-0.28995981625831174
1995-11-30,mom,49,49,-0.20948560604628497,-0.1712288579347457
1995-11-30,rev,46,46,0.22704179843704003,0.2022264023903909
1995-11-30,rev_alt,45,45,0.10158965196594913,0.1461181199119373
1995-11-30,rev_orth,46,46,0.37537023157477734,0.3080576029094244
1995-11-30,blend,46,46,-0.05541450265497042,-0.014061488180850604
1995-12-31,mom,49,49,0.026306991741936264,0.1690349244153196
1995-12-31,rev,47,47,0.06275475895310662,0.09557399327517234
1995-12-31,rev_alt,45,45,0.11116353614460366,0.036364834171050214
1995-12-31,rev_orth,47,47,0.1047573580882539,0.16420456194887445
1995-12-31,blend,47,47,-0.020600629857844763,0.10407331391125844
1996-01-31,mom,49,49,0.013735987766751001,-0.05561224489795918
1996-01-31,rev,47,47,-0.03389589746997607,-0.07227104532839965
1996-01-31,rev_alt,46,46,-0.1808700884158117,-0.17687871974859443
1996-01-31,rev_orth,47,47,-0.062150108666652014,-0.12870027752081406
1996-01-31,blend,47,47,0.021345959103178387,0.001156336725254394
1996-02-29,mom,49,49,-0.3540472311723558,-0.3548979591836734
1996-02-29,rev,47,47,-0.32530256378377576,-0.30793246993524515
1996-02-29,rev_alt,38,38,-0.009082431432031112,-0.016961208101110913
1996-02-29,rev_orth,47,47,-0.1154690498823035,-0.16315911193339502
1996-02-29,blend,47,47,-0.41988128397692825,-0.3840194264569843
1996-03-31,mom,49,49,-0.07581517059417138,-0.2361855199768074
1996-03-31,rev,47,47,-0.04530854811128546,-0.20722752275171824
1996-03-31,rev_alt,35,35,-0.0921958391322916,-0.12703970897461173
1996-03-31,rev_orth,47,47,0.009621725891303945,-0.13529921965374458
1996-03-31,blend,47,47,-0.12730087959968467,-0.29164498458696053
1996-04-30,mom,49,49,-0.14466904168621744,-0.10244897959183671
1996-04-30,rev,47,47,-0.07706417654982722,-0.07146160962072157
1996-04-30,rev_alt,35,35,0.008727037294606397,-0.23977591036414567
1996-04-30,rev_orth,47,47,-0.08450586379115857,-0.02983348751156337
1996-04-30,blend,47,47,-0.019296306089119933,-0.005203515263644773
1996-05-31,mom,49,49,-0.15126172842537416,-0.06948979591836733
1996-05-31,rev,47,47,0.13656781000044516,0.1320536540240518
1996-05-31,rev_alt,45,45,0.1915380512319673,0.31422924901185767
1996-05-31,rev_orth,47,47,0.16804834675099622,0.13910730804810362
1996-05-31,blend,47,47,0.011337412765321936,0.0666049953746531
1996-06-30,mom,49,49,0.1346913017814035,0.11403352130040426
1996-06-30,rev,47,47,0.10228926208977812,0.07944262961892729
1996-06-30,rev_alt,46,46,-0.1843190524120986,0.04156901443197237
1996-06-30,rev_orth,47,47,0.04305333825336799,-0.014685900963033136
1996-06-30,blend,47,47,0.18203980814960552,0.17004423122945062
1996-07-31,mom,49,49,-0.07503682832470021,-0.17373335396868206
1996-07-31,rev,47,47,0.10252475014515013,-0.02133626298269466
1996-07-31,rev_alt,46,46,0.03761265722499514,-0.039102010682484895
1996-07-31,rev_orth,47,47,0.12367016022222531,0.08499566362863442
1996-07-31,blend,47,47,0.0037351583881698736,-0.13506793893638777
1996-08-31,mom,49,49,0.08967766201314012,0.16948979591836733
1996-08-31,rev,48,48,0.059208145378607135,-0.12255753365175857
1996-08-31,rev_alt,46,46,0.010362764555198717,-0.11193339500462535
1996-08-31,rev_orth,48,48,0.027922018298201734,-0.12668258792878853
1996-08-31,blend,48,48,0.09353246154231333,0.15718627876682587
1996-09-30,mom,49,49,0.0917912606297965,0.01540816326530612
1996-09-30,rev,48,48,0.06290262490675914,0.06849761181068172
1996-09-30,rev_alt,46,46,0.270646273677022,0.3123650940487203
1996-09-30,rev_orth,48,48,0.0638537516161487,0.07186278766825879
1996-09-30,blend,48,48,0.10600573549630556,0.02920104211897525
1996-10-31,mom,49,49,-0.24911709918728242,-0.199086711460482
1996-10-31,rev,48,48,0.04546814769822056,-0.03642087552566607
1996-10-31,rev_alt,45,45,-0.21018007008099635,-0.14401001358318075
1996-10-31,rev_orth,48,48,0.08065421538957905,-0.01888891905056899
1996-10-31,blend,48,48,-0.21850137255904137,-0.19366569877135104
1996-11-30,mom,49,49,0.19292151623190124,0.10285714285714286
1996-11-30,rev,48,48,0.31144050154062397,0.34650455927051677
1996-11-30,rev_alt,46,46,0.30553228878289607,0.3589885908109775
1996-11-30,rev_orth,48,48,0.30951891733514947,0.3530178028658272
1996-11-30,blend,48,48,0.14150385847972918,0.13069908814589665
1996-12-31,mom,49,49,0.4186509176696802,0.40234693877551014
1996-12-31,rev,48,48,0.1162807417178184,0.0182370820668693
1996-12-31,rev_alt,46,46,0.13866918772236952,0.08689485044711685
1996-12-31,rev_orth,48,48,0.006564488625368407,-0.07587928788536691
1996-12-31,blend,48,48,0.37651868820179013,0.3225141120277898
1997-01-31,mom,49,49,-0.25327599023847147,-0.04775510204081633
1997-01-31,rev,48,48,-0.2706099485517835,-0.022362136343899264
1997-01-31,rev_alt,47,47,0.025310057856980137,0.20675300647548567
1997-01-31,rev_orth,48,48,-0.1823425633510481,-0.10931393834129398
1997-01-31,blend,48,48,-0.27830281429748455,-0.052540165002171076
1997-02-28,mom,49,49,0.21499872317532318,0.05010331897852213
1997-02-28,rev,47,47,0.046787882230371794,-0.0180393744112848
1997-02-28,rev_alt,37,37,0.5014655214613779,0.1401221032631587
1997-02-28,rev_orth,47,47,-0.02711750433264483,-0.04226532914951663
1997-02-28,blend,47,47,0.20090042117561674,0.01029169437566889
1997-03-31,mom,49,49,0.29810466361578475,0.30393632500514906
1997-03-31,rev,48,48,-0.0523298426900972,-0.10269492771171417
1997-03-31,rev_alt,35,35,-0.022028506463812422,0.0845997620955518
1997-03-31,rev_orth,48,48,-0.1010486851350416,-0.16136998947511955
1997-03-31,blend,48,48,0.25336167029648143,0.2172225690815434
1997-04-30,mom,49,49,-0.36891258105549934,-0.21654166057065682
1997-04-30,rev,48,48,0.06752075994131101,0.11377083010843722
1997-04-30,rev_alt,35,35,0.01684631447611356,-0.041602465739423736
1997-04-30,rev_orth,48,48,0.059610107272670916,0.10617163344088894
1997-04-30,blend,48,48,-0.1665967833237477,-0.15643489139910116
1997-05-31,mom,49,49,0.23768356378113248,0.11439359165867403
1997-05-31,rev,48,48,0.054361073368530674,0.11871030794234361
1997-05-31,rev_alt,47,47,0.1331758132492492,0.11639202100982388
1997-05-31,rev_orth,48,48,0.03301384483369707,0.10497747396455992
1997-05-31,blend,48,48,0.2746350684321174,0.14655593573128842
1997-06-30,mom,49,49,0.5347133113278807,0.5001020408163265
1997-06-30,rev,47,47,0.04493246193937029,0.035558382253013304
1997-06-30,rev_alt,47,47,0.008196508444947848,0.049028677150786314
1997-06-30,rev_orth,47,47,-0.00029420861016979383,-0.027636447733580018
1997-06-30,blend,47,47,0.5280118240808958,0.5052035152636448
1997-07-31,mom,49,49,-0.43869171283456987,-0.47285714285714275
1997-07-31,rev,47,47,-0.13097485610101783,-0.24722479185938948
1997-07-31,rev_alt,47,47,-0.14993033488715046,-0.39373265494912124
1997-07-31,rev_orth,47,47,-0.055269385672290616,-0.1498612395929695
1997-07-31,blend,47,47,-0.5151128064636549,-0.5006938020351526
1997-08-31,mom,49,49,-0.13082692617937905,-0.09163265306122448
1997-08-31,rev,46,46,0.2973979102067337,0.1267345050878816
1997-08-31,rev_alt,46,46,-0.07801337864270469,-0.020659882824545173
1997-08-31,rev_orth,46,46,0.30938523447990773,0.12685784767190872
1997-08-31,blend,46,46,0.013404394679484524,0.015109466543324082
1997-09-30,mom,49,49,0.12286214094037111,0.025868666802385254
1997-09-30,rev,46,46,0.33405092609664866,0.3265079567083203
1997-09-30,rev_alt,46,46,0.3437198847302121,0.3205871475198052
1997-09-30,rev_orth,46,46,0.3158484995477586,0.35654372832089143
1997-09-30,blend,46,46,0.19974499993404415,0.15048723354142451
1997-10-31,mom,49,49,0.20474929518582402,0.06724489795918366
1997-10-31,rev,47,47,0.014544494356672006,0.05746993524514339
1997-10-31,rev_alt,46,46,0.22807594401247724,-0.021276595744680854
1997-10-31,rev_orth,47,47,-0.02016188257177772,0.09724791859389453
1997-10-31,blend,47,47,0.1619929156680927,0.009597594819611472
1997-11-30,mom,49,49,0.31188114146060225,0.18438775510204078
1997-11-30,rev,47,47,0.05070651737072842,0.2073311748381129
1997-11-30,rev_alt,45,45,0.3055974698159434,0.29506900770314115
1997-11-30,rev_orth,47,47,-0.028998121754573142,0.21149398704902866
1997-11-30,blend,47,47,0.3009482688427293,0.23681776133209992
1997-12-31,mom,49,49,0.1341093742041834,0.17740248481499132
1997-12-31,rev,47,47,0.13085661488617126,-0.024977595338702027
1997-12-31,rev_alt,45,45,-0.015124812624155319,-0.08327294288161274
1997-12-31,rev_orth,47,47,0.13595216260194337,0.012199705130708628
1997-12-31,blend,47,47,0.08025048794625791,0.08100372932759617
1998-01-31,mom,49,49,-0.047959127651869854,-0.12076838698794491
1998-01-31,rev,47,47,-0.22199620300192252,-0.13887604070305276
1998-01-31,rev_alt,46,46,0.10078267974757757,0.14844737741801495
1998-01-31,rev_orth,47,47,-0.22660888342961769,-0.10742368177613322
1998-01-31,blend,47,47,-0.09846676871034798,-0.14488899167437558
1998-02-28,mom,49,49,0.021067216623932676,0.1689795918367347
1998-02-28,rev,47,47,0.05018008077267398,0.1103145235892692
1998-02-28,rev_alt,37,37,0.167862284094408,0.11427216690374584
1998-02-28,rev_orth,47,47,0.05878489111273384,0.1211840888066605
1998-02-28,blend,47,47,-0.0041765277806943175,0.13089731729879742
1998-03-31,mom,49,49,-0.014241334045561369,-0.035918367346938776
1998-03-31,rev,47,47,-0.46631453477903223,-0.40899629972247914
1998-03-31,rev_alt,36,36,-0.285089713708634,-0.23886743886743886
1998-03-31,rev_orth,47,47,-0.45723990047199875,-0.424722479185939
1998-03-31,blend,47,47,-0.2420419272605283,-0.20975948196114708
1998-04-30,mom,49,49,0.35189467959733434,0.250204081632653
1998-04-30,rev,47,47,-0.017039193776846526,-0.008903792784458835
1998-04-30,rev_alt,35,35,0.353921963381598,0.2554621848739496
1998-04-30,rev_orth,47,47,-0.13427962374006963,-0.12176225716928771
1998-04-30,blend,47,47,0.36345368612411766,0.26653561517113783
1998-05-31,mom,49,49,0.553186099248191,0.6017500448398065
1998-05-31,rev,47,47,0.23393149818465184,0.1322887456827552
1998-05-31,rev_alt,47,47,-0.009447357416225044,0.06169234774628487
1998-05-31,rev_orth,47,47,0.22506784792974735,0.12095631816797373
1998-05-31,blend,47,47,0.6757577606259826,0.6610389988596767
1998-06-30,mom,49,49,0.06259016200078635,0.27674175370621595
1998-06-30,rev,47,47,0.1305715394741928,0.2122578779994218
1998-06-30,rev_alt,47,47,-0.022462659262816764,0.07967390364984119
1998-06-30,rev_orth,47,47,0.03469302418001923,0.06215489580811269
1998-06-30,blend,47,47,0.31903640552174817,0.42826168674482856
1998-07-31,mom,49,49,0.22348700950420036,0.151734693877551
1998-07-31,rev,47,47,-0.023916760369027283,-0.011679000925069382
1998-07-31,rev_alt,47,47,-0.014196064685167778,-0.030064754856614247
1998-07-31,rev_orth,47,47,-0.1175379090164711,-0.053769657724329324
1998-07-31,blend,47,47,0.19552568490390423,0.12569380203515265
1998-08-31,mom,49,49,-0.3215150796656589,-0.09699227024253623
1998-08-31,rev,47,47,0.032082700727504875,-0.012488797669351013
1998-08-31,rev_alt,47,47,-0.27038760322031813,-0.20184441048011292
1998-08-31,rev_orth,47,47,0.1364472193398752,0.02867797983332455
1998-08-31,blend,47,47,-0.2843265536272736,-0.09939001478525183
1998-09-30,mom,49,49,0.023572090784959664,0.01653061224489796
1998-09-30,rev,48,48,-0.23306315037765768,-0.17314372557533653
1998-09-30,rev_alt,48,48,0.10945140900819984,0.11278766825879287
1998-09-30,rev_orth,48,48,-0.23480539377262494,-0.172818063395571
1998-09-30,blend,48,48,-0.05481040882318537,-0.017042987407729047
1998-10-31,mom,49,49,0.16865454554289988,0.14530612244897959
1998-10-31,rev,48,48,0.07648654157571813,0.045809813287016936
1998-10-31,rev_alt,48,48,0.023325065640600356,0.11474164133738603
1998-10-31,rev_orth,48,48,0.034401792373632924,0.02811550151975684
1998-10-31,blend,48,48,0.1776157399207584,0.17021276595744683
1998-11-30,mom,49,49,0.3448172225929873,0.40234693877551014
1998-11-30,rev,48,48,0.41596160618753586,0.40707772470690406
1998-11-30,rev_alt,48,48,-0.14183742027102442,-0.020733825445071647
1998-11-30,rev_orth,48,48,0.2689920330971654,0.26910551454624404
1998-11-30,blend,48,48,0.4710382530734837,0.5089014329135909
1998-12-31,mom,49,49,0.3712934667100552,0.21887755102040815
1998-12-31,rev,48,48,0.34051219810744915,0.3535605731654364
1998-12-31,rev_alt,48,48,0.15315192740315953,0.09107685627442465
1998-12-31,rev_orth,48,48,0.21573744523191515,0.1569691706469822
1998-12-31,blend,48,48,0.4763012118175722,0.3215371254884932
1999-01-31,mom,49,49,-0.13841486739780992,-0.015510204081632652
1999-01-31,rev,47,47,-0.2900566917146319,-0.19530527289546717
1999-01-31,rev_alt,47,47,-0.1085650393502561,-0.12893154486586494
1999-01-31,rev_orth,47,47,-0.2632334964621416,-0.18073543015726182
1999-01-31,blend,47,47,-0.17322926910307104,-0.03769657724329325
1999-02-28,mom,49,49,0.32561739250213617,0.3972448979591836
1999-02-28,rev,47,47,0.07088973455556502,0.11216466234967623
1999-02-28,rev_alt,38,38,-0.2516180705303411,0.14563956669219827
1999-02-28,rev_orth,47,47,-0.06824560976198965,-0.04856614246068455
1999-02-28,blend,47,47,0.27743595460590376,0.3819380203515264
1999-03-31,mom,49,49,-0.4529595375476039,-0.47887755102040813
1999-03-31,rev,47,47,-0.5017536387569689,-0.3817067530064755
1999-03-31,rev_alt,35,35,-0.18791199055075808,-0.2747899159663866
1999-03-31,rev_orth,47,47,-0.2870111103917522,-0.17807585568917672
1999-03-31,blend,47,47,-0.5982038644913062,-0.5852220166512488
1999-04-30,mom,49,49,-0.1364145318331672,-0.10816326530612244
1999-04-30,rev,47,47,-0.14194422665151235,-0.2385522664199815
1999-04-30,rev_alt,35,35,-0.20791757493974425,-0.18684781893289087
1999-04-30,rev_orth,47,47,-0.1476422421856811,-0.26167900092506935
1999-04-30,blend,47,47,-0.04231668314279539,-0.12835337650323775
1999-05-31,mom,49,49,-0.011394945857914549,0.2457841168512175
1999-05-31,rev,47,47,0.373770229203474,0.22746458552044066
1999-05-31,rev_alt,46,46,-0.16456136587122328,-0.1979831622738074
1999-05-31,rev_orth,47,47,0.28988033147561876,0.12755131562229083
1999-05-31,blend,47,47,0.3952558110966081,0.366869037907269
1999-06-30,mom,49,49,0.10109193855919964,0.18224489795918364
1999-06-30,rev,47,47,0.050305453782820406,0.09863552266419984
1999-06-30,rev_alt,47,47,0.08788037312480537,0.15807123034227566
1999-06-30,rev_orth,47,47,-0.023264847936591525,-0.04856614246068455
1999-06-30,blend,47,47,0.22732188948046206,0.28746530989824237
1999-07-31,mom,49,49,0.3876721446514542,0.2457142857142857
1999-07-31,rev,47,47,-0.05313131057855499,-0.2082562442183164
1999-07-31,rev_alt,47,47,-0.10891497139225476,-0.028561517113783533
1999-07-31,rev_orth,47,47,-0.14573645226416806,-0.2650323774283071
1999-07-31,blend,47,47,0.318006162460053,0.2256012950971323
1999-08-31,mom,49,49,0.31327268338338865,0.45480752074801045
1999-08-31,rev,47,47,0.12274864175951866,0.21670376696633148
1999-08-31,rev_alt,46,46,0.02077873990371884,-0.014061488180850604
1999-08-31,rev_orth,47,47,-0.09894536060061657,0.007516406004702
1999-08-31,blend,47,47,0.336335601118073,0.5155098149071002
1999-09-30,mom,49,49,0.43153739997495894,0.30623230194408335
1999-09-30,rev,47,47,-0.10168152201538612,-0.11702465964243727
1999-09-30,rev_alt,47,47,0.015302057545009018,-0.038044578085337816
1999-09-30,rev_orth,47,47,-0.23318181106788377,-0.27417536364843753
1999-09-30,blend,47,47,0.2674476063422192,0.18062501814376192
1999-10-31,mom,49,49,0.36909944922587257,0.2640883696872002
1999-10-31,rev,47,47,-0.03684900113852664,0.05111156083197359
1999-10-31,rev_alt,47,47,0.026275453472047478,-0.024283773245960306
1999-10-31,rev_orth,47,47,-0.20250248816141436,-0.08169755142033788
1999-10-31,blend,47,47,0.38830522173873705,0.2727877194629541
1999-11-30,mom,49,49,0.6231611808362755,0.5854081632653061
1999-11-30,rev,46,46,0.07160168800790268,0.07369719395621338
1999-11-30,rev_alt,46,46,-0.20167136123322602,-0.2997841504779525
1999-11-30,rev_orth,46,46,-0.0892330951948169,-0.040024668516805424
1999-11-30,blend,46,46,0.5420402582172961,0.4984890533456676
1999-12-31,mom,49,49,0.18027271483625706,0.08408163265306122
1999-12-31,rev,47,47,-0.09541720152747928,-0.04139685476410731
1999-12-31,rev_alt,46,46,0.0871489330646759,0.006968855997533148
1999-12-31,rev_orth,47,47,-0.08953147456697969,-0.08175300647548567
1999-12-31,blend,47,47,-0.04560864482452072,0.012257169287696578
2000-01-31,mom,49,49,0.576990856206282,0.3836734693877551
2000-01-31,rev,47,47,0.3800082327478608,0.2730111008325624
2000-01-31,rev_alt,46,46,0.02500774851617381,-0.13870301280146055
2000-01-31,rev_orth,47,47,0.09893065089711892,0.12604070305272896
2000-01-31,blend,47,47,0.6266990120209331,0.405527289546716
2000-02-29,mom,49,49,-0.28003598144186215,-0.21133192180146504
2000-02-29,rev,47,47,0.04170264456990726,0.08256244218316375
2000-02-29,rev_alt,37,37,0.13536694066900365,-0.015173067804646752
2000-02-29,rev_orth,47,47,0.14246383392999365,0.18917668825161885
2000-02-29,blend,47,47,-0.18320000384049057,-0.15413968547641071
2000-03-31,mom,49,49,-0.4398902316576828,-0.42479591836734687
2000-03-31,rev,47,47,-0.2673942775616546,-0.2798334875115634
2000-03-31,rev_alt,35,35,0.08932530252173794,0.0392156862745098
2000-03-31,rev_orth,47,47,-0.12529336919823816,-0.08013413506012951
2000-03-31,blend,47,47,-0.42160324025905604,-0.42733659062117285
2000-04-30,mom,49,49,-0.4252118016160298,-0.32980433185047564
2000-04-30,rev,45,45,-0.22350131251209687,-0.26324110671936757
2000-04-30,rev_alt,35,35,-0.05129976179684986,-0.14117647058823532
2000-04-30,rev_orth,45,45,-0.03415493198032955,-0.029776021080368906
2000-04-30,blend,45,45,-0.40376039003282976,-0.2944664031620553
2000-05-31,mom,49,49,0.5249075412218677,0.3147019057632633
2000-05-31,rev,45,45,0.1631740449526211,0.09169960474308299
2000-05-31,rev_alt,45,45,-0.03361337809350201,-0.09776021080368906
2000-05-31,rev_orth,45,45,-0.015418068605614288,-0.0300395256916996
2000-05-31,blend,45,45,0.5532736796513564,0.3397891963109354
2000-06-30,mom,49,49,-0.29799734270177236,-0.256734693877551
2000-06-30,rev,45,45,-0.1352792974372873,-0.17035573122529643
2000-06-30,rev_alt,44,44,0.10362938040763296,-0.10288935870331219
2000-06-30,rev_orth,45,45,0.01423386749277402,-0.020026350461133068
2000-06-30,blend,45,45,-0.3584880097974349,-0.33939393939393936
2000-07-31,mom,49,49,0.4653885313485535,0.3843877551020407
2000-07-31,rev,45,45,0.24973025650027564,0.32793148880105394
2000-07-31,rev_alt,45,45,0.15912185937386564,0.23478260869565215
2000-07-31,rev_orth,45,45,0.06469085120763504,0.14782608695652172
2000-07-31,blend,45,45,0.47471391007678154,0.45006587615283267
2000-08-31,mom,49,49,-0.37292919550181497,-0.22204081632653058
2000-08-31,rev,45,45,-0.02678160342876873,0.05230566534914361
2000-08-31,rev_alt,45,45,-0.021648528550741685,-0.04268774703557312
2000-08-31,rev_orth,45,45,0.1255776279402758,0.19499341238471674
2000-08-31,blend,45,45,-0.26153377748610196,-0.08234519104084322
2000-09-30,mom,49,49,-0.24793462925111054,-0.30867346938775503
2000-09-30,rev,45,45,-0.23899201946708834,-0.32542819499341236
2000-09-30,rev_alt,45,45,-0.049722321513181726,-0.13280632411067195
2000-09-30,rev_orth,45,45,-0.07906146229643704,-0.03978919631093544
2000-09-30,blend,45,45,-0.34761076222025916,-0.420026350461133
2000-10-31,mom,49,49,-0.3219191808406096,-0.27209877811859323
2000-10-31,rev,45,45,-0.022740206513932583,0.033070918032368134
2000-10-31,rev_alt,45,45,-0.06972935496325733,-0.12147962719459529
2000-10-31,rev_orth,45,45,0.10712591012524315,0.2084390132558023
2000-10-31,blend,45,45,-0.37707591731599366,-0.3050166344419611
2000-11-30,mom,49,49,0.18051338557257693,0.07979591836734692
2000-11-30,rev,45,45,-0.11928316802794953,-0.05876152832674571
2000-11-30,rev_alt,45,45,0.02783929635579259,-0.03399209486166008
2000-11-30,rev_orth,45,45,-0.1430479220431552,-0.14071146245059288
2000-11-30,blend,45,45,-0.006231790522989444,-0.022002635046113304
2000-12-31,mom,49,49,-0.6509227016945259,-0.6581632653061223
2000-12-31,rev,45,45,-0.3393161533024017,-0.3530961791831357
2000-12-31,rev_alt,45,45,-0.19085891127118498,-0.14334650856389985
2000-12-31,rev_orth,45,45,-0.0785629759642313,0.0011857707509881422
2000-12-31,blend,45,45,-0.715334867641924,-0.6802371541501975
2001-01-31,mom,49,49,0.5181860081577623,0.5024489795918367
2001-01-31,rev,45,45,0.22894123727155977,0.3761528326745718
2001-01-31,rev_alt,43,43,-0.013386462471666555,0.03125943823618242
2001-01-31,rev_orth,45,45,0.024418592978408874,0.1587615283267457
2001-01-31,blend,45,45,0.4308034114277457,0.4189723320158103
2001-02-28,mom,49,49,0.36514753826975066,0.3350595679551475
2001-02-28,rev,44,44,-0.05085228981701084,-0.048838930225183284
2001-02-28,rev_alt,35,35,0.2000414152520315,0.16317669344589047
2001-02-28,rev_orth,44,44,-0.1811489853801788,-0.1740019029234885
2001-02-28,blend,44,44,0.34392086285812656,0.30705803606222737
2001-03-31,mom,49,49,-0.3635822107554913,-0.38332610538252215
2001-03-31,rev,45,45,-0.25534493740199876,-0.19289172908122287
2001-03-31,rev_alt,31,31,-0.18504318507440365,-0.16330645161290325
2001-03-31,rev_orth,45,45,-0.03479836314541569,0.013768569459691115
2001-03-31,blend,45,45,-0.4447161726969878,-0.4255080867949518
2001-04-30,mom,49,49,-0.06397418172311024,0.13811576830433747
2001-04-30,rev,45,45,0.28351006044440125,0.15322793148880104
2001-04-30,rev_alt,32,32,0.541306106140561,0.31561583577712604
2001-04-30,rev_orth,45,45,0.1543941587658455,0.06600790513833991
2001-04-30,blend,45,45,0.3128584747850567,0.18972332015810273
2001-05-31,mom,49,49,-0.11294813640671902,0.01040816326530612
2001-05-31,rev,45,45,0.08636555670419555,0.03438735177865612
2001-05-31,rev_alt,43,43,0.1061110893922772,0.11794465217753855
2001-05-31,rev_orth,45,45,0.023505922630363052,-0.023978919631093543
2001-05-31,blend,45,45,0.20805865026262996,0.11686429512516468
2001-06-30,mom,49,49,0.04042052641018262,0.3056710631367883
2001-06-30,rev,45,45,0.06696046263735478,0.06475839128648979
2001-06-30,rev_alt,44,44,0.20867199310004414,0.17435427615743643
2001-06-30,rev_orth,45,45,-0.07545984496121957,-0.05500839951599081
2001-06-30,blend,45,45,0.42194477160739297,0.4461280018231015
2001-07-31,mom,49,49,0.49953634460415375,0.422470534760848
2001-07-31,rev,45,45,0.06736670774676641,0.06113508353393948
2001-07-31,rev_alt,44,44,0.30410622657805475,0.3702737942324863
2001-07-31,rev_orth,45,45,-0.185639896627274,-0.2422345928386805
2001-07-31,blend,45,45,0.36253612107814664,0.3090352121311532
2001-08-31,mom,49,49,0.48519626704330043,0.37609061735775484
2001-08-31,rev,44,44,0.29441629860601776,0.4205222173934613
2001-08-31,rev_alt,43,43,0.5443732831100113,0.6082984109745522
2001-08-31,rev_orth,44,44,0.13311684444716573,0.23439867522216395
2001-08-31,blend,44,44,0.4376398971316391,0.3557560169938315
2001-09-30,mom,49,49,-0.1498149190140702,-0.1464833287040092
2001-09-30,rev,43,43,-0.22942766349202082,-0.3180428136823254
2001-09-30,rev_alt,43,43,-0.3240656331647831,-0.34673613495471
2001-09-30,rev_orth,43,43,-0.06093994056742487,-0.1797108016533558
2001-09-30,blend,43,43,-0.38824032781647405,-0.18816778055469013
2001-10-31,mom,49,49,-0.703011386929566,-0.5954081632653061
2001-10-31,rev,43,43,-0.5600483977557693,-0.6265478707339172
2001-10-31,rev_alt,43,43,-0.5751990065793053,-0.663092721232256
2001-10-31,rev_orth,43,43,-0.25940886942789243,-0.34627000906070676
2001-10-31,blend,43,43,-0.7263723518470289,-0.6359106010268801
2001-11-30,mom,49,49,0.28820952194213684,0.21755102040816326
2001-11-30,rev,43,43,-0.11134612312849596,-0.13651464814255512
2001-11-30,rev_alt,42,42,0.17828333119937403,-0.04675472003889475
2001-11-30,rev_orth,43,43,-0.1579387234510006,-0.16626396858954998
2001-11-30,blend,43,43,0.3731371712604416,0.3020235578375113
2001-12-31,mom,49,49,0.49863032175803873,0.4843351387604345
2001-12-31,rev,42,42,0.1680623402078615,0.16200664772342033
2001-12-31,rev_alt,42,42,-0.13876698038095714,-0.13639679245548594
2001-12-31,rev_orth,42,42,0.07171324477365212,0.07642434657488012
2001-12-31,blend,42,42,0.41488569212727905,0.41794311271119494
2002-01-31,mom,49,49,0.5436541281915686,0.3285714285714285
2002-01-31,rev,43,43,-0.33637680278939464,-0.2777106614315917
2002-01-31,rev_alt,41,41,-0.10412092347045251,-0.2163763066202091
2002-01-31,rev_orth,43,43,-0.2859153011528961,-0.24388402295379039
2002-01-31,blend,43,43,0.5439418846654676,0.31485955904560553
2002-02-28,mom,49,49,-0.03819295600124824,-0.10959183673469387
2002-02-28,rev,43,43,-0.11413686708463534,-0.08637873754152825
2002-02-28,rev_alt,34,34,0.06701926771942307,0.10252100840336134
2002-02-28,rev_orth,43,43,-0.11718957587515906,-0.08562367864693446
2002-02-28,blend,43,43,0.14097775063673917,0.017517366354575657
2002-03-31,mom,49,49,0.5997812421933495,0.6768367346938775
2002-03-31,rev,43,43,0.27098602307651626,0.24267592872244034
2002-03-31,rev_alt,31,31,0.16164128216667,0.12419354838709679
2002-03-31,rev_orth,43,43,0.2325335849980809,0.19978858350951373
2002-03-31,blend,43,43,0.6197860272683061,0.6833282996073694
2002-04-30,mom,49,49,0.2675137187581069,0.1641368402789264
2002-04-30,rev,42,42,0.11475927676719914,0.13597504164153196
2002-04-30,rev_alt,31,31,0.10607037246081522,0.07319286255565362
2002-04-30,rev_orth,42,42,-0.06338253263208161,-0.041165268864063305
2002-04-30,blend,42,42,0.31764026704199777,0.1612576477155236
2002-05-31,mom,49,49,0.3198582307754353,0.4008775735379312
2002-05-31,rev,42,42,0.2697162687955439,0.31360155611008855
2002-05-31,rev_alt,40,40,0.2985558220468489,0.2915708995186589
2002-05-31,rev_orth,42,42,0.15305637158267937,0.08549086348737557
2002-05-31,blend,42,42,0.2690989003483918,0.3917183261592166
2002-06-30,mom,49,49,-0.018642009715457007,0.003571428571428571
2002-06-30,rev,42,42,0.08238835110701145,0.0235799367960457
2002-06-30,rev_alt,42,42,-0.06352563545739257,-0.11498257839721256
2002-06-30,rev_orth,42,42,0.1675559916744473,0.12973016773357102
2002-06-30,blend,42,42,-0.237047709832381,-0.1422088971720282
2002-07-31,mom,49,49,0.38996493696370144,0.2203117427181859
2002-07-31,rev,42,42,0.0211951658957051,0.001782747864191718
2002-07-31,rev_alt,42,42,0.06904696675996574,-0.020096430469070274
2002-07-31,rev_orth,42,42,-0.08372109031917005,-0.07868400800591628
2002-07-31,blend,42,42,0.5292640421986999,0.3029050689249383
2002-08-31,mom,49,49,0.5488399104617092,0.5253061224489796
2002-08-31,rev,42,42,0.3379104354845941,0.2929260189611863
2002-08-31,rev_alt,41,41,0.223311639774813,0.23432055749128924
2002-08-31,rev_orth,42,42,0.135458348771534,0.10801393728222998
2002-08-31,blend,42,42,0.5841775364256674,0.5319666153472167
2002-09-30,mom,49,49,-0.33279021134349224,-0.259190285550807
2002-09-30,rev,42,42,-0.3326397946307327,-0.3616547144494381
2002-09-30,rev_alt,42,42,-0.23477250406414008,-0.2761638509620625
2002-09-30,rev_orth,42,42,-0.26183247158207545,-0.27729832687563905
2002-09-30,blend,42,42,-0.39914091205240887,-0.35711681079513186
2002-10-31,mom,49,49,-0.5985278099583571,-0.5282653061224489
2002-10-31,rev,42,42,-0.2861200589564499,-0.3755773438133052
2002-10-31,rev_alt,42,42,-0.028254981710699935,-0.2323150474029657
2002-10-31,rev_orth,42,42,-0.20159089309085704,-0.3052426869783648
2002-10-31,blend,42,42,-0.6016468967344729,-0.5240256057045621
2002-11-30,mom,49,49,0.5375453500524343,0.4655102040816326
2002-11-30,rev,42,42,-0.0009094142256308446,0.18158982254274372
2002-11-30,rev_alt,42,42,-0.07450034375784159,0.025686735272668345
2002-11-30,rev_orth,42,42,-0.047815362302886355,0.16068389919779597
2002-11-30,blend,42,42,0.6077339098471106,0.5010128838829917
2002-12-31,mom,49,49,-0.0903346997178116,-0.08780836248679898
2002-12-31,rev,43,43,0.30488759501345297,0.30594986408939895
2002-12-31,rev_alt,42,42,0.011007089382889093,0.05915481549363428
2002-12-31,rev_orth,43,43,0.2978879929190798,0.312745394140743
2002-12-31,blend,43,43,-0.14146838531097516,-0.11144669284204169
2003-01-31,mom,49,49,-0.2556490660308015,-0.19153549841687587
2003-01-31,rev,43,43,0.08704958106498419,0.13259334777449275
2003-01-31,rev_alt,42,42,-0.12242271307837574,-0.09043393711081624
2003-01-31,rev_orth,43,43,0.11972024504403003,0.1643825273946872
2003-01-31,blend,43,43,-0.3743588241196,-0.20802657922478784
2003-02-28,mom,49,49,0.027394784144841908,0.20673996792359642
2003-02-28,rev,42,42,0.16258461274800934,0.10380454609225413
2003-02-28,rev_alt,34,34,-0.11756867294281804,0.13614485485527814
2003-02-28,rev_orth,42,42,0.2033564825943185,0.12544062244403542
2003-02-28,blend,42,42,-0.1749032591986234,0.06353065116028668
2003-03-31,mom,49,49,-0.33741287772770334,-0.4428571428571428
2003-03-31,rev,42,42,-0.43542782799776775,-0.3549955433109149
2003-03-31,rev_alt,32,32,0.26755518932389394,0.16239002932551316
2003-03-31,rev_orth,42,42,-0.37302287020096403,-0.2678064986629933
2003-03-31,blend,42,42,-0.363765359973528,-0.4839964346487319
2003-04-30,mom,49,49,-0.2960032533449942,-0.31244897959183665
2003-04-30,rev,41,41,-0.13544833378128418,-0.1696864111498258
2003-04-30,rev_alt,30,30,-0.05336368296019997,-0.04961067853170189
2003-04-30,rev_orth,41,41,-0.04203902980543116,-0.07108013937282232
2003-04-30,blend,41,41,-0.39447639861109124,-0.38536585365853665
2003-05-31,mom,49,49,-0.1117964744524932,-0.12470342154543815
2003-05-31,rev,42,42,-0.6211242784114424,-0.5744965397607044
2003-05-31,rev_alt,40,40,-0.2175924273971927,-0.21426896219453564
2003-05-31,rev_orth,42,42,-0.6262002411526228,-0.5719842823573215
2003-05-31,blend,42,42,-0.04304318474918871,-0.12917865487072405
2003-06-30,mom,49,49,-0.3125302349572996,-0.22663265306122446
2003-06-30,rev,42,42,-0.22765213466824466,-0.14463981849120816
2003-06-30,rev_alt,39,39,-0.36469686993858086,-0.25263157894736843
2003-06-30,rev_orth,42,42,-0.20847504046562776,-0.15403938092537073
2003-06-30,blend,42,42,-0.10542983164973103,-0.08629770683088892
2003-07-31,mom,49,49,0.11885170063617861,-0.000357151968278671
2003-07-31,rev,43,43,0.05920176206062796,-0.019330237488764317
2003-07-31,rev_alt,40,40,-0.1933740423852503,-0.28424015009380865
2003-07-31,rev_orth,43,43,0.06620982868617226,-0.005587646774095936
2003-07-31,blend,43,43,-0.03159408559931575,-0.09989806327201248
2003-08-31,mom,49,49,0.047850234354812476,0.0209699227089334
2003-08-31,rev,43,43,-0.10892690255566359,-0.10495714886477502
2003-08-31,rev_alt,39,39,0.30722829960534603,0.2977883499942058
2003-08-31,rev_orth,43,43,-0.096468384322774,-0.0986899234289647
2003-08-31,blend,43,43,0.11131585063887132,0.05346018805486382
2003-09-30,mom,49,49,0.5813621250088283,0.5371329454209605
2003-09-30,rev,42,42,0.2574166260639738,0.27594311156512885
2003-09-30,rev_alt,41,41,-0.07613103471658803,-0.08633532329674318
2003-09-30,rev_orth,42,42,0.06906558547332105,0.12844928981812898
2003-09-30,blend,42,42,0.5751107605171464,0.5655820780067649
2003-10-31,mom,49,49,0.38923277295409564,0.35428571428571426
2003-10-31,rev,42,42,0.0019928821573371933,0.026172919536504337
2003-10-31,rev_alt,42,42,0.16301986347596475,0.14318126569970022
2003-10-31,rev_orth,42,42,-0.08557018966711288,-0.0606920022688599
2003-10-31,blend,42,42,0.4497016021864801,0.3947005915241877
2003-11-30,mom,49,49,-0.24388685854369765,-0.4266326530612244
2003-11-30,rev,41,41,-0.343375637135257,-0.37979094076655057
2003-11-30,rev_alt,41,41,-0.07185414648202901,-0.18466898954703836
2003-11-30,rev_orth,41,41,-0.29552703014779963,-0.3135888501742161
2003-11-30,blend,41,41,-0.3502305686920795,-0.45574912891986075
2003-12-31,mom,49,49,-0.15808841543096191,-0.07265676829703473
2003-12-31,rev,41,41,-0.2214475983134231,-0.31596829111968683
2003-12-31,rev_alt,41,41,-0.00783777342738072,-0.07038940700984476
2003-12-31,rev_orth,41,41,-0.1215083574713088,-0.1851206558117823
2003-12-31,blend,41,41,-0.24466537639448366,-0.11717048567851633
2004-01-31,mom,49,49,0.13829689188895533,0.019949997474817814
2004-01-31,rev,41,41,0.11674650170888119,0.09869767856393719
2004-01-31,rev_alt,41,41,0.09890259423860331,0.0888540442499699
2004-01-31,rev_orth,41,41,0.10315399953699506,0.1723942682065593
2004-01-31,blend,41,41,0.053123401004657,-0.06228494278306714
2004-02-29,mom,49,49,-0.03155744155724269,-0.002755102040816326
2004-02-29,rev,43,43,0.011155145531087096,0.017366354575656905
2004-02-29,rev_alt,34,34,0.02559802173897715,-0.04323911382734912
2004-02-29,rev_orth,43,43,0.023533802777110535,0.05557233464210208
2004-02-29,blend,43,43,-0.021533669137961134,0.027333131984294774
2004-03-31,mom,49,49,-0.5160562595629236,-0.41220439310334045
2004-03-31,rev,42,42,-0.0044601690902224475,-0.09594424869104519
2004-03-31,rev_alt,31,31,-0.5579937009002167,-0.48629032258064525
2004-03-31,rev_orth,42,42,0.11660448026223905,0.007455127432074458
2004-03-31,blend,42,42,-0.6657255023626604,-0.5678051947450622
2004-04-30,mom,49,49,0.051030537093391434,0.14387755102040817
2004-04-30,rev,42,42,-0.18256691379083456,-0.1545255651892067
2004-04-30,rev_alt,29,29,0.2685548487572178,0.2581280788177339
2004-04-30,rev_orth,42,42,-0.1990569899860376,-0.16554574183615592
2004-04-30,blend,42,42,0.32312873362722805,0.1940685519812009
2004-05-31,mom,49,49,0.2174256860028447,0.2027551020408163
2004-05-31,rev,43,43,0.3592797639528331,0.33932346723044404
2004-05-31,rev_alt,41,41,0.16133030337865176,0.12038327526132409
2004-05-31,rev_orth,43,43,0.33970976151367904,0.2736333434007852
2004-05-31,blend,43,43,0.12233193660345933,0.11597704620960435
2004-06-30,mom,49,49,-0.16789537111344252,-0.052756447885735115
2004-06-30,rev,43,43,0.13197024424289674,0.1701211916491641
2004-06-30,rev_alt,41,41,0.27794964248738735,0.2543664796175609
2004-06-30,rev_orth,43,43,0.20743387306002403,0.18242911630021325
2004-06-30,blend,43,43,-0.23253160742697287,-0.10314493910020336
2004-07-31,mom,49,49,-0.20516572096321356,-0.15990611786720982
2004-07-31,rev,42,42,-0.11086794075992355,0.0846029176197727
2004-07-31,rev_alt,41,41,-0.1751335936455489,-0.04198972051824897
2004-07-31,rev_orth,42,42,-0.05953549240312131,0.11280389015969694
2004-07-31,blend,42,42,-0.15054969358364453,-0.18606158894156907
2004-08-31,mom,49,49,0.3652130462236337,0.2156687671305632
2004-08-31,rev,43,43,0.28157795889793924,0.35670328865985407
2004-08-31,rev_alt,42,42,0.32504864406714173,0.1674162312463677
2004-08-31,rev_orth,43,43,0.1710893436505018,0.20372258103393023
2004-08-31,blend,43,43,0.3536784105406938,0.2250915545078376
2004-09-30,mom,49,49,-0.39501084109229795,-0.3965099381463174
2004-09-30,rev,43,43,-0.21565897231732828,-0.2606660129760366
2004-09-30,rev_alt,41,41,-0.2950611972521357,-0.3133548230376381
2004-09-30,rev_orth,43,43,-0.11142502407947104,-0.14860681156918887
2004-09-30,blend,43,43,-0.43288126493680684,-0.4000604104133957
2004-10-31,mom,49,49,0.5053766424066098,0.36577463722711323
2004-10-31,rev,43,43,0.060517921604000324,0.03088307473790862
2004-10-31,rev_alt,41,41,0.20042621927752455,0.23023650877712792
2004-10-31,rev_orth,43,43,-0.032249310873644244,-0.0834371579104866
2004-10-31,blend,43,43,0.39734547396859055,0.3776947184328091
2004-11-30,mom,49,49,-0.25497580848807455,-0.1592428187184307
2004-11-30,rev,43,43,-0.3178042909143358,-0.2496413206543386
2004-11-30,rev_alt,43,43,-0.183835902706809,-0.1361473990138453
2004-11-30,rev_orth,43,43,-0.30740060991008866,-0.24511062517966825
2004-11-30,blend,43,43,-0.08358747354359948,-0.05293362546239909
2004-12-31,mom,49,49,0.49910543567851606,0.42802112312711016
2004-12-31,rev,42,42,-0.05714609962572209,-0.06028929140721083
2004-12-31,rev_alt,42,42,0.25384526141742136,0.3635184963074567
2004-12-31,rev_orth,42,42,-0.0731059822321265,-0.08257363970960731
2004-12-31,blend,42,42,0.5335872895591701,0.46918682425772945
2005-01-31,mom,49,49,0.5560257761466597,0.39480599007719375
2005-01-31,rev,42,42,0.09543178317100372,0.031603257592489546
2005-01-31,rev_alt,42,42,0.23284123656092676,0.0546169118393281
2005-01-31,rev_orth,42,42,0.14677818777076362,0.04319111870973571
2005-01-31,blend,42,42,0.48419227504655143,0.3704874197765698
2005-02-28,mom,49,49,-0.0019487283121633562,0.0530142614507816
2005-02-28,rev,43,43,-0.15503487563807236,-0.20109496070105876
2005-02-28,rev_alt,35,35,-0.06184129156729871,-0.1521114927744524
2005-02-28,rev_orth,43,43,-0.1511935940113293,-0.2269964145202338
2005-02-28,blend,43,43,-0.031006529086102783,-0.02272984722907198
2005-03-31,mom,49,49,-0.1296644644702057,-0.11153345752245354
2005-03-31,rev,43,43,-0.04271385178621472,-0.12375882517220592
2005-03-31,rev_alt,32,32,0.16924977231736768,0.012647786690458141
2005-03-31,rev_orth,43,43,-0.01891744055353782,-0.12020991438325311
2005-03-31,blend,43,43,-0.10158046021097039,-0.07649035381296193
2005-04-30,mom,49,49,0.1090930588014894,0.028215005494015007
2005-04-30,rev,43,43,-0.14739036679707493,-0.0898554008266779
2005-04-30,rev_alt,31,31,-0.22774383269486467,0.0032261316828938237
2005-04-30,rev_orth,43,43,-0.20827275447600552,-0.12300373777030107
2005-04-30,blend,43,43,0.11501911663389117,0.04387057805067215
2005-05-31,mom,49,49,0.32885715153577794,0.18061224489795918
2005-05-31,rev,43,43,0.10385698372576994,0.1085774690425853
2005-05-31,rev_alt,41,41,0.2676487337392612,0.318815331010453
2005-05-31,rev_orth,43,43,-0.03808854925846847,-0.035336756266988824
2005-05-31,blend,43,43,0.3733540918571897,0.19797644216248866
2005-06-30,mom,49,49,0.10060945659059078,-0.023112834518605425
2005-06-30,rev,43,43,0.06664915512940184,0.08472080649372486
2005-06-30,rev_alt,42,42,0.28973665429360473,0.223257698541329
2005-06-30,rev_orth,43,43,0.03915350425466831,0.12383433391239641
2005-06-30,blend,43,43,0.13120013391361524,-0.0477970325405774
2005-07-31,mom,49,49,0.20064237354958292,0.011378131552133948
2005-07-31,rev,44,44,0.11762674205374082,0.07759258611533448
2005-07-31,rev_alt,42,42,0.3228528050400681,0.21498318562275578
2005-07-31,rev_orth,44,44,0.05624184821188846,0.08886852960166829
2005-07-31,blend,44,44,0.15594427317620932,-0.037210613504901555
2005-08-31,mom,49,49,0.1646854820477693,0.3103298730930257
2005-08-31,rev,43,43,0.025461170993839752,0.16734000484924755
2005-08-31,rev_alt,42,42,0.03416577827441841,0.049920985822061496
2005-08-31,rev_orth,43,43,-0.01731528766418919,0.11621672719449096
2005-08-31,blend,43,43,0.12972534748442602,0.2679353579607972
2005-09-30,mom,49,49,-0.3258759130134066,-0.22102040816326532
2005-09-30,rev,42,42,-0.29179021812289085,-0.4224130945628394
2005-09-30,rev_alt,42,42,-0.14466017853930863,-0.11401020986954057
2005-09-30,rev_orth,42,42,-0.25156241025698545,-0.3634227372174054
2005-09-30,blend,42,42,-0.40061554184552844,-0.2898468519568917
2005-10-31,mom,49,49,-0.16366664914712525,-0.08781060269606512
2005-10-31,rev,43,43,-0.052282594913577396,-0.057086762980846945
2005-10-31,rev_alt,43,43,0.06208907206679371,0.035112889928695545
2005-10-31,rev_orth,43,43,-0.01744986817555915,0.008910367766851772
2005-10-31,blend,43,43,-0.10102839627631625,-0.007777693898184173
2005-11-30,mom,49,49,0.05502066121663099,0.1716326530612245
2005-11-30,rev,43,43,0.1170507958623164,0.00347327091513138
2005-11-30,rev_alt,42,42,0.10136493043297984,0.1807058062339787
2005-11-30,rev_orth,43,43,0.12077534207597246,0.039112050739957716
2005-11-30,blend,43,43,0.005961129487107003,0.21836303231652066
2005-12-31,mom,49,49,0.47492255977539194,0.2988851757394935
2005-12-31,rev,44,44,0.2621227905252518,0.26548734935513424
2005-12-31,rev_alt,42,42,0.2542757972809055,0.3793201251037015
2005-12-31,rev_orth,44,44,0.23807220040143323,0.25434300026361684
2005-12-31,blend,44,44,0.546970982964967,0.3908523910950455
2006-01-31,mom,49,49,-0.4803046118000003,-0.2387755102040816
2006-01-31,rev,45,45,-0.010175101637986586,0.20316205533596837
2006-01-31,rev_alt,42,42,-0.1618566852073262,-0.1479050185568995
2006-01-31,rev_orth,45,45,0.06260362773890357,0.29776021080368903
2006-01-31,blend,45,45,-0.4739755037994293,-0.21897233201581026
2006-02-28,mom,49,49,0.3281404045788852,0.2188321131353171
2006-02-28,rev,43,43,0.36387268403324957,0.38598610691633944
2006-02-28,rev_alt,36,36,0.1559461378924922,0.08803088803088803
2006-02-28,rev_orth,43,43,0.2376170273633511,0.2598912715191785
2006-02-28,blend,43,43,0.34786061650797884,0.2775596496526729
2006-03-31,mom,49,49,0.5403593991395824,0.3771428571428571
2006-03-31,rev,45,45,0.14667171110424748,0.27602108036890644
2006-03-31,rev_alt,33,33,0.11761002946542187,0.14572192513368984
2006-03-31,rev_orth,45,45,-0.11157966687437196,0.07048748353096179
2006-03-31,blend,45,45,0.5520497408150324,0.36837944664031613
2006-04-30,mom,49,49,-0.5122333242307346,-0.5169273160342365
2006-04-30,rev,45,45,-0.21653260608878347,-0.17437992038182956
2006-04-30,rev_alt,33,33,-0.15845898484318066,-0.0925879505196348
2006-04-30,rev_orth,45,45,0.058124421543542706,0.10224315694469191
2006-04-30,blend,45,45,-0.5144455315440511,-0.5305181332961366
2006-05-31,mom,49,49,-0.09318102295683678,-0.0812286341139854
2006-05-31,rev,46,46,-0.032117840060834534,-0.07554966237518417
2006-05-31,rev_alt,41,41,0.1157639964674933,-0.029008232093372534
2006-05-31,rev_orth,46,46,-0.012441893961002676,-0.09466835244563893
2006-05-31,blend,46,46,-0.05744631918445167,-0.03737510793141729
2006-06-30,mom,49,49,-0.2860714704676619,-0.19418862732408881
2006-06-30,rev,47,47,0.11475303435197261,0.07059639793647032
2006-06-30,rev_alt,43,43,0.05839377342328783,-0.05557233464210208
2006-06-30,rev_orth,47,47,0.326160130676463,0.3001850138760407
2006-06-30,blend,47,47,-0.2918081214157187,-0.1991269406168745
2006-07-31,mom,49,49,-0.39582521371565077,-0.39399969437479077
2006-07-31,rev,46,46,-0.19250209630855114,-0.18305168407825737
2006-07-31,rev_alt,44,44,-0.03542251515637576,-0.3946153577528662
2006-07-31,rev_orth,46,46,-0.05242630241602338,-0.018379178522682175
2006-07-31,blend,46,46,-0.37776361867318525,-0.41192796427179273
2006-08-31,mom,49,49,-0.1795377326412606,-0.041226593247193855
2006-08-31,rev,46,46,0.33705685290369725,0.11897125963172454
2006-08-31,rev_alt,45,45,0.16314948885376365,0.05283615532910177
2006-08-31,rev_orth,46,46,0.3705842121296351,0.16596768256556288
2006-08-31,blend,46,46,-0.15844367049455266,-0.04693474783812462
2006-09-30,mom,49,49,-0.05415551519352453,-0.024183673469387754
2006-09-30,rev,45,45,-0.24028738687073917,-0.18616600790513835
2006-09-30,rev_alt,44,44,-0.2164101196486673,-0.05243128964059196
2006-09-30,rev_orth,45,45,-0.22483037214102136,-0.19499341238471674
2006-09-30,blend,45,45,-0.09870643250533222,-0.07760210803689063
2006-10-31,mom,49,49,0.04190319633798809,-0.0436734693877551
2006-10-31,rev,45,45,-0.21248838000141157,-0.23188405797101447
2006-10-31,rev_alt,44,44,-0.28857935559846093,0.055111173789456465
2006-10-31,rev_orth,45,45,-0.2629750603875258,-0.2342555994729908
2006-10-31,blend,45,45,0.05312736464618392,-0.0380764163372859
2006-11-30,mom,49,49,0.12546912999924034,0.0004081632653061224
2006-11-30,rev,45,45,0.383229741998459,0.22015810276679837
2006-11-30,rev_alt,45,45,0.5382121641825001,0.21311637417273088
2006-11-30,rev_orth,45,45,0.35283315606920057,0.24123847167325427
2006-11-30,blend,45,45,0.15143553261911302,0.015415019762845848
2006-12-31,mom,49,49,0.18847766328949697,0.09178805584761844
2006-12-31,rev,46,46,-0.037118777954788115,-0.055505874398094485
2006-12-31,rev_alt,45,45,-0.08938149518695288,-0.22359102749373994
2006-12-31,rev_orth,46,46,-0.1006491895553436,-0.11292361780323444
2006-12-31,blend,46,46,0.2317389294949283,0.14129328694003832
2007-01-31,mom,49,49,-0.16675628745801369,-0.21873565006277237
2007-01-31,rev,47,47,-0.15916768076415153,-0.21908065951625563
2007-01-31,rev_alt,45,45,-0.10740238756183057,-0.251523436349764
2007-01-31,rev_orth,47,47,-0.12079862252124854,-0.15362821650427322
2007-01-31,blend,47,47,-0.1375071493249912,-0.1713211913820706
2007-02-28,mom,49,49,0.5522540068327193,0.5343503662546459
2007-02-28,rev,47,47,0.17286956882784255,0.3264432946349807
2007-02-28,rev_alt,38,38,0.2565875400810582,0.24521282416019255
2007-02-28,rev_orth,47,47,-0.04500768763321528,0.0052614842032914
2007-02-28,blend,47,47,0.523145000773529,0.4955046112330472
2007-03-31,mom,49,49,-0.20256263797579488,-0.12918696909737074
2007-03-31,rev,46,46,-0.053390747352663095,-0.02158561782148119
2007-03-31,rev_alt,33,33,0.09347812712649659,0.30815508021390375
2007-03-31,rev_orth,46,46,0.015324947439627035,0.055567547591870145
2007-03-31,blend,46,46,-0.2585695907543637,-0.17212988382786856
2007-04-30,mom,49,49,-0.07986734056565144,-0.09510446698163467
2007-04-30,rev,46,46,-0.015448347519714307,-0.0057356070211364305
2007-04-30,rev_alt,33,33,-0.27118354908554365,-0.20655080213903745
2007-04-30,rev_orth,46,46,0.019534480824906053,0.02614943416088007
2007-04-30,blend,46,46,-0.0769685119098365,-0.10484442941862292
2007-05-31,mom,49,49,0.2307122425390591,0.025714285714285714
2007-05-31,rev,46,46,0.22469365288523116,0.2860931236509405
2007-05-31,rev_alt,39,39,0.313688339680004,0.11396761133603239
2007-05-31,rev_orth,46,46,0.180334400691605,0.25032377428307123
2007-05-31,blend,46,46,0.15034289723661798,-0.07554733271662042
2007-06-30,mom,49,49,0.16403135629612647,0.10189035437892943
2007-06-30,rev,47,47,0.2158686561218299,0.07082767196738422
2007-06-30,rev_alt,45,45,0.25736751603017627,0.24427682084466343
2007-06-30,rev_orth,47,47,0.17108163667366927,0.091411060718722
2007-06-30,blend,47,47,0.1741086049123386,0.12332687698484127
2007-07-31,mom,49,49,-0.1121030098762088,-0.1659778562291109
2007-07-31,rev,47,47,0.024043906636959236,0.013587742144713665
2007-07-31,rev_alt,46,46,0.13307931023457525,-0.05304221793005431
2007-07-31,rev_orth,47,47,0.12482699669951519,0.12772477616030845
2007-07-31,blend,47,47,-0.20069140178732212,-0.21237351871290763
2007-08-31,mom,49,49,0.26697594276253184,0.23133243202507062
2007-08-31,rev,48,48,0.13339080919218388,0.2806741391106099
2007-08-31,rev_alt,47,47,-0.027460202285674806,0.262330153223475
2007-08-31,rev_orth,48,48,0.07610342720622029,0.16896897989776224
2007-08-31,blend,48,48,0.21890384057046744,0.19529405386191728
2007-09-30,mom,49,49,0.19822658843863583,0.1490854359014681
2007-09-30,rev,48,48,0.1593949384012272,0.029853176660382025
2007-09-30,rev_alt,47,47,-0.44939614558157287,-0.0700202370627349
2007-09-30,rev_orth,48,48,0.13734556453168328,0.025022389891702024
2007-09-30,blend,48,48,0.11286241008047393,0.08939669447208944
2007-10-31,mom,49,49,0.005972218472168514,0.11587621505416552
2007-10-31,rev,48,48,0.1987463645886065,0.12533246503834997
2007-10-31,rev_alt,47,47,-0.009250665581641088,0.09569516324216712
2007-10-31,rev_orth,48,48,0.21186759517095122,0.1311947024676015
2007-10-31,blend,48,48,-0.04084963791513781,0.06931552960327973
2007-11-30,mom,49,49,0.4432711628384931,0.440674507146126
2007-11-30,rev,48,48,-0.054717059143916086,0.15165002171081196
2007-11-30,rev_alt,48,48,-0.09394256990340485,0.08440307219435281
2007-11-30,rev_orth,48,48,-0.02307764930296903,0.18345636126791143
2007-11-30,blend,48,48,0.31469967384188835,0.3885149804602692
2007-12-31,mom,49,49,-0.23032932153712946,-0.33526365479416387
2007-12-31,rev,48,48,-0.4567829186655592,-0.43193660442900567
2007-12-31,rev_alt,45,45,-0.3303831657403917,-0.42766798418972335
2007-12-31,rev_orth,48,48,-0.3884771055886747,-0.3547546678245766
2007-12-31,blend,48,48,-0.3575649924562231,-0.4154363873208858
2008-01-31,mom,49,49,0.6976280168387013,0.775529988262257
2008-01-31,rev,48,48,0.316264276742463,0.24506744113022697
2008-01-31,rev_alt,45,45,0.3316086183619628,0.37444005270092223
2008-01-31,rev_orth,48,48,0.10955997976557566,0.05216164140114023
2008-01-31,blend,48,48,0.7399567649856016,0.7688007167593655
2008-02-29,mom,49,49,-0.31170013221452525,-0.20081632653061224
2008-02-29,rev,48,48,0.038339406545957015,0.06231003039513678
2008-02-29,rev_alt,38,38,0.16572078138460616,0.11281939065964741
2008-02-29,rev_orth,48,48,0.13895739523318903,0.12983065566652194
2008-02-29,blend,48,48,-0.2715637456324607,-0.17553191489361702
2008-03-31,mom,49,49,0.23256228341190688,0.12520727573655124
2008-03-31,rev,48,48,-0.05150832202510161,-0.011506730351715153
2008-03-31,rev_alt,33,33,-0.029259666536020364,-0.031419737721464516
2008-03-31,rev_orth,48,48,-0.16784344321465822,-0.1783543204515849
2008-03-31,blend,48,48,0.25165052075606403,0.14437689969604864
2008-04-30,mom,49,49,0.5562457439775208,0.4400622466290768
2008-04-30,rev,48,48,0.12296031440566245,0.12000977017473573
2008-04-30,rev_alt,31,31,0.19084281350097007,0.16555757209114738
2008-04-30,rev_orth,48,48,-0.10827168971886117,-0.0278448720486836
2008-04-30,blend,48,48,0.5157061781469605,0.38923114514836277
2008-05-31,mom,49,49,0.678664238381931,0.6499821427920823
2008-05-31,rev,48,48,0.3168473871244055,0.3672040389711726
2008-05-31,rev_alt,39,39,0.56016048142975,0.3440457517438156
2008-05-31,rev_orth,48,48,-0.13087536754226956,-0.021494870573922298
2008-05-31,blend,48,48,0.6933752746942834,0.6186831686908241
2008-06-30,mom,49,49,-0.44843224861591735,-0.22801602089105438
2008-06-30,rev,48,48,-0.3065494167003759,-0.25032566217976554
2008-06-30,rev_alt,46,46,-0.3856992212132787,-0.1737950600598114
2008-06-30,rev_orth,48,48,-0.14343582632053642,-0.16532783326096398
2008-06-30,blend,48,48,-0.43704808493390646,-0.21602257924446375
2008-07-31,mom,49,49,-0.5391447013068753,-0.4832653061224489
2008-07-31,rev,48,48,-0.2181026621663678,-0.23187147199305255
2008-07-31,rev_alt,47,47,-0.05251233180496241,-0.15691942997508637
2008-07-31,rev_orth,48,48,0.017152869249704467,0.08065566652192792
2008-07-31,blend,48,48,-0.5318764293103785,-0.46450282240555796
2008-08-31,mom,49,49,-0.48958983311004467,-0.3074489795918367
2008-08-31,rev,47,47,-0.03510227059345544,0.010638297872340425
2008-08-31,rev_alt,46,46,-0.17784244890681936,-0.21122417514646932
2008-08-31,rev_orth,47,47,0.10369193021345435,0.07227104532839965
2008-08-31,blend,47,47,-0.5011195511155343,-0.3011100832562442
2008-09-30,mom,49,49,0.24227486843770343,0.31010204081632653
2008-09-30,rev,47,47,0.22217291280682358,0.18397317298797414
2008-09-30,rev_alt,47,47,0.11414515096894193,0.1778445883441258
2008-09-30,rev_orth,47,47,0.18363639772081505,0.16581868640148012
2008-09-30,blend,47,47,0.22682833320883738,0.2854995374653099
2008-10-31,mom,49,49,0.11812466764167728,0.11561224489795917
2008-10-31,rev,47,47,-0.024677483447674724,-0.02197039777983349
2008-10-31,rev_alt,47,47,-0.170345255442337,-0.1108926919518964
2008-10-31,rev_orth,47,47,-0.08138355702259346,-0.005087881591119335
2008-10-31,blend,47,47,0.12415741040596694,0.12141535615171138
2008-11-30,mom,49,49,-0.35815637252681976,-0.2758743846403963
2008-11-30,rev,47,47,-0.04204458788879302,0.03521147120664244
2008-11-30,rev_alt,46,46,-0.09581928964492764,-0.09905020352781548
2008-11-30,rev_orth,47,47,0.13978902908486124,0.17148969392266256
2008-11-30,blend,47,47,-0.28667165196426575,-0.20895608693071557
2008-12-31,mom,49,49,0.29431147684386866,0.29164009295441196
2008-12-31,rev,47,47,0.26681982929502646,0.28891908311919917
2008-12-31,rev_alt,45,45,0.5494668634374688,0.3974439212933804
2008-12-31,rev_orth,47,47,0.2075431852515099,0.1868115984707089
2008-12-31,blend,47,47,0.28785303369351267,0.28475615056274883
2009-01-31,mom,49,49,0.24269918964028006,0.24220623532726393
2009-01-31,rev,44,44,-0.1562425795412722,-0.052644561151820944
2009-01-31,rev_alt,43,43,0.20093821792720806,0.02189753465524083
2009-01-31,rev_orth,44,44,-0.25425673725147446,-0.14813770755171032
2009-01-31,blend,44,44,0.14542821311565068,0.18809683228140578
2009-02-28,mom,49,49,-0.4144535152523724,-0.4394897959183673
2009-02-28,rev,45,45,-0.27590361436993494,-0.23504611330698283
2009-02-28,rev_alt,37,37,-0.09359949003666743,-0.21692745376955902
2009-02-28,rev_orth,45,45,-0.14341681403789358,-0.10144927536231883
2009-02-28,blend,45,45,-0.42160664260976777,-0.4407114624505929
2009-03-31,mom,49,49,-0.8084674630013767,-0.8361224489795916
2009-03-31,rev,46,46,-0.5368648410256146,-0.4769041011409189
2009-03-31,rev_alt,30,30,-0.4198854557288585,-0.4107242210308083
2009-03-31,rev_orth,46,46,-0.14395634357466003,0.008942337341967314
2009-03-31,blend,46,46,-0.7971355374538223,-0.8063521430773973
2009-04-30,mom,49,49,-0.025356171369489047,-0.014235420193028573
2009-04-30,rev,46,46,-0.3451466979480259,-0.3200222025019026
2009-04-30,rev_alt,29,29,0.1909828578956562,-0.028578467602857847
2009-04-30,rev_orth,46,46,-0.3636419977825134,-0.3417928399047107
2009-04-30,blend,46,46,-0.07864872662072517,-0.09207807830706118
2009-05-31,mom,49,49,0.250766051466764,0.3119467334365421
2009-05-31,rev,45,45,0.21435210234022442,0.23749135359897833
2009-05-31,rev_alt,39,39,0.4451896614974389,0.4170251536288674
2009-05-31,rev_orth,45,45,0.09547791945448361,0.09302019175638207
2009-05-31,blend,45,45,0.25804024081173355,0.3275470208305465
2009-06-30,mom,49,49,-0.42156019451469373,-0.46734693877551015
2009-06-30,rev,46,46,-0.49219731755526386,-0.4766574159728646
2009-06-30,rev_alt,45,45,-0.1543315334938748,-0.31357048748353095
2009-06-30,rev_orth,46,46,-0.312157963760417,-0.18482886216466235
2009-06-30,blend,46,46,-0.42653485993495144,-0.4659266111625038
2009-07-31,mom,49,49,-0.3396099628959808,-0.3856319204978851
2009-07-31,rev,46,46,-0.3852786691931863,-0.34951276740952986
2009-07-31,rev_alt,46,46,-0.15808264830827104,-0.2817935123158888
2009-07-31,rev_orth,46,46,-0.3167922227525013,-0.30806710308992435
2009-07-31,blend,46,46,-0.3142594365207513,-0.35518687621519013
2009-08-31,mom,49,49,-0.18396858158382795,-0.15255102040816323
2009-08-31,rev,45,45,-0.33646651258746774,-0.27299077733860344
2009-08-31,rev_alt,45,45,-0.3547800929034247,-0.15362318840579708
2009-08-31,rev_orth,45,45,-0.2427631357747615,-0.24808959156785243
2009-08-31,blend,45,45,-0.24058993412628882,-0.20909090909090908
2009-09-30,mom,49,49,0.3519051228161824,0.33990663038178665
2009-09-30,rev,44,44,0.1820255378090601,0.20719546156138366
2009-09-30,rev_alt,44,44,-0.03089336950741004,0.07385742983548642
2009-09-30,rev_orth,44,44,0.1080409806522327,0.1166355404367653
2009-09-30,blend,44,44,0.3023255334552176,0.2825328589794514
2009-10-31,mom,49,49,0.14009830006723825,-0.036480522474178545
2009-10-31,rev,44,44,-0.1765961892341655,-0.19112724209335796
2009-10-31,rev_alt,44,44,-0.09902065825735548,-0.17935797607949708
2009-10-31,rev_orth,44,44,-0.2266712787432832,-0.2191761515156133
2009-10-31,blend,44,44,0.2517771577765819,0.0005637971743166901
2009-11-30,mom,49,49,0.11853656880161008,0.23448979591836733
2009-11-30,rev,44,44,-0.2475622245392738,-0.21663143058491896
2009-11-30,rev_alt,44,44,0.1826196957254111,0.20296698275400848
2009-11-30,rev_orth,44,44,-0.23235310106271714,-0.14066243833685693
2009-11-30,blend,44,44,0.0927415188558887,0.1835095137420719
2009-12-31,mom,49,49,-0.3551610270541071,-0.3436822369035897
2009-12-31,rev,44,44,-0.09116190780008548,-0.06899467920700496
2009-12-31,rev_alt,43,43,-0.13103677093116578,-0.19670026819621503
2009-12-31,rev_orth,44,44,-0.11912564561914524,-0.10366820542748141
2009-12-31,blend,44,44,-0.36723261269806384,-0.34194298622307256
2010-01-31,mom,49,49,0.4806599485467119,0.5358946892020756
2010-01-31,rev,43,43,0.24433906058991198,0.19512195177580488
2010-01-31,rev_alt,42,42,0.23792535246337235,0.20397082724996926
2010-01-31,rev_orth,43,43,0.1889599588560028,0.1359963758313563
2010-01-31,blend,43,43,0.41510893440763025,0.47119232936572075
2010-02-28,mom,49,49,0.47040013923102764,0.44884943167767866
2010-02-28,rev,47,47,0.060222396623275706,0.08840705420964763
2010-02-28,rev_alt,34,34,-0.03681708807231614,0.0019864008003575933
2010-02-28,rev_orth,47,47,-0.016633865046665357,0.004799074885154189
2010-02-28,blend,47,47,0.4361912064087057,0.4230124320456391
2010-03-31,mom,49,49,0.3403625969913876,0.27826530612244893
2010-03-31,rev,47,47,0.12708451389364395,-0.008325624421831638
2010-03-31,rev_alt,30,30,0.32317215964736545,0.37664071190211346
2010-03-31,rev_orth,47,47,0.06134016558314001,-0.050069380203515264
2010-03-31,blend,47,47,0.31275037760705693,0.2332331174838113
2010-04-30,mom,49,49,-0.0679882822984597,-0.17388642300301568
2010-04-30,rev,48,48,0.03140575873239819,0.01888943171647717
2010-04-30,rev_alt,29,29,-0.2471806913604164,-0.1145461272390937
2010-04-30,rev_orth,48,48,0.049714402328712826,0.03761602350436403
2010-04-30,blend,48,48,-0.05676210068901982,-0.15431797232742703
2010-05-31,mom,49,49,-0.4335532619801139,-0.39369355630612357
2010-05-31,rev,48,48,-0.297682938586538,-0.24757097143348386
2010-05-31,rev_alt,43,43,-0.24058569691877496,-0.4507457054373968
2010-05-31,rev_orth,48,48,-0.0681235140095311,-0.10101503570219546
2010-05-31,blend,48,48,-0.4190665438090893,-0.34896596696905674
2010-06-30,mom,49,49,0.13029707107378782,0.2575575908386759
2010-06-30,rev,48,48,0.08315183617214196,0.08342605914001303
2010-06-30,rev_alt,47,47,0.14452870217586544,0.11899048890520551
2010-06-30,rev_orth,48,48,0.05178148695513441,0.0494477162501964
2010-06-30,blend,48,48,0.13522436001038413,0.27155535060343866
2010-07-31,mom,49,49,0.3880960969272903,0.13795918367346935
2010-07-31,rev,48,48,-0.030362768310760083,-0.032023447676943116
2010-07-31,rev_alt,47,47,-0.2716186869826094,-0.32608695652173914
2010-07-31,rev_orth,48,48,-0.15433973391036976,-0.10030395136778116
2010-07-31,blend,48,48,0.4105458530338985,0.15371254884932695
2010-08-31,mom,49,49,0.3234442121231696,0.21071428571428566
2010-08-31,rev,47,47,0.44884163887826967,0.33175300647548567
2010-08-31,rev_alt,46,46,0.014645769219261577,0.16645081714461918
2010-08-31,rev_orth,47,47,0.3408323579141511,0.2817992599444959
2010-08-31,blend,47,47,0.31491639713312997,0.22583256244218317
2010-09-30,mom,49,49,0.025837086620197416,0.17826530612244895
2010-09-30,rev,47,47,0.10933681462146622,0.08996299722479184
2010-09-30,rev_alt,46,46,-0.06532479042001559,-0.16225716928769657
2010-09-30,rev_orth,47,47,0.10595176078630146,0.07654949121184089
2010-09-30,blend,47,47,0.022558591736100708,0.18027289546716002
2010-10-31,mom,49,49,0.19988018082673017,0.22959769389343138
2010-10-31,rev,47,47,0.035813555737811795,0.07828625946435774
2010-10-31,rev_alt,47,47,-0.1880208768418108,-0.07586007516623303
2010-10-31,rev_orth,47,47,-0.05807940487385238,-0.05255702352518552
2010-10-31,blend,47,47,0.22689841886911366,0.25532653012895407
2010-11-30,mom,49,49,-0.46567821039842994,-0.34642857142857136
2010-11-30,rev,47,47,-0.19817320953055878,-0.16998149861239592
2010-11-30,rev_alt,47,47,-0.24485434854684512,-0.06741443108233117
2010-11-30,rev_orth,47,47,0.08223070046966029,0.14858926919518964
2010-11-30,blend,47,47,-0.47441519711053365,-0.35846438482886217
2010-12-31,mom,49,49,-0.2873187744124316,-0.2623536315555609
2010-12-31,rev,46,46,-0.2518675413659528,-0.1620104841196423
2010-12-31,rev_alt,44,44,-0.3813288404132352,-0.27455954897815366
2010-12-31,rev_orth,46,46,-0.1816807807116923,-0.1169904409497379
2010-12-31,blend,46,46,-0.26493715481315183,-0.2070305272895467
2011-01-31,mom,49,49,0.023789818494450977,0.13122448979591836
2011-01-31,rev,47,47,0.10306173642490535,-0.010522664199814985
2011-01-31,rev_alt,44,44,0.07103629049520105,0.03270023611036803
2011-01-31,rev_orth,47,47,0.1029418268016442,-0.00578168362627197
2011-01-31,blend,47,47,0.00375978509599062,0.12303422756706754
2011-02-28,mom,49,49,0.35365454530026685,0.27424168992826525
2011-02-28,rev,47,47,0.12056155166118408,0.12297996593847042
2011-02-28,rev_alt,38,38,-0.07095507545170393,0.08196093463052952
2011-02-28,rev_orth,47,47,-0.021471157729734267,0.07950044812665577
2011-02-28,blend,47,47,0.3685117278657683,0.284409239516378
2011-03-31,mom,49,49,-0.08080624444255523,0.003622633812562826
2011-03-31,rev,47,47,-0.09328169977075647,-0.19942179854092526
2011-03-31,rev_alt,32,32,0.0740506889169443,0.14757103822662113
2011-03-31,rev_orth,47,47,-0.07676965535419787,-0.18647007836894283
2011-03-31,blend,47,47,-0.0795740021088179,0.0034692107603524255
2011-04-30,mom,49,49,-0.2731567791255747,-0.2229138499156448
2011-04-30,rev,46,46,-0.27040829145499956,-0.20284313432814752
2011-04-30,rev_alt,29,29,-0.07888922531259346,-0.23968469205083476
2011-04-30,rev_orth,46,46,-0.15331224427481221,-0.07314440781793341
2011-04-30,blend,46,46,-0.3272658609450779,-0.2770359864402671
2011-05-31,mom,49,49,0.13711015639259083,0.14061583208228817
2011-05-31,rev,47,47,0.21022709518323343,0.10089329598619222
2011-05-31,rev_alt,43,43,0.13648124173108162,0.12036093186363407
2011-05-31,rev_orth,47,47,0.1896437711089938,0.09881182970796705
2011-05-31,blend,47,47,0.1924735307463302,0.23532132645490106
2011-06-30,mom,49,49,0.011402019665826421,-0.09642857142857142
2011-06-30,rev,45,45,0.3147384408957952,0.2699604743083004
2011-06-30,rev_alt,44,44,0.0356514665060261,0.007751937984496124
2011-06-30,rev_orth,45,45,0.31587471419934077,0.27760210803689067
2011-06-30,blend,45,45,-0.0585768157526487,-0.17417654808959157
2011-07-31,mom,49,49,-0.15493518199746986,-0.1126530612244898
2011-07-31,rev,45,45,0.08599384212924854,0.1206851119894598
2011-07-31,rev_alt,45,45,0.4343851536971866,0.1903820816864295
2011-07-31,rev_orth,45,45,0.1177204882409724,0.18787878787878784
2011-07-31,blend,45,45,-0.1609988756977786,-0.10777338603425558
2011-08-31,mom,49,49,-0.45502839117612637,-0.38405020714310417
2011-08-31,rev,45,45,0.2499582225913309,0.22544304680322483
2011-08-31,rev_alt,45,45,0.4593187833420247,0.26299492777278594
2011-08-31,rev_orth,45,45,0.3008066342369845,0.25350813679100204
2011-08-31,blend,45,45,-0.4772023322261754,-0.41656235679041215
2011-09-30,mom,49,49,0.025415938860594914,-0.12153061224489795
2011-09-30,rev,45,45,-0.3014620970280627,-0.22793148880105402
2011-09-30,rev_alt,45,45,-0.33979442603992627,-0.21673254281949936
2011-09-30,rev_orth,45,45,-0.3050381679353257,-0.2399209486166008
2011-09-30,blend,45,45,0.0005617614913570323,-0.11225296442687746
2011-10-31,mom,49,49,0.40694096756804976,0.3337755102040816
2011-10-31,rev,44,44,-0.03700749867036392,0.03918252290345313
2011-10-31,rev_alt,44,44,0.2639846008937889,0.025369978858350954
2011-10-31,rev_orth,44,44,-0.07747153503258486,-0.017758985200845664
2011-10-31,blend,44,44,0.2915409690249256,0.24876673713883013
2011-11-30,mom,49,49,0.3223166023780131,0.3104671038536733
2011-11-30,rev,45,45,0.4020701156942222,0.32188148507201325
2011-11-30,rev_alt,45,45,0.6291702408655848,0.5848018712616173
2011-11-30,rev_orth,45,45,0.36260470893562174,0.27945584520578803
2011-11-30,blend,45,45,0.33172068238311225,0.3360453244683463
2011-12-31,mom,49,49,-0.5206454430883235,-0.5427551020408163
2011-12-31,rev,45,45,-0.29475634098301784,-0.21146245059288535
2011-12-31,rev_alt,45,45,0.04861785147316491,-0.17035573122529643
2011-12-31,rev_orth,45,45,-0.1559496670166674,-0.11264822134387352
2011-12-31,blend,45,45,-0.5121801048315952,-0.5425559947299078
2012-01-31,mom,49,49,0.23092933049318076,0.027705495214388944
2012-01-31,rev,45,45,0.22072717554317128,0.09025627531280478
2012-01-31,rev_alt,44,44,0.3496255419054545,0.2560434145480726
2012-01-31,rev_orth,45,45,0.18392441221350214,0.12523881705813278
2012-01-31,blend,45,45,0.15693726071461522,-0.016733645203979863
2012-02-29,mom,49,49,0.33238332065953635,0.2622582788249708
2012-02-29,rev,45,45,0.44265013746856957,0.29975624282719837
2012-02-29,rev_alt,38,38,0.3177846010085491,0.23242326455973922
2012-02-29,rev_orth,45,45,0.38189218715740764,0.24006851623347494
2012-02-29,blend,45,45,0.3012882280692498,0.21549509237093756
2012-03-31,mom,49,49,0.28662982420832045,0.3110873007774022
2012-03-31,rev,45,45,-0.10079414288456459,-0.17978786520338996
2012-03-31,rev_alt,32,32,0.38285195859101917,0.23535881319635157
2012-03-31,rev_orth,45,45,-0.18972124716103553,-0.3037749528958707
2012-03-31,blend,45,45,0.27672291501310636,0.30397259437465785
2012-04-30,mom,49,49,0.5977012781500536,0.4576530612244898
2012-04-30,rev,45,45,0.3607366425870431,0.11541501976284585
2012-04-30,rev_alt,31,31,-0.2132157918685873,-0.3358870967741936
2012-04-30,rev_orth,45,45,0.06076867366072837,-0.14123847167325426
2012-04-30,blend,45,45,0.5908863223301811,0.43491436100131753
2012-05-31,mom,49,49,-0.19190852710455986,-0.046276690746964944
2012-05-31,rev,45,45,-0.15194997517809652,-0.13314009032552987
2012-05-31,rev_alt,42,42,0.019669845858420985,-0.0782788380367818
2012-05-31,rev_orth,45,45,-0.04783895078605036,-0.09756579602776334
2012-05-31,blend,45,45,-0.25485576107641944,-0.1339965085215872
2012-06-30,mom,49,49,0.5391139933149733,0.4866326530612244
2012-06-30,rev,45,45,-0.12656137929800654,-0.11343873517786561
2012-06-30,rev_alt,45,45,0.33165421876200324,-0.3351778656126482
2012-06-30,rev_orth,45,45,-0.11291174144222196,-0.10210803689064557
2012-06-30,blend,45,45,0.5054786015834526,0.42872200263504606
2012-07-31,mom,49,49,-0.30295252722036364,-0.3446006276791634
2012-07-31,rev,45,45,-0.03085646521307009,0.014624987655748458
2012-07-31,rev_alt,44,44,0.15320363498150685,0.36075971691589215
2012-07-31,rev_orth,45,45,0.04657297756078849,0.05836819397744654
2012-07-31,blend,45,45,-0.2580397672811367,-0.2820250997939601
2012-08-31,mom,49,49,-0.3358963427331872,-0.128265306122449
2012-08-31,rev,44,44,-0.14789704045391575,-0.09302325581395349
2012-08-31,rev_alt,44,44,-0.020996960571977183,0.06116983791402396
2012-08-31,rev_orth,44,44,-0.03038100865478119,-0.042142353770260745
2012-08-31,blend,44,44,-0.32795220934082303,-0.11458773784355178
2012-09-30,mom,49,49,-0.31303896248633156,0.0010714559048360132
2012-09-30,rev,43,43,-0.47961855107389795,-0.04069921096267175
2012-09-30,rev_alt,43,43,-0.5897085692035084,-0.04311549064876729
2012-09-30,rev_orth,43,43,-0.37366888909626594,-0.17200891015392622
2012-09-30,blend,43,43,-0.31744668241841195,0.02408728812076491
2012-10-31,mom,49,49,0.33929997967645936,-0.052653061224489796
2012-10-31,rev,44,44,0.11055414081948158,-0.2047921071176885
2012-10-31,rev_alt,43,43,0.397466203809767,-0.1576562971911809
2012-10-31,rev_orth,44,44,-0.015924703039438062,-0.09894291754756872
2012-10-31,blend,44,44,0.3006524315701589,-0.11740662438336857
2012-11-30,mom,49,49,-0.1585774108583298,-0.16857142857142854
2012-11-30,rev,44,44,0.10005064967116302,0.0383368569415081
2012-11-30,rev_alt,43,43,-0.17175948803302016,0.041679250981576564
2012-11-30,rev_orth,44,44,0.10459288183820027,0.0383368569415081
2012-11-30,blend,44,44,-0.11772997658903617,-0.0854122621564482
2012-12-31,mom,49,49,0.3670611004409795,0.22367346938775506
2012-12-31,rev,44,44,0.13021538804201369,0.08076109936575053
2012-12-31,rev_alt,43,43,-0.021554837850240358,-0.02068939481219306
2012-12-31,rev_orth,44,44,0.07301794390515456,0.007329105003523607
2012-12-31,blend,44,44,0.39449021112296273,0.20493305144467933
2013-01-31,mom,49,49,0.4149730165980855,0.25763490450732157
2013-01-31,rev,45,45,0.1423529035483902,0.12887073507585017
2013-01-31,rev_alt,43,43,-0.12882160270699278,0.04349796152920229
2013-01-31,rev_orth,45,45,0.18724141087396828,0.16168138234976293
2013-01-31,blend,45,45,0.408882304074631,0.2685465829085712
2013-02-28,mom,49,49,0.3618963929701803,0.29363743086336713
2013-02-28,rev,46,46,0.11275171917610408,0.10312076003330403
2013-02-28,rev_alt,39,39,0.06086469828339585,-0.07014880048587913
2013-02-28,rev_orth,46,46,0.030652144282134905,0.020784507255516418
2013-02-28,blend,46,46,0.33461531658639276,0.2940668563629148
2013-03-31,mom,49,49,0.2999983711584971,-0.055817750470980865
2013-03-31,rev,45,45,0.30103792970594656,0.13656576310975924
2013-03-31,rev_alt,32,32,-0.0775445247902618,-0.04142228739002932
2013-03-31,rev_orth,45,45,0.212853352455114,0.08742053432062254
2013-03-31,blend,45,45,0.3190031496986481,-0.046312460909870116
2013-04-30,mom,49,49,-0.06494487928951163,-0.1355646828166327
2013-04-30,rev,45,45,0.002669686920859185,-0.05929049049627753
2013-04-30,rev_alt,30,30,-0.12167084513749651,0.08988764100565902
2013-04-30,rev_orth,45,45,0.02263611687187035,-0.005402022467438619
2013-04-30,blend,45,45,-0.05861331030259818,-0.1305049574145842
2013-05-31,mom,49,49,0.4957740723954297,0.14031328147250385
2013-05-31,rev,44,44,0.4088034281510593,0.24850236160101954
2013-05-31,rev_alt,41,41,0.7232392540449929,0.17474628702494086
2013-05-31,rev_orth,44,44,0.14108557612515066,0.20642751478428426
2013-05-31,blend,44,44,0.4801685792233189,0.08880118423632576
2013-06-30,mom,49,49,0.3895226406574339,0.37489476003471806
2013-06-30,rev,44,44,-0.04526401281030197,-0.069427313853206
2013-06-30,rev_alt,43,43,-0.11727517520263926,-0.16040479083605358
2013-06-30,rev_orth,44,44,-0.1806458589296667,-0.22068722809582533
2013-06-30,blend,44,44,0.21431083832016123,0.25740969562630284
2013-07-31,mom,49,49,-0.3099244041621111,-0.17877551020408164
2013-07-31,rev,44,44,-0.4003973196241237,-0.33150105708245237
2013-07-31,rev_alt,44,44,-0.5572008920519916,-0.17434813248766737
2013-07-31,rev_orth,44,44,-0.2431327376756584,-0.1997181113460183
2013-07-31,blend,44,44,-0.35947060376870676,-0.23875968992248062
2013-08-31,mom,49,49,0.5745694884620713,0.3921428571428571
2013-08-31,rev,45,45,0.26468119836217385,0.18945981554677202
2013-08-31,rev_alt,44,44,0.2791785136915289,0.021212868683665467
2013-08-31,rev_orth,45,45,-0.04139899044713628,-0.019367588932806323
2013-08-31,blend,45,45,0.5315722918558471,0.3152832674571805
2013-09-30,mom,49,49,-0.026560947378001326,0.03581815403407189
2013-09-30,rev,44,44,-0.21249639089670147,-0.27225315452771937
2013-09-30,rev_alt,43,43,0.12854742515947432,-0.2026654586712634
2013-09-30,rev_orth,44,44,-0.22505987667345018,-0.2793713446926947
2013-09-30,blend,44,44,0.12290978325721322,0.08795545867217028
2013-10-31,mom,49,49,0.633463468495554,0.5127171613189093
2013-10-31,rev,44,44,0.17831171653198208,0.2472250609378686
2013-10-31,rev_alt,43,43,-0.07143932571163378,0.10518367508534646
2013-10-31,rev_orth,44,44,0.11093546520820563,0.1791465521391283
2013-10-31,blend,44,44,0.711151297751305,0.5236971002934155
2013-11-30,mom,49,49,0.07364422526997408,-0.022346938775510205
2013-11-30,rev,44,44,0.009294015033238734,-0.17603946441155743
2013-11-30,rev_alt,44,44,0.09777076395070045,-0.24884597781402912
2013-11-30,rev_orth,44,44,-0.017855625409147896,-0.1715292459478506
2013-11-30,blend,44,44,0.12477974387629302,0.03495419309372797
2013-12-31,mom,49,49,0.16723729220469769,0.19224980235343322
2013-12-31,rev,45,45,0.3088394924761151,0.245264995686268
2013-12-31,rev_alt,44,44,-0.002876367244485145,0.05130735076467685
2013-12-31,rev_orth,45,45,0.27566946563420236,0.23966533825050848
2013-12-31,blend,45,45,0.13082459760713666,0.12918739095911136
2014-01-31,mom,49,49,0.17521258728572642,0.21205163556353673
2014-01-31,rev,45,45,-0.17988983932572128,-0.269187694108117
2014-01-31,rev_alt,42,42,0.192552687187179,0.19926259082033793
2014-01-31,rev_orth,45,45,-0.22077060824914538,-0.32544963506952973
2014-01-31,blend,45,45,0.24582193521564186,0.25891033721118456
2014-02-28,mom,49,49,-0.19203570200241765,-0.2751020408163265
2014-02-28,rev,45,45,-0.01839218639602376,-0.05625823451910408
2014-02-28,rev_alt,38,38,-0.10665668004126955,0.09114782798993326
2014-02-28,rev_orth,45,45,0.07192727658230832,0.037285902503293805
2014-02-28,blend,45,45,-0.15248687438029807,-0.19986824769433462
2014-03-31,mom,49,49,-0.38668003240958737,-0.3216326530612244
2014-03-31,rev,45,45,-0.04654956101275066,0.06930171277997364
2014-03-31,rev_alt,31,31,0.22050069312610787,0.07943548387096776
2014-03-31,rev_orth,45,45,0.10176521047013595,0.230566534914361
2014-03-31,blend,45,45,-0.3677056533410763,-0.29749670619235835
2014-04-30,mom,49,49,0.34428836797225204,0.19934182000925255
2014-04-30,rev,46,46,0.17403634951140692,0.27222547732576563
2014-04-30,rev_alt,31,31,-0.156675269215005,0.12701612903225806
2014-04-30,rev_orth,46,46,0.13092529830440844,0.25612877375031823
2014-04-30,blend,46,46,0.3652435871325139,0.2130808844949072
2014-05-31,mom,49,49,-0.36939393608522064,-0.04433899688759631
2014-05-31,rev,46,46,-0.021741172958174293,0.04415800674337295
2014-05-31,rev_alt,43,43,-0.17495846475992197,-0.18190055511887987
2014-05-31,rev_orth,46,46,0.11750201500678405,0.07665977986314605
2014-05-31,blend,46,46,-0.3878804734491794,-0.06031824349327742
2014-06-30,mom,49,49,0.25316373093973304,0.17378881087715317
2014-06-30,rev,46,46,0.13660217693505217,0.20648822044946283
2014-06-30,rev_alt,43,43,0.36491846368453945,0.05504795001724528
2014-06-30,rev_orth,46,46,0.08168702066284485,0.11594917994175333
2014-06-30,blend,46,46,0.18799873767554737,0.14832860519144508
2014-07-31,mom,49,49,0.03405664832747654,-0.12525829744630534
2014-07-31,rev,45,45,0.12144457215963951,0.08327019998588309
2014-07-31,rev_alt,44,44,0.052002462289067214,0.26998837185090496
2014-07-31,rev_orth,45,45,0.14330817770341697,0.09249316517419294
2014-07-31,blend,45,45,-0.19482714638028945,-0.24875654679327106
2014-08-31,mom,49,49,0.3815397309881656,0.12276449764252219
2014-08-31,rev,45,45,0.411151892665765,0.3551075551813328
2014-08-31,rev_alt,44,44,0.46067150611355245,0.37798217076999274
2014-08-31,rev_orth,45,45,0.27018729965467336,0.34272161448113053
2014-08-31,blend,45,45,0.34277591245440203,0.10000988288780392
2014-09-30,mom,49,49,0.159029971420666,0.12092762236607546
2014-09-30,rev,46,46,0.3092154333454678,0.1810836656221534
2014-09-30,rev_alt,46,46,0.22813446323582545,0.057606315971080124
2014-09-30,rev_orth,46,46,0.2661940445571864,0.1384031831253788
2014-09-30,blend,46,46,0.2071847865077711,0.12144200872275887
2014-10-31,mom,49,49,0.19544950118840193,0.11102040816326529
2014-10-31,rev,46,46,0.2827219453248801,0.17878507554733272
2014-10-31,rev_alt,44,44,0.09542883282850904,0.07131782945736434
2014-10-31,rev_orth,46,46,0.3101526485262935,0.16509404872032069
2014-10-31,blend,46,46,0.0023876802416568504,0.031020659882824545
2014-11-30,mom,49,49,0.2360976787103613,0.0443888874860634
2014-11-30,rev,45,45,0.3478339189586909,0.18241707576021385
2014-11-30,rev_alt,44,44,0.4239687180675233,-0.19126819138693715
2014-11-30,rev_orth,45,45,0.2993327686323837,0.23544912559299544
2014-11-30,blend,45,45,0.19177079063177507,0.00816891202393157
2014-12-31,mom,49,49,0.08138894964606302,0.3183673469387755
2014-12-31,rev,46,46,-0.030592954111070256,0.04520505704594511
2014-12-31,rev_alt,45,45,0.25556239850216256,0.35283267457180495
2014-12-31,rev_orth,46,46,-0.016953852729610752,-0.04693185322232501
2014-12-31,blend,46,46,-0.054087305589621534,0.23613937711995064
2015-01-31,mom,49,49,-0.3450673254548954,-0.1692857142857143
2015-01-31,rev,45,45,0.07771158054583172,-0.00592885375494071
2015-01-31,rev_alt,43,43,0.2592136757077723,0.15931742675928723
2015-01-31,rev_orth,45,45,0.268932639860625,0.17470355731225296
2015-01-31,blend,45,45,-0.2991108327472176,-0.1715415019762846
2015-02-28,mom,49,49,0.2954418029923976,0.20387755102040817
2015-02-28,rev,46,46,0.12611833046622162,0.21097748997841503
2015-02-28,rev_alt,38,38,0.118874960792642,0.2997045628624576
2015-02-28,rev_orth,46,46,-0.07264921709203596,0.10662966389145853
2015-02-28,blend,46,46,0.4407810328308833,0.29053345667591735
2015-03-31,mom,49,49,-0.4725463072543263,-0.42244897959183675
2015-03-31,rev,46,46,-0.23161189894631495,-0.16484736355226642
2015-03-31,rev_alt,33,33,-0.19264365079708223,-0.3562834224598931
2015-03-31,rev_orth,46,46,-0.13006351300293048,-0.05186555658341042
2015-03-31,blend,46,46,-0.5925893095660478,-0.5377119950662966
2015-04-30,mom,49,49,0.7308132461607795,0.5092226460816173
2015-04-30,rev,46,46,0.24712880902601242,0.3540767244923435
2015-04-30,rev_alt,30,30,0.47599788384485264,0.34642340852923537
2015-04-30,rev_orth,46,46,-0.04134662813009054,0.07141976083646295
2015-04-30,blend,46,46,0.6924289646823552,0.4888368086267749
2015-05-31,mom,49,49,0.391777678219937,0.36849759018050504
2015-05-31,rev,46,46,0.007636810233490197,0.0909090910819917
2015-05-31,rev_alt,44,44,0.5200030149316641,0.4729015434491507
2015-05-31,rev_orth,46,46,-0.05203219310616528,0.04841495013525339
2015-05-31,blend,46,46,0.552820118364931,0.45004317342285854
2015-06-30,mom,49,49,0.7034540409391179,0.5406260365543998
2015-06-30,rev,46,46,0.18652808112748073,0.1881649142095403
2015-06-30,rev_alt,44,44,0.6372918523537796,0.4217907610356738
2015-06-30,rev_orth,46,46,0.12241607306985494,0.1433285023346351
2015-06-30,blend,46,46,0.6170840803499541,0.4840112247513839
2015-07-31,mom,49,49,-0.4525300191203405,-0.2154081632653061
2015-07-31,rev,45,45,-0.06983500341147394,-0.05876152832674571
2015-07-31,rev_alt,43,43,-0.2577636061086708,-0.33101781938991237
2015-07-31,rev_orth,45,45,0.05511842389780811,0.0544137022397892
2015-07-31,blend,45,45,-0.2486903896303959,-0.18577075098814227
2015-08-31,mom,49,49,0.6431654068199091,0.46062399565997736
2015-08-31,rev,44,44,0.042499952779281036,0.0012685436422125527
2015-08-31,rev_alt,43,43,0.18761190519271803,0.09914297587010762
2015-08-31,rev_orth,44,44,-0.18822500468149467,-0.1740019029234885
2015-08-31,blend,44,44,0.3649934814481216,0.38930194886567454
2015-09-30,mom,49,49,0.2842801759852641,-0.20030612244897955
2015-09-30,rev,45,45,-0.1543732182548344,-0.10052700922266139
2015-09-30,rev_alt,44,44,-0.20322150403368294,-0.10599013389711062
2015-09-30,rev_orth,45,45,-0.31447930238232236,-0.06903820816864295
2015-09-30,blend,45,45,0.16017465633470124,-0.31159420289855067
2015-10-31,mom,49,49,-0.38562479186787596,-0.05653205440753822
2015-10-31,rev,45,45,-0.14220112740806215,-0.05929049049627753
2015-10-31,rev_alt,44,44,0.33988307468621426,0.15963069983790257
2015-10-31,rev_orth,45,45,-0.06730748644562637,-0.11080733890526533
2015-10-31,blend,45,45,-0.11073052668540911,0.10487828985563756
2015-11-30,mom,49,49,0.5344808127456522,0.4711975106903902
2015-11-30,rev,46,46,0.07471161119432211,0.06858059147853453
2015-11-30,rev_alt,44,44,0.08341079636440354,-0.0019028154633188292
2015-11-30,rev_orth,46,46,-0.024769289023601163,0.005858953408687752
2015-11-30,blend,46,46,0.34542925231916766,0.3993956028911777
2015-12-31,mom,49,49,0.16355419789145642,0.2641904131067084
2015-12-31,rev,45,45,-0.12286671756088038,-0.13689515472362743
2015-12-31,rev_alt,45,45,0.01227650430058462,0.06969926549451291
2015-12-31,rev_orth,45,45,-0.192908449841172,-0.2747784842888595
2015-12-31,blend,45,45,0.06914650533201547,0.1918376759168446
2016-01-31,mom,49,49,-0.5524327635422157,-0.33704081632653055
2016-01-31,rev,44,44,-0.3200125530896111,-0.28921775898520086
2016-01-31,rev_alt,44,44,-0.23936182886350246,-0.3980267794221283
2016-01-31,rev_orth,44,44,-0.07903098691351369,-0.16730091613812542
2016-01-31,blend,44,44,-0.5379751694873198,-0.29330514446793515
2016-02-29,mom,49,49,-0.6184159850342311,-0.4827551020408163
2016-02-29,rev,45,45,-0.2694854961106801,-0.22015810276679837
2016-02-29,rev_alt,39,39,-0.19105845633002488,-0.14190283400809717
2016-02-29,rev_orth,45,45,-0.2113841924263246,-0.15731225296442686
2016-02-29,blend,45,45,-0.4296086910435699,-0.38115942028985506
2016-03-31,mom,49,49,-0.34700971501705835,-0.3992448788258001
2016-03-31,rev,44,44,0.12656591094204087,0.07653276955602537
2016-03-31,rev_alt,29,29,-0.3438569373303203,-0.2162561576354679
2016-03-31,rev_orth,44,44,0.1290053013609334,0.14221282593375617
2016-03-31,blend,44,44,-0.00872824531867375,-0.3581395348837209
2016-04-30,mom,49,49,0.10756086045265584,0.21705742850012025
2016-04-30,rev,44,44,-0.18220962947204541,-0.11931778167626945
2016-04-30,rev_alt,28,28,0.0980611553181059,-0.050355774493705534
2016-04-30,rev_orth,44,44,-0.2458255095016987,-0.24307562256435516
2016-04-30,blend,44,44,0.05878769489187932,0.17908238820992362
2016-05-31,mom,49,49,0.5494612203848027,0.5131763567066961
2016-05-31,rev,44,44,0.32438608216162534,0.21783713322661116
2016-05-31,rev_alt,42,42,0.4835528516623588,0.33215834069644784
2016-05-31,rev_orth,44,44,0.13420451579282558,0.07301173407401138
2016-05-31,blend,44,44,0.6660548339891978,0.5246837453484697
2016-06-30,mom,49,49,-0.35952128443939374,-0.4331343441527582
2016-06-30,rev,44,44,0.1440498010630754,0.027556557965399502
2016-06-30,rev_alt,43,43,0.4914957714970343,0.11704738539587285
2016-06-30,rev_orth,44,44,0.14507329480233944,0.02762703509574579
2016-06-30,blend,44,44,-0.05595636754182548,-0.31087462195748644
2016-07-31,mom,49,49,-0.43963045121316596,-0.1931171714192528
2016-07-31,rev,45,45,-0.5966369285647597,-0.5272900954802281
2016-07-31,rev_alt,43,43,-0.5742549452052547,-0.326436608019331
2016-07-31,rev_orth,45,45,-0.3977470788178222,-0.42287295388400603
2016-07-31,blend,45,45,-0.38019903622475026,-0.16528871183906702
2016-08-31,mom,49,49,0.0788281382954494,0.02051072732114654
2016-08-31,rev,44,44,0.22771169153654014,0.1584214235377026
2016-08-31,rev_alt,43,43,0.31084720051209935,0.23074599818785865
2016-08-31,rev_orth,44,44,0.19118109476124293,0.10204369274136717
2016-08-31,blend,44,44,0.14283957156382876,0.08935870331219167
2016-09-30,mom,49,49,-0.11475994686029362,-0.06357305035360344
2016-09-30,rev,44,44,0.14621455483397083,0.10846048140917328
2016-09-30,rev_alt,44,44,-0.0404786706691061,0.06751709070406653
2016-09-30,rev_orth,44,44,0.14420778562548417,0.11677648973034445
2016-09-30,blend,44,44,-0.10032522371433192,-0.0933084323494122
2016-10-31,mom,49,49,-0.07930239343395179,-0.20321946995056378
2016-10-31,rev,44,44,-0.1195968585307727,-0.15207892882311486
2016-10-31,rev_alt,44,44,0.2723088031101103,0.09823819591261451
2016-10-31,rev_orth,44,44,-0.13784443784113246,-0.16730091613812542
2016-10-31,blend,44,44,-0.3018878527506831,-0.25792811839323465
2016-11-30,mom,49,49,-0.38305794284223754,-0.2025613551711822
2016-11-30,rev,45,45,0.06388130839989942,0.16937316785103282
2016-11-30,rev_alt,44,44,-0.027385929221804217,0.002537176686165339
2016-11-30,rev_orth,45,45,0.06559920964750113,0.17260120566694123
2016-11-30,blend,45,45,-0.18136504179018778,-0.19236470249903376
2016-12-31,mom,49,49,0.1604145119270482,0.1169957650900556
2016-12-31,rev,45,45,-0.14964185302498256,-0.25455383919735153
2016-12-31,rev_alt,44,44,0.12197191072584238,-0.010360138135175133
2016-12-31,rev_orth,45,45,-0.08456428828894101,-0.22840014505621575
2016-12-31,blend,45,45,0.4918088526587527,0.2904575251089862
2017-01-31,mom,49,49,-0.4935910057661731,-0.24245516475146353
2017-01-31,rev,44,44,0.1535261012395941,-0.0016913915229500706
2017-01-31,rev_alt,43,43,-0.17298533267565033,0.0835126666506771
2017-01-31,rev_orth,44,44,0.11365071186016948,0.0027485112247938644
2017-01-31,blend,44,44,-0.3064501397133318,-0.13876457952869536
2017-02-28,mom,49,49,-0.2148749328780889,-0.2587376910352971
2017-02-28,rev,44,44,-0.05271007426162366,-0.00028190852138516116
2017-02-28,rev_alt,39,39,0.005601527450909687,0.13320512188727898
2017-02-28,rev_orth,44,44,-0.015243327604681639,0.029952780397173372
2017-02-28,blend,44,44,-0.4092275547422588,-0.31087462195748644
2017-03-31,mom,49,49,-0.06358115209056517,0.1291359473876166
2017-03-31,rev,44,44,0.06482930889295895,0.06554142151431523
2017-03-31,rev_alt,29,29,-0.047353445541289896,-0.036704027868010664
2017-03-31,rev_orth,44,44,-0.032753526865645706,0.015856795527656908
2017-03-31,blend,44,44,0.16122957272290409,0.19739948565763116
2017-04-30,mom,49,49,0.08473684516280809,0.0014285714285714284
2017-04-30,rev,46,46,-0.09403820451913744,-0.14893617021276595
2017-04-30,rev_alt,31,31,0.18864783915547892,-0.10201612903225808
2017-04-30,rev_orth,46,46,-0.1005236465394598,-0.15954363243909958
2017-04-30,blend,46,46,0.08149727769622514,-0.009189022510021584
2017-05-31,mom,49,49,-0.09918607457130849,0.007296104494835708
2017-05-31,rev,46,46,0.014351293448906843,0.06426346791423829
2017-05-31,rev_alt,40,40,0.014645188140204289,0.13151969981238276
2017-05-31,rev_orth,46,46,0.05461596081045435,0.06568195137107848
2017-05-31,blend,46,46,-0.1169892094741666,-0.023805852797404967
2017-06-30,mom,49,49,-0.078606688287107,0.03796015205704732
2017-06-30,rev,46,46,-0.30689691505050537,-0.17373338686603576
2017-06-30,rev_alt,44,44,0.3343527269346033,0.252440184800298
2017-06-30,rev_orth,46,46,-0.2999226841873563,-0.14419192704749434
2017-06-30,blend,46,46,-0.06728636538645161,0.03823738014090954
2017-07-31,mom,49,49,0.2318054989626348,0.24087349174908654
2017-07-31,rev,46,46,0.34417099192001,0.21579450502103625
2017-07-31,rev_alt,46,46,0.19805690270479637,0.21548613905215794
2017-07-31,rev_orth,46,46,0.27103021583164527,0.1433285023346351
2017-07-31,blend,46,46,0.22956033466948417,0.26630485072330223
2017-08-31,mom,49,49,0.2117531874330634,0.25434322312416785
2017-08-31,rev,46,46,0.07251032149920351,0.024299238347610254
2017-08-31,rev_alt,45,45,-0.22774692018877574,-0.06054217862897671
2017-08-31,rev_orth,46,46,0.041219766138038544,-0.007339110059303604
2017-08-31,blend,46,46,0.230891564217728,0.27493909785189474
2017-09-30,mom,49,49,0.4707649835996732,0.4895782854862844
2017-09-30,rev,45,45,0.042857817693649894,0.03214968054937864
2017-09-30,rev_alt,45,45,0.004944998721757146,0.07833190609264591
2017-09-30,rev_orth,45,45,0.04316649327567562,0.03214968054937864
2017-09-30,blend,45,45,0.5158864967848089,0.5159101401274264
2017-10-31,mom,49,49,-0.18760221337885025,-0.12403377641220703
2017-10-31,rev,45,45,-0.28985212461015664,-0.2621957246390939
2017-10-31,rev_alt,45,45,-0.2766227004565443,-0.29144569995059083
2017-10-31,rev_orth,45,45,-0.31349200457559334,-0.2907210384000808
2017-10-31,blend,45,45,-0.157743622092374,-0.11607760472715667
2017-11-30,mom,49,49,-0.4195390781496182,-0.5002678641389099
2017-11-30,rev,45,45,-0.050586024589632086,-0.11739517118262949
2017-11-30,rev_alt,45,45,0.14894951154275834,0.1756974868373024
2017-11-30,rev_orth,45,45,0.10106827225067211,0.1265522580481657
2017-11-30,blend,45,45,-0.30734823416359347,-0.4415823975517203
2017-12-31,mom,49,49,0.32394375715604196,0.32102859777277115
2017-12-31,rev,46,46,0.12069779745954101,0.13820962725125527
2017-12-31,rev_alt,45,45,0.11425529927201847,0.18604038351276414
2017-12-31,rev_orth,46,46,0.09880873844061762,0.130993863579503
2017-12-31,blend,46,46,0.339569766802465,0.33907921937858165
2018-01-31,mom,49,49,0.13423414995323807,0.2290816326530612
2018-01-31,rev,46,46,-0.3242045684349373,-0.21788467468393463
2018-01-31,rev_alt,44,44,-0.008791519238837336,0.19041578576462298
2018-01-31,rev_orth,46,46,-0.3502551652109167,-0.3117483811285846
2018-01-31,blend,46,46,0.1958293571230434,0.30743139068763486
2018-02-28,mom,49,49,0.0683479182739129,0.03
2018-02-28,rev,46,46,-0.27339681754291445,-0.26401480111008324
2018-02-28,rev_alt,39,39,-0.013671165198982892,-0.10810263691156077
2018-02-28,rev_orth,46,46,-0.2984459788024657,-0.2974406413814369
2018-02-28,blend,46,46,0.08269436475154154,0.03570767807585569
2018-03-31,mom,49,49,0.10250745430834689,0.10357142857142856
2018-03-31,rev,46,46,0.19120410181908265,0.037064446500154176
2018-03-31,rev_alt,27,27,-0.1659055002531037,-0.03907203907203907
2018-03-31,rev_orth,46,46,0.19772659650189067,0.07579401788467467
2018-03-31,blend,46,46,-0.04669755249224242,0.01597286463151403
2018-04-30,mom,49,49,0.46405836165298536,0.40653061224489795
2018-04-30,rev,46,46,0.3316519921524074,0.31507863089731725
2018-04-30,rev_alt,27,27,-0.256479926786828,-0.07020757020757021
2018-04-30,rev_orth,46,46,0.13636259313533072,0.17705827937095284
2018-04-30,blend,46,46,0.4270953968868581,0.3710761640456367
2018-05-31,mom,49,49,-0.24117467773519938,-0.21276052967457976
2018-05-31,rev,45,45,-0.5461268061535874,-0.5336802927892714
2018-05-31,rev_alt,43,43,-0.3270937772736616,-0.2015328275684061
2018-05-31,rev_orth,45,45,-0.513915794329459,-0.5098982182679866
2018-05-31,blend,45,45,-0.17092525701363642,-0.14796271294959926
2018-06-30,mom,49,49,-0.1202601490872961,-0.11826832320999421
2018-06-30,rev,45,45,0.1049574020829132,0.1550116934863789
2018-06-30,rev_alt,44,44,0.05566027220810351,0.050320670942279225
2018-06-30,rev_orth,45,45,0.22235421419834311,0.2275437268601584
2018-06-30,blend,45,45,-0.2462389229396848,-0.19967719632690797
2018-07-31,mom,49,49,0.30629356483340525,0.27189469127957683
2018-07-31,rev,45,45,0.1930529661040407,0.11403537672117378
2018-07-31,rev_alt,44,44,-0.13654960289316403,-0.06082176333779687
2018-07-31,rev_orth,45,45,0.11956689608740399,0.09031918052266276
2018-07-31,blend,45,45,0.2890357193307174,0.24276161942086966
2018-08-31,mom,49,49,0.09865172419651833,0.10250261489597859
2018-08-31,rev,46,46,0.20966892329908654,0.18378611745146842
2018-08-31,rev_alt,44,44,-0.1232780699884654,-0.050320670942279225
2018-08-31,rev_orth,46,46,0.19795383467181166,0.17435011880379234
2018-08-31,blend,46,46,0.059264291453859766,0.05051034570226598
2018-09-30,mom,49,49,-0.22685176623868455,-0.20591836734693875
2018-09-30,rev,46,46,-0.28627451739028453,-0.17829170521122414
2018-09-30,rev_alt,45,45,-0.10683895637006238,-0.09572120299010138
2018-09-30,rev_orth,46,46,-0.13313205064107902,-0.10995991366019119
2018-09-30,blend,46,46,-0.3008393508336551,-0.20826395312981807
2018-10-31,mom,49,49,-0.19970944947348684,-0.2421041893043748
2018-10-31,rev,46,46,0.10421236696151763,-0.07610706811070404
2018-10-31,rev_alt,45,45,-0.08016916302626971,-0.113713476360409
2018-10-31,rev_orth,46,46,0.2912882808351581,0.13476008413443138
2018-10-31,blend,46,46,-0.32707046761176606,-0.3460589620495627
2018-11-30,mom,49,49,0.04060791884368825,0.21091836734693878
2018-11-30,rev,46,46,0.15579945716630486,0.2950971322849214
2018-11-30,rev_alt,45,45,-0.14301922874080336,0.009617918313570487
2018-11-30,rev_orth,46,46,0.1572759304882121,0.22195497995683008
2018-11-30,blend,46,46,0.015767431736496973,0.19050262102991056
2018-12-31,mom,49,49,-0.11342884626782765,-0.1647959183673469
2018-12-31,rev,46,46,0.04274141915181151,-0.02584027135368486
2018-12-31,rev_alt,45,45,-0.1180325473803226,-0.13978919631093542
2018-12-31,rev_orth,46,46,0.0739758905580439,-0.0008017267961763798
2018-12-31,blend,46,46,-0.14043366790246772,-0.19938328707986433
2019-01-31,mom,49,49,-0.0656589476008427,-0.0129598449069149
2019-01-31,rev,46,46,-0.0011968755733276076,0.0646971754036698
2019-01-31,rev_alt,45,45,-0.17110002117743525,-0.024573423862537358
2019-01-31,rev_orth,46,46,-0.015269903636323252,0.06673245356222185
2019-01-31,blend,46,46,0.0469984628012582,0.07413346504786568
2019-02-28,mom,49,49,0.27391970633337276,0.27046608340646217
2019-02-28,rev,46,46,-0.17274811310028526,-0.06802553273455358
2019-02-28,rev_alt,39,39,-0.11925941127624712,-0.06376518218623482
2019-02-28,rev_orth,46,46,-0.2921505204647299,-0.16805945303867495
2019-02-28,blend,46,46,0.2273240256076539,0.2894939715829506
2019-03-31,mom,49,49,0.0107939492536549,-0.04295918367346938
2019-03-31,rev,46,46,-0.1990865985643447,-0.3119950662966389
2019-03-31,rev_alt,30,30,-0.2572601046933972,-0.3935483870967742
2019-03-31,rev_orth,46,46,-0.20355826498954732,-0.31014492753623185
2019-03-31,blend,46,46,0.04075333583336421,-0.04113475177304964
2019-04-30,mom,49,49,0.18452801782319234,0.25357142857142856
2019-04-30,rev,46,46,0.3207005930367265,0.3684859697810669
2019-04-30,rev_alt,28,28,0.5206339353849265,0.4389709906951286
2019-04-30,rev_orth,46,46,0.31690744092344564,0.3612087573234659
2019-04-30,blend,46,46,0.2526322652862904,0.2879432624113475
2019-05-31,mom,49,49,-0.5304310642810173,-0.4881246972174351
2019-05-31,rev,46,46,-0.2990480175414868,-0.29017237671448287
2019-05-31,rev_alt,40,40,-0.4642683343889903,-0.21144465290806758
2019-05-31,rev_orth,46,46,-0.17587258106239007,-0.18797989462821332
2019-05-31,blend,46,46,-0.5448636835893262,-0.44447870754118557
2019-06-30,mom,49,49,0.36765363920936567,0.2423469387755102
2019-06-30,rev,47,47,0.06912899593806628,0.12002775208140612
2019-06-30,rev_alt,43,43,0.043467142978290144,0.17835164432992703
2019-06-30,rev_orth,47,47,-0.05491578580055495,-0.0010407030527289547
2019-06-30,blend,47,47,0.397916701149458,0.2793709528214616
2019-07-31,mom,49,49,0.6052794948519931,0.6432306948698865
2019-07-31,rev,47,47,0.4199494981105626,0.45023271968164974
2019-07-31,rev_alt,44,44,-0.0468902628749708,0.046372317587547764
2019-07-31,rev_orth,47,47,0.18913759128394536,0.24231736589004674
2019-07-31,blend,47,47,0.5688308828008442,0.6034517651621137
2019-08-31,mom,49,49,-0.2344511015033396,-0.32531442139211514
2019-08-31,rev,47,47,-0.04473887965831495,-0.1788326444041791
2019-08-31,rev_alt,45,45,-0.04700223483601021,-0.19157416262575006
2019-08-31,rev_orth,47,47,0.009613050200426063,-0.13384984539142405
2019-08-31,blend,47,47,-0.2201786949720421,-0.304414443190431
2019-09-30,mom,49,49,-0.04856871034009119,-0.15326530612244896
2019-09-30,rev,47,47,0.20779351707235033,0.08591581868640147
2019-09-30,rev_alt,46,46,0.42380274358148995,0.16521739130434782
2019-09-30,rev_orth,47,47,0.2587728081320786,0.23843663274745605
2019-09-30,blend,47,47,-0.030780140502305986,-0.13124421831637373
2019-10-31,mom,49,49,0.09810817493762193,-0.09536200838985807
2019-10-31,rev,47,47,0.155498351850656,0.05533231189615241
2019-10-31,rev_alt,47,47,0.23223358021695145,-0.06527709522545044
2019-10-31,rev_orth,47,47,0.0873862161631396,0.031221994173377534
2019-10-31,blend,47,47,0.19172274063672834,-0.023243040106847725
2019-11-30,mom,49,49,-0.06106193006479238,-0.11189060949073223
2019-11-30,rev,46,46,-0.022552954541712744,-0.03928582443509576
2019-11-30,rev_alt,46,46,0.007130452461035455,0.02066051991484628
2019-11-30,rev_orth,46,46,-0.011701482092755955,-0.034413642126818585
2019-11-30,blend,46,46,-0.16255657108838312,-0.20148632406508302
2019-12-31,mom,49,49,0.5306680775742618,0.35469387755102033
2019-12-31,rev,45,45,0.16310452096059055,0.16666666666666663
2019-12-31,rev_alt,45,45,0.30982435843498124,0.28063241106719367
2019-12-31,rev_orth,45,45,0.1734988044478607,0.1866930171277997
2019-12-31,blend,45,45,0.35932128594208756,0.2971014492753623
2020-01-31,mom,49,49,-0.023219455040097307,0.029898721915900175
2020-01-31,rev,45,45,0.2421955140302187,0.1929576074039965
2020-01-31,rev_alt,45,45,0.053220371620565796,0.07292970551419724
2020-01-31,rev_orth,45,45,0.2617111843531714,0.23452682907416442
2020-01-31,blend,45,45,-0.04159407172258367,0.013109786231954695
2020-02-29,mom,49,49,0.4728845107613975,0.30193877551020404
2020-02-29,rev,46,46,0.33888869337100563,0.27449892075238974
2020-02-29,rev_alt,37,37,-0.0022354344667928627,-0.025367472735893785
2020-02-29,rev_orth,46,46,0.19113302374644092,0.07012025901942645
2020-02-29,blend,46,46,0.47198887095202446,0.2926302806043786
2020-03-31,mom,49,49,0.12788280106890634,0.27572131951113404
2020-03-31,rev,45,45,0.03427882407869948,0.10560295140614763
2020-03-31,rev_alt,28,28,0.09697678629801848,0.19132339032322268
2020-03-31,rev_orth,45,45,-0.003918023791435195,0.05849995062299383
2020-03-31,blend,45,45,0.16484450443539625,0.2961889391902931
2020-04-30,mom,49,49,-0.1796555680653208,-0.2804153168085109
2020-04-30,rev,46,46,-0.3076589155148879,-0.2200499553915568
2020-04-30,rev_alt,29,29,0.07116574357538447,-0.04778913695566489
2020-04-30,rev_orth,46,46,-0.2652348716902324,-0.2522433625424516
2020-04-30,blend,46,46,-0.1575417856109028,-0.24718616065284746
2020-05-31,mom,49,49,0.17362472982121435,0.09642857142857142
2020-05-31,rev,45,45,0.11728308549234237,0.10421607378129116
2020-05-31,rev_alt,42,42,-0.3123804687986444,-0.29017097479944903
2020-05-31,rev_orth,45,45,0.09329033490435673,0.059815546772068504
2020-05-31,blend,45,45,0.07362913656378905,0.0603425559947299
2020-06-30,mom,49,49,0.4130088023837204,0.39359151028323436
2020-06-30,rev,45,45,0.1503788162889676,0.08603708954237604
2020-06-30,rev_alt,43,43,0.16503514120144608,0.08071884326362913
2020-06-30,rev_orth,45,45,0.07281309772447367,0.0412398300562997
2020-06-30,blend,45,45,0.3950374649903057,0.3808425839544226
2020-07-31,mom,49,49,0.3127429759010783,0.0610204081632653
2020-07-31,rev,45,45,0.1219386494837627,-0.02714097496706192
2020-07-31,rev_alt,43,43,-0.3625116495365339,-0.36318332829960737
2020-07-31,rev_orth,45,45,-0.011357594209291388,-0.07220026350461133
2020-07-31,blend,45,45,0.3334632907939008,0.03636363636363636
2020-08-31,mom,49,49,-0.2932047210670271,-0.1618491215802495
2020-08-31,rev,45,45,-0.04362034562766984,-0.10257930675646293
2020-08-31,rev_alt,43,43,-0.18234613864494487,-0.1475440783322089
2020-08-31,rev_orth,45,45,0.04995144973640017,0.09664986705955757
2020-08-31,blend,45,45,-0.1622310907101021,-0.09862634695852601
2020-09-30,mom,49,49,0.00373822522383491,-0.05699270378355883
2020-09-30,rev,45,45,0.03534515568299254,0.08445879193504797
2020-09-30,rev_alt,44,44,0.09765022592357216,-0.0035238565173145147
2020-09-30,rev_orth,45,45,0.08156004969465214,0.13222214930861256
2020-09-30,blend,45,45,-0.16604793545968158,-0.09038803629866289
2020-10-31,mom,49,49,-0.28133479004699097,-0.426734693877551
2020-10-31,rev,45,45,-0.0691305164182971,-0.003820816864295125
2020-10-31,rev_alt,44,44,-0.08541429896757788,0.0420014094432699
2020-10-31,rev_orth,45,45,0.011715373955290792,0.11119894598155468
2020-10-31,blend,45,45,-0.2924106919164461,-0.4026350461133069
2020-11-30,mom,49,49,-0.07017614913521272,-0.07627745608237331
2020-11-30,rev,45,45,-0.018671295344570127,-0.07891963109354413
2020-11-30,rev_alt,45,45,0.2749138134884789,0.24795783926218704
2020-11-30,rev_orth,45,45,-0.11404461175121941,-0.1357048748353096
2020-11-30,blend,45,45,0.2523375474903507,0.07075098814229248
2020-12-31,mom,49,49,0.22642439981720974,0.22623026104966107
2020-12-31,rev,45,45,0.2561337916947912,0.24612141388232536
2020-12-31,rev_alt,45,45,0.3009778898431487,0.2621957246390939
2020-12-31,rev_orth,45,45,0.17195983409689558,0.18926842132867258
2020-12-31,blend,45,45,0.42376311735652994,0.3397345105436702
2021-01-31,mom,49,49,-0.34368659400470936,-0.2130666599331043
2021-01-31,rev,45,45,-0.02694407875154768,-0.05915873385073024
2021-01-31,rev_alt,45,45,-0.09982233919881553,-0.08834283083945352
2021-01-31,rev_orth,45,45,0.05882452735663223,-0.004743239239702202
2021-01-31,blend,45,45,-0.3262081035948776,-0.17681741832445433
2021-02-28,mom,49,49,-0.38532349197352384,-0.423469387755102
2021-02-28,rev,45,45,0.12887986938090407,0.0678524374176548
2021-02-28,rev_alt,42,42,-0.14861060542596455,-0.04124463171542015
2021-02-28,rev_orth,45,45,0.10595116964083467,0.0447957839262187
2021-02-28,blend,45,45,-0.504605853758558,-0.4623340692254174
2021-03-31,mom,49,49,0.17818120567847165,0.13285714285714284
2021-03-31,rev,44,44,0.2706487365180814,0.3055673009161381
2021-03-31,rev_alt,28,28,-0.0575549388185754,0.09304871373836891
2021-03-31,rev_orth,44,44,0.24339644390614437,0.23819591261451728
2021-03-31,blend,44,44,0.1618911890088322,0.09076814658210006
2021-04-30,mom,49,49,-0.1649330472219776,-0.037858108637539134
2021-04-30,rev,44,44,0.028641550036201446,0.041791465546224656
2021-04-30,rev_alt,25,25,-0.30170753610336487,-0.21850356241854188
2021-04-30,rev_orth,44,44,0.09949964983639582,0.12030022206982377
2021-04-30,blend,44,44,-0.16073309368725514,-0.020508122215769604
2021-05-31,mom,49,49,-0.015170014065902258,-0.13123453329780435
2021-05-31,rev,45,45,-0.1112446484217719,-0.200342578997255
2021-05-31,rev_alt,41,41,-0.13062278915664136,-0.2644829699033276
2021-05-31,rev_orth,45,45,-0.11544609570172042,-0.18183016048419068
2021-05-31,blend,45,45,0.014200305339969126,-0.10277695430025378
2021-06-30,mom,49,49,0.19055105225054195,0.05408439213121966
2021-06-30,rev,45,45,-0.1650224862570519,-0.06779102722399717
2021-06-30,rev_alt,44,44,-0.08759753525450972,-0.025371766924664505
2021-06-30,rev_orth,45,45,-0.1850838924635831,-0.05553725553919302
2021-06-30,blend,45,45,0.20225640186174113,0.08024244038758849
2021-07-31,mom,49,49,0.1640853282749416,0.06459348454868537
2021-07-31,rev,45,45,0.26369771076838944,0.04110942749851769
2021-07-31,rev_alt,43,43,-0.02650599158154751,-0.12043644060382457
2021-07-31,rev_orth,45,45,0.20124800395978404,-0.04130570837907334
2021-07-31,blend,45,45,0.2043746703188385,0.08017391881552194
2021-08-31,mom,49,49,0.12975564975601017,-0.13955149669671577
2021-08-31,rev,44,44,-0.05257568912062916,-0.05525407019149158
2021-08-31,rev_alt,43,43,0.00959242288828261,0.007475647533206148
2021-08-31,rev_orth,44,44,-0.04730253801997154,-0.01945168797557612
2021-08-31,blend,44,44,-0.05482448770230336,-0.1682289101365949
2021-09-30,mom,49,49,0.1382320289909103,0.21592387567933366
2021-09-30,rev,44,44,0.13722466408519288,0.13136474161578882
2021-09-30,rev_alt,43,43,0.27282870552785726,0.47842337784691696
2021-09-30,rev_orth,44,44,0.09974928629615103,0.03248881216999927
2021-09-30,blend,44,44,0.21114728235902752,0.31967299783756337
2021-10-31,mom,49,49,-0.325535679111092,-0.17944335320515512
2021-10-31,rev,44,44,-0.23647851119618257,-0.32728425969083863
2021-10-31,rev_alt,44,44,-0.20327363186282496,-0.26611226627747775
2021-10-31,rev_orth,44,44,-0.2183941756088965,-0.31389407680081727
2021-10-31,blend,44,44,-0.09902955285361617,-0.07857923117038869
2021-11-30,mom,49,49,-0.02981006221036228,-0.1196938775510204
2021-11-30,rev,44,44,-0.010751292771978602,-0.10754052149400987
2021-11-30,rev_alt,44,44,-0.0452823594487749,-0.2188865398167724
2021-11-30,rev_orth,44,44,0.07474008377294382,-0.1172656800563777
2021-11-30,blend,44,44,-0.24354914682015785,-0.19873150105708243
2021-12-31,mom,49,49,0.034145758124029764,-0.2451020408163265
2021-12-31,rev,44,44,-0.06994988796901966,-0.1303735024665257
2021-12-31,rev_alt,43,43,0.2609250287831924,0.028692237994563576
2021-12-31,rev_orth,44,44,-0.07396580249221346,-0.06723044397463002
2021-12-31,blend,44,44,0.001565879863337373,-0.27455954897815366
2022-01-31,mom,49,49,0.4617240642529621,-0.002193989492115515
2022-01-31,rev,44,44,-0.26093645411139554,-0.24885474725275103
2022-01-31,rev_alt,44,44,0.156602022023378,-0.12220734402046735
2022-01-31,rev_orth,44,44,-0.304018829337365,-0.24871379299205842
2022-01-31,blend,44,44,0.24759422125014763,-0.05299880202041029
2022-02-28,mom,49,49,0.4857370798180802,0.2648536953335116
2022-02-28,rev,46,46,0.2198795100129507,0.19544235107506827
2022-02-28,rev_alt,41,41,0.3860874189552953,0.2344178755653618
2022-02-28,rev_orth,46,46,0.04573521080581959,0.0429862160616354
2022-02-28,blend,46,46,0.35305643644205575,0.25409355835572145
2022-03-31,mom,49,49,0.317286989739317,0.13317005987026728
2022-03-31,rev,47,47,0.25957677939239127,0.14334036838509503
2022-03-31,rev_alt,30,30,0.36824396985834607,0.023139392734130043
2022-03-31,rev_orth,47,47,0.048879691063008615,0.08800231295427319
2022-03-31,blend,47,47,0.2827007633026514,0.11274934971145383
2022-04-30,mom,49,49,0.10044888702013949,-0.014133013601884554
2022-04-30,rev,46,46,0.006641989731186598,-0.04927688182675278
2022-04-30,rev_alt,31,31,-0.2306971002523072,-0.030043351296948736
2022-04-30,rev_orth,46,46,-0.03396833852234784,-0.055505874398094485
2022-04-30,blend,46,46,0.09138929105165297,-0.05118875083379826
2022-05-31,mom,49,49,-0.009577598089611391,0.17867346938775508
2022-05-31,rev,46,46,-0.34319652717070526,-0.31026827012025904
2022-05-31,rev_alt,40,40,-0.4516803669404448,-0.23903560230808968
2022-05-31,rev_orth,46,46,-0.3630330830543571,-0.3434474252235584
2022-05-31,blend,46,46,-0.007533614194854838,0.18273203823620104
2022-06-30,mom,49,49,-0.17444047680973554,-0.30193877551020404
2022-06-30,rev,46,46,-0.024071261883284706,-0.004008633980881899
2022-06-30,rev_alt,45,45,0.04736851057250115,0.18887315139203073
2022-06-30,rev_orth,46,46,0.06550357931954293,0.11995066296638913
2022-06-30,blend,46,46,-0.14525670100490068,-0.241936478569226
2022-07-31,mom,49,49,0.7025695450723819,0.5593877551020408
2022-07-31,rev,46,46,0.10733907329533823,0.06099290780141844
2022-07-31,rev_alt,45,45,0.47127963395324013,0.03346618796900998
2022-07-31,rev_orth,46,46,-0.05521922827512975,-0.0866481652790626
2022-07-31,blend,46,46,0.6756171771459056,0.5082331174838113
2022-08-31,mom,49,49,0.15130216582243097,0.2431756722281749
2022-08-31,rev,46,46,-0.09514167449085584,0.03897745846621746
2022-08-31,rev_alt,45,45,-0.014318714597433765,0.11179551374686997
2022-08-31,rev_orth,46,46,-0.13979629534119314,0.0004317123564296238
2022-08-31,blend,46,46,0.13279002313130722,0.20426791661527077
2022-09-30,mom,49,49,0.40067778094935413,0.4262244897959183
2022-09-30,rev,45,45,-0.009128103965024503,0.025296442687747032
2022-09-30,rev_alt,45,45,0.18141453274014224,0.08748353096179183
2022-09-30,rev_orth,45,45,-0.15023277908956345,-0.08194993412384716
2022-09-30,blend,45,45,0.38236918431679046,0.35915678524374167
2022-10-31,mom,49,49,-0.17541001892950164,-0.24092451345884067
2022-10-31,rev,46,46,-0.2920313061389844,-0.36566036589589135
2022-10-31,rev_alt,46,46,-0.3268265944845271,-0.4318357028171751
2022-10-31,rev_orth,46,46,-0.2756963841853953,-0.32526442397283367
2022-10-31,blend,46,46,-0.17061694843395003,-0.20296648071569887
2022-11-30,mom,49,49,0.04783668380036142,0.14959183673469387
2022-11-30,rev,46,46,-0.07250011824648421,-0.02584027135368486
2022-11-30,rev_alt,46,46,-0.04487519327037805,0.019796484736355223
2022-11-30,rev_orth,46,46,-0.08794331084316082,-0.034597594819611464
2022-11-30,blend,46,46,0.0526715807846416,0.15233278862588154
2022-12-31,mom,49,49,-0.47175863602096096,-0.5429220134933341
2022-12-31,rev,46,46,-0.18030466424188207,-0.25736223762583144
2022-12-31,rev_alt,45,45,-0.29329521798887215,-0.38775980784565506
2022-12-31,rev_orth,46,46,-0.23034420247070747,-0.3170002160068952
2022-12-31,blend,46,46,-0.44718455683982494,-0.4885901073146664
2023-01-31,mom,49,49,0.005235225903272689,0.1173469387755102
2023-01-31,rev,46,46,-0.38895710589375965,-0.30484119642306506
2023-01-31,rev_alt,45,45,-0.0030096471231306817,-0.12081686429512514
2023-01-31,rev_orth,46,46,-0.3891435849933652,-0.3037311131668208
2023-01-31,blend,46,46,-0.04737126675471,0.07949429540548875
2023-02-28,mom,49,49,-0.2154516799742342,-0.13061224489795917
2023-02-28,rev,46,46,-0.003947228082128926,0.08862164662349675
2023-02-28,rev_alt,40,40,-0.021696841261040906,0.15910690012343803
2023-02-28,rev_orth,46,46,0.01650827963408833,0.11144002466851681
2023-02-28,blend,46,46,-0.21932017640382373,-0.13845205057045945
2023-03-31,mom,49,49,0.24873053577988302,0.10791091612991274
2023-03-31,rev,46,46,-0.12906999007152845,-0.10977828492067578
2023-03-31,rev_alt,30,30,-0.03457276136296357,0.09410456062291435
2023-03-31,rev_orth,46,46,-0.21708337432716368,-0.11902926398702486
2023-03-31,blend,46,46,0.2774420932743074,0.14665885479852078
2023-04-30,mom,49,49,0.23373965995041168,0.29734693877551016
2023-04-30,rev,46,46,-0.35644918785953905,-0.2934936786925686
2023-04-30,rev_alt,28,28,0.021264901264950932,0.11439518336070059
2023-04-30,rev_orth,46,46,-0.3799512394045985,-0.33123650940487204
2023-04-30,blend,46,46,0.21528207808904387,0.2785692260252852
2023-05-31,mom,49,49,-0.21698760925160665,-0.12225113542113426
2023-05-31,rev,45,45,0.03642557359599783,0.01535015485246972
2023-05-31,rev_alt,43,43,0.4158343750978029,0.3301997208529936
2023-05-31,rev_orth,45,45,0.05722724973827635,0.01805125506256096
2023-05-31,blend,45,45,-0.08669340575872943,-0.05876539969271669
2023-06-30,mom,49,49,-0.12952840510935426,-0.07178754562401288
2023-06-30,rev,46,46,-0.1806155906680032,-0.1606537156953438
2023-06-30,rev_alt,44,44,-0.2269711322442955,-0.14545454545454545
2023-06-30,rev_orth,46,46,-0.13421344451917433,-0.13105149552883133
2023-06-30,blend,46,46,-0.12880885606869938,-0.05729263028060438
2023-07-31,mom,49,49,0.036342177460527966,0.07362432717516033
2023-07-31,rev,46,46,0.007151782141093743,0.009682691422778705
2023-07-31,rev_alt,45,45,-0.17989779526510352,-0.22998122480278316
2023-07-31,rev_orth,46,46,-0.006639110306111112,-0.043787967580718984
2023-07-31,blend,46,46,0.032252459655054355,0.06401677513913565
2023-08-31,mom,49,49,-0.250643791459913,-0.2836296845230189
2023-08-31,rev,47,47,-0.3867789826084089,-0.11014425722274854
2023-08-31,rev_alt,45,45,-0.6204607284331464,-0.19855726483975605
2023-08-31,rev_orth,47,47,-0.3316707306950673,-0.026538695047370903
2023-08-31,blend,47,47,-0.22012486836358522,-0.24410973962962956
2023-09-30,mom,49,49,0.14559241787728527,0.09265542491343809
2023-09-30,rev,47,47,-0.07191532448361734,-0.04417333990455637
2023-09-30,rev_alt,46,46,0.12633818339745762,0.17761879807390235
2023-09-30,rev_orth,47,47,-0.09826512604349914,-0.06799456508868885
2023-09-30,blend,47,47,0.15267863760064507,0.07452805646200675
2023-10-31,mom,49,49,0.4821058616859093,0.45204081632653054
2023-10-31,rev,47,47,-0.3134428630436869,-0.2743987049028677
2023-10-31,rev_alt,47,47,0.007496624558274809,0.09597594819611471
2023-10-31,rev_orth,47,47,-0.26306430856753926,-0.22837650323774283
2023-10-31,blend,47,47,0.505298448378503,0.4830018501387604
2023-11-30,mom,49,49,-0.06265472025831322,-0.1280612244897959
2023-11-30,rev,46,46,-0.07628519239336276,-0.18359543632439096
2023-11-30,rev_alt,46,46,-0.32814712296049164,-0.3135985198889917
2023-11-30,rev_orth,46,46,-0.08422797170394045,-0.12254085723095899
2023-11-30,blend,46,46,0.006798869157049636,-0.07986432315757014
2023-12-31,mom,49,49,0.1537414468605613,0.38240771460694845
2023-12-31,rev,46,46,0.1708799763825517,0.12470319781438562
2023-12-31,rev_alt,45,45,0.18342225047828553,0.1471770208841162
2023-12-31,rev_orth,46,46,0.1253864075537674,0.012766351111561733
2023-12-31,blend,46,46,0.13413518476987438,0.3565944064108692
2024-01-31,mom,49,49,0.16244743563793046,0.3635714285714285
2024-01-31,rev,46,46,-0.025402952434597184,0.10773974714770274
2024-01-31,rev_alt,44,44,0.01845007836149025,-0.035378272688372306
2024-01-31,rev_orth,46,46,-0.09601582609596165,-0.14363243909959914
2024-01-31,blend,46,46,0.20370859331078833,0.40104841196423063
2024-02-29,mom,49,49,-0.27555514505256207,-0.29439526528113313
2024-02-29,rev,46,46,-0.08666758920133596,-0.06074809586902563
2024-02-29,rev_alt,40,40,0.057185360815475254,0.0636990478678151
2024-02-29,rev_orth,46,46,0.055962944239107804,0.019797095201987035
2024-02-29,blend,46,46,-0.2694567276353268,-0.2774676987966968
2024-03-31,mom,49,49,-0.42427747365816937,-0.33792540479723376
2024-03-31,rev,46,46,-0.4373016904908728,-0.28900949851439156
2024-03-31,rev_alt,27,27,-0.3418221770643196,-0.41306671218546737
2024-03-31,rev_orth,46,46,-0.29737097101979526,-0.1518440856471259
2024-03-31,blend,46,46,-0.42249771764753313,-0.31034908163133124
2024-04-30,mom,49,49,0.25726911759823146,0.2093877551020408
2024-04-30,rev,46,46,0.02119075815947342,0.09972247918593895
2024-04-30,rev_alt,27,27,0.04920213314013727,-0.04456654456654456
2024-04-30,rev_orth,46,46,0.047598200176010984,0.11588035769349368
2024-04-30,blend,46,46,0.27358921080368515,0.20296022201665126
2024-05-31,mom,49,49,-0.22106752217489706,-0.1023469387755102
2024-05-31,rev,45,45,0.27001390922704194,0.23636363636363633
2024-05-31,rev_alt,39,39,0.16534119367863703,-0.044939271255060725
2024-05-31,rev_orth,45,45,0.2569678457742226,0.2455862977602108
2024-05-31,blend,45,45,-0.19816008438323657,-0.08129117259552042
2024-06-30,mom,49,49,-0.11866713378877179,-0.11857445346851878
2024-06-30,rev,46,46,-0.13992734768538484,-0.13204230787368923
2024-06-30,rev_alt,44,44,0.1953446214591979,-0.001832340816529243
2024-06-30,rev_orth,46,46,-0.10014039538171819,-0.16750439429469405
2024-06-30,blend,46,46,-0.10254164817004353,-0.11921428356835183
2024-07-31,mom,49,49,0.08394609212690363,0.02071428571428571
2024-07-31,rev,46,46,0.12396348740067305,0.12241751464693185
2024-07-31,rev_alt,44,44,0.5909761367215904,0.4639887244538407
2024-07-31,rev_orth,46,46,0.12658313756263978,0.10157261794634598
2024-07-31,blend,46,46,-0.011463773128485066,-0.050878815911193344
2024-08-31,mom,49,49,-0.07249038580214372,0.06449144112917717
2024-08-31,rev,46,46,-0.2898789723552947,-0.1055228345501552
2024-08-31,rev_alt,45,45,-0.13284511808794083,-0.10125498210308728
2024-08-31,rev_orth,46,46,-0.2762101806369152,-0.1114434611526186
2024-08-31,blend,46,46,-0.05979081909159428,0.07505627682497888
2024-09-30,mom,49,49,-0.07994576590862859,0.038776499413112855
2024-09-30,rev,46,46,-0.1274940552131623,-0.06290665765117376
2024-09-30,rev_alt,46,46,-0.31252919134739526,-0.25952079940797956
2024-09-30,rev_orth,46,46,-0.06343561471206323,-0.03934749762887143
2024-09-30,blend,46,46,-0.12326193516716685,0.042431157317654455
2024-10-31,mom,49,49,-0.02141329052084056,0.08107349679925832
2024-10-31,rev,46,46,-0.022650581524901854,0.08584908573571948
2024-10-31,rev_alt,46,46,-0.2577446297470821,-0.03934749762887143
2024-10-31,rev_orth,46,46,-0.05001581198399235,0.02633445374220705
2024-10-31,blend,46,46,0.07645179962690128,0.12581331530234752
2024-11-30,mom,49,49,-0.03173448929993475,-0.04194091540741752
2024-11-30,rev,45,45,0.4398975216827747,0.3756505706814693
2024-11-30,rev_alt,44,44,0.14492494774282172,0.2077034219142162
2024-11-30,rev_orth,45,45,0.4454315509634235,0.3854667641278983
2024-11-30,blend,45,45,-0.06275931931032866,-0.06436524159168634
2024-12-31,mom,49,49,0.22330841690637754,0.28234693877551015
2024-12-31,rev,45,45,0.10303225572873423,0.15507246376811593
2024-12-31,rev_alt,43,43,0.3420655418628339,0.20780005300421642
2024-12-31,rev_orth,45,45,0.02322023069691466,0.02898550724637681
2024-12-31,blend,45,45,0.21421710578123943,0.2712779973649539
2025-01-31,mom,49,49,-0.19628695673246693,-0.21398505070867804
2025-01-31,rev,45,45,-0.10413914951061629,-0.19019071784750355
2025-01-31,rev_alt,43,43,0.15131849822312105,0.031789179620194445
2025-01-31,rev_orth,45,45,0.0030270674944775366,-0.15698804316958817
2025-01-31,blend,45,45,-0.2008507596047563,-0.1845251820889704
2025-02-28,mom,49,49,-0.05602429517945861,-0.1277551020408163
2025-02-28,rev,44,44,-0.34050051944421367,-0.34587737843551797
2025-02-28,rev_alt,37,37,0.03189196259753445,0.10929350403034611
2025-02-28,rev_orth,44,44,-0.34318626172807487,-0.3484143763213531
2025-02-28,blend,44,44,0.001142730204048259,-0.1715292459478506
2025-03-31,mom,49,49,0.4363537138390395,0.37979591836734683
2025-03-31,rev,45,45,-0.2456899431944205,-0.15810276679841895
2025-03-31,rev_alt,27,27,-0.18582604015245918,-0.15995115995115994
2025-03-31,rev_orth,45,45,-0.2430004485151038,-0.16073781291172592
2025-03-31,blend,45,45,0.4199632344385661,0.3484848484848485
2025-04-30,mom,49,49,0.15768499950102854,0.13322108288171183
2025-04-30,rev,44,44,-0.061060538963568445,-0.16210311177560138
2025-04-30,rev_alt,26,26,0.10531553632355029,0.0588134732480171
2025-04-30,rev_orth,44,44,-0.07849240779591486,-0.1629431253606231
2025-04-30,blend,44,44,0.1412517788905943,0.11790823906934365
2025-05-31,mom,49,49,-0.09032593174945508,-0.09520408163265306
2025-05-31,rev,44,44,0.525142072953337,0.377307963354475
2025-05-31,rev_alt,41,41,0.20983250587039698,0.17491289198606275
2025-05-31,rev_orth,44,44,0.5361949874451157,0.3795630725863283
2025-05-31,blend,44,44,-0.13833902656512476,-0.1219168428470754
2025-06-30,mom,49,49,-0.3596774680705868,-0.3226530612244898
2025-06-30,rev,45,45,0.09044145946719409,0.19275362318840578
2025-06-30,rev_alt,43,43,-0.0021181728727153806,-0.06478405315614617
2025-06-30,rev_orth,45,45,0.1378860413788401,0.23465085638998678
2025-06-30,blend,45,45,-0.3457980544771908,-0.2913043478260869
2025-07-31,mom,49,49,-0.23695114076584978,-0.3088854308512964
2025-07-31,rev,46,46,-0.028924531754308508,-0.21856979874094098
2025-07-31,rev_alt,43,43,0.2551595092083257,-0.1828066600011657
2025-07-31,rev_orth,46,46,0.05935589291581582,-0.014123161374626266
2025-07-31,blend,46,46,-0.2538566123878762,-0.3198371829205756
2025-08-31,mom,49,49,0.21337951221113827,0.3170569931164141
2025-08-31,rev,46,46,-0.20698694566526896,0.09750832632335744
2025-08-31,rev_alt,43,43,0.15736880170433173,0.09989806327201248
2025-08-31,rev_orth,46,46,-0.2981268790634336,-0.00647588504993835
2025-08-31,blend,46,46,0.298516762389604,0.34309855745530515
2025-09-30,mom,49,49,0.0069267689088674395,0.04285823619344053
2025-09-30,rev,46,46,-0.11010144068235445,-0.1372228561508447
2025-09-30,rev_alt,45,45,-0.041738119860235415,-0.019895253477639794
2025-09-30,rev_orth,46,46,-0.16183012252070011,-0.04724166643215597
2025-09-30,blend,46,46,0.12311205068852121,0.14289678997820549
2025-10-31,mom,49,49,-0.15556663114067287,-0.30020408163265305
2025-10-31,rev,46,46,0.014000298501067779,-0.04162812210915818
2025-10-31,rev_alt,46,46,0.3699865205697557,0.13906876349059513
2025-10-31,rev_orth,46,46,0.09789331322648973,0.16891766882516188
2025-10-31,blend,46,46,-0.21116136083432147,-0.3565217391304347
2025-11-30,mom,49,49,0.13871683413502173,0.1270408163265306
2025-11-30,rev,46,46,0.023748151010730606,0.018193031144002468
2025-11-30,rev_alt,46,46,0.1153860868098619,0.014492753623188406
2025-11-30,rev_orth,46,46,-0.03696720792040108,-0.05581251927227875
2025-11-30,blend,46,46,0.12466889511966138,0.0845513413506013
2025-12-31,mom,49,49,0.30626040825333,0.2426530612244898
2025-12-31,rev,46,46,0.03186229761046962,-0.06839346284304655
2025-12-31,rev_alt,46,46,-0.1641247953331618,-0.10157261794634598
2025-12-31,rev_orth,46,46,-0.06495986982498472,-0.11563367252543941
2025-12-31,blend,46,46,0.30036077899993846,0.22947887758248536
2026-01-31,mom,49,49,0.10267461998502476,0.02173469387755102
2026-01-31,rev,0,0,,
2026-01-31,rev_alt,0,0,,
2026-01-31,rev_orth,0,0,,
2026-01-31,blend,0,0,,
2026-02-28,mom,49,49,-0.025483066214073605,-0.021020408163265305
2026-02-28,rev,0,0,,
2026-02-28,rev_alt,0,0,,
2026-02-28,rev_orth,0,0,,
2026-02-28,blend,0,0,,
2026-03-31,mom,49,49,0.33190438750799367,0.2748029287355603
2026-03-31,rev,0,0,,
2026-03-31,rev_alt,0,0,,
2026-03-31,rev_orth,0,0,,
2026-03-31,blend,0,0,,
2026-04-30,mom,49,49,0.32263730977268545,0.33163265306122447
2026-04-30,rev,0,0,,
2026-04-30,rev_alt,0,0,,
2026-04-30,rev_orth,0,0,,
2026-04-30,blend,0,0,,
2026-05-31,mom,49,49,-0.08784899168722411,-0.00520408163265306
2026-05-31,rev,0,0,,
2026-05-31,rev_alt,0,0,,
2026-05-31,rev_orth,0,0,,
2026-05-31,blend,0,0,,
2026-06-30,mom,49,49,-0.6174402500898252,-0.5612244897959183
2026-06-30,rev,0,0,,
2026-06-30,rev_alt,0,0,,
2026-06-30,rev_orth,0,0,,
2026-06-30,blend,0,0,,
2026-07-31,mom,49,49,0.10885660100661296,-0.007142857142857142
2026-07-31,rev,0,0,,
2026-07-31,rev_alt,0,0,,
2026-07-31,rev_orth,0,0,,
2026-07-31,blend,0,0,,
2026-08-31,mom,49,0,,
2026-08-31,rev,0,0,,
2026-08-31,rev_alt,0,0,,
2026-08-31,rev_orth,0,0,,
2026-08-31,blend,0,0,,
