month,strategy,method,n_industries,ic_used,lambda,exante_active_risk_ann,gross_exposure,net_exposure,max_weight_frac_gross,n_at_cap,cap_converged,realized_active_return_next
1974-06-30,mom,mv,49,0.08603798895744301,9.670619563281301,0.049999999999999864,12.055736812285964,8.604228440844963e-16,0.10000000000943982,1,True,-0.05632505555650639
1974-06-30,mom,diag,49,0.08603798895744301,10.12553593018767,0.049999999999999996,1.136237346950676,-8.673617379884035e-18,0.048694208300298365,0,True,0.03135075014338491
1974-07-31,mom,mv,49,0.08639808065117917,10.108733249885589,0.0499999999999999,11.37547310364995,4.85722573273506e-16,0.1000000000148524,1,True,-0.02785723638280895
1974-07-31,mom,diag,49,0.08639808065117917,12.380381036014256,0.05,0.8347772335900739,-2.6020852139652106e-17,0.05654164772466219,0,True,0.008690067334359728
1974-08-31,mom,mv,49,0.0866413378101931,8.644809826954743,0.05000000000000033,11.058078355060072,-6.938893903907228e-18,0.10000000003289085,1,True,0.05116222667267376
1974-08-31,mom,diag,49,0.0866413378101931,10.749598147154202,0.05,0.7952654136215795,-2.42861286636753e-17,0.06751505230118941,0,True,0.006000905805480487
1974-09-30,mom,mv,49,0.08666598238484015,8.370882624008258,0.04999999999999971,10.766599970236728,1.6306400674181987e-16,0.09876024570063485,0,True,0.08715420033737697
1974-09-30,mom,diag,49,0.08666598238484015,10.067959312060651,0.05000000000000001,0.8349576739898152,-1.734723475976807e-17,0.06365945436073295,0,True,0.018292641254010634
1974-10-31,mom,mv,49,0.0868586874316619,10.065748038015393,0.05000000000000036,10.564933035597312,-2.8796409701215e-16,0.10000000006115924,1,True,0.015854183166698985
1974-10-31,mom,diag,49,0.0868586874316619,10.93574089654359,0.05,0.9170309127697663,-6.938893903907228e-18,0.057273053573840486,0,True,0.007433595264928522
1974-11-30,mom,mv,49,0.08708478851540526,10.202153696218438,0.05000000000000039,10.857255083078106,-2.42861286636753e-16,0.10000000008723815,1,True,-0.06516435546139651
1974-11-30,mom,diag,49,0.08708478851540526,9.556319476017464,0.05000000000000002,1.0266624287422625,-3.642919299551295e-17,0.05773956701265499,0,True,0.007036258784304595
1974-12-31,mom,mv,49,0.0873015222044012,9.09327465868936,0.05000000000000005,10.487520829579864,1.249000902703301e-16,0.10000000007010021,1,True,-0.04490204891021559
1974-12-31,mom,diag,49,0.0873015222044012,8.615574106658114,0.049999999999999996,1.166641285987636,1.6479873021779667e-17,0.05607407574788053,0,True,-0.051250145303819494
1975-01-31,mom,mv,49,0.08636713096847524,9.632564073018129,0.04999999999999967,12.894794772186769,3.469446951953614e-16,0.09626426918493744,0,True,0.02771758609830752
1975-01-31,mom,diag,49,0.08636713096847524,11.303637792269132,0.05,0.8156166772271407,-4.163336342344337e-17,0.05378822927226614,0,True,-0.017953473658431286
1975-02-28,mom,mv,49,0.08577265439442588,11.674092919444156,0.050000000000000384,14.450231732204696,3.0531133177191805e-16,0.09432614424363353,0,True,-0.0735568373844944
1975-02-28,mom,diag,49,0.08577265439442588,7.820323646591519,0.05000000000000001,1.0733481274596537,-3.8163916471489756e-17,0.07142913951867448,0,True,-0.006495460098122856
1975-03-31,mom,mv,49,0.08552350272917326,14.475828317483723,0.049999999999999954,13.000989533776227,2.7755575615628914e-16,0.06430329691011388,0,True,0.18839927899407452
1975-03-31,mom,diag,49,0.08552350272917326,7.696751621843359,0.050000000000000024,1.1763240114347182,-4.5102810375396984e-17,0.06311596092966376,0,True,0.026445247943699134
1975-04-30,mom,mv,49,0.085801514119569,11.592873962894139,0.05000000000000044,11.100547311184947,4.163336342344337e-17,0.054581243130901604,0,True,0.02454603214871882
1975-04-30,mom,diag,49,0.085801514119569,7.001328381263876,0.049999999999999996,1.2940314976033023,-4.85722573273506e-17,0.04893960258025643,0,True,0.010096493508887654
1975-05-31,mom,mv,49,0.08580437927691208,10.650587142126474,0.05000000000000006,11.511288068306778,5.967448757360216e-16,0.06296032282612436,0,True,0.03693766040997853
1975-05-31,mom,diag,49,0.08580437927691208,7.176473056460646,0.05000000000000001,1.0002374336840198,4.683753385137379e-17,0.06734916264581788,0,True,0.0004703310557148851
1975-06-30,mom,mv,49,0.08576579166782881,9.100264291587832,0.04999999999999959,10.595001113608358,3.885780586188048e-16,0.06526213729789805,0,True,0.019675097525712965
1975-06-30,mom,diag,49,0.08576579166782881,6.989382078830271,0.05000000000000002,0.8174725804540632,-2.2985086056692694e-17,0.07596800441826322,0,True,0.001773139220636337
1975-07-31,mom,mv,49,0.08578551787601355,8.985188181160597,0.04999999999999994,10.59899278164141,3.0531133177191805e-16,0.06347695218002443,0,True,-0.08981836552885167
1975-07-31,mom,diag,49,0.08578551787601355,8.027750913140487,0.05,0.8122647938952727,4.8138576458356397e-17,0.06686932142081528,0,True,-0.0004774831991218449
1975-08-31,mom,mv,49,0.08564495630904485,7.785167394730622,0.04999999999999995,8.380099290882756,3.608224830031759e-16,0.06315723093567158,0,True,0.060486488533831144
1975-08-31,mom,diag,49,0.08564495630904485,8.503053450547908,0.05,0.800756988944233,-5.789639601072594e-17,0.06597464436173703,0,True,0.008006536840552294
1975-09-30,mom,mv,49,0.08595552798355524,8.132632817057468,0.050000000000000044,7.808696762499659,4.163336342344337e-16,0.06816596897489831,0,True,-0.11876210094576803
1975-09-30,mom,diag,49,0.08595552798355524,8.270421775675231,0.05,0.8922604790850773,-9.974659986866641e-18,0.07893552761894365,0,True,-0.01715573826613376
1975-10-31,mom,mv,49,0.08552090347503302,7.525904728412449,0.050000000000000024,6.695040674688046,3.5041414214731503e-16,0.06734729440648303,0,True,0.015920444734862312
1975-10-31,mom,diag,49,0.08552090347503302,11.626888028940302,0.05000000000000002,0.7460993726850778,-2.42861286636753e-17,0.0724763802678049,0,True,-0.002960244395341863
1975-11-30,mom,mv,49,0.08512360445118672,7.043260605571258,0.049999999999999746,7.607749935138858,1.249000902703301e-16,0.06755080535408181,0,True,-0.026787811473229787
1975-11-30,mom,diag,49,0.08512360445118672,12.994780883443068,0.05,0.7617595520983306,6.938893903907228e-18,0.062263559486183305,0,True,-0.0032815049088203477
1975-12-31,mom,mv,49,0.08480797724668052,6.7456570727590766,0.05000000000000003,7.564480688947768,5.169475958410885e-16,0.07356404978226042,0,True,-0.040964599962198874
1975-12-31,mom,diag,49,0.08480797724668052,14.383459296408029,0.05,0.6798042237443636,-1.214306433183765e-17,0.06303925867026033,0,True,0.016360257797437078
1976-01-31,mom,mv,49,0.08540794956141123,7.817369041018972,0.04999999999999982,7.980738952212305,-1.942890293094024e-16,0.08235479763616836,0,True,0.0036028305364737188
1976-01-31,mom,diag,49,0.08540794956141123,11.550441483967601,0.05000000000000001,0.8746200281734574,3.2959746043559335e-17,0.06127227627004428,0,True,0.001072854502748452
1976-02-29,mom,mv,49,0.08521059399674075,6.956646117794302,0.049999999999999864,7.029052724487646,2.0816681711721685e-17,0.0669536396969449,0,True,-0.005359838818408279
1976-02-29,mom,diag,49,0.08521059399674075,12.599978166470859,0.05,0.8008181219203938,-5.204170427930421e-18,0.0691491499079361,0,True,-0.0013512532586999494
1976-03-31,mom,mv,49,0.08486013461501643,7.43496690420197,0.04999999999999999,7.175852926122069,3.0531133177191805e-16,0.06459922809388101,0,True,0.01932922465881363
1976-03-31,mom,diag,49,0.08486013461501643,12.542782003564389,0.049999999999999996,0.8702763517582365,1.0408340855860843e-17,0.05463654085889923,0,True,0.006177654848725831
1976-04-30,mom,mv,49,0.0850714201692361,7.029197406900039,0.049999999999999906,6.001394923527328,-2.220446049250313e-16,0.07391492102112655,0,True,-0.03204844838308759
1976-04-30,mom,diag,49,0.0850714201692361,12.535949167354664,0.05,0.8493957740487258,3.642919299551295e-17,0.06517979117997551,0,True,-0.0022039209255820197
1976-05-31,mom,mv,49,0.08496404360781283,6.706337755083731,0.04999999999999991,6.359404638752752,4.718447854656915e-16,0.08121071442283619,0,True,-0.010147001662941295
1976-05-31,mom,diag,49,0.08496404360781283,12.603046583977068,0.05,0.8826092500323044,1.214306433183765e-17,0.06737031596006726,0,True,-0.008804859885949005
1976-06-30,mom,mv,49,0.08437199036136055,6.44184583877764,0.050000000000000044,5.438550267386709,1.249000902703301e-16,0.0738114619788841,0,True,-0.02578766920240168
1976-06-30,mom,diag,49,0.08437199036136055,10.772993356522301,0.05,1.141546843500825,4.683753385137379e-17,0.05144147918684605,0,True,-0.0032734198829792735
1976-07-31,mom,mv,49,0.08406468196845295,7.547445201633381,0.04999999999999998,5.190930951032176,1.6653345369377348e-16,0.08355410508596982,0,True,0.026482266126007965
1976-07-31,mom,diag,49,0.08406468196845295,9.114766106797875,0.05,1.273063404150952,-4.163336342344337e-17,0.049879661282064496,0,True,0.003191210399355904
1976-08-31,mom,mv,49,0.08380390128991769,8.140149126134268,0.050000000000000024,5.691318758497637,1.1102230246251565e-16,0.06974106607818904,0,True,-0.0005468194854979577
1976-08-31,mom,diag,49,0.08380390128991769,8.644639520231344,0.05,1.2692454975912366,3.2959746043559335e-17,0.06098578607703145,0,True,-0.0035880611045555027
1976-09-30,mom,mv,49,0.08371959913142724,8.365880974833464,0.04999999999999996,5.840702668998956,2.7755575615628914e-17,0.08766179432843502,0,True,-0.029938549818335432
1976-09-30,mom,diag,49,0.08371959913142724,8.545487550841374,0.05000000000000002,1.2325131978526351,-5.0306980803327406e-17,0.06708240290630074,0,True,-0.0038964278609812456
1976-10-31,mom,mv,49,0.08352802231270691,8.14819688886126,0.05000000000000008,4.905757647598671,-1.1102230246251565e-16,0.06843133356216695,0,True,0.02366252941380327
1976-10-31,mom,diag,49,0.08352802231270691,8.254933023911015,0.05000000000000001,1.2613115245454105,1.734723475976807e-17,0.0502525509002284,0,True,0.020317373187546475
1976-11-30,mom,mv,49,0.08374423154233049,8.070660847621255,0.05000000000000005,4.857031535484141,2.7755575615628914e-17,0.06743879713613031,0,True,0.003039642683019534
1976-11-30,mom,diag,49,0.08374423154233049,9.525314009963802,0.05000000000000001,1.1804827225367203,-3.382710778154774e-17,0.04897033297205845,0,True,0.0038373343082141495
1976-12-31,mom,mv,49,0.08380312596498277,7.795574637600261,0.04999999999999992,5.29517586431579,0.0,0.06750523260960095,0,True,0.009767140396567883
1976-12-31,mom,diag,49,0.08380312596498277,9.567431515753055,0.04999999999999999,1.1258467603095998,-1.9949319973733282e-17,0.06039629896151592,0,True,0.023150914568091815
1977-01-31,mom,mv,49,0.08435145933528308,7.714102913619906,0.05000000000000013,5.201858713771462,-2.7755575615628914e-17,0.0745226348953117,0,True,-0.0003465691683520494
1977-01-31,mom,diag,49,0.08435145933528308,9.652854734355678,0.05,1.094245972783286,-6.678685382510707e-17,0.05045241658023313,0,True,-0.009448214383214118
1977-02-28,mom,mv,49,0.08371684690180038,6.952780088887838,0.050000000000000024,5.283766694822147,-9.71445146547012e-17,0.07996679942527496,0,True,0.0004051115806809392
1977-02-28,mom,diag,49,0.08371684690180038,9.72809710573289,0.05,1.0605358608789222,-6.505213034913027e-17,0.056374834211273095,0,True,0.007473068972100383
1977-03-31,mom,mv,49,0.08387507906446783,7.325029629501453,0.04999999999999993,5.158245387784597,-5.551115123125783e-17,0.06834977420723522,0,True,-0.002180706021358735
1977-03-31,mom,diag,49,0.08387507906446783,9.948546439826874,0.05,1.0684339190334493,1.1275702593849246e-17,0.05007144460197263,0,True,0.017105749081255922
1977-04-30,mom,mv,49,0.08422983713988388,7.288867880059757,0.050000000000000024,5.545039357940943,9.71445146547012e-17,0.07698521284533341,0,True,0.025530909244173092
1977-04-30,mom,diag,49,0.08422983713988388,9.929376420139672,0.05,1.1054876070407005,8.413408858487514e-17,0.05286376360631629,0,True,0.013462145444305568
1977-05-31,mom,mv,49,0.0847121967862382,7.65739450033838,0.04999999999999993,5.801394838835839,1.3877787807814457e-16,0.0848889541136987,0,True,-0.03226807210503047
1977-05-31,mom,diag,49,0.0847121967862382,10.546295196498649,0.049999999999999996,1.1490874307930108,8.847089727481716e-17,0.049318716561138606,0,True,0.0031455872567743444
1977-06-30,mom,mv,49,0.08464090775077814,6.694137077711622,0.04999999999999993,5.393702332660616,7.632783294297951e-17,0.06991728207910236,0,True,-0.00020269302166131287
1977-06-30,mom,diag,49,0.08464090775077814,10.385597188164008,0.05,1.170439297127073,-1.3877787807814457e-17,0.04927662031704182,0,True,0.011059080045814955
1977-07-31,mom,mv,49,0.08507241970433214,6.889442495270114,0.04999999999999994,5.720918366657997,-1.3877787807814457e-17,0.06912959063566146,0,True,-0.006003886895698349
1977-07-31,mom,diag,49,0.08507241970433214,10.488455921377728,0.05,1.230562040692926,1.214306433183765e-17,0.05386530812390758,0,True,-0.010849611774452785
1977-08-31,mom,mv,49,0.08459132592674327,5.919095682404911,0.049999999999999996,5.491656399077201,-5.551115123125783e-17,0.07108623218639552,0,True,0.021108331522135034
1977-08-31,mom,diag,49,0.08459132592674327,11.201146996489276,0.049999999999999996,1.086768523137225,6.071532165918825e-17,0.05850935511629588,0,True,0.011811228670895109
1977-09-30,mom,mv,49,0.0848915264557171,6.147350188703274,0.04999999999999996,5.753179209826487,-6.938893903907228e-17,0.07253580501288201,0,True,0.01579360634265928
1977-09-30,mom,diag,49,0.0848915264557171,11.336975475008018,0.049999999999999996,1.0728046351090668,1.734723475976807e-17,0.05335800579823446,0,True,0.002941935404300304
1977-10-31,mom,mv,49,0.08484119706791422,5.9772766198062195,0.05000000000000005,5.235885144188801,4.163336342344337e-17,0.08378958512683765,0,True,-0.005696070475352124
1977-10-31,mom,diag,49,0.08484119706791422,11.26359847079963,0.05,1.0149337486103567,1.3877787807814457e-17,0.0516488243268775,0,True,0.012934240159042796
1977-11-30,mom,mv,49,0.08543145963456225,6.099851844941906,0.05000000000000005,5.318456525212175,4.85722573273506e-17,0.07743165277706945,0,True,0.01677102276582479
1977-11-30,mom,diag,49,0.08543145963456225,10.92647196026383,0.049999999999999996,1.0618810204951121,7.632783294297951e-17,0.05593929657847819,0,True,0.010139054882892178
1977-12-31,mom,mv,49,0.08575332298475401,6.196974697901794,0.05000000000000004,5.545449595078064,-1.249000902703301e-16,0.0808579001282175,0,True,-0.0042075491023870265
1977-12-31,mom,diag,49,0.08575332298475401,10.912118582736966,0.05,1.091464298340725,6.245004513516506e-17,0.058559384926857805,0,True,0.003951205247719005
1978-01-31,mom,mv,49,0.0858023458531179,6.578496782871788,0.050000000000000065,5.7813475681626265,-1.8041124150158794e-16,0.09274109128024488,0,True,0.03961724368036535
1978-01-31,mom,diag,49,0.0858023458531179,10.587453947146921,0.05,1.108140148595246,-1.734723475976807e-17,0.06179484670533182,0,True,0.0155953192447681
1978-02-28,mom,mv,49,0.08633617030328085,6.160247588161916,0.050000000000000024,5.339346182489146,-8.326672684688674e-17,0.10000000004755295,1,True,0.019970827776738205
1978-02-28,mom,diag,49,0.08633617030328085,10.478568184332604,0.05000000000000001,1.0296965719168083,3.469446951953614e-18,0.05885967494521523,0,True,0.01502201278436145
1978-03-31,mom,mv,49,0.08681463858475982,6.25788702516205,0.04999999999999991,5.681818930920448,-4.163336342344337e-17,0.08608552565502528,0,True,-0.023033690031670166
1978-03-31,mom,diag,49,0.08681463858475982,11.44811625308144,0.05,0.9357013818826774,6.938893903907228e-18,0.060432707783678555,0,True,-0.007109765013323549
1978-04-30,mom,mv,49,0.08642138666194278,5.932596083006787,0.05000000000000004,5.879937436038285,6.938893903907228e-17,0.09240543667891374,0,True,0.012638697362613378
1978-04-30,mom,diag,49,0.08642138666194278,12.226085446651522,0.049999999999999996,0.9263312098083908,-4.163336342344337e-17,0.05206713516512587,0,True,0.01625609284885832
1978-05-31,mom,mv,49,0.08706353743697083,5.892930085071006,0.049999999999999975,6.371019241765703,-1.249000902703301e-16,0.09057205268193391,0,True,0.05349556615137875
1978-05-31,mom,diag,49,0.08706353743697083,12.755803295215907,0.049999999999999996,0.8760694192870434,8.847089727481716e-17,0.053890678590160286,0,True,0.014138660406834517
1978-06-30,mom,mv,49,0.08778349895155013,6.390907299191514,0.05000000000000006,5.77316308404368,8.673617379884035e-17,0.07867884251533355,0,True,0.03174318736952873
1978-06-30,mom,diag,49,0.08778349895155013,13.248575173164618,0.05000000000000001,0.8776966340867801,8.673617379884035e-18,0.05446110972187253,0,True,0.010588918162266186
1978-07-31,mom,mv,49,0.08788249713883162,6.432287054730266,0.04999999999999999,5.92352292774657,9.71445146547012e-17,0.09387341660705187,0,True,0.050875000308527554
1978-07-31,mom,diag,49,0.08788249713883162,13.326336156901887,0.05,0.8791898949454222,5.0306980803327406e-17,0.0538063288368796,0,True,0.0163605366499684
1978-08-31,mom,mv,49,0.08842309018560339,6.14354466423301,0.0499999999999999,5.23627039666527,4.85722573273506e-17,0.08340050381109179,0,True,0.018600523686572154
1978-08-31,mom,diag,49,0.08842309018560339,12.568737878592897,0.05,0.8382362703194659,1.0408340855860843e-17,0.07269298003435026,0,True,-0.015575767596120164
1978-09-30,mom,mv,49,0.08737190487455615,6.284207620443022,0.050000000000000024,5.827312440043215,2.7755575615628914e-16,0.08329720989670486,0,True,-0.016599186071377142
1978-09-30,mom,diag,49,0.08737190487455615,13.187739140221066,0.05,0.7686212847030914,-1.0408340855860843e-17,0.07360855083151928,0,True,-0.03449671007482934
1978-10-31,mom,mv,49,0.08610563057894081,6.865722406207014,0.05000000000000009,5.700824516875761,-2.5673907444456745e-16,0.07650587775069397,0,True,0.024963290349775014
1978-10-31,mom,diag,49,0.08610563057894081,13.905750829005049,0.05,0.7139139782814709,1.734723475976807e-17,0.06472882945323453,0,True,0.018146818585966673
1978-11-30,mom,mv,49,0.08683619540088856,8.721114693443024,0.05000000000000005,5.317252083980656,1.3183898417423734e-16,0.06173951173857563,0,True,0.0398478318364074
1978-11-30,mom,diag,49,0.08683619540088856,10.435511355101088,0.05,0.8831385784789544,1.0408340855860843e-17,0.09863913035856214,0,True,0.020381411397333866
1978-12-31,mom,mv,49,0.08757607474919304,7.505061134393138,0.04999999999999997,5.192900773759306,2.740863092043355e-16,0.06337436719073739,0,True,-0.04275742944590685
1978-12-31,mom,diag,49,0.08757607474919304,10.552500879018254,0.05,0.8583802691114674,-1.5612511283791264e-17,0.10900756541614803,1,True,-0.010714492992264632
1979-01-31,mom,mv,49,0.0869058183796617,7.035014601802856,0.05000000000000002,4.324647897598862,1.448494102440634e-16,0.057056095703592144,0,True,-0.017818483851489868
1979-01-31,mom,diag,49,0.0869058183796617,10.702523646977488,0.049999999999999996,0.9441501762335067,-3.0357660829594124e-18,0.09120801413455347,0,True,-0.01583535372022252
1979-02-28,mom,mv,49,0.08628691221772802,6.519377501840769,0.05,4.369604633978861,5.134781488891349e-16,0.06366504777603818,0,True,0.008040891710235844
1979-02-28,mom,diag,49,0.08628691221772802,10.298836034410687,0.05,1.0166241259924027,3.122502256758253e-17,0.07807806940261286,0,True,0.014668754806644244
1979-03-31,mom,mv,49,0.08671306424264097,7.194282991387954,0.04999999999999998,4.137186907368854,1.457167719820518e-16,0.06796961946325565,0,True,-0.01650769255560205
1979-03-31,mom,diag,49,0.08671306424264097,8.090789826525304,0.05000000000000002,1.5750103987291553,2.7755575615628914e-17,0.053108100525951586,0,True,-0.013199927491749154
1979-04-30,mom,mv,49,0.08631304971509852,6.811669757005463,0.050000000000000024,3.8017522298583177,-4.5102810375396984e-17,0.06109061912758802,0,True,-0.02627470973840672
1979-04-30,mom,diag,49,0.08631304971509852,9.212599741856208,0.05,1.33013143664228,-8.673617379884035e-17,0.06521610514039346,0,True,-0.004686729211537903
1979-05-31,mom,mv,49,0.08572832031531523,7.199249539052506,0.05,4.0093097814937915,-1.726049858596923e-16,0.06970360707355064,0,True,0.009637957620096163
1979-05-31,mom,diag,49,0.08572832031531523,8.306299333519739,0.05,1.4214539454116422,1.8735013540549517e-16,0.06047356140716342,0,True,0.00728646721036568
1979-06-30,mom,mv,49,0.08575266333940437,6.980450484516387,0.04999999999999995,3.7364901126414924,3.469446951953614e-17,0.07113261389044973,0,True,-0.012645670256444036
1979-06-30,mom,diag,49,0.08575266333940437,8.758115772531173,0.05000000000000001,1.423759553121619,-3.122502256758253e-17,0.08558354520533108,0,True,-0.0037738708633413055
1979-07-31,mom,mv,49,0.08550027246612049,5.728554912552228,0.05000000000000002,3.680413157814275,-4.163336342344337e-17,0.06874054066900978,0,True,-0.0029291622634338675
1979-07-31,mom,diag,49,0.08550027246612049,9.818404795434294,0.05,1.2830863396445746,-1.0408340855860843e-17,0.08548504557919129,0,True,-0.005475222468551539
1979-08-31,mom,mv,49,0.08524045916003585,5.757751094803579,0.04999999999999999,4.7148496494735515,9.71445146547012e-17,0.05523788286571742,0,True,0.015964929085991026
1979-08-31,mom,diag,49,0.08524045916003585,10.439990512469993,0.05,1.2305513941281003,-2.42861286636753e-17,0.083639397190234,0,True,0.02179223117057641
1979-09-30,mom,mv,49,0.08564605568197121,6.56133370340743,0.05000000000000004,4.969338969992229,-2.0816681711721685e-16,0.05707176702837072,0,True,-0.010016774411026193
1979-09-30,mom,diag,49,0.08564605568197121,10.309113209012157,0.05,1.2915202312143501,1.734723475976807e-17,0.07628222753923093,0,True,-0.0009989734678859535
1979-10-31,mom,mv,49,0.08533760020913499,5.2236321931332,0.04999999999999999,4.598452856930759,-3.191891195797325e-16,0.06054940977152329,0,True,0.03480041982086168
1979-10-31,mom,diag,49,0.08533760020913499,12.634100857775739,0.049999999999999996,1.0507233706143544,-9.020562075079397e-17,0.055017024285304174,0,True,0.03677924900413458
1979-11-30,mom,mv,49,0.08622541882597912,5.241038343209322,0.05000000000000003,4.245874107553137,-1.3877787807814457e-17,0.057363811962873226,0,True,0.048446030382467094
1979-11-30,mom,diag,49,0.08622541882597912,11.132579728724227,0.05000000000000001,1.0536204585971496,-5.204170427930421e-18,0.0705143258006168,0,True,0.03475656497511979
1979-12-31,mom,mv,49,0.08694731563445099,5.054841036481896,0.04999999999999998,3.9801276117536233,1.249000902703301e-16,0.06268842370012355,0,True,-0.004362612582239182
1979-12-31,mom,diag,49,0.08694731563445099,12.738472081590361,0.05,0.9674793928921681,1.1275702593849246e-17,0.0695425341741734,0,True,0.04001253529656573
1980-01-31,mom,mv,49,0.08763589655054038,4.91204401187761,0.05000000000000001,3.986219283664902,-8.326672684688674e-17,0.06925050354262825,0,True,0.07048762102809024
1980-01-31,mom,diag,49,0.08763589655054038,12.61131633328211,0.049999999999999996,0.9275268382796992,-2.6020852139652106e-17,0.06069474284344816,0,True,0.01919475520010874
1980-02-29,mom,mv,49,0.08804279531923787,4.827085691936834,0.04999999999999999,3.9167636248742244,-5.551115123125783e-17,0.09114620550561733,0,True,0.008998676141093636
1980-02-29,mom,diag,49,0.08804279531923787,14.337572972607763,0.05000000000000001,0.908049408050426,-9.75781955236954e-18,0.0608812608182056,0,True,-0.03591229851173252
1980-03-31,mom,mv,49,0.08689125267857367,4.757648950747401,0.04999999999999998,4.1276230682385195,2.914335439641036e-16,0.09163576508570499,0,True,0.006217328026470933
1980-03-31,mom,diag,49,0.08689125267857367,12.937138708662554,0.05000000000000001,0.8629586957118262,-2.8189256484623115e-17,0.058810872601473975,0,True,-0.0013489924191614994
1980-04-30,mom,mv,49,0.0866177166140256,5.72229215461557,0.05000000000000001,3.335505056135025,-4.85722573273506e-17,0.08427879761718003,0,True,-0.02420673684420395
1980-04-30,mom,diag,49,0.0866177166140256,11.794274644016342,0.05,1.0077268342055574,3.122502256758253e-17,0.066133456297889,0,True,-0.01275288299939741
1980-05-31,mom,mv,49,0.08629119982395975,5.887028754429992,0.049999999999999996,3.280380349068353,-7.632783294297951e-17,0.08193809217364868,0,True,0.03625784140390542
1980-05-31,mom,diag,49,0.08629119982395975,11.142645983529235,0.05,1.0484049687140624,-9.432558900623889e-17,0.060549853583355094,0,True,0.02774372035288832
1980-06-30,mom,mv,49,0.08660919342442351,6.300770762923003,0.05000000000000001,3.57317091536245,-1.5959455978986625e-16,0.07730038100920716,0,True,-0.024326875103929727
1980-06-30,mom,diag,49,0.08660919342442351,10.555273130917213,0.05000000000000001,1.0908502009443921,1.2750217548429532e-16,0.061694442133608994,0,True,0.011688203236715967
1980-07-31,mom,mv,49,0.08662517300052884,4.995259648871537,0.049999999999999996,3.204771685925008,6.938893903907228e-17,0.06847569591901591,0,True,0.0043180480370652455
1980-07-31,mom,diag,49,0.08662517300052884,8.62876881266606,0.05000000000000001,1.0225851729612299,-1.1709383462843448e-16,0.05857197077165053,0,True,0.013783472747508775
1980-08-31,mom,mv,49,0.08696746548941514,5.7125480688894825,0.049999999999999996,3.288981073241866,-1.734723475976807e-17,0.07813340978953531,0,True,0.03545567782178096
1980-08-31,mom,diag,49,0.08696746548941514,10.143030131060481,0.05000000000000002,0.9221790446221748,-1.3964523981613297e-16,0.07006795368267729,0,True,0.02892302687748361
1980-09-30,mom,mv,49,0.08791024776908325,6.341376378377451,0.04999999999999996,3.278645863133052,8.673617379884035e-17,0.07450538759931548,0,True,0.02102865239046572
1980-09-30,mom,diag,49,0.08791024776908325,11.356101005018742,0.05,0.8751954389297282,-5.551115123125783e-17,0.06836663166505279,0,True,0.01755418993652613
1980-10-31,mom,mv,49,0.08843656884085475,5.7634911178084955,0.04999999999999998,3.513257890052335,-9.540979117872439e-17,0.06947491047009982,0,True,-0.004306357218339128
1980-10-31,mom,diag,49,0.08843656884085475,11.403112345176126,0.05,0.8166242560444453,-1.1102230246251565e-16,0.060051327153415386,0,True,0.02825044363619505
1980-11-30,mom,mv,49,0.08920404182928751,5.98383753310631,0.05000000000000003,3.4063804083862057,-6.245004513516506e-17,0.06698382538531195,0,True,-0.012598033674410435
1980-11-30,mom,diag,49,0.08920404182928751,11.529653293357974,0.05000000000000001,0.7613217928341792,2.0816681711721685e-17,0.07763790704611695,0,True,-0.023462585858667274
1980-12-31,mom,mv,49,0.0882116693745892,6.226339925807028,0.04999999999999997,3.8083029005763454,2.0990154059319366e-16,0.060702840927357456,0,True,-0.0451402866147701
1980-12-31,mom,diag,49,0.0882116693745892,13.939686173762174,0.05000000000000001,0.7915646846855572,3.122502256758253e-17,0.06870479590466187,0,True,-0.031376834222014476
1981-01-31,mom,mv,49,0.08710152331817778,5.487882958917812,0.050000000000000024,3.2717889876760085,-4.5102810375396984e-17,0.06163482070034807,0,True,-0.017074842607307586
1981-01-31,mom,diag,49,0.08710152331817778,10.674019219265608,0.05,0.9307563946798535,0.0,0.06211185240970376,0,True,-0.01845337892573923
1981-02-28,mom,mv,49,0.08634528125758689,5.246433161123624,0.050000000000000024,3.268701633307519,-1.3877787807814457e-17,0.06428868472486249,0,True,0.02029392827379873
1981-02-28,mom,diag,49,0.08634528125758689,8.798354325489868,0.05000000000000002,1.1102645846694896,0.0,0.06743961869742837,0,True,0.0011786174997746872
1981-03-31,mom,mv,49,0.08633251994964258,5.109878539303517,0.04999999999999999,3.525390404951845,-1.5265566588595902e-16,0.08403713778149209,0,True,-0.0010022501756104382
1981-03-31,mom,diag,49,0.08633251994964258,10.855708711933524,0.049999999999999996,0.9603493508309254,-1.0408340855860843e-16,0.07955948845398768,0,True,0.005784903150701833
1981-04-30,mom,mv,49,0.08645571785583037,4.94326109039678,0.04999999999999997,3.6615953851978893,4.5102810375396984e-17,0.10000000000911909,2,True,0.025996920710624517
1981-04-30,mom,diag,49,0.08645571785583037,13.038877968894923,0.05000000000000002,0.8362365631803013,-2.42861286636753e-17,0.05931226153634493,0,True,0.009694100354347144
1981-05-31,mom,mv,49,0.08665827640286633,4.795189435345703,0.050000000000000024,3.3123869779379866,0.0,0.10000000000910009,2,True,-0.03508699200750807
1981-05-31,mom,diag,49,0.08665827640286633,12.4902186670621,0.049999999999999996,0.8918649965386839,2.42861286636753e-17,0.06303651285951868,0,True,-0.022973062415253317
1981-06-30,mom,mv,49,0.08578534074261282,4.774225030881776,0.05000000000000002,3.356461207102451,8.326672684688674e-17,0.10000000000994339,1,True,0.01405727515984486
1981-06-30,mom,diag,49,0.08578534074261282,11.042674315731778,0.05,0.8987392377073753,-4.163336342344337e-17,0.06172260820974948,0,True,-0.010064049285499416
1981-07-31,mom,mv,49,0.08537941244277841,6.091883434656116,0.050000000000000024,3.1789608196353005,-1.1102230246251565e-16,0.08161244135728468,0,True,-0.010135497196225692
1981-07-31,mom,diag,49,0.08537941244277841,9.861583834982719,0.05,1.0951655383231902,-4.163336342344337e-17,0.0711441266518956,0,True,-0.006100729080836031
1981-08-31,mom,mv,49,0.08527804380197164,6.627442827867503,0.049999999999999996,3.1257214121782773,1.3877787807814457e-17,0.08988920856135507,0,True,-0.0017733178243778112
1981-08-31,mom,diag,49,0.08527804380197164,7.910789607081147,0.049999999999999996,1.4118518975496572,-4.163336342344337e-17,0.06683293552242064,0,True,0.008632921235339848
1981-09-30,mom,mv,49,0.08541555205783243,6.79522553892527,0.04999999999999999,3.7937714932428506,-1.3877787807814457e-17,0.07436477865386906,0,True,0.04030619383170376
1981-09-30,mom,diag,49,0.08541555205783243,9.206066095687213,0.05,1.269544919065184,1.0408340855860843e-17,0.05637032709031937,0,True,0.02212717463704108
1981-10-31,mom,mv,49,0.08558472955255463,5.858503162264097,0.04999999999999999,4.081781408190716,2.7755575615628914e-17,0.07696898258935528,0,True,0.0022911142783398927
1981-10-31,mom,diag,49,0.08558472955255463,13.04532687819068,0.05,0.8870152012109714,4.336808689942018e-17,0.06420895986555543,0,True,0.002549038050371973
1981-11-30,mom,mv,49,0.08545788490136652,5.170227634809144,0.04999999999999999,4.234904093867396,2.2551405187698492e-17,0.0783971544485072,0,True,-0.02590974675307561
1981-11-30,mom,diag,49,0.08545788490136652,13.959577591039963,0.05,0.8601188352980281,-3.642919299551295e-17,0.05661386060558288,0,True,-0.002356429700013525
1981-12-31,mom,mv,49,0.08514598224007135,5.038860038820646,0.05000000000000001,3.8473367698465126,-2.5934115965853266e-16,0.08447288521218756,0,True,-0.03708015455332933
1981-12-31,mom,diag,49,0.08514598224007135,13.506219633313977,0.05,0.9155413484610609,-2.42861286636753e-17,0.054677086663246804,0,True,0.00894138046320414
1982-01-31,mom,mv,49,0.08543367598835469,5.768434229209998,0.049999999999999954,3.975339919095073,-1.3183898417423734e-16,0.05908169812857163,0,True,-0.019937161512246376
1982-01-31,mom,diag,49,0.08543367598835469,12.65607859663833,0.05,0.9887079796317876,-1.734723475976807e-18,0.059381941474306255,0,True,0.01724302586033426
1982-02-28,mom,mv,49,0.08595925736130923,5.578806925183291,0.05,4.244808344822567,-1.3877787807814457e-17,0.06642131022429423,0,True,-0.004418130329274811
1982-02-28,mom,diag,49,0.08595925736130923,12.832533745922742,0.05,1.0086408889288738,-3.469446951953614e-18,0.050915146851227416,0,True,0.02346810571705822
1982-03-31,mom,mv,49,0.08658403967264264,4.770424535343473,0.05000000000000004,4.193298303568674,-3.122502256758253e-17,0.09308242222007335,0,True,-0.011544946070614492
1982-03-31,mom,diag,49,0.08658403967264264,15.230991036595702,0.05,0.8846648361854393,3.642919299551295e-17,0.04683860263544666,0,True,0.004695422538853583
1982-04-30,mom,mv,49,0.08671158703496633,4.529590169694019,0.05000000000000004,4.165448968988546,-3.469446951953614e-17,0.07562611290404748,0,True,0.0012599261481001775
1982-04-30,mom,diag,49,0.08671158703496633,16.152746928370046,0.05,0.8208469834619598,1.3877787807814457e-17,0.04769187153100398,0,True,0.009781237693699108
1982-05-31,mom,mv,49,0.08720939351902969,4.668985644347727,0.05000000000000004,3.7441057377530087,1.457167719820518e-16,0.06508823896939461,0,True,-0.0008154664374065714
1982-05-31,mom,diag,49,0.08720939351902969,16.004106229741417,0.05000000000000002,0.8407418832315053,-5.0306980803327406e-17,0.06139094475597555,0,True,0.021525999602730023
1982-06-30,mom,mv,49,0.0879262284023637,4.669972762700952,0.05,3.9833855425923668,-6.938893903907228e-18,0.06708526321339854,0,True,0.021636084669501756
1982-06-30,mom,diag,49,0.0879262284023637,16.099484915767327,0.05,0.8138522724524426,-6.071532165918825e-18,0.061337107517303556,0,True,0.017368305554711565
1982-07-31,mom,mv,49,0.08830557369886202,4.465065311596632,0.05,4.419130302975587,4.85722573273506e-17,0.08862858410991112,0,True,-0.05108277596411346
1982-07-31,mom,diag,49,0.08830557369886202,16.89313560789781,0.05,0.7746443832787863,-2.42861286636753e-17,0.05114077028994001,0,True,-0.02011114795257679
1982-08-31,mom,mv,49,0.08763808578002473,4.615835315235783,0.04999999999999999,5.089769758091982,1.6653345369377348e-16,0.10000000020878248,1,True,-0.013625894993619816
1982-08-31,mom,diag,49,0.08763808578002473,16.390741999769112,0.05,0.7375142685693261,2.688821387764051e-17,0.06037990738203811,0,True,0.010982739189190297
1982-09-30,mom,mv,49,0.08780032710106941,4.888399277566311,0.049999999999999954,5.1095503260746575,-1.214306433183765e-16,0.1000000002078476,1,True,-0.0391126838837464
1982-09-30,mom,diag,49,0.08780032710106941,15.51077844045396,0.05,0.8016169840323245,2.7755575615628914e-17,0.05620378311491331,0,True,-0.008189831139401905
1982-10-31,mom,mv,49,0.08732939594702613,4.653487603683202,0.0500000000000001,5.144070848995495,-3.41740524767431e-16,0.10000000019474861,1,True,0.011955188708705745
1982-10-31,mom,diag,49,0.08732939594702613,15.719850868879156,0.05,0.8039380617485226,2.6020852139652106e-17,0.06069920581592927,0,True,0.009293237231922937
1982-11-30,mom,mv,49,0.08730556713963783,4.877288576739866,0.049999999999999996,5.653971576061399,-1.1796119636642288e-16,0.10000000042290674,1,True,-0.027249831978233545
1982-11-30,mom,diag,49,0.08730556713963783,14.264146386326122,0.05,0.8527087761896601,5.204170427930421e-18,0.07173398070585268,0,True,-0.014372882542055836
1982-12-31,mom,mv,49,0.08679272444719366,4.786216551619624,0.04999999999999997,5.361341426963654,-6.006480035569695e-17,0.09333749107935102,0,True,-0.06400458852470994
1982-12-31,mom,diag,49,0.08679272444719366,14.033240151843135,0.05,0.8360953618737709,1.9081958235744878e-17,0.07124584224181474,0,True,-0.018812617919873126
1983-01-31,mom,mv,49,0.08609487408162403,5.611420231112378,0.0499999999999999,5.310476929847271,-7.979727989493313e-17,0.09612377734472968,0,True,-0.004874512633903092
1983-01-31,mom,diag,49,0.08609487408162403,12.08252656600394,0.05,0.9738317711819183,-1.3877787807814457e-17,0.06691977952290731,0,True,0.019860683343736314
1983-02-28,mom,mv,49,0.08646718103414756,6.247211889340267,0.04999999999999995,4.541286572963259,-1.3877787807814457e-16,0.09999999999310286,1,True,0.018413802621777248
1983-02-28,mom,diag,49,0.08646718103414756,10.117411917992674,0.05000000000000002,1.0934873818279798,1.6479873021779667e-17,0.06296481958412062,0,True,0.007623241813605183
1983-03-31,mom,mv,49,0.08656924630268273,5.523317951568291,0.04999999999999993,4.858982596243942,-1.942890293094024e-16,0.10000000000820929,1,True,0.002062856269533683
1983-03-31,mom,diag,49,0.08656924630268273,11.523084811461676,0.05,1.072550604996676,-9.627715291671279e-17,0.059946390354521206,0,True,0.0055112072516644815
1983-04-30,mom,mv,49,0.0867359719387586,5.798961856926037,0.049999999999999906,4.865420239519922,1.5959455978986625e-16,0.09672165635390896,0,True,-0.001142289008567598
1983-04-30,mom,diag,49,0.0867359719387586,11.112212735639288,0.05,1.079138437138742,4.336808689942018e-17,0.05841143764132386,0,True,-0.0075958000217526975
1983-05-31,mom,mv,49,0.0865280845768741,5.793933072543864,0.05000000000000002,4.497130352414136,1.8041124150158794e-16,0.10000000027832752,1,True,0.0070281236936090875
1983-05-31,mom,diag,49,0.0865280845768741,10.640597086705187,0.05000000000000002,1.1067350620345269,-1.691355389077387e-17,0.04942062383796309,0,True,0.008432518562899624
1983-06-30,mom,mv,49,0.08658686248415261,5.396682616585886,0.049999999999999954,4.208978881701772,-1.6653345369377348e-16,0.10000000021918963,1,True,-0.008021814520214651
1983-06-30,mom,diag,49,0.08658686248415261,10.327422156816507,0.05,1.0606742994032317,1.734723475976807e-17,0.03819672684240646,0,True,-0.013039762270525088
1983-07-31,mom,mv,49,0.08601556678639001,5.738924982112415,0.05000000000000006,4.237059177563671,2.498001805406602e-16,0.10000000014892635,1,True,-0.0026152985620111783
1983-07-31,mom,diag,49,0.08601556678639001,11.95214393000323,0.04999999999999999,1.0131456745090879,3.469446951953614e-18,0.04475579989861292,0,True,-0.018448441544504025
1983-08-31,mom,mv,49,0.08525220355657147,5.470957424278577,0.049999999999999975,4.440129136921948,-6.938893903907228e-17,0.10000000020477502,1,True,-0.03024116569672755
1983-08-31,mom,diag,49,0.08525220355657147,12.06968037599714,0.05,1.0945512821749261,-1.0408340855860843e-17,0.05367251266500135,0,True,-0.008477953133996196
1983-09-30,mom,mv,49,0.08486898134174074,5.53951759990005,0.05000000000000002,4.160280620221641,-1.3877787807814457e-17,0.10000000012247302,1,True,0.008031203456967988
1983-09-30,mom,diag,49,0.08486898134174074,12.061739177740481,0.05,1.0741997120359676,0.0,0.05113961126780852,0,True,-0.024516580675407712
1983-10-31,mom,mv,49,0.08400384714762517,6.278524233827781,0.05000000000000001,4.011934176460659,-1.942890293094024e-16,0.10000000008238291,1,True,-0.020606093325223764
1983-10-31,mom,diag,49,0.08400384714762517,8.940704325894604,0.05,1.390975416228076,-3.469446951953614e-18,0.0774499581954471,0,True,0.004483266580153848
1983-11-30,mom,mv,49,0.08402340556832172,6.038931998577418,0.05000000000000004,3.4059622316705034,1.1102230246251565e-16,0.07538061600640618,0,True,-0.014281911845901399
1983-11-30,mom,diag,49,0.08402340556832172,7.595367825108381,0.049999999999999996,1.4729248870114413,2.0816681711721685e-17,0.06402969783840703,0,True,-0.005792314248120446
1983-12-31,mom,mv,49,0.08386975220413116,6.14884925703987,0.050000000000000024,3.627975316218136,6.938893903907228e-17,0.08247248581888743,0,True,0.009026917845965016
1983-12-31,mom,diag,49,0.08386975220413116,7.300176801594594,0.05000000000000001,1.5664568472982403,-2.7755575615628914e-17,0.07254251609586951,0,True,-0.013922856294547339
1984-01-31,mom,mv,49,0.08343259618663838,6.2486274037410015,0.05,3.5205231002050077,-5.551115123125783e-17,0.08384171816331984,0,True,-0.023898570405419994
1984-01-31,mom,diag,49,0.08343259618663838,8.55647637009326,0.05,1.3819768535939707,3.469446951953614e-17,0.06599524848169956,0,True,-0.02108431140111796
1984-02-29,mom,mv,49,0.08280950051088791,6.173093503398317,0.05000000000000003,4.0208063642012934,-1.3877787807814457e-16,0.07129482427394218,0,True,-0.008224854418774246
1984-02-29,mom,diag,49,0.08280950051088791,9.955688089649582,0.05,1.2378604686339965,3.469446951953614e-17,0.066664742017855,0,True,-0.002199263167867006
1984-03-31,mom,mv,49,0.08260998402777384,6.035458572988893,0.049999999999999996,3.9934349844731476,-2.0816681711721685e-16,0.08426547878823984,0,True,0.011783890684093891
1984-03-31,mom,diag,49,0.08260998402777384,10.663421628922116,0.05,1.125378653460635,0.0,0.06464777380745519,0,True,0.006430811744975747
1984-04-30,mom,mv,49,0.08271786590282286,5.620527349302483,0.05000000000000002,3.569263280495653,-5.551115123125783e-17,0.06881546493627153,0,True,0.02499001402185044
1984-04-30,mom,diag,49,0.08271786590282286,10.509279248674117,0.05,1.1366342288498723,-1.3877787807814457e-17,0.06844516793002287,0,True,0.007415145414929728
1984-05-31,mom,mv,49,0.08273779074134324,6.006737256307516,0.05000000000000001,3.8954356055006416,1.457167719820518e-16,0.08930588057248598,0,True,0.032885469195613325
1984-05-31,mom,diag,49,0.08273779074134324,10.954838200101852,0.05,0.9692689911128415,4.85722573273506e-17,0.0597409829817058,0,True,-0.0013447906173630303
1984-06-30,mom,mv,49,0.08254007075666812,5.6684520175088275,0.05,4.344649616602993,8.326672684688674e-17,0.0651394498877117,0,True,0.02491662204004565
1984-06-30,mom,diag,49,0.08254007075666812,12.05745682234399,0.05,0.9006979274706769,3.469446951953614e-17,0.06413115629774277,0,True,0.010499699085005478
1984-07-31,mom,mv,49,0.08263468481070192,5.967198098953756,0.050000000000000024,4.465357479912514,9.020562075079397e-17,0.06575972157364385,0,True,-0.016122906236720167
1984-07-31,mom,diag,49,0.08263468481070192,11.952163798159953,0.05,0.8956651198851769,4.85722573273506e-17,0.0725838883224599,0,True,-0.017219837302175973
1984-08-31,mom,mv,49,0.0819699449319976,5.708724240921679,0.049999999999999975,4.471355229824027,-9.71445146547012e-17,0.07145240792072766,0,True,0.005850830068111975
1984-08-31,mom,diag,49,0.0819699449319976,12.06298200693786,0.05000000000000002,0.8866223553427818,-4.85722573273506e-17,0.05773447873076489,0,True,0.011877422640205415
1984-09-30,mom,mv,49,0.0822017564965739,6.193914819924185,0.05000000000000002,4.015030425197435,-1.3877787807814457e-16,0.05484564496382119,0,True,0.018532419150183915
1984-09-30,mom,diag,49,0.0822017564965739,10.161773855047983,0.05000000000000001,1.096567865977107,1.3877787807814457e-17,0.05548753533047967,0,True,0.02076417018642699
1984-10-31,mom,mv,49,0.08282772810987565,6.71798301337267,0.04999999999999999,3.933921387878455,1.5265566588595902e-16,0.05110744567657425,0,True,-0.03028286936408993
1984-10-31,mom,diag,49,0.08282772810987565,9.29156686254855,0.05,1.2303056491040525,4.163336342344337e-17,0.06693117606093539,0,True,-0.0005981072276346081
1984-11-30,mom,mv,49,0.08275816385889422,5.806657450133149,0.050000000000000024,4.000029137437716,1.1102230246251565e-16,0.06066137086114218,0,True,0.003418655626079932
1984-11-30,mom,diag,49,0.08275816385889422,11.633179842567209,0.05,0.9824293374774965,5.551115123125783e-17,0.047306635653978926,0,True,0.010800572122929897
1984-12-31,mom,mv,49,0.08310409865529898,5.580856015816514,0.05000000000000002,4.447675796293466,-1.1102230246251565e-16,0.08154134062007497,0,True,-0.011526488920219347
1984-12-31,mom,diag,49,0.08310409865529898,12.992042396085203,0.05,0.9188631267984747,-1.3877787807814457e-17,0.043810949779480364,0,True,-0.02916203099069261
1985-01-31,mom,mv,49,0.08212748679924566,5.3109049761386435,0.04999999999999999,4.07815868135602,-9.020562075079397e-17,0.07955728228024289,0,True,0.0016640911346279968
1985-01-31,mom,diag,49,0.08212748679924566,13.147556420632412,0.05,0.903115796319355,4.85722573273506e-17,0.042794845052392824,0,True,0.0113366117933898
1985-02-28,mom,mv,49,0.08262635883967379,5.073904018130273,0.05000000000000001,3.3521240296912898,-5.898059818321144e-17,0.07328897960059437,0,True,-0.018673207086429625
1985-02-28,mom,diag,49,0.08262635883967379,11.13486668095048,0.05000000000000001,0.9954869682073384,0.0,0.06853370049608612,0,True,-0.004374517081053379
1985-03-31,mom,mv,49,0.08255520561836029,4.693034186935168,0.05000000000000001,3.2470493021730826,-4.2500725161431774e-17,0.08079036093390957,0,True,-0.006707455712859653
1985-03-31,mom,diag,49,0.08255520561836029,11.694805890349773,0.05,0.9104857199550449,-1.691355389077387e-17,0.0528732997088746,0,True,0.003916377593304488
1985-04-30,mom,mv,49,0.08273901385507765,4.843339603934318,0.05000000000000002,3.8898644214825646,8.803721640582296e-17,0.08250664982401454,0,True,-0.027775100929624947
1985-04-30,mom,diag,49,0.08273901385507765,12.993525850400024,0.05,0.9784592187740967,-4.5102810375396984e-17,0.04837031788671835,0,True,0.015752199029448133
1985-05-31,mom,mv,49,0.08317450903408517,4.8750924691563995,0.05000000000000004,3.9310297748248657,-8.847089727481716e-17,0.10000000000978097,1,True,-0.0013886737755653344
1985-05-31,mom,diag,49,0.08317450903408517,12.942738298734143,0.05,0.9700442399724956,-2.7755575615628914e-17,0.05507959601884269,0,True,0.01257552270438611
1985-06-30,mom,mv,49,0.08373733008315067,4.848915007737837,0.05000000000000001,4.183087987963145,1.1449174941446927e-16,0.10000000000961705,1,True,-0.024434321914792303
1985-06-30,mom,diag,49,0.08373733008315067,13.21025613290462,0.049999999999999996,0.9891642732032954,6.938893903907228e-17,0.058579662918690385,0,True,-0.026933765353940067
1985-07-31,mom,mv,49,0.08276519377050925,4.828368482857197,0.05,4.274840172476678,2.7755575615628914e-17,0.1000000000014695,1,True,0.020884610726104005
1985-07-31,mom,diag,49,0.08276519377050925,12.942202901678469,0.05000000000000001,1.0380586013287436,-3.122502256758253e-17,0.06332867268907234,0,True,0.011549237960215076
1985-08-31,mom,mv,49,0.08319677512815012,5.372562358890752,0.04999999999999998,4.329770526103419,-2.7755575615628914e-17,0.09287791679894675,0,True,-0.021307403590640407
1985-08-31,mom,diag,49,0.08319677512815012,12.847258346174106,0.05,1.0450437364014207,5.551115123125783e-17,0.06245399020221131,0,True,0.004361629974237951
1985-09-30,mom,mv,49,0.08317599786671893,5.683613998776834,0.04999999999999999,3.8060866040133674,-1.3877787807814457e-17,0.051858543155884465,0,True,0.036198598388662975
1985-09-30,mom,diag,49,0.08317599786671893,11.822618609771384,0.05,1.1395296000580664,-4.85722573273506e-17,0.04858132060647678,0,True,0.025707194565265858
1985-10-31,mom,mv,49,0.08379604225801972,5.64412850249715,0.049999999999999996,3.689188315158179,1.249000902703301e-16,0.07076283042604,0,True,-0.017804157282542688
1985-10-31,mom,diag,49,0.08379604225801972,12.146431437353383,0.05,1.0744982824040072,-4.163336342344337e-17,0.05764827554308554,0,True,-0.0025035335022488363
1985-11-30,mom,mv,49,0.08353704634905285,5.24933711604862,0.049999999999999996,3.5859413060977556,1.249000902703301e-16,0.06642968430134967,0,True,0.0034115510872942145
1985-11-30,mom,diag,49,0.08353704634905285,12.2978916177917,0.05,1.102797060457042,6.245004513516506e-17,0.05108067287406118,0,True,0.004770218036038962
1985-12-31,mom,mv,49,0.08354822180083081,5.448770780916042,0.05000000000000002,3.968224056615002,-3.469446951953614e-17,0.07123505888853399,0,True,0.02037479978243466
1985-12-31,mom,diag,49,0.08354822180083081,11.811479006578768,0.05000000000000001,1.1151215913532173,-1.3877787807814457e-17,0.05438948033435016,0,True,0.00490663186906457
1986-01-31,mom,mv,49,0.08358752206221537,5.405453185685804,0.05,4.562070021064324,-2.0816681711721685e-17,0.07310157505324409,0,True,0.015764192861981798
1986-01-31,mom,diag,49,0.08358752206221537,13.70701116270506,0.05,0.9493798178496706,4.163336342344337e-17,0.05540874163376065,0,True,0.010278969129822083
1986-02-28,mom,mv,49,0.08377354303871219,5.725864430442044,0.04999999999999998,4.691430122419367,-1.3877787807814457e-17,0.06253690079619474,0,True,-0.019563601121935215
1986-02-28,mom,diag,49,0.08377354303871219,12.811011801575454,0.05,1.0346193278246667,3.469446951953614e-17,0.04908602297443504,0,True,0.011247302124223015
1986-03-31,mom,mv,49,0.08395215344227575,5.401521212799841,0.04999999999999998,4.7206660722257725,-1.3877787807814457e-17,0.05963257609717678,0,True,0.03234611727761703
1986-03-31,mom,diag,49,0.08395215344227575,12.967200464225712,0.05,1.0927291913850004,-9.020562075079397e-17,0.04627176035647065,0,True,0.0006454451414938937
1986-04-30,mom,mv,49,0.08388549265450257,5.673668735350219,0.05000000000000003,5.322234246633991,-2.636779683484747e-16,0.07169825137387444,0,True,0.002438443919593244
1986-04-30,mom,diag,49,0.08388549265450257,12.880062949932753,0.04999999999999999,1.0624360773090042,-2.42861286636753e-17,0.04798873633696067,0,True,0.016036152510574667
1986-05-31,mom,mv,49,0.08446020070114776,5.810870882293223,0.049999999999999996,5.009318221370265,1.3183898417423734e-16,0.08218241022145899,0,True,0.029389231193819428
1986-05-31,mom,diag,49,0.08446020070114776,11.786439422040505,0.05000000000000001,1.0952111849531627,-1.734723475976807e-17,0.04800906458571559,0,True,0.02970607257671984
1986-06-30,mom,mv,49,0.08522412990177636,5.761442759863715,0.04999999999999997,5.317677568960484,6.938893903907228e-17,0.06806084243451917,0,True,-0.015653348915737924
1986-06-30,mom,diag,49,0.08522412990177636,12.499867705809878,0.05,1.1197984427315562,3.8163916471489756e-17,0.04896865954975537,0,True,-0.0037322014574013235
1986-07-31,mom,mv,49,0.08514710326566378,4.97140334006333,0.04999999999999998,5.547341330723843,9.71445146547012e-17,0.07858545233849848,0,True,-0.02469383247707825
1986-07-31,mom,diag,49,0.08514710326566378,14.20761736298819,0.05,0.9721484752920776,-5.0306980803327406e-17,0.03805022839069823,0,True,-0.025074608620051956
1986-08-31,mom,mv,49,0.08421720542727343,4.955678876282725,0.04999999999999998,5.3249538088316495,-8.326672684688674e-17,0.08737667841706205,0,True,-0.07247007737169123
1986-08-31,mom,diag,49,0.08421720542727343,14.860811573407284,0.05000000000000001,0.9166580032747957,1.5612511283791264e-17,0.045625324288787586,0,True,-0.03107960812397925
1986-09-30,mom,mv,49,0.0831551060057634,5.031790947920577,0.05000000000000005,4.413584732660166,1.5265566588595902e-16,0.10000000000977953,1,True,0.028018176312096216
1986-09-30,mom,diag,49,0.0831551060057634,14.445745474103804,0.05,0.9341682726825806,-1.3877787807814457e-17,0.054863619425515965,0,True,0.023338379510904023
1986-10-31,mom,mv,49,0.08381768607497657,5.378377406386614,0.05,4.202751012872342,-1.249000902703301e-16,0.09999999999007927,1,True,0.014899534917983069
1986-10-31,mom,diag,49,0.08381768607497657,11.69065286682833,0.05,1.0531733644227068,3.469446951953614e-17,0.06311698649197785,0,True,0.004116778087509567
1986-11-30,mom,mv,49,0.08354863115605275,4.897287588126394,0.05000000000000004,4.10907361600398,-9.71445146547012e-17,0.10000000004674403,1,True,-0.00310103020960846
1986-11-30,mom,diag,49,0.08354863115605275,12.32192038535247,0.05000000000000002,1.0518815520015707,6.938893903907228e-18,0.060289864450069425,0,True,0.008480718457636942
1986-12-31,mom,mv,49,0.08373745288684087,5.603745680742522,0.05000000000000003,4.466561136989532,-1.3877787807814457e-17,0.10000000000971083,1,True,0.0864207536381982
1986-12-31,mom,diag,49,0.08373745288684087,12.05491514496213,0.05,1.1242581530322475,6.245004513516506e-17,0.05901096832905816,0,True,0.019380657168478286
1987-01-31,mom,mv,49,0.08398354578846909,5.728645842785213,0.04999999999999998,4.43532243851139,-9.020562075079397e-17,0.0767141681610535,0,True,-0.025804500752726386
1987-01-31,mom,diag,49,0.08398354578846909,12.36596191338561,0.05,1.1295293931105097,-4.85722573273506e-17,0.055902733367914265,0,True,-0.021697195554243508
1987-02-28,mom,mv,49,0.08328719668337098,5.518830641551836,0.04999999999999999,3.9158084098141885,1.457167719820518e-16,0.08304805702362046,0,True,-0.01084953779856814
1987-02-28,mom,diag,49,0.08328719668337098,10.813116710031881,0.05000000000000001,1.2740275504992045,-1.3877787807814457e-17,0.056200162523317276,0,True,0.006506355862172316
1987-03-31,mom,mv,49,0.08327030673118377,6.172323977862808,0.049999999999999996,3.8160448138801666,1.5265566588595902e-16,0.0749473217001428,0,True,0.006900199286683082
1987-03-31,mom,diag,49,0.08327030673118377,8.719395848432601,0.05,1.5104060468671456,1.1102230246251565e-16,0.041202505511767,0,True,0.01730238617960749
1987-04-30,mom,mv,49,0.08351219395066907,5.300670628799613,0.05,3.6206854547430196,9.71445146547012e-17,0.08449438171644445,0,True,-0.015661495503913846
1987-04-30,mom,diag,49,0.08351219395066907,8.03490001363324,0.05000000000000001,1.3840972876088378,2.7755575615628914e-17,0.053479032109378044,0,True,0.0009395083256629893
1987-05-31,mom,mv,49,0.08339611443433957,4.857743612003218,0.04999999999999999,3.661618766139861,-1.3183898417423734e-16,0.07369840199328484,0,True,-0.006148466847532091
1987-05-31,mom,diag,49,0.08339611443433957,8.533106817180235,0.05,1.195571956640443,-2.0816681711721685e-17,0.04926636977510591,0,True,-0.015677137364470108
1987-06-30,mom,mv,49,0.08297898264274992,4.794248386331662,0.05,3.904306467961984,-8.326672684688674e-17,0.08065194544541991,0,True,0.003049098476119176
1987-06-30,mom,diag,49,0.08297898264274992,10.123718754979055,0.05,0.9954720018346547,-4.85722573273506e-17,0.054805903279830794,0,True,0.01886238552105854
1987-07-31,mom,mv,49,0.08318828158154327,5.430310236798797,0.04999999999999999,3.896382911907498,1.6653345369377348e-16,0.0702013184100722,0,True,-0.007536748819059356
1987-07-31,mom,diag,49,0.08318828158154327,11.258948064533271,0.049999999999999996,1.0235578107505359,-3.469446951953614e-17,0.06338694024139054,0,True,-0.006745933565496277
1987-08-31,mom,mv,49,0.08297582678484772,5.0262109589156205,0.05000000000000004,3.7328520270082457,2.7755575615628914e-17,0.10000000010727997,1,True,0.02486601947032064
1987-08-31,mom,diag,49,0.08297582678484772,10.49220350251112,0.05000000000000001,1.1033272037421225,-6.938893903907228e-18,0.06813929625210834,0,True,0.012584850778429729
1987-09-30,mom,mv,49,0.08328899389572463,5.5904496161754835,0.04999999999999999,3.727340610910036,-2.0816681711721685e-16,0.0878423415610016,0,True,-0.04549844384142603
1987-09-30,mom,diag,49,0.08328899389572463,9.391238401372936,0.04999999999999999,1.4094748332607216,4.85722573273506e-17,0.054216625462881564,0,True,-0.014354243996720278
1987-10-31,mom,mv,49,0.08306359755169229,5.717692071039272,0.050000000000000024,4.08982875647059,-2.7755575615628914e-17,0.08623945235218994,0,True,0.01647814333171938
1987-10-31,mom,diag,49,0.08306359755169229,10.255290903362795,0.05,1.2025924567525632,3.122502256758253e-17,0.05419702706911679,0,True,0.013532351354370913
1987-11-30,mom,mv,49,0.08300244288705051,5.6817157497457424,0.050000000000000024,3.4094921858817075,2.7755575615628914e-17,0.07448199845715486,0,True,-0.01326999308991792
1987-11-30,mom,diag,49,0.08300244288705051,9.27358832725913,0.04999999999999999,1.3843645279896395,1.5265566588595902e-16,0.06047529073950525,0,True,0.0027619535931197167
1987-12-31,mom,mv,49,0.08296050062556246,4.9040317623574925,0.05,3.374957281887115,9.71445146547012e-17,0.061706863265594436,0,True,-0.02887581004952381
1987-12-31,mom,diag,49,0.08296050062556246,8.264939184938573,0.05,1.2440684338724697,5.204170427930421e-18,0.05758536742258549,0,True,-0.03641239056948432
1988-01-31,mom,mv,49,0.08225351175515143,5.2416189619319535,0.04999999999999997,4.067590873089818,4.163336342344337e-17,0.05680668053602455,0,True,-0.007591164373218671
1988-01-31,mom,diag,49,0.08225351175515143,9.04882044082941,0.05,1.0854974869001879,-3.642919299551295e-17,0.06345395397677465,0,True,0.0022415913786874
1988-02-29,mom,mv,49,0.08228994307170215,6.358746840944801,0.04999999999999997,4.27157840345308,4.163336342344337e-17,0.0659678243776066,0,True,-0.01736843548737565
1988-02-29,mom,diag,49,0.08228994307170215,9.432804763720688,0.05000000000000001,1.2572281928795919,1.3010426069826053e-18,0.06851932668364587,0,True,-0.006613720014312982
1988-03-31,mom,mv,49,0.08196366172058264,6.860111635088548,0.04999999999999993,4.3729195933401614,2.220446049250313e-16,0.07654787642646829,0,True,0.0007992128468945708
1988-03-31,mom,diag,49,0.08196366172058264,7.618766333344422,0.049999999999999996,1.507998201815535,-2.7755575615628914e-17,0.07057643745661495,0,True,0.0008412867446284066
1988-04-30,mom,mv,49,0.08184306485767802,6.7805480423649085,0.05000000000000002,4.387268011951894,3.469446951953614e-17,0.08435440486415022,0,True,-0.034076443437376445
1988-04-30,mom,diag,49,0.08184306485767802,7.729649059773407,0.05000000000000002,1.5168264854308235,-3.469446951953614e-18,0.08939259369485797,0,True,0.000792118389516233
1988-05-31,mom,mv,49,0.0817853368188562,6.442888599290136,0.05000000000000001,4.467299906815529,-6.938893903907228e-17,0.07193098858707703,0,True,-0.04179938828378683
1988-05-31,mom,diag,49,0.0817853368188562,8.335466426058433,0.05,1.4950440294292935,-2.7755575615628914e-17,0.08133649528469337,0,True,-0.02389961283935417
1988-06-30,mom,mv,49,0.081125347928923,5.898248435225995,0.05,4.247042333659044,5.551115123125783e-17,0.06231910764275215,0,True,0.015253546261729888
1988-06-30,mom,diag,49,0.081125347928923,9.520170795063226,0.05,1.3804437152479996,0.0,0.07267934887145272,0,True,0.013351019470682018
1988-07-31,mom,mv,49,0.08148194191207488,7.542390851807943,0.049999999999999996,4.79994438567026,2.498001805406602e-16,0.07254049458408197,0,True,0.0007324804896731393
1988-07-31,mom,diag,49,0.08148194191207488,7.067071751042526,0.05,1.79791189505726,6.938893903907228e-17,0.059691147469689086,0,True,-0.0010733430851049544
1988-08-31,mom,mv,49,0.08140554711827817,6.7448249669425415,0.05000000000000002,4.713506251668117,-9.71445146547012e-17,0.09184655624673806,0,True,0.011410969277617254
1988-08-31,mom,diag,49,0.08140554711827817,8.314384981474143,0.049999999999999996,1.5040866072213512,1.3877787807814457e-17,0.06162144411838106,0,True,-0.009327238345504902
1988-09-30,mom,mv,49,0.08112000298919875,6.679345153854229,0.05000000000000007,4.965832406115973,-9.020562075079397e-17,0.10000000011564379,1,True,0.019543290790509017
1988-09-30,mom,diag,49,0.08112000298919875,9.756095030254581,0.05,1.3145239168853315,-1.3877787807814457e-17,0.053377064680811735,0,True,0.0136752084518378
1988-10-31,mom,mv,49,0.0813635407363264,5.837016051061986,0.05,3.883107728379205,7.28583859910259e-17,0.052063198631727564,0,True,-0.005379659393695943
1988-10-31,mom,diag,49,0.0813635407363264,8.365187859199487,0.049999999999999996,1.5032281889467933,-2.862293735361732e-17,0.06862250805786367,0,True,-0.0008303359327823884
1988-11-30,mom,mv,49,0.08126324986643194,6.506844132297652,0.05,3.6497270490942375,-1.97758476261356e-16,0.05559064503016795,0,True,0.0028092792184064223
1988-11-30,mom,diag,49,0.08126324986643194,7.418963448269323,0.05000000000000001,1.490184635803929,-8.673617379884035e-18,0.07651560361741473,0,True,-0.0025990579472183264
1988-12-31,mom,mv,49,0.08103504827175553,6.176994485727937,0.050000000000000024,3.975775575689382,-1.5959455978986625e-16,0.059190046550040475,0,True,-0.010150478592624789
1988-12-31,mom,diag,49,0.08103504827175553,9.115215825873562,0.05,1.3561567303965758,1.0408340855860843e-17,0.05234738971823796,0,True,0.0017148814290422856
1989-01-31,mom,mv,49,0.08089308181920252,6.538397448402389,0.04999999999999998,3.562368017824718,-2.42861286636753e-17,0.06786343070385148,0,True,-0.0122531660146414
1989-01-31,mom,diag,49,0.08089308181920252,7.173242099767723,0.05,1.7230086972040255,8.673617379884035e-17,0.0690279021364765,0,True,0.004522216216570247
1989-02-28,mom,mv,49,0.08081355325045231,6.585668195844288,0.04999999999999998,3.416103865319067,3.469446951953614e-17,0.05354963323342712,0,True,0.030338013274591194
1989-02-28,mom,diag,49,0.08081355325045231,7.206490831930259,0.05,1.6598509845978024,1.0842021724855044e-19,0.05618486750221754,0,True,0.02092634566888477
1989-03-31,mom,mv,49,0.08121910382718886,6.554473314755986,0.04999999999999998,3.6448325546948186,1.734723475976807e-16,0.06849072059747463,0,True,0.004203776518594524
1989-03-31,mom,diag,49,0.08121910382718886,7.936856301910847,0.05,1.5313973684076807,2.0816681711721685e-17,0.06079117130536974,0,True,0.0010319109562882814
1989-04-30,mom,mv,49,0.08120233821479003,6.050706298292994,0.05000000000000003,3.6680191996782616,1.6653345369377348e-16,0.06390918113904386,0,True,0.028338051024272688
1989-04-30,mom,diag,49,0.08120233821479003,9.774483817173833,0.05,1.3055097197644219,2.949029909160572e-17,0.05984120725997127,0,True,0.009211858174050352
1989-05-31,mom,mv,49,0.08141425832649495,5.931763220702862,0.05000000000000004,3.491462229884989,-4.163336342344337e-17,0.05588998447497364,0,True,0.016926610391455245
1989-05-31,mom,diag,49,0.08141425832649495,8.90748715752207,0.05000000000000002,1.3335290180651846,3.469446951953614e-18,0.05722250167029324,0,True,0.01668917742073536
1989-06-30,mom,mv,49,0.08178866998179578,5.735106085097916,0.049999999999999996,3.595804902440694,-2.0816681711721685e-17,0.06358730035950297,0,True,0.05144005824681594
1989-06-30,mom,diag,49,0.08178866998179578,9.901320544738633,0.05000000000000001,1.1675537022133122,-3.8163916471489756e-17,0.06958982179281649,0,True,0.03814824612135905
1989-07-31,mom,mv,49,0.08258611416854841,5.59348177873866,0.04999999999999999,3.8721570299264134,-3.469446951953614e-17,0.07795989024349384,0,True,0.0014416091535446522
1989-07-31,mom,diag,49,0.08258611416854841,10.134550420338961,0.05,1.2410028860712634,-3.122502256758253e-17,0.055096433097945235,0,True,-0.016839874937779387
1989-08-31,mom,mv,49,0.08201513097671555,5.328310312409439,0.04999999999999997,3.6752549616215964,1.9255430583342559e-16,0.07597633251577678,0,True,0.008750867341752221
1989-08-31,mom,diag,49,0.08201513097671555,9.97624297003984,0.05000000000000001,1.2213789821470415,-2.0816681711721685e-17,0.05375666020714057,0,True,0.011570143609310421
1989-09-30,mom,mv,49,0.08217061710031583,5.867212009558636,0.050000000000000024,3.7774496602666625,-2.3245294578089215e-16,0.08787610500512046,0,True,0.027896508849719857
1989-09-30,mom,diag,49,0.08217061710031583,8.317649428807119,0.05,1.5129786259364177,1.6479873021779667e-17,0.0571603710018308,0,True,0.017164577105602388
1989-10-31,mom,mv,49,0.08236020893015562,5.606324479652637,0.049999999999999996,3.7459704151219713,-1.5265566588595902e-16,0.07976710213158913,0,True,-0.008761391065602881
1989-10-31,mom,diag,49,0.08236020893015562,8.628258209189385,0.049999999999999996,1.4811698135055296,-1.3877787807814457e-17,0.06016325030054194,0,True,0.01679771362062235
1989-11-30,mom,mv,49,0.08258376311176563,5.455814279346944,0.04999999999999996,3.7287278433036493,-2.3592239273284576e-16,0.07632453591423212,0,True,0.003211331741110823
1989-11-30,mom,diag,49,0.08258376311176563,9.037546903185918,0.049999999999999996,1.3565535530274129,5.551115123125783e-17,0.05964500723342779,0,True,-0.002354179644110234
1989-12-31,mom,mv,49,0.08261664462489551,5.131879215213077,0.05,3.6363984084597147,3.469446951953614e-18,0.10000000019481857,1,True,-0.013849177364355146
1989-12-31,mom,diag,49,0.08261664462489551,9.182832705160658,0.05,1.475086066677898,-4.85722573273506e-17,0.04762406186561484,0,True,-0.01566206899357874
1990-01-31,mom,mv,49,0.08222944018905178,5.019505315819289,0.05,3.533200727712153,-4.163336342344337e-17,0.10000000003963302,1,True,0.0021889726180730667
1990-01-31,mom,diag,49,0.08222944018905178,9.336208118599322,0.05,1.4419262307268936,2.7755575615628914e-17,0.05105259836634389,0,True,-0.00699796211647868
1990-02-28,mom,mv,49,0.08174732600678397,5.081716326738688,0.04999999999999999,3.60859554033904,1.491862189340054e-16,0.09999999999035647,1,True,-0.013553097977257027
1990-02-28,mom,diag,49,0.08174732600678397,8.629444690607157,0.05,1.583953607881869,1.1102230246251565e-16,0.050397141284768535,0,True,-0.007983465341148145
1990-03-31,mom,mv,49,0.08162114721245564,5.0501173930097805,0.049999999999999996,3.94195852808645,-3.469446951953614e-17,0.1000000000308001,1,True,-0.007340607350297172
1990-03-31,mom,diag,49,0.08162114721245564,7.807729290752612,0.05000000000000001,1.5986349115461511,-2.7755575615628914e-17,0.061168193701249485,0,True,0.004361171416606177
1990-04-30,mom,mv,49,0.08156080411135105,5.367910252155288,0.05000000000000006,3.8500779475258224,6.938893903907228e-17,0.09321551794708097,0,True,0.032970415668048716
1990-04-30,mom,diag,49,0.08156080411135105,7.709096206446665,0.05000000000000001,1.733944390715988,9.71445146547012e-17,0.057014111386830886,0,True,0.027159047498224516
1990-05-31,mom,mv,49,0.08182918837521723,5.487065549808423,0.05,3.7145059877148148,4.163336342344337e-17,0.10000000000962418,1,True,-0.022037775038728953
1990-05-31,mom,diag,49,0.08182918837521723,7.937753705675273,0.05,1.6870230286899215,4.163336342344337e-17,0.0519787905846311,0,True,0.0005785150772998855
1990-06-30,mom,mv,49,0.08170043204169809,5.1281478770832205,0.05000000000000003,3.152106607495617,-7.632783294297951e-17,0.06665525398887616,0,True,0.014210738494047198
1990-06-30,mom,diag,49,0.08170043204169809,8.140803711456533,0.05,1.6051009535093694,9.71445146547012e-17,0.06420236809666248,0,True,0.03019612081083019
1990-07-31,mom,mv,49,0.08206712329961621,5.600985408278925,0.05000000000000004,3.1759404701950595,-1.0408340855860843e-17,0.08961515426446447,0,True,0.00803811632875454
1990-07-31,mom,diag,49,0.08206712329961621,8.391688262909124,0.049999999999999996,1.546785603115465,6.938893903907228e-17,0.05997361516017011,0,True,0.014239918338653313
1990-08-31,mom,mv,49,0.08228907448582909,4.72329911681057,0.04999999999999998,3.3652123804350653,-9.020562075079397e-17,0.050086918827070365,0,True,0.008898704544014802
1990-08-31,mom,diag,49,0.08228907448582909,9.48140027683042,0.05,1.4683905647538358,8.326672684688674e-17,0.058626825574089395,0,True,0.02218443314379421
1990-09-30,mom,mv,49,0.08261336654274778,4.621238092251717,0.05000000000000004,3.325687499826983,2.706168622523819e-16,0.05083107155670874,0,True,0.06474165245646908
1990-09-30,mom,diag,49,0.08261336654274778,9.935676517565197,0.049999999999999996,1.411075236887912,-9.020562075079397e-17,0.05491614319714004,0,True,0.035628081207910965
1990-10-31,mom,mv,49,0.08293981512060507,4.4025224912505205,0.05000000000000002,3.3421667575798053,5.551115123125783e-17,0.058820483882205385,0,True,-0.0027113720522171842
1990-10-31,mom,diag,49,0.08293981512060507,10.65508647003964,0.049999999999999996,1.2629715345178136,-1.3877787807814457e-17,0.0647511510086294,0,True,-0.02256128111211684
1990-11-30,mom,mv,49,0.08239637163265874,4.555895891748786,0.05,3.222268424376771,1.2663481374630692e-16,0.07265285789734073,0,True,0.008327599877608718
1990-11-30,mom,diag,49,0.08239637163265874,10.969227390845008,0.05,1.1901906211993236,0.0,0.06282043267689391,0,True,-0.008021765612840414
1990-12-31,mom,mv,49,0.08197172314613509,5.083334139263945,0.049999999999999996,3.5180446020755367,-1.1102230246251565e-16,0.0766866321881952,0,True,0.06393095312134643
1990-12-31,mom,diag,49,0.08197172314613509,10.252959897959615,0.049999999999999996,1.19438324360905,-1.0061396160665481e-16,0.0625574552165693,0,True,-0.0028779263966187962
1991-01-31,mom,mv,49,0.08181146384653466,4.771021691338544,0.04999999999999999,3.6559691965000005,-1.5265566588595902e-16,0.060337462841264976,0,True,-0.007990246697541057
1991-01-31,mom,diag,49,0.08181146384653466,10.45765996138312,0.05,1.1058391638632485,2.688821387764051e-17,0.0676652238554467,0,True,-0.010132237182537852
1991-02-28,mom,mv,49,0.08142016237927108,4.983362051374431,0.05000000000000001,3.3750452701366984,1.8041124150158794e-16,0.06545769774230781,0,True,-0.02090902943175682
1991-02-28,mom,diag,49,0.08142016237927108,10.124843908899454,0.05,1.1303648467061942,-1.0234868508263162e-16,0.06791796778574956,0,True,0.012477957227007211
1991-03-31,mom,mv,49,0.08176791246713064,5.262771285558579,0.05,3.4132242264743615,-2.7755575615628914e-17,0.0634036307674429,0,True,-0.023321504006222505
1991-03-31,mom,diag,49,0.08176791246713064,9.922835934440135,0.049999999999999996,1.092096745523002,7.025630077706069e-17,0.08158889918512036,0,True,-0.01399064530606469
1991-04-30,mom,mv,49,0.0811698528785117,5.13828615152661,0.05,3.6395433664878003,-1.1102230246251565e-16,0.06037988911711808,0,True,0.021960601184242184
1991-04-30,mom,diag,49,0.0811698528785117,10.461663810536656,0.05000000000000001,1.0904486899638943,-2.0816681711721685e-17,0.09296232112352246,0,True,0.0011684411827479469
1991-05-31,mom,mv,49,0.08105577612789944,5.73160697811814,0.05000000000000001,3.861051134434704,-1.3877787807814457e-16,0.06266818518259999,0,True,-0.018408619372669566
1991-05-31,mom,diag,49,0.08105577612789944,9.878689960447792,0.04999999999999999,1.1691975389946045,2.42861286636753e-17,0.08244674652695884,0,True,-0.0048139133072196945
1991-06-30,mom,mv,49,0.08091615297555704,5.833493298047588,0.05000000000000003,3.698118486555177,-1.1102230246251565e-16,0.0768697399091403,0,True,0.05190771374178874
1991-06-30,mom,diag,49,0.08091615297555704,9.219810525035177,0.05000000000000001,1.3584871301825912,-6.938893903907228e-17,0.07233746919541816,0,True,0.021480365370383073
1991-07-31,mom,mv,49,0.08124258031305334,5.978681092546305,0.050000000000000024,4.0136134113485635,-1.942890293094024e-16,0.06585830585178255,0,True,0.037355183749867404
1991-07-31,mom,diag,49,0.08124258031305334,9.306736393121659,0.05,1.4026643271587678,-4.163336342344337e-17,0.06463400324648214,0,True,0.025339147797635055
1991-08-31,mom,mv,49,0.08169844179970742,5.7393826806596815,0.05,4.406052089720596,-1.3877787807814457e-16,0.056087603906692846,0,True,0.0652036972188301
1991-08-31,mom,diag,49,0.08169844179970742,9.896174742571379,0.05,1.3445172817652578,2.0816681711721685e-17,0.05795748282020031,0,True,0.012129302078416851
1991-09-30,mom,mv,49,0.08183038639678064,5.258488225401757,0.050000000000000044,4.252146717220335,1.942890293094024e-16,0.07258617267008226,0,True,0.03342529322785061
1991-09-30,mom,diag,49,0.08183038639678064,10.657731033974077,0.05000000000000002,1.1939563041420083,1.3877787807814457e-17,0.04938571209536685,0,True,0.0059361745651330235
1991-10-31,mom,mv,49,0.08180422760329388,5.321910290853309,0.05000000000000004,4.298299995618919,4.163336342344337e-17,0.07501526239629512,0,True,-0.01682649229667554
1991-10-31,mom,diag,49,0.08180422760329388,10.0694414741967,0.05,1.242880244971305,-6.245004513516506e-17,0.06205629927719291,0,True,0.006462607769123611
1991-11-30,mom,mv,49,0.08193595193162725,5.433518655770715,0.050000000000000024,3.7071823447020225,-9.71445146547012e-17,0.07066558139217441,0,True,0.030614249906448256
1991-11-30,mom,diag,49,0.08193595193162725,9.067694699345884,0.05000000000000001,1.423472375922718,4.163336342344337e-17,0.05615275919161936,0,True,0.02635920800641521
1991-12-31,mom,mv,49,0.08241901653500124,5.604964885729174,0.049999999999999996,3.852347538505675,-9.71445146547012e-17,0.06105783711221119,0,True,-0.06459194772431917
1991-12-31,mom,diag,49,0.08241901653500124,9.10987171563512,0.05,1.4359614750992737,-2.42861286636753e-17,0.05342436438880506,0,True,-0.021326077101007864
1992-01-31,mom,mv,49,0.08204472998305351,5.095718954328559,0.050000000000000024,3.518324373937896,-8.326672684688674e-17,0.061685128393784226,0,True,-0.005924357962238623
1992-01-31,mom,diag,49,0.08204472998305351,9.763448378208578,0.04999999999999999,1.4058886982536376,-7.632783294297951e-17,0.04860990806419541,0,True,-0.010171497201329151
1992-02-29,mom,mv,49,0.08180605988603137,5.4640611195882345,0.05,3.3578895442774304,-2.7755575615628914e-17,0.07079604586274124,0,True,0.022772950119824335
1992-02-29,mom,diag,49,0.08180605988603137,9.367824711443618,0.04999999999999999,1.3601553171480705,-3.122502256758253e-17,0.05095489944227904,0,True,0.012385928267885083
1992-03-31,mom,mv,49,0.08184346908034665,6.000568665608255,0.05000000000000004,3.638307373070486,6.245004513516506e-17,0.06635558416488838,0,True,-0.006925268477736397
1992-03-31,mom,diag,49,0.08184346908034665,8.849056084083543,0.05,1.3579739983810137,8.673617379884035e-17,0.0629548571135379,0,True,-0.016862801139710882
1992-04-30,mom,mv,49,0.08151031364051942,5.928682292477224,0.05000000000000004,3.303518271690358,-6.938893903907228e-17,0.0681030695065316,0,True,0.02989945551479982
1992-04-30,mom,diag,49,0.08151031364051942,8.851773959264747,0.05,1.394282363134221,-6.938893903907228e-17,0.06683986379130005,0,True,0.00903223753149338
1992-05-31,mom,mv,49,0.08163957276789806,6.155529742894711,0.04999999999999998,3.2377926414583986,-8.326672684688674e-17,0.0691932963467413,0,True,0.013227387249200138
1992-05-31,mom,diag,49,0.08163957276789806,7.180098477075683,0.05,1.5882284913960492,2.7755575615628914e-17,0.07546379329321423,0,True,-0.007208540531093599
1992-06-30,mom,mv,49,0.08140466714154679,6.330624182105547,0.049999999999999996,3.251728061350441,-9.71445146547012e-17,0.05999557566994411,0,True,0.007329671400240677
1992-06-30,mom,diag,49,0.08140466714154679,7.583634678672838,0.049999999999999996,1.513896036702456,-4.163336342344337e-17,0.06579382621677832,0,True,0.004786628516436751
1992-07-31,mom,mv,49,0.0812579068340033,6.273700390491397,0.05,3.579321312928203,-4.163336342344337e-17,0.05986140287755501,0,True,0.0032153474914312177
1992-07-31,mom,diag,49,0.0812579068340033,7.174607088244438,0.05,1.5893677710296075,6.938893903907228e-18,0.07259983472255954,0,True,-0.007632884577754025
1992-08-31,mom,mv,49,0.08098664264940834,6.303307364056456,0.05,3.669818898814231,-9.71445146547012e-17,0.056131912983454574,0,True,-0.00163369612964421
1992-08-31,mom,diag,49,0.08098664264940834,6.8152520959252225,0.05,1.6602222373682693,7.632783294297951e-17,0.07423806180580741,0,True,0.0045537048789481135
1992-09-30,mom,mv,49,0.0809761369380714,7.2259478619673,0.05,3.8906566250752,-2.220446049250313e-16,0.05709450378606515,0,True,0.014617769362736453
1992-09-30,mom,diag,49,0.0809761369380714,6.5591634069983344,0.05,1.9308252600000058,1.3877787807814457e-17,0.06045156375430856,0,True,0.009183972452148125
1992-10-31,mom,mv,49,0.08104173030525738,7.0102077059233725,0.049999999999999996,4.218751319199686,-2.7755575615628914e-17,0.053583653011961135,0,True,0.014526785515114628
1992-10-31,mom,diag,49,0.08104173030525738,7.325777850342523,0.049999999999999996,1.8880204132754133,5.551115123125783e-17,0.05322636790002801,0,True,0.019034823148424605
1992-11-30,mom,mv,49,0.08119159256800873,6.859679573519082,0.05,4.2392753165643535,-1.3877787807814457e-17,0.05992407867829326,0,True,0.019765419527877325
1992-11-30,mom,diag,49,0.08119159256800873,8.917772802958135,0.05000000000000001,1.5486732821430662,9.71445146547012e-17,0.04590000852112682,0,True,0.004782834412371684
1992-12-31,mom,mv,49,0.08127790659043074,6.547682514321363,0.05,3.9676983335948726,-6.245004513516506e-17,0.065085796947156,0,True,0.05201283738340245
1992-12-31,mom,diag,49,0.08127790659043074,9.33531531277184,0.05000000000000002,1.3523624835235766,-9.020562075079397e-17,0.0540934602409004,0,True,0.03987116165960803
1993-01-31,mom,mv,49,0.08200498175172684,6.841221880772652,0.05000000000000002,4.0176435271717805,-4.85722573273506e-17,0.06655632441092263,0,True,0.04188490145257382
1993-01-31,mom,diag,49,0.08200498175172684,8.39006949394084,0.05,1.655201919673341,-4.85722573273506e-17,0.05467875232935394,0,True,0.021869496421820806
1993-02-28,mom,mv,49,0.08209050255852622,6.9136972547372055,0.04999999999999997,3.8727657093001984,-5.204170427930421e-17,0.06294810308635321,0,True,-0.011670912367808237
1993-02-28,mom,diag,49,0.08209050255852622,8.34255741108421,0.049999999999999996,1.5868997499133612,-1.8735013540549517e-16,0.06118105886256444,0,True,0.0083627522586405
1993-03-31,mom,mv,49,0.08226529279609462,6.524575278551885,0.05,3.7910056882555,3.469446951953614e-17,0.065113290629566,0,True,-0.02998130023372415
1993-03-31,mom,diag,49,0.08226529279609462,8.934563651651484,0.05000000000000002,1.4440834636153366,-5.204170427930421e-17,0.07083000838912404,0,True,0.004103695836608608
1993-04-30,mom,mv,49,0.0822105007695638,6.06113278633037,0.05000000000000001,3.576639693063864,1.3877787807814457e-17,0.07485241177289813,0,True,-0.04090782355225187
1993-04-30,mom,diag,49,0.0822105007695638,8.836721203842432,0.05000000000000001,1.4831251721273704,2.42861286636753e-17,0.07827782697776302,0,True,-0.00745336028927869
1993-05-31,mom,mv,49,0.08184723409198497,5.537661259669579,0.04999999999999998,3.372690361073961,1.3877787807814457e-17,0.08635828021431674,0,True,0.027574722435186588
1993-05-31,mom,diag,49,0.08184723409198497,9.320700930770803,0.05,1.2752020503370214,-5.551115123125783e-17,0.08440327281938563,0,True,0.030210970353840266
1993-06-30,mom,mv,49,0.0822796195771151,5.464386637189138,0.04999999999999999,3.4266645457563234,2.1510571102112408e-16,0.06388882417588791,0,True,-0.002197491426921054
1993-06-30,mom,diag,49,0.0822796195771151,9.214900858654463,0.05000000000000002,1.319282421509583,-6.938893903907228e-18,0.09088750086257084,0,True,0.021928171239328637
1993-07-31,mom,mv,49,0.08253911718734548,4.894418707758837,0.05000000000000001,3.3858130899582006,-1.3877787807814457e-17,0.07353966708442224,0,True,0.02821117347706622
1993-07-31,mom,diag,49,0.08253911718734548,10.140971940653394,0.05,1.2359650448244963,4.85722573273506e-17,0.08954764620512042,0,True,0.015573304474881885
1993-08-31,mom,mv,49,0.08266007615821269,4.407816990157092,0.04999999999999999,3.454994058723943,1.3877787807814457e-16,0.0861325471157414,0,True,0.023958733865532857
1993-08-31,mom,diag,49,0.08266007615821269,10.998517220158742,0.05,1.1923675734451171,-1.734723475976807e-17,0.08233470539790616,0,True,0.015350536963774494
1993-09-30,mom,mv,49,0.08297749561744185,4.484506279483928,0.04999999999999998,3.426199670089082,-1.6653345369377348e-16,0.07352305051051436,0,True,-0.038194073073913
1993-09-30,mom,diag,49,0.08297749561744185,10.87475423708192,0.05,1.1860241046595468,-3.122502256758253e-17,0.08490203393804971,0,True,-0.019996142185334204
1993-10-31,mom,mv,49,0.08243950390196018,4.315671841005251,0.05,3.2823452989457835,0.0,0.08048153607779618,0,True,-0.049459162605942714
1993-10-31,mom,diag,49,0.08243950390196018,11.01687610112661,0.05,1.1694950675915405,2.7755575615628914e-17,0.079607471791274,0,True,-0.025913197376999885
1993-11-30,mom,mv,49,0.08165106509849894,4.4587004431680555,0.04999999999999998,3.6001659298043944,-2.7755575615628914e-17,0.06247903539011618,0,True,-0.024354364385531495
1993-11-30,mom,diag,49,0.08165106509849894,10.791430138282033,0.05,1.088712637251307,-1.3877787807814457e-17,0.07386361296792801,0,True,0.006364549125007946
1993-12-31,mom,mv,49,0.08177507660200703,4.842239879038954,0.05000000000000002,3.739622712233563,5.551115123125783e-17,0.07673679029812501,0,True,-0.009547075310493765
1993-12-31,mom,diag,49,0.08177507660200703,10.16764916942904,0.05,1.1793311945101947,4.163336342344337e-17,0.06358827321099124,0,True,0.0009663374762282619
1994-01-31,mom,mv,49,0.08162649856431965,5.467534727501168,0.05000000000000001,4.053141837398117,-8.326672684688674e-17,0.058975226854719204,0,True,0.015435290889011029
1994-01-31,mom,diag,49,0.08162649856431965,9.533855589692811,0.049999999999999996,1.2140293207488009,-1.3877787807814457e-17,0.05562694344562233,0,True,0.01494762618653083
1994-02-28,mom,mv,49,0.08183398378428974,5.854719055834243,0.05000000000000004,4.010724432938974,2.7755575615628914e-17,0.059884726859560665,0,True,-0.012082216710596347
1994-02-28,mom,diag,49,0.08183398378428974,8.754540307859635,0.049999999999999996,1.3146787160161388,1.3877787807814457e-17,0.06435358916394136,0,True,-0.005765096010707641
1994-03-31,mom,mv,49,0.08155881655897584,5.376268621706337,0.05000000000000003,3.7546982467387044,-1.6653345369377348e-16,0.07359347602237822,0,True,-0.0028450244726903906
1994-03-31,mom,diag,49,0.08155881655897584,8.912632412251131,0.05,1.3468621330430177,0.0,0.06113294225630415,0,True,-0.017483753247306753
1994-04-30,mom,mv,49,0.08100582704268013,5.894947509752895,0.050000000000000024,4.163745913203941,-8.326672684688674e-17,0.07708006193942328,0,True,0.008744186288568889
1994-04-30,mom,diag,49,0.08100582704268013,8.317088984191384,0.04999999999999999,1.3568867934794928,-2.7755575615628914e-17,0.06536762337964838,0,True,0.0006986597053682188
1994-05-31,mom,mv,49,0.08087190868740295,6.892781225051756,0.049999999999999996,4.211240318903177,-1.1102230246251565e-16,0.07823782396679137,0,True,-0.012154464315181222
1994-05-31,mom,diag,49,0.08087190868740295,7.015992223445778,0.049999999999999996,1.7666203436157006,-1.3877787807814457e-17,0.05795322254737453,0,True,-0.006730720141839366
1994-06-30,mom,mv,49,0.08063120598850755,6.389432111858007,0.04999999999999999,3.9982846101882816,0.0,0.06950248840356359,0,True,0.013562963849782209
1994-06-30,mom,diag,49,0.08063120598850755,7.282213802758859,0.05,1.6163635148681197,4.163336342344337e-17,0.06272632010932121,0,True,0.00024081994528159944
1994-07-31,mom,mv,49,0.0805580426194256,7.054729500168145,0.049999999999999954,4.468979724473638,-2.7755575615628914e-17,0.07120883363240342,0,True,0.027075766344477382
1994-07-31,mom,diag,49,0.0805580426194256,7.343332999534501,0.05,1.6680784530366133,-4.163336342344337e-17,0.0644335429949214,0,True,0.023134974425867087
1994-08-31,mom,mv,49,0.08098121211128888,6.555080889644625,0.04999999999999999,4.561004734132895,2.7755575615628914e-17,0.0768591790264822,0,True,0.007805440459728527
1994-08-31,mom,diag,49,0.08098121211128888,7.463565995567036,0.05,1.6918991112801345,5.551115123125783e-17,0.06329161820065714,0,True,0.007505192419393834
1994-09-30,mom,mv,49,0.0810032620469677,6.109773053625096,0.049999999999999954,4.601714828593037,-1.942890293094024e-16,0.07787331601251128,0,True,0.01823084494954849
1994-09-30,mom,diag,49,0.0810032620469677,8.871175306545892,0.05000000000000002,1.509541302038449,-2.0816681711721685e-17,0.06226879957585731,0,True,-0.007155746236420267
1994-10-31,mom,mv,49,0.08078341561737834,6.032404164946958,0.050000000000000044,4.576450838668654,2.220446049250313e-16,0.07620591807580276,0,True,-0.015010938949408494
1994-10-31,mom,diag,49,0.08078341561737834,8.572028162626918,0.05,1.5861360936064368,-4.607859233063394e-17,0.06683401342825536,0,True,-0.008967543701827249
1994-11-30,mom,mv,49,0.08060611268141368,6.471566469502441,0.04999999999999999,4.506710145534421,0.0,0.07678539100831872,0,True,-0.004034379927196682
1994-11-30,mom,diag,49,0.08060611268141368,7.319543049428798,0.05,1.8050138850751596,1.3877787807814457e-17,0.06376625833185247,0,True,0.007435199034080696
1994-12-31,mom,mv,49,0.08063535332673621,6.406724435177,0.04999999999999998,4.8083442196153054,0.0,0.074087863316411,0,True,-0.01433137779486987
1994-12-31,mom,diag,49,0.08063535332673621,8.00606672148871,0.049999999999999996,1.57864935689126,-4.85722573273506e-17,0.054528825221112104,0,True,-0.004802794785307258
1995-01-31,mom,mv,49,0.08052850281935027,6.34127511057863,0.05,4.780560103657577,-1.1102230246251565e-16,0.06701611065592473,0,True,0.041641205137434203
1995-01-31,mom,diag,49,0.08052850281935027,7.988599380043421,0.05,1.606634953823497,-3.469446951953614e-17,0.0570491183257691,0,True,0.015451842707700371
1995-02-28,mom,mv,49,0.08072235003672162,6.128939065486317,0.05000000000000002,4.822015582731419,-3.608224830031759e-16,0.07851120842976894,0,True,-0.015317178055404697
1995-02-28,mom,diag,49,0.08072235003672162,9.097883590532204,0.05000000000000002,1.4074191554155258,-3.2959746043559335e-17,0.05753887431807773,0,True,0.0023113117313942623
1995-03-31,mom,mv,49,0.08091288129971572,6.142694543148964,0.05000000000000002,4.544067880160309,-3.0531133177191805e-16,0.06870087906431557,0,True,0.04600064519175057
1995-03-31,mom,diag,49,0.08091288129971572,8.5706459398471,0.05000000000000001,1.5339009072251084,-1.3877787807814457e-17,0.053712318270880396,0,True,0.025755750233117467
1995-04-30,mom,mv,49,0.08132368380727009,5.572222802214471,0.05,4.7236411981172735,-1.3877787807814457e-16,0.07454699288121945,0,True,0.02337451244282756
1995-04-30,mom,diag,49,0.08132368380727009,8.398734035079505,0.05000000000000001,1.5887530848147842,-4.163336342344337e-17,0.05466992278821675,0,True,0.0006337281821716166
1995-05-31,mom,mv,49,0.0811965424931967,5.483682072539631,0.04999999999999999,4.492472924871752,2.7755575615628914e-17,0.0725800621606126,0,True,0.04304195830304197
1995-05-31,mom,diag,49,0.0811965424931967,8.213997651113425,0.05,1.6155691647544228,-6.938893903907228e-18,0.06141512133296298,0,True,0.021780383726610744
1995-06-30,mom,mv,49,0.08133888983490706,5.412407376781401,0.04999999999999998,4.307061309860942,-1.6653345369377348e-16,0.06809029702740532,0,True,0.02205490428992553
1995-06-30,mom,diag,49,0.08133888983490706,8.213757536162172,0.05,1.5637845027971689,9.71445146547012e-17,0.06134075176817717,0,True,0.002609979064661963
1995-07-31,mom,mv,49,0.08119037097287263,5.116054868142568,0.05000000000000001,4.536637548301986,0.0,0.06797715486799893,0,True,-0.02176914999608145
1995-07-31,mom,diag,49,0.08119037097287263,8.547013226678331,0.05000000000000002,1.4095713233650426,-3.469446951953614e-17,0.07266225572774469,0,True,-0.006493220754480254
1995-08-31,mom,mv,49,0.0808992595468542,4.982304793198742,0.05000000000000002,4.051299279499462,-8.326672684688674e-17,0.06861612808172945,0,True,0.016303190395643246
1995-08-31,mom,diag,49,0.0808992595468542,8.471923746650992,0.05,1.3909291468843863,1.0408340855860843e-17,0.08548753295709811,0,True,0.014184472465777717
1995-09-30,mom,mv,49,0.08118368358085733,4.953652688862626,0.049999999999999996,3.913709131794738,1.942890293094024e-16,0.07998736952249774,0,True,0.022172914189807637
1995-09-30,mom,diag,49,0.08118368358085733,8.607815439309391,0.05,1.4475107194514854,5.551115123125783e-17,0.08086606086009739,0,True,0.032613060104775514
1995-10-31,mom,mv,49,0.0816754260041179,4.978474970011119,0.05000000000000001,3.6458131177961173,0.0,0.08696372837987128,0,True,-0.031051739068179308
1995-10-31,mom,diag,49,0.0816754260041179,8.96790510982133,0.05,1.4321716416310177,-6.938893903907228e-18,0.06304372570628891,0,True,-0.015519766720216113
1995-11-30,mom,mv,49,0.0813332637597892,4.609414545398674,0.05000000000000002,4.0060140043865555,1.3877787807814457e-17,0.06770999950257875,0,True,-0.02659064542001881
1995-11-30,mom,diag,49,0.0813332637597892,9.438471654539233,0.05000000000000001,1.3910193706111915,-4.163336342344337e-17,0.049282086157710875,0,True,-0.007734682271590501
1995-12-31,mom,mv,49,0.08102601057037978,4.587901121647491,0.04999999999999999,3.3496607744969102,-5.551115123125783e-17,0.08790663326790864,0,True,0.020003774433518747
1995-12-31,mom,diag,49,0.08102601057037978,9.290583000936637,0.05000000000000001,1.46726196410301,6.938893903907228e-18,0.05154445904516535,0,True,0.005339937776868754
1996-01-31,mom,mv,49,0.08113294728222054,5.080760587628886,0.05,3.3511384813282037,1.3877787807814457e-17,0.08596976619898544,0,True,0.00833391589082029
1996-01-31,mom,diag,49,0.08113294728222054,8.425979389666116,0.05,1.6579752046042877,4.85722573273506e-17,0.0705523449637002,0,True,-0.0012661927558161527
1996-02-29,mom,mv,49,0.08096699437908925,5.189107254613905,0.049999999999999996,3.615643374334727,-9.020562075079397e-17,0.06899638708956067,0,True,-0.02250597902042261
1996-02-29,mom,diag,49,0.08096699437908925,8.512873805982409,0.05,1.5907732620759911,-2.0816681711721685e-17,0.057082982025759,0,True,-0.023296196508824304
1996-03-31,mom,mv,49,0.08043867322325561,5.053130829471157,0.05,3.4667664302451633,9.020562075079397e-17,0.0655562863016223,0,True,-0.011426381063908378
1996-03-31,mom,diag,49,0.08043867322325561,8.739156867247818,0.05000000000000001,1.5794667844748298,-6.938893903907228e-18,0.04729299373050342,0,True,-0.00948001132054809
1996-04-30,mom,mv,49,0.08005535095545892,5.749401515976411,0.049999999999999996,3.8036463864145653,1.3010426069826053e-16,0.07318911931834483,0,True,-0.005992887996681886
1996-04-30,mom,diag,49,0.08005535095545892,8.12011765357819,0.049999999999999996,1.7483089961039653,-4.163336342344337e-17,0.05808421863318233,0,True,-0.0065357085450475595
1996-05-31,mom,mv,49,0.07983466857269314,5.765200519911611,0.04999999999999998,3.9535723705828656,-1.734723475976807e-17,0.07531588411579669,0,True,-0.001471841540242269
1996-05-31,mom,diag,49,0.07983466857269314,7.8074518817960366,0.05,1.7901746062478059,1.3530843112619095e-16,0.08014896426346148,0,True,-0.005873546130879296
1996-06-30,mom,mv,49,0.07965432501654453,6.600253609940794,0.050000000000000024,4.413180314296048,1.8735013540549517e-16,0.08164382137697007,0,True,0.01075186011556782
1996-06-30,mom,diag,49,0.07965432501654453,7.522319154837504,0.05,1.9484109634531706,-6.938893903907228e-18,0.08746411081368072,0,True,0.006360523318377383
1996-07-31,mom,mv,49,0.07969579569963724,5.453497715853535,0.05000000000000001,4.205720363821134,5.898059818321144e-17,0.07960803154111895,0,True,9.762254838062041e-05
1996-07-31,mom,diag,49,0.07969579569963724,9.876401237044764,0.04999999999999999,1.419014236901196,-1.3877787807814457e-17,0.07627432295051324,0,True,-0.005128855875178182
1996-08-31,mom,mv,49,0.07939045937473566,5.225739592449646,0.050000000000000024,4.164518161596022,1.0408340855860843e-17,0.0709711218727378,0,True,-0.004442653812910188
1996-08-31,mom,diag,49,0.07939045937473566,9.516974091822274,0.05,1.4428368230728863,4.163336342344337e-17,0.06318896690185537,0,True,0.00680254322785292
1996-09-30,mom,mv,49,0.07949888216239345,6.156460996828131,0.05,4.251049139548713,-2.0816681711721685e-17,0.07390709603438847,0,True,0.005461816483079545
1996-09-30,mom,diag,49,0.07949888216239345,7.212033528114837,0.05,1.7923095127170225,-1.196959198423997e-16,0.05554651029979098,0,True,0.0078414963236372
1996-10-31,mom,mv,49,0.07942185004833445,6.067307797682274,0.049999999999999996,4.636436344077554,1.3877787807814457e-17,0.06637286925518951,0,True,-0.016260918421559606
1996-10-31,mom,diag,49,0.07942185004833445,6.958262498648127,0.05,1.8970397186609536,-2.949029909160572e-17,0.0585140465483561,0,True,-0.018069859616737127
1996-11-30,mom,mv,49,0.07908750603691929,5.731224107010802,0.05,4.092553857008166,-6.245004513516506e-17,0.05770986756377353,0,True,0.0053337167596409435
1996-11-30,mom,diag,49,0.07908750603691929,7.08851552122373,0.05,1.8954409572559239,-5.898059818321144e-17,0.07163713434059624,0,True,0.014426106760554174
1996-12-31,mom,mv,49,0.0791160068004927,5.789687252092479,0.04999999999999998,3.524147445694373,-5.0306980803327406e-17,0.06890332103610466,0,True,0.040903025475351996
1996-12-31,mom,diag,49,0.0791160068004927,6.69567120512424,0.049999999999999996,2.0549235094752345,-1.1796119636642288e-16,0.058475315197630905,0,True,0.033514208029036215
1997-01-31,mom,mv,49,0.07950310971303763,5.317511642896839,0.05000000000000001,3.4858245918674595,-2.7755575615628914e-17,0.055974291610213424,0,True,-0.017832195511219933
1997-01-31,mom,diag,49,0.07950310971303763,7.411687543117284,0.05,1.6525408418386065,2.949029909160572e-17,0.0475364903792687,0,True,-0.00978490338354908
1997-02-28,mom,mv,49,0.07935088697170528,5.332293848583267,0.05,3.755712865399799,-1.3877787807814457e-17,0.05766727989554223,0,True,-0.007812497874494162
1997-02-28,mom,diag,49,0.07935088697170528,7.720593016679388,0.049999999999999996,1.5946525715076685,-6.245004513516506e-17,0.0491949182156015,0,True,0.003903617395819523
1997-03-31,mom,mv,49,0.07931594364076959,5.3249248562909255,0.04999999999999999,3.815955904315294,-1.1102230246251565e-16,0.06191192343286587,0,True,0.028741834015245795
1997-03-31,mom,diag,49,0.07931594364076959,7.997399053931846,0.04999999999999999,1.7293956755455153,-4.0766001685454967e-17,0.05539212604152571,0,True,0.022149447539625406
1997-04-30,mom,mv,49,0.07958398705528555,5.222346693272089,0.05000000000000001,3.718928373871243,8.326672684688674e-17,0.04907524136110602,0,True,-0.013977941597363241
1997-04-30,mom,diag,49,0.07958398705528555,8.300648493233194,0.05,1.6056249704206227,1.0755285551056204e-16,0.060589606744431854,0,True,-0.015951064612470704
1997-05-31,mom,mv,49,0.07923103634297811,5.038202411066277,0.04999999999999999,3.713001621035052,0.0,0.059355253398171354,0,True,0.023844241761014778
1997-05-31,mom,diag,49,0.07923103634297811,8.568543470059268,0.05000000000000001,1.6040094622414214,1.3877787807814457e-17,0.0595711948150605,0,True,0.010989430779130057
1997-06-30,mom,mv,49,0.07927289652787774,5.2988108670784335,0.05,3.662597671914534,2.7755575615628914e-17,0.06728993766677156,0,True,0.05475077948782854
1997-06-30,mom,diag,49,0.07927289652787774,7.8039333516573715,0.05,1.870697778946845,9.71445146547012e-17,0.0516814560183645,0,True,0.05753292057262135
1997-07-31,mom,mv,49,0.0797732879003967,5.5210245531682505,0.05,3.661539599549837,-2.7755575615628914e-17,0.06766094906857005,0,True,-0.026729843191850542
1997-07-31,mom,diag,49,0.0797732879003967,8.054051160036595,0.05000000000000001,1.6175762809490868,5.551115123125783e-17,0.06079822421826661,0,True,-0.03221069728010707
1997-08-31,mom,mv,49,0.07911695722253738,4.931137677331354,0.05,3.5014134410971,2.7755575615628914e-17,0.07256573569878674,0,True,-0.05779403072937636
1997-08-31,mom,diag,49,0.07911695722253738,9.376398042287049,0.049999999999999996,1.3807082673079663,-9.367506770274758e-17,0.061943889359830445,0,True,-0.0015863540200108355
1997-09-30,mom,mv,49,0.07891440726965036,5.282340603537872,0.049999999999999996,3.6297675749894642,0.0,0.0740266013641173,0,True,0.006947499536223191
1997-09-30,mom,diag,49,0.07891440726965036,8.581511137971988,0.04999999999999999,1.4914073640250807,-1.1796119636642288e-16,0.06522810540786485,0,True,-0.0002901420915510301
1997-10-31,mom,mv,49,0.07885155686625314,5.3885272764311285,0.05000000000000001,3.645286611412852,-8.326672684688674e-17,0.09070670949991565,0,True,0.017996080734066066
1997-10-31,mom,diag,49,0.07885155686625314,8.489092044461907,0.05,1.5242581023314492,-1.734723475976807e-17,0.09563101427949669,0,True,0.007547376803802068
1997-11-30,mom,mv,49,0.07883782117523885,5.5993114556070775,0.05000000000000001,3.4908404674971165,8.326672684688674e-17,0.08921528781395953,0,True,-0.021812927860010017
1997-11-30,mom,diag,49,0.07883782117523885,8.113140392965168,0.05,1.4982963890121774,1.3877787807814457e-16,0.09093779543967785,0,True,0.02509726680561875
1997-12-31,mom,mv,49,0.07896258469051877,5.010713639990301,0.049999999999999996,3.2079567881916553,-8.326672684688674e-17,0.07537440957924021,0,True,0.022217604680268614
1997-12-31,mom,diag,49,0.07896258469051877,9.371637590214315,0.05,1.2331126986314764,4.163336342344337e-17,0.07947521947091434,0,True,0.00765968381784075
1998-01-31,mom,mv,49,0.0790788065324603,4.903091792432951,0.05,3.2454932816723665,-1.942890293094024e-16,0.07495665976129254,0,True,0.005395501217442556
1998-01-31,mom,diag,49,0.0790788065324603,10.115935592812843,0.049999999999999996,1.2076028717316076,-4.85722573273506e-17,0.07650058051277832,0,True,-0.003167391906303397
1998-02-28,mom,mv,49,0.0788431376721768,4.6229026632412085,0.05,3.294609298236231,9.71445146547012e-17,0.06819001529423166,0,True,0.005802500016143019
1998-02-28,mom,diag,49,0.0788431376721768,9.548825832165052,0.049999999999999996,1.2337966369613202,-1.3877787807814457e-17,0.05106643760405803,0,True,0.004496056799890186
1998-03-31,mom,mv,49,0.0789493054627122,4.818380955326358,0.05,3.546101205638639,2.7755575615628914e-17,0.08115256302700384,0,True,0.012017995890003637
1998-03-31,mom,diag,49,0.0789493054627122,9.461542654457258,0.05000000000000001,1.306697894994605,2.0816681711721685e-17,0.06509723109939096,0,True,-0.00129485665490253
1998-04-30,mom,mv,49,0.07881416702411259,5.180736363544454,0.05000000000000002,3.71923345377993,-6.938893903907228e-17,0.07741161828282771,0,True,0.028811487912585722
1998-04-30,mom,diag,49,0.07881416702411259,9.292848931677478,0.05,1.361374862236074,0.0,0.06728849832330806,0,True,0.01919912611574187
1998-05-31,mom,mv,49,0.07901556527864673,5.218196682975744,0.05,3.9629799980502276,-4.163336342344337e-17,0.06774222286236521,0,True,0.01094954132772959
1998-05-31,mom,diag,49,0.07901556527864673,9.070223016537302,0.05,1.3644825147425197,-1.214306433183765e-17,0.0770673353933188,0,True,0.049760398392674605
1998-06-30,mom,mv,49,0.07962910340019738,5.2628009594053315,0.049999999999999996,4.190191670031523,1.457167719820518e-16,0.05058714198903238,0,True,-0.009792400847370361
1998-06-30,mom,diag,49,0.07962910340019738,10.035211709684289,0.05,1.2081409076421943,2.2551405187698492e-17,0.067316541696032,0,True,0.007767977389197011
1998-07-31,mom,mv,49,0.07986018505354558,4.842230745224586,0.049999999999999996,3.9566479577830718,5.898059818321144e-17,0.05973561485001654,0,True,-0.04190462104632168
1998-07-31,mom,diag,49,0.07986018505354558,10.950532535059283,0.05,1.204711872895883,9.540979117872439e-17,0.05453807237285519,0,True,0.014982893557655915
1998-08-31,mom,mv,49,0.07994434724186408,4.464064560614421,0.05000000000000001,3.691510089159906,1.249000902703301e-16,0.061517207127297406,0,True,-0.03872619974336613
1998-08-31,mom,diag,49,0.07994434724186408,11.460833238310594,0.05,1.1649908224665295,-3.252606517456513e-17,0.04785844770517624,0,True,-0.029063804251489044
1998-09-30,mom,mv,49,0.07973740382960164,5.193873099636727,0.05000000000000005,3.9371200946725047,4.85722573273506e-17,0.08213155228523897,0,True,-0.04610654016080396
1998-09-30,mom,diag,49,0.07973740382960164,11.317584430384006,0.05,1.0854956628884467,-2.6020852139652106e-17,0.054674178552856646,0,True,-0.0013009124850502578
1998-10-31,mom,mv,49,0.07966356411980642,4.72379938768078,0.049999999999999996,4.0854325475427835,3.9898639947466563e-16,0.06105590472823476,0,True,0.04559304707887752
1998-10-31,mom,diag,49,0.07966356411980642,10.609498188234468,0.05000000000000002,1.1471130928081463,5.898059818321144e-17,0.05356320946266681,0,True,0.007171840719481531
1998-11-30,mom,mv,49,0.07974015987048223,4.658120758429878,0.05000000000000002,3.476370013158459,0.0,0.06932576248328087,0,True,0.01288337253990551
1998-11-30,mom,diag,49,0.07974015987048223,9.750037760170315,0.05,1.2874321770368462,-2.7755575615628914e-17,0.05095546652040907,0,True,0.04028642352226554
1998-12-31,mom,mv,49,0.08011615844729461,5.115856286430214,0.049999999999999975,3.786622083117789,-9.71445146547012e-17,0.05608433194536771,0,True,0.030785117150868773
1998-12-31,mom,diag,49,0.08011615844729461,9.811046100786637,0.04999999999999999,1.130878430535836,-2.949029909160572e-17,0.061351369811455184,0,True,0.03394931348985088
1999-01-31,mom,mv,49,0.0802776967389979,5.018153525768289,0.04999999999999999,3.864868092089501,-1.6653345369377348e-16,0.055348698096127656,0,True,-0.01616270502865174
1999-01-31,mom,diag,49,0.0802776967389979,10.716395782518774,0.05000000000000001,1.0480421623715832,4.336808689942018e-18,0.061751588373800556,0,True,-0.0016220768212870664
1999-02-28,mom,mv,49,0.08016631545897392,4.832211268886365,0.05000000000000001,4.087601116899985,1.249000902703301e-16,0.06154998997293844,0,True,0.00990080217420423
1999-02-28,mom,diag,49,0.08016631545897392,11.12867015547167,0.05000000000000001,0.916904739505004,6.952446431063297e-18,0.05747601213915138,0,True,0.02361617686603756
1999-03-31,mom,mv,49,0.0805345832667558,4.741578536700469,0.050000000000000024,3.850715853486373,1.1709383462843448e-17,0.05406943009811711,0,True,0.04407343733294518
1999-03-31,mom,diag,49,0.0805345832667558,10.878448176418587,0.05,0.9617187693692119,5.0306980803327406e-17,0.054890998175087316,0,True,-0.051494899953804976
1999-04-30,mom,mv,49,0.07988561327338323,5.364210227109392,0.049999999999999954,4.406421247824736,1.0842021724855044e-16,0.05794181564910352,0,True,0.023356797033024044
1999-04-30,mom,diag,49,0.07988561327338323,11.672424167817503,0.05,0.8129416975084889,0.0,0.04998131659237034,0,True,-0.009262575137604331
1999-05-31,mom,mv,49,0.07966771190770593,4.461588406779839,0.05,3.7278960932973755,-7.546047120499111e-17,0.056876822858966204,0,True,-0.04481543293631044
1999-05-31,mom,diag,49,0.07966771190770593,9.753545322662251,0.05000000000000001,0.8277591886824861,8.890457814381136e-18,0.05598552872458386,0,True,0.0036054190795102815
1999-06-30,mom,mv,49,0.07985997626527944,4.899182182599239,0.05000000000000003,3.364643659044406,1.1102230246251565e-16,0.06320182660189638,0,True,-0.0008971614507171338
1999-06-30,mom,diag,49,0.07985997626527944,8.692815727893887,0.05,0.9348920604370516,2.190088388420719e-17,0.06288889118240502,0,True,0.007211088985283151
1999-07-31,mom,mv,49,0.07997834033660188,4.868919244018326,0.05000000000000002,3.303886303899806,-8.326672684688674e-17,0.05570611895951035,0,True,0.024337786814121458
1999-07-31,mom,diag,49,0.07997834033660188,10.010475491001895,0.05000000000000001,0.9958892309697057,4.7704895589362195e-17,0.05389077433544288,0,True,0.0208745294989732
1999-08-31,mom,mv,49,0.08016972133588326,4.737045177369643,0.04999999999999999,3.4213903063638766,-8.326672684688674e-17,0.06025581506169745,0,True,0.002707706755936928
1999-08-31,mom,diag,49,0.08016972133588326,10.388201703616323,0.05,0.9205763954009563,-1.3877787807814457e-17,0.0650982849915337,0,True,0.02433422898966688
1999-09-30,mom,mv,49,0.08060182952436322,5.115137531143686,0.049999999999999975,3.621696129370286,-1.3877787807814457e-17,0.06908681373147842,0,True,0.15195925688532877
1999-09-30,mom,diag,49,0.08060182952436322,9.809889741420488,0.05,0.943196735134289,2.0816681711721685e-17,0.06691484254365808,0,True,0.036218092234613745
1999-10-31,mom,mv,49,0.08086177246493893,4.581107720767346,0.05,3.5494790286751567,6.938893903907228e-17,0.07287247780808938,0,True,0.014205769086215009
1999-10-31,mom,diag,49,0.08086177246493893,10.539096729219256,0.049999999999999996,0.845797125419861,-4.85722573273506e-17,0.06687697902271753,0,True,0.02162143598700498
1999-11-30,mom,mv,49,0.08107262010270909,4.6527846940692985,0.050000000000000024,3.290082011811376,-4.163336342344337e-17,0.10000000041009922,1,True,0.04847931224436742
1999-11-30,mom,diag,49,0.08107262010270909,10.295249363805615,0.05,0.8067053612313588,3.469446951953614e-17,0.05753837074503185,0,True,0.05212864529883285
1999-12-31,mom,mv,49,0.08165231612933277,4.629557086460103,0.04999999999999999,3.4452463862528533,-5.551115123125783e-17,0.07772333009944993,0,True,0.0257566554946946
1999-12-31,mom,diag,49,0.08165231612933277,11.075514519910055,0.05,0.8065863611846006,4.163336342344337e-17,0.05944273377312299,0,True,0.012772330091966183
2000-01-31,mom,mv,49,0.0816551052413003,4.5471544277458715,0.050000000000000024,3.5991861556171125,8.326672684688674e-17,0.07997028732821596,0,True,0.05344992230741686
2000-01-31,mom,diag,49,0.0816551052413003,11.408816847375235,0.049999999999999996,0.8685588292341881,6.938893903907228e-18,0.05154591853030041,0,True,0.05161756417775484
2000-02-29,mom,mv,49,0.08200145657633064,5.056557458410116,0.049999999999999996,3.346930499091954,1.8041124150158794e-16,0.10000000002873585,1,True,0.045682180177374035
2000-02-29,mom,diag,49,0.08200145657633064,12.278062412650463,0.05000000000000001,0.6755929560722285,3.8163916471489756e-17,0.059458332469962474,0,True,-0.01888250051645393
2000-03-31,mom,mv,49,0.08166545041553135,4.391047623071443,0.05,3.7023023437476748,8.326672684688674e-17,0.10000000000908799,2,True,-0.04724440999754061
2000-03-31,mom,diag,49,0.08166545041553135,13.18111995857414,0.05,0.5940423717629055,-2.2551405187698492e-17,0.083024842032679,0,True,-0.021036160345025992
2000-04-30,mom,mv,49,0.08108597516520767,4.310856160201079,0.04999999999999996,3.4038430075988817,5.551115123125783e-17,0.10000000026047645,1,True,-0.05224010202429708
2000-04-30,mom,diag,49,0.08108597516520767,12.234800920027189,0.05,0.6504536379486733,1.0408340855860843e-17,0.07110100718673944,0,True,-0.021628486339191757
2000-05-31,mom,mv,49,0.08061638624290403,4.804346106900492,0.05,4.315021906613816,-9.71445146547012e-17,0.09122547363246737,0,True,0.005880782055868033
2000-05-31,mom,diag,49,0.08061638624290403,11.904831298669176,0.05,0.6555978932182598,1.214306433183765e-17,0.06655783235344091,0,True,0.030818739074588476
2000-06-30,mom,mv,49,0.08088360715559852,5.4648544997569255,0.05000000000000002,4.277255451014429,-1.8041124150158794e-16,0.08983843094696467,0,True,-0.010360715207001008
2000-06-30,mom,diag,49,0.08088360715559852,11.45492774016835,0.05,0.7538046594825185,-1.0408340855860843e-17,0.06113074777505583,0,True,-0.01984618059340809
2000-07-31,mom,mv,49,0.08049863759911828,4.958656940114867,0.05000000000000002,3.952555309394464,1.942890293094024e-16,0.0981440298106998,0,True,0.06605889489058187
2000-07-31,mom,diag,49,0.08049863759911828,12.973526570183216,0.049999999999999996,0.6666807250986246,2.7755575615628914e-17,0.054809794085410354,0,True,0.026801044910448272
2000-08-31,mom,mv,49,0.08084475276711706,5.2090444686726745,0.05,3.260144045409601,-9.020562075079397e-17,0.07599592832976655,0,True,0.026344080630427175
2000-08-31,mom,diag,49,0.08084475276711706,11.484248279814032,0.05000000000000001,0.7563119830418034,3.122502256758253e-17,0.049461241088521034,0,True,-0.021422439156591234
2000-09-30,mom,mv,49,0.08050017305256228,5.211409411768735,0.05,3.2669503621830374,6.938893903907228e-17,0.09400124309203503,0,True,0.007006281311691475
2000-09-30,mom,diag,49,0.08050017305256228,11.50242732523032,0.05,0.7163585585533525,-2.0816681711721685e-17,0.05510574621767613,0,True,-0.021813450391716484
2000-10-31,mom,mv,49,0.08005793027706193,5.43578894489788,0.05000000000000001,3.2164431518166934,-1.0408340855860843e-17,0.07237118759465429,0,True,-0.026966045804189917
2000-10-31,mom,diag,49,0.08005793027706193,9.89079242116023,0.05,0.9131037692260661,2.0816681711721685e-17,0.06237400949948721,0,True,-0.025083709508644223
2000-11-30,mom,mv,49,0.07965820643098287,5.935574297141531,0.050000000000000024,3.177225998371627,-3.469446951953614e-17,0.06939191323645635,0,True,0.014530134395254097
2000-11-30,mom,diag,49,0.07965820643098287,8.016793015766014,0.05,1.0672477887380876,-6.938893903907228e-18,0.054244539027108025,0,True,0.008009687247627325
2000-12-31,mom,mv,49,0.07965836256696514,5.773608580274799,0.05000000000000002,3.7129828926455084,-2.498001805406602e-16,0.0808599849070497,0,True,0.013567410036960029
2000-12-31,mom,diag,49,0.07965836256696514,11.057105302088726,0.04999999999999999,0.7503840868029731,-3.642919299551295e-17,0.050809233539309794,0,True,-0.04583466275985615
2001-01-31,mom,mv,49,0.07882277748443615,5.440552003714661,0.049999999999999996,3.526879840305214,1.6653345369377348e-16,0.08840918408145214,0,True,0.017936509450524957
2001-01-31,mom,diag,49,0.07882277748443615,11.939369886754463,0.05,0.6021766534693996,9.974659986866641e-18,0.05528519131366721,0,True,0.030901807353732626
2001-02-28,mom,mv,49,0.07930199264519115,5.9000765947027265,0.049999999999999954,3.6485561154698978,-3.0531133177191805e-16,0.09836171339253946,0,True,0.028475834893867843
2001-02-28,mom,diag,49,0.07930199264519115,12.707403725743495,0.049999999999999996,0.5462870101253952,-1.0408340855860843e-17,0.05574437471314057,0,True,0.01216400354912036
2001-03-31,mom,mv,49,0.07959098425571087,6.014751955531866,0.04999999999999997,3.964820898885786,4.85722573273506e-17,0.07651470288838294,0,True,0.02593472829598141
2001-03-31,mom,diag,49,0.07959098425571087,12.647805075485191,0.05,0.478706967574259,7.806255641895632e-18,0.06719207223102376,0,True,-0.010821462658541375
2001-04-30,mom,mv,49,0.07906850447056614,6.099318213972472,0.05000000000000001,4.144404315904779,-9.020562075079397e-17,0.05998189403126154,0,True,-0.025929126311823893
2001-04-30,mom,diag,49,0.07906850447056614,10.74274479553073,0.05,0.4617302923656197,-1.474514954580286e-17,0.08241284104996643,0,True,0.0004033708656510639
2001-05-31,mom,mv,49,0.07913507410284772,5.407894422288853,0.050000000000000065,3.9815647955270586,9.71445146547012e-17,0.06206135870875317,0,True,-0.06876748932001901
2001-05-31,mom,diag,49,0.07913507410284772,8.480904747806566,0.049999999999999996,0.5057242351537088,-3.469446951953614e-18,0.07280709575330088,0,True,0.0006156750263157197
2001-06-30,mom,mv,49,0.07905767893298563,5.623674025529247,0.050000000000000024,3.4369817169102688,-1.1102230246251565e-16,0.05782397671216441,0,True,-0.019542534048405367
2001-06-30,mom,diag,49,0.07905767893298563,11.679123270087457,0.05,0.5099932962741635,-1.734723475976807e-18,0.057531779636101954,0,True,0.0052509714442873804
2001-07-31,mom,mv,49,0.07931258712669069,5.970323058287234,0.049999999999999996,3.4865643220241522,0.0,0.05785836811095655,0,True,0.0040151972223467156
2001-07-31,mom,diag,49,0.07931258712669069,12.035088100759786,0.05000000000000001,0.5051533872606014,-1.734723475976807e-17,0.06751258724636673,0,True,0.013807164199580974
2001-08-31,mom,mv,49,0.07969815785436951,4.842375184877187,0.050000000000000024,3.3489922474600897,0.0,0.08246930424008589,0,True,0.05417443913773167
2001-08-31,mom,diag,49,0.07969815785436951,14.711745757273743,0.05,0.4952355585614902,-1.0408340855860843e-17,0.04957198082528608,0,True,0.020537501602920977
2001-09-30,mom,mv,49,0.08003080932407029,5.8341038513068515,0.05000000000000002,3.731218793443849,1.8041124150158794e-16,0.06783372169780036,0,True,-0.009387598434562971
2001-09-30,mom,diag,49,0.08003080932407029,13.353700450825587,0.05,0.538061717727002,-1.734723475976807e-17,0.04397059683697668,0,True,-0.005038811378704415
2001-10-31,mom,mv,49,0.07977686970744688,5.495193955608371,0.050000000000000024,3.7601216318737727,-1.249000902703301e-16,0.06344158997830361,0,True,-0.03610009920607723
2001-10-31,mom,diag,49,0.07977686970744688,12.114038646578486,0.05,0.5278671108053882,-8.673617379884035e-18,0.055625995227053596,0,True,-0.025865416288138335
2001-11-30,mom,mv,49,0.07902078344431951,5.946050386261953,0.049999999999999996,3.4026055728223503,7.979727989493313e-17,0.07638207358334671,0,True,0.013300031925759142
2001-11-30,mom,diag,49,0.07902078344431951,10.637095375428464,0.05,0.6225445550215218,-6.591949208711867e-17,0.06020493381193822,0,True,0.007927218676606724
2001-12-31,mom,mv,49,0.07917573896665044,5.656974098679453,0.05000000000000006,3.674576769997679,0.0,0.05172982814659013,0,True,0.0329988503107547
2001-12-31,mom,diag,49,0.07917573896665044,10.18371778951892,0.05000000000000001,0.7186555754743511,6.938893903907228e-18,0.06182012130024158,0,True,0.021117831015308085
2002-01-31,mom,mv,49,0.07962843103345912,5.202263881025095,0.05000000000000001,3.9807878855921857,-3.469446951953614e-17,0.05677933259810007,0,True,0.009927572386764573
2002-01-31,mom,diag,49,0.07962843103345912,12.777522322325316,0.049999999999999996,0.5839431980312285,1.214306433183765e-17,0.050938906130904155,0,True,0.016236181958143484
2002-02-28,mom,mv,49,0.07990626920035417,6.453880711839416,0.049999999999999996,4.447731229409717,-2.7755575615628914e-17,0.05428234457803464,0,True,0.06022458326224725
2002-02-28,mom,diag,49,0.07990626920035417,10.101864949337127,0.05,0.8149618092365458,-1.734723475976807e-17,0.04627135402722309,0,True,-0.002882644719906769
2002-03-31,mom,mv,49,0.07969501155717128,6.291110656224782,0.049999999999999996,3.861413222353487,1.734723475976807e-17,0.052394361187886325,0,True,0.037831226426526685
2002-03-31,mom,diag,49,0.07969501155717128,9.593923269127513,0.049999999999999996,0.7257176976973457,6.938893903907228e-18,0.057663530582308026,0,True,0.032118556543138235
2002-04-30,mom,mv,49,0.08035998006845937,6.112137071844668,0.04999999999999998,4.180724385842808,-1.8041124150158794e-16,0.05217676065783624,0,True,-0.03878291493757741
2002-04-30,mom,diag,49,0.08035998006845937,10.924102767807517,0.05,0.6600264031559999,-1.3877787807814457e-17,0.06396673482420032,0,True,0.007273810322945497
2002-05-31,mom,mv,49,0.0804531690119638,5.618499860717901,0.04999999999999999,3.562947588025784,6.938893903907228e-17,0.0633491524375177,0,True,-0.010617058192725461
2002-05-31,mom,diag,49,0.0804531690119638,11.71540487314775,0.05,0.6708508617678548,1.0408340855860843e-17,0.05358709531486071,0,True,0.015427780397858694
2002-06-30,mom,mv,49,0.08080919612810375,5.682850278514153,0.04999999999999999,3.4976720450432146,-4.336808689942018e-17,0.05681791636528592,0,True,-0.01795450908537358
2002-06-30,mom,diag,49,0.08080919612810375,11.40206976819732,0.05,0.6326698636287229,-1.3877787807814457e-17,0.053182060105514184,0,True,-0.0038931433505897954
2002-07-31,mom,mv,49,0.08072347163580999,5.2878114315905815,0.05000000000000002,3.066513589281275,-4.683753385137379e-17,0.0646000614983209,0,True,0.040198161985138516
2002-07-31,mom,diag,49,0.08072347163580999,11.546242320488531,0.05,0.6284186500765776,-1.734723475976807e-17,0.061043127022361435,0,True,0.010353479702148304
2002-08-31,mom,mv,49,0.08087822581661086,5.628030079612081,0.05000000000000001,2.905384176982599,-5.551115123125783e-17,0.0597268973384938,0,True,0.060312269835114535
2002-08-31,mom,diag,49,0.08087822581661086,11.39345502045017,0.05,0.6070011869224572,5.204170427930421e-17,0.06238363587239169,0,True,0.019641489978041556
2002-09-30,mom,mv,49,0.08137039402993573,6.118761808946802,0.04999999999999998,2.4766901701490265,5.551115123125783e-17,0.07961418529822523,0,True,0.009665734551576825
2002-09-30,mom,diag,49,0.08137039402993573,10.067766155725685,0.049999999999999996,0.8401862991181118,-1.3877787807814457e-17,0.06416337824569349,0,True,-0.020212495410576976
2002-10-31,mom,mv,49,0.08099366761447031,5.753886928743482,0.05,2.5862384528094124,-1.3877787807814457e-17,0.05848329585891644,0,True,-0.05898447837287359
2002-10-31,mom,diag,49,0.08099366761447031,11.670331842332855,0.05,0.6430241589645479,1.0408340855860843e-17,0.04947372803727451,0,True,-0.02828431047591164
2002-11-30,mom,mv,49,0.08032045327884942,5.4098738063483705,0.04999999999999999,2.4680305640347315,5.724587470723463e-17,0.07313494962911164,0,True,0.022634242879220355
2002-11-30,mom,diag,49,0.08032045327884942,11.364361609341133,0.05,0.6263862185070787,-2.42861286636753e-17,0.048763724599737504,0,True,0.020988191887116904
2002-12-31,mom,mv,49,0.0807456075291836,6.467834778840747,0.05000000000000001,2.782327271744007,-7.632783294297951e-17,0.08230223754288055,0,True,0.0032572809765964027
2002-12-31,mom,diag,49,0.0807456075291836,9.744798638059816,0.049999999999999996,0.7967913085652651,3.469446951953614e-17,0.055882695624484655,0,True,-0.004126602399069609
2003-01-31,mom,mv,49,0.08055977073754525,6.0700171450492055,0.04999999999999996,3.1804629200006738,3.469446951953614e-17,0.08584706679195654,0,True,0.02348013522042661
2003-01-31,mom,diag,49,0.08055977073754525,11.042255110625389,0.05,0.6338633685443059,3.469446951953614e-18,0.047743702071869454,0,True,-0.005283936165001742
2003-02-28,mom,mv,49,0.08026010634420339,7.418621926539669,0.049999999999999996,3.0335388727395483,2.7755575615628914e-17,0.09481477303515452,0,True,-0.0084607516999691
2003-02-28,mom,diag,49,0.08026010634420339,9.690659853392882,0.05,0.7705164758155788,-6.938893903907228e-18,0.05814961468183349,0,True,0.0030847014211339936
2003-03-31,mom,mv,49,0.08039924810611691,7.9151321060079205,0.050000000000000044,3.4591522546977345,-8.673617379884035e-17,0.09146131689208367,0,True,0.01258726181225697
2003-03-31,mom,diag,49,0.08039924810611691,9.822732106158266,0.05000000000000001,0.8745346677055038,0.0,0.06117788620708248,0,True,-0.016140568052693725
2003-04-30,mom,mv,49,0.07982424108308035,7.780209164111676,0.049999999999999954,3.2512694272623825,-4.85722573273506e-17,0.09840402894954851,0,True,-0.030255994862740065
2003-04-30,mom,diag,49,0.07982424108308035,8.17595186663191,0.05,1.051309963775459,3.2959746043559335e-17,0.06782453270394212,0,True,-0.024056661186409194
2003-05-31,mom,mv,49,0.07939364479254807,8.117876376709642,0.04999999999999999,3.2782682911599075,-5.551115123125783e-17,0.09558454030599627,0,True,0.028387183930266756
2003-05-31,mom,diag,49,0.07939364479254807,7.431996664057051,0.05,1.190775208593684,-5.898059818321144e-17,0.05885903580517485,0,True,-0.006766534186397535
2003-06-30,mom,mv,49,0.07916985414963361,7.667701518730283,0.04999999999999996,3.5662914387276397,1.1796119636642288e-16,0.07917432051410606,0,True,0.00208595040277957
2003-06-30,mom,diag,49,0.07916985414963361,8.025164031956349,0.05,0.9465953722244342,2.2551405187698492e-17,0.07075300018959008,0,True,-0.018488191887550468
2003-07-31,mom,mv,49,0.07883491164447384,8.201665686518668,0.04999999999999997,3.9474121674174367,-1.3877787807814457e-16,0.06845622679692648,0,True,-0.0059932334403342115
2003-07-31,mom,diag,49,0.07883491164447384,8.09202732689046,0.05,0.8215126456384598,-3.8163916471489756e-17,0.06739781442256854,0,True,0.0022120565119794697
2003-08-31,mom,mv,49,0.07874826824883627,7.6427074408696525,0.04999999999999997,3.59353660095631,-2.2638141361497333e-16,0.0701817512305423,0,True,-0.0041702583268790625
2003-08-31,mom,diag,49,0.07874826824883627,10.035034977207303,0.05000000000000001,0.789439893809334,1.3877787807814457e-17,0.05433645823806825,0,True,0.0029494148386663326
2003-09-30,mom,mv,49,0.07868512251600578,5.983631832377878,0.05000000000000001,3.1439191137173985,1.474514954580286e-17,0.08441239622186275,0,True,0.024452487341477907
2003-09-30,mom,diag,49,0.07868512251600578,12.90305738267918,0.05,0.5672478594866436,-1.805196617188365e-17,0.04715128621211871,0,True,0.01796419345177468
2003-10-31,mom,mv,49,0.07918561140564001,6.450476588349656,0.05,3.088098794180202,1.457167719820518e-16,0.07047450390559697,0,True,0.008983404182494074
2003-10-31,mom,diag,49,0.07918561140564001,9.785729200892897,0.049999999999999996,0.8159394874308674,-2.3418766925686896e-17,0.0781050996599652,0,True,0.012438171134649408
2003-11-30,mom,mv,49,0.07948561151783202,6.069118854648058,0.05000000000000002,2.9487906587959483,-7.806255641895632e-17,0.06331677282465363,0,True,-0.04509128246968782
2003-11-30,mom,diag,49,0.07948561151783202,7.52327655627689,0.05,0.9760092220021162,-1.3877787807814457e-17,0.09415188149329658,0,True,-0.018057022521672503
2003-12-31,mom,mv,49,0.07893428443223391,5.656520419774301,0.04999999999999999,2.6969259106355823,1.0755285551056204e-16,0.08458006951509955,0,True,-0.0011719436279814762
2003-12-31,mom,diag,49,0.07893428443223391,10.091295891331985,0.049999999999999996,0.7844194998372715,-4.163336342344337e-17,0.08736705526041419,0,True,-0.00591591998603375
2004-01-31,mom,mv,49,0.07876933225298552,5.86329469795293,0.04999999999999999,3.0712396724797126,2.7755575615628914e-17,0.07628842452360117,0,True,0.016009115860249404
2004-01-31,mom,diag,49,0.07876933225298552,11.112043570139862,0.049999999999999996,0.7483719243887687,1.0191500421363742e-17,0.06893245415403096,0,True,0.0033312350983891064
2004-02-29,mom,mv,49,0.07870539819344405,5.64764535439903,0.05000000000000001,3.206159112244198,1.6653345369377348e-16,0.0740452681597654,0,True,0.024616715004125135
2004-02-29,mom,diag,49,0.07870539819344405,10.98842144248581,0.05,0.8179043643060881,-9.107298248878237e-18,0.072751434497571,0,True,-0.0004175665759100756
2004-03-31,mom,mv,49,0.07861695031045354,5.452595353722362,0.05,3.157943170683234,1.3877787807814457e-17,0.09121382859534233,0,True,-0.006920244130371413
2004-03-31,mom,diag,49,0.07861695031045354,10.1480037348399,0.05000000000000002,0.8791555760968705,2.7755575615628914e-17,0.07630628146192663,0,True,-0.02689383968231688
2004-04-30,mom,mv,49,0.07808460612019996,5.679321753707711,0.04999999999999999,3.3899247369611993,-1.3877787807814457e-16,0.09912866572867055,0,True,-0.006475191434371232
2004-04-30,mom,diag,49,0.07808460612019996,9.236382516133046,0.05,0.909066155490676,-4.5102810375396984e-17,0.07118280179066167,0,True,0.0023174923383820416
2004-05-31,mom,mv,49,0.07815588775064439,7.055521046617324,0.05000000000000004,3.5507144464655696,-1.3877787807814457e-17,0.07578766923481883,0,True,-0.0017139330346655846
2004-05-31,mom,diag,49,0.07815588775064439,6.988485155266126,0.05,1.350705729687641,2.0816681711721685e-17,0.06255503368018236,0,True,0.010486651725687964
2004-06-30,mom,mv,49,0.07829073538515757,7.5889542051196575,0.05000000000000001,3.313778832943088,-6.938893903907228e-17,0.061626942108314244,0,True,-0.012054422503457103
2004-06-30,mom,diag,49,0.07829073538515757,7.2465767177664135,0.05,1.2188744886011533,-3.8163916471489756e-17,0.056802658434297736,0,True,-0.008439669262018156
2004-07-31,mom,mv,49,0.07814906275459443,6.390503067710129,0.050000000000000024,3.5768503760620654,7.632783294297951e-17,0.07355469512028796,0,True,-0.02839502094466163
2004-07-31,mom,diag,49,0.07814906275459443,6.259080773748413,0.05,1.1478201030223363,-1.214306433183765e-17,0.048347481898730116,0,True,-0.004658413924975323
2004-08-31,mom,mv,49,0.07789198372584519,6.399255689564963,0.05,3.396342593713474,2.0816681711721685e-17,0.09115096355679188,0,True,0.030468510369708712
2004-08-31,mom,diag,49,0.07789198372584519,6.401250803325014,0.05,1.1063613818311147,1.2630955309456127e-17,0.053234744877582355,0,True,0.015952872064570314
2004-09-30,mom,mv,49,0.07804061024515989,6.567840314627716,0.049999999999999996,3.538313744379995,-2.0816681711721685e-17,0.08624219135233727,0,True,-0.050562673225111904
2004-09-30,mom,diag,49,0.07804061024515989,7.476810077164688,0.05,1.0181027507336984,-1.9081958235744878e-17,0.05356274154263055,0,True,-0.01546076276574046
2004-10-31,mom,mv,49,0.07752924111973802,5.5274302521721514,0.04999999999999999,2.7762371051552335,-1.1709383462843448e-17,0.0943805839442885,0,True,0.03509579657030778
2004-10-31,mom,diag,49,0.07752924111973802,7.565665964595558,0.05,0.9938568553296679,-4.5102810375396984e-17,0.08151984447539647,0,True,0.01971161657653108
2004-11-30,mom,mv,49,0.07783951603481593,5.540104350938606,0.04999999999999999,2.712431161872778,3.469446951953614e-17,0.08460903327779935,0,True,-0.007959968705337491
2004-11-30,mom,diag,49,0.07783951603481593,6.91106374624795,0.05000000000000001,1.0657171970184103,-6.938893903907228e-18,0.08958864905715232,0,True,-0.00805388488835878
2004-12-31,mom,mv,49,0.07758458879314577,5.769022198158032,0.05,2.7607504015287425,-1.9255430583342559e-16,0.08458755604561913,0,True,0.03257900373227608
2004-12-31,mom,diag,49,0.07758458879314577,6.735425394021118,0.05,1.073455201430668,3.469446951953614e-17,0.07075636739933001,0,True,0.020361636854666028
2005-01-31,mom,mv,49,0.0779609975303466,5.33425460006427,0.05000000000000001,2.8500766709400516,-2.7755575615628914e-17,0.07748456254101743,0,True,0.013816589313588389
2005-01-31,mom,diag,49,0.0779609975303466,7.377035519096992,0.049999999999999996,1.0842741639600937,-6.938893903907228e-17,0.07587299113891292,0,True,0.03083251132322836
2005-02-28,mom,mv,49,0.07830095996870158,5.750395969439613,0.049999999999999996,3.1390639532695945,2.0816681711721685e-17,0.07644265976993507,0,True,-0.005784674565542102
2005-02-28,mom,diag,49,0.07830095996870158,7.08845837811418,0.05,1.0908146097251217,-4.911435841359335e-17,0.09022420762319856,0,True,-0.001537458039974563
2005-03-31,mom,mv,49,0.07827385739794282,5.112546436627527,0.05,2.9560474321691808,2.0816681711721685e-17,0.08533678928917371,0,True,0.00506824186343173
2005-03-31,mom,diag,49,0.07827385739794282,7.953827259592064,0.05,1.0180446485439743,-1.214306433183765e-17,0.0810474578947096,0,True,-0.0068381005987018
2005-04-30,mom,mv,49,0.07807063757468757,5.189865968853635,0.05000000000000001,3.2777568132820654,-4.85722573273506e-17,0.06176498163113518,0,True,0.008398232578700449
2005-04-30,mom,diag,49,0.07807063757468757,8.528605864135775,0.049999999999999996,1.0486117962639976,-5.204170427930421e-18,0.07707828696235122,0,True,0.005979733529366386
2005-05-31,mom,mv,49,0.0780173160430505,5.856443517687853,0.05000000000000001,3.3402195933411396,-1.0408340855860843e-16,0.05586994902331348,0,True,-7.583441739009675e-06
2005-05-31,mom,diag,49,0.0780173160430505,8.360038819742279,0.05000000000000001,1.0565691382450244,8.673617379884035e-18,0.09288449322305749,0,True,0.014459277322785118
2005-06-30,mom,mv,49,0.07812692600977582,5.938820356565202,0.049999999999999996,3.31308399513972,-1.0408340855860843e-17,0.06180930566542725,0,True,-0.01728128695184166
2005-06-30,mom,diag,49,0.07812692600977582,8.066061323757433,0.049999999999999996,1.0610406387920874,-9.86623976961809e-18,0.11209801879909775,1,True,-0.000870878089625853
2005-07-31,mom,mv,49,0.07801887930697073,6.029834106562825,0.04999999999999999,3.3852176829658576,5.551115123125783e-17,0.06276891556099375,0,True,-0.015457482153426553
2005-07-31,mom,diag,49,0.07801887930697073,7.817274500861859,0.05,1.0206866435653223,1.734723475976807e-17,0.11673436228058853,1,True,0.004194404347015802
2005-08-31,mom,mv,49,0.07794783373367133,5.213563493757518,0.04999999999999999,3.025404310620807,9.540979117872439e-17,0.06957289430402444,0,True,-0.015622261266016632
2005-08-31,mom,diag,49,0.07794783373367133,6.664389588340996,0.05,1.0324229090188752,-2.0816681711721685e-17,0.09905758671620112,0,True,0.014124269793760686
2005-09-30,mom,mv,49,0.07819531194385168,4.961670603935706,0.04999999999999998,3.0115208001876868,1.457167719820518e-16,0.05037093562238974,0,True,-0.006522876915231901
2005-09-30,mom,diag,49,0.07819531194385168,6.381754317372073,0.05,1.0656144411876252,-2.42861286636753e-17,0.07823559927574111,0,True,-0.02198053953986959
2005-10-31,mom,mv,49,0.07787699734799304,4.379343481112678,0.05,2.923163010872328,-1.734723475976807e-17,0.046576465173635125,0,True,-0.0073669545885813
2005-10-31,mom,diag,49,0.07787699734799304,7.026218474889073,0.05,1.0016036045539642,2.0816681711721685e-17,0.06439203434711223,0,True,-0.00388553350157433
2005-11-30,mom,mv,49,0.07770092125867949,5.323260514509298,0.05,2.701475509861691,5.204170427930421e-18,0.05777946824366828,0,True,0.0028613046303922925
2005-11-30,mom,diag,49,0.07770092125867949,7.1847099884546255,0.05,1.0866436509406876,-1.5612511283791264e-17,0.06264627043031956,0,True,0.004581135012463704
2005-12-31,mom,mv,49,0.07780063647290726,5.031068541640913,0.05,2.611043857253957,-6.938893903907228e-18,0.06276528942585513,0,True,0.0196714744717736
2005-12-31,mom,diag,49,0.07780063647290726,7.157175412280919,0.05,1.1141128610205575,3.469446951953614e-18,0.07270523156683364,0,True,0.034818031052511404
2006-01-31,mom,mv,49,0.07803508455272336,5.281067294472625,0.049999999999999996,2.6489990254717375,-9.71445146547012e-17,0.06170056277750512,0,True,-0.00980105795836438
2006-01-31,mom,diag,49,0.07803508455272336,8.00065747078063,0.05000000000000001,1.059601745776072,7.979727989493313e-17,0.06934268855951459,0,True,-0.018209562654444806
2006-02-28,mom,mv,49,0.07769948010912504,5.014523814714337,0.05000000000000002,2.368989788461335,9.71445146547012e-17,0.06551334873147209,0,True,0.006638401339815551
2006-02-28,mom,diag,49,0.07769948010912504,8.897174708230445,0.05,1.0203929351298378,3.469446951953614e-18,0.07246576325175887,0,True,0.012424834819115976
2006-03-31,mom,mv,49,0.07784882681074007,5.490661913968282,0.05,2.3893078699331434,4.163336342344337e-17,0.06305800070034742,0,True,0.03113920618269269
2006-03-31,mom,diag,49,0.07784882681074007,9.099239913788468,0.05,1.093000193529371,5.204170427930421e-17,0.06423062472759522,0,True,0.021748404894836305
2006-04-30,mom,mv,49,0.07816520527832159,4.838278229829564,0.05,2.63717661145066,-1.3877787807814457e-16,0.06221195042311775,0,True,-0.03195549966287011
2006-04-30,mom,diag,49,0.07816520527832159,10.675153432706729,0.04999999999999999,0.861551734468405,1.734723475976807e-17,0.07705570794354201,0,True,-0.018685543776989756
2006-05-31,mom,mv,49,0.07753680768453852,4.713633868857898,0.049999999999999996,2.718743712067335,-3.469446951953614e-18,0.05660219083158932,0,True,0.007470948119946201
2006-05-31,mom,diag,49,0.07753680768453852,10.317698005186568,0.05,0.7825734185611355,3.2959746043559335e-17,0.08549351410504899,0,True,-0.0006524059601230642
2006-06-30,mom,mv,49,0.07736933358981433,5.1451028975357005,0.04999999999999999,2.59718559445051,2.0816681711721685e-17,0.08822814075314697,0,True,-0.024329169359709992
2006-06-30,mom,diag,49,0.07736933358981433,9.555877094643062,0.05000000000000002,0.8975852010305259,-7.806255641895632e-18,0.07156539618405855,0,True,-0.012830298369807255
2006-07-31,mom,mv,49,0.07708318189232867,5.657525619722505,0.05,2.8055466064259678,1.1796119636642288e-16,0.08748191122115516,0,True,-0.043224827407591246
2006-07-31,mom,diag,49,0.07708318189232867,8.791577029328362,0.049999999999999996,1.0145768531084762,-4.119968255444917e-17,0.06931617317480208,0,True,-0.015795914107483607
2006-08-31,mom,mv,49,0.07658730518046854,5.61682402191783,0.05000000000000002,2.604447718467437,1.6653345369377348e-16,0.09804926457976865,0,True,0.011869827834185848
2006-08-31,mom,diag,49,0.07658730518046854,7.660105857899516,0.05000000000000001,1.2333562577981654,-9.530137096147584e-17,0.06418491745249581,0,True,-0.006909449126136476
2006-09-30,mom,mv,49,0.07646342095499256,6.69461699305881,0.050000000000000024,3.071940750917975,-1.8041124150158794e-16,0.08136835912084554,0,True,-0.009327582245072836
2006-09-30,mom,diag,49,0.07646342095499256,6.207741023603854,0.05,1.4249941998928402,2.3418766925686896e-17,0.0675452266366662,0,True,-0.0010951597590782634
2006-10-31,mom,mv,49,0.07635769921715183,7.033389514125893,0.049999999999999996,3.418194853846691,-6.938893903907228e-17,0.07454738935267363,0,True,0.02903565691142401
2006-10-31,mom,diag,49,0.07635769921715183,6.1605095383117945,0.049999999999999996,1.4037699720350392,-6.852157730108388e-17,0.06453498011014892,0,True,0.0018705087243278103
2006-11-30,mom,mv,49,0.076231748358175,6.490865822629594,0.05000000000000001,3.1987204476930704,-4.163336342344337e-17,0.065708084529166,0,True,0.008569931440960975
2006-11-30,mom,diag,49,0.076231748358175,6.259330723284569,0.05,1.5018019918531944,8.326672684688674e-17,0.05457733087026652,0,True,0.0010121035800168194
2006-12-31,mom,mv,49,0.0761522687092307,7.066095117511302,0.05000000000000002,3.343901506499866,2.7755575615628914e-17,0.06470396133406772,0,True,0.032388887165503324
2006-12-31,mom,diag,49,0.0761522687092307,6.467152384765297,0.05,1.461361642202343,0.0,0.05696234873588087,0,True,0.005272428743976304
2007-01-31,mom,mv,49,0.07616864126120808,6.8435636502988935,0.05,3.5816650233569742,6.938893903907228e-17,0.0704434274480585,0,True,0.024011818313848205
2007-01-31,mom,diag,49,0.07616864126120808,7.031001459706465,0.05,1.1856687980074807,-2.42861286636753e-17,0.06968745971286422,0,True,-0.006248326791837034
2007-02-28,mom,mv,49,0.07586016396902817,7.636218901912797,0.05,3.6847908258678417,-2.7755575615628914e-17,0.06395012650483306,0,True,0.045805134754848244
2007-02-28,mom,diag,49,0.07586016396902817,5.547843534704173,0.05000000000000002,1.5290538232643827,-3.0357660829594124e-17,0.06553728222483222,0,True,0.025769178552065293
2007-03-31,mom,mv,49,0.07633925508949382,7.422294948958577,0.05,3.790520772104016,1.942890293094024e-16,0.05174469809033151,0,True,-0.018893389534561905
2007-03-31,mom,diag,49,0.07633925508949382,6.087732095768811,0.05000000000000001,1.4929284016674307,-5.204170427930421e-17,0.06132718624775013,0,True,-0.006481338963135362
2007-04-30,mom,mv,49,0.07612471832103153,7.102347259459624,0.05,3.590180132896975,-2.7755575615628914e-16,0.06367514054116044,0,True,0.0019322200011932579
2007-04-30,mom,diag,49,0.07612471832103153,6.211591436124096,0.049999999999999996,1.359180718768466,1.196959198423997e-16,0.06128140703569415,0,True,-0.005373148204950514
2007-05-31,mom,mv,49,0.07594616859704544,7.203496832125268,0.049999999999999996,3.5059293591926335,1.5265566588595902e-16,0.06981296236257742,0,True,-0.013189404561370383
2007-05-31,mom,diag,49,0.07594616859704544,5.52022542718731,0.05,1.5311463765064046,1.1449174941446927e-16,0.08110902227534901,0,True,0.010092814224273454
2007-06-30,mom,mv,49,0.07589384371904256,6.845817207048664,0.05,3.202795600119294,-1.734723475976807e-16,0.07773687937449088,0,True,0.019803992197186742
2007-06-30,mom,diag,49,0.07589384371904256,5.6127297367030575,0.05000000000000001,1.4494000497617672,2.0816681711721685e-17,0.08662486451971624,0,True,0.012298631157539678
2007-07-31,mom,mv,49,0.07592089523898002,5.9793197602896,0.05000000000000002,3.178046812621239,5.551115123125783e-17,0.08002618805474172,0,True,-0.0025084788162416305
2007-07-31,mom,diag,49,0.07592089523898002,7.923415469046959,0.05,1.1028066730040895,8.673617379884035e-17,0.07068430031323411,0,True,-0.005867747707141949
2007-08-31,mom,mv,49,0.07566944123537492,5.311222864805899,0.049999999999999996,3.014654878727756,1.3877787807814457e-17,0.08091376694113246,0,True,0.01321176689878265
2007-08-31,mom,diag,49,0.07566944123537492,7.840428245231813,0.05,1.0845550765076104,-2.42861286636753e-17,0.07313384745137878,0,True,0.01852708387430072
2007-09-30,mom,mv,49,0.07583108504720223,5.397669727718763,0.05,3.38959858103115,6.245004513516506e-17,0.08477505255605548,0,True,0.006354198266761316
2007-09-30,mom,diag,49,0.07583108504720223,7.740232841665243,0.05,1.1093641960986282,-2.2551405187698492e-17,0.07435522767573419,0,True,0.01637331859308861
2007-10-31,mom,mv,49,0.07590707503771496,5.008526494505283,0.05,3.2350854014093926,6.938893903907228e-17,0.07152208303431122,0,True,-0.034749516685360866
2007-10-31,mom,diag,49,0.07590707503771496,7.495650780978097,0.05,1.181363542065786,-7.37257477290143e-18,0.07620373515134213,0,True,0.004941358912842746
2007-11-30,mom,mv,49,0.07594849383565946,4.613162239387625,0.05,2.8532861837789407,7.979727989493313e-17,0.07617342766481988,0,True,-0.004147626906857112
2007-11-30,mom,diag,49,0.07594849383565946,7.495651036313984,0.05,1.1788840985979154,2.42861286636753e-17,0.0781627955117611,0,True,0.02969392820694589
2007-12-31,mom,mv,49,0.07632605699643635,5.029397305506085,0.05,2.8261784412732225,4.85722573273506e-17,0.07145520411988575,0,True,0.009972264239011104
2007-12-31,mom,diag,49,0.07632605699643635,8.899004958033814,0.05000000000000002,1.1238305599943421,-1.0928757898653885e-16,0.0686637851456771,0,True,-0.018814742482386907
2008-01-31,mom,mv,49,0.07590042130689073,4.596028119286257,0.049999999999999996,3.1589792558532115,-1.3877787807814457e-17,0.051147561592502604,0,True,0.04553815719706996
2008-01-31,mom,diag,49,0.07590042130689073,9.552577196549802,0.05,1.0336737539656242,8.847089727481716e-17,0.06977373293042241,0,True,0.04969437380878633
2008-02-29,mom,mv,49,0.07662317912399338,4.4076035327968714,0.05000000000000002,3.180115782054186,-1.3877787807814457e-17,0.05964491437058615,0,True,-0.023222966121790145
2008-02-29,mom,diag,49,0.07662317912399338,8.899906175164729,0.05,0.9736752428644482,-6.245004513516506e-17,0.08086726533829347,0,True,-0.00931838485930977
2008-03-31,mom,mv,49,0.07633686384468007,4.538954548587283,0.04999999999999999,3.3826444751142373,-2.7755575615628914e-17,0.05543480166612673,0,True,0.0018742074160974472
2008-03-31,mom,diag,49,0.07633686384468007,9.83419794461927,0.05000000000000001,0.9330828451266542,1.1796119636642288e-16,0.07657172399594532,0,True,0.012732903713269971
2008-04-30,mom,mv,49,0.07638724571260982,4.287409917000436,0.05000000000000002,3.513235078877015,5.551115123125783e-17,0.061829676400046274,0,True,0.05655493344146802
2008-04-30,mom,diag,49,0.07638724571260982,9.564635337609161,0.049999999999999996,1.0194455039118075,5.204170427930421e-17,0.07156755029210049,0,True,0.027064332870884035
2008-05-31,mom,mv,49,0.07676178227380084,4.234319275806793,0.05000000000000002,2.9703515434094605,-5.551115123125783e-17,0.06781756038875307,0,True,0.05017891394027125
2008-05-31,mom,diag,49,0.07676178227380084,10.00434405619772,0.05,0.9962428277600581,-5.377642775528102e-17,0.07033101047445159,0,True,0.050286177251634985
2008-06-30,mom,mv,49,0.07735151515499249,4.294556879608584,0.049999999999999996,3.0820200315084127,-6.938893903907228e-17,0.055677994536727005,0,True,-0.030571568664848663
2008-06-30,mom,diag,49,0.07735151515499249,10.231082364525054,0.05,0.8777636599168399,-5.139118297581291e-17,0.07868464142345155,0,True,-0.023656045169112364
2008-07-31,mom,mv,49,0.0770376739052021,3.845925670850079,0.04999999999999999,3.129798660833654,6.938893903907228e-17,0.05599495788247166,0,True,-0.01013981842747172
2008-07-31,mom,diag,49,0.0770376739052021,8.955820376601528,0.05000000000000001,0.7461600763594125,5.117434254131581e-17,0.09029872041209926,0,True,-0.021749913770030105
2008-08-31,mom,mv,49,0.07646241417211416,4.238242649652895,0.05000000000000001,3.0294573534452978,-1.3877787807814457e-17,0.054883832483103995,0,True,-0.0315439514387834
2008-08-31,mom,diag,49,0.07646241417211416,9.5418876946256,0.05,0.817019305063804,3.0357660829594124e-17,0.07723876579384151,0,True,-0.032290161890374286
2008-09-30,mom,mv,49,0.07606865889645884,4.519442403287275,0.05,2.671046762787725,5.551115123125783e-17,0.06348720766382109,0,True,0.03436615401400931
2008-09-30,mom,diag,49,0.07606865889645884,8.903620756153853,0.05,0.882277781203832,1.734723475976807e-18,0.06567898065458669,0,True,0.028730461634353343
2008-10-31,mom,mv,49,0.07630844719760624,4.485665092674069,0.05000000000000001,2.632894821342844,-2.42861286636753e-16,0.05592257882248427,0,True,-0.046890523168143856
2008-10-31,mom,diag,49,0.07630844719760624,10.44166187508561,0.05,0.9152634297608121,-5.984795992119984e-17,0.06777161026432117,0,True,0.015793498302455203
2008-11-30,mom,mv,49,0.07634867626382974,3.908122774058336,0.05000000000000002,2.5930308794280252,4.163336342344337e-17,0.07263493054624874,0,True,-0.0833965423683525
2008-11-30,mom,diag,49,0.07634867626382974,11.656204641159308,0.04999999999999999,0.8374280855914097,3.729655473350135e-17,0.05496935702361695,0,True,-0.0188131380124796
2008-12-31,mom,mv,49,0.07598852998478654,3.557018877190919,0.049999999999999975,2.881434866588772,3.608224830031759e-16,0.0740694800105365,0,True,0.02928954158344119
2008-12-31,mom,diag,49,0.07598852998478654,12.721312672003636,0.05,0.7585256266614667,-2.168404344971009e-18,0.0532851624927482,0,True,0.01731517062556143
2009-01-31,mom,mv,49,0.07620880737290671,3.7801369955370636,0.05,2.7338882627329295,1.8041124150158794e-16,0.06666764971575771,0,True,0.019631074719554067
2009-01-31,mom,diag,49,0.07620880737290671,12.036538663681014,0.05,0.7946696192596598,1.5612511283791264e-17,0.057826014489449774,0,True,0.017546076493746943
2009-02-28,mom,mv,49,0.07637819250347237,3.7508163046149994,0.04999999999999999,2.9319850471675424,1.249000902703301e-16,0.0677742999687816,0,True,0.017927036428029036
2009-02-28,mom,diag,49,0.07637819250347237,12.199937378483,0.05,0.7851376826880786,4.163336342344337e-17,0.04988970436414921,0,True,-0.02383829785642049
2009-03-31,mom,mv,49,0.07585233318805766,3.5574363497458372,0.05,2.5707590210560904,2.7755575615628914e-16,0.07113234354451935,0,True,-0.09532565789172659
2009-03-31,mom,diag,49,0.07585233318805766,11.863691408795471,0.05,0.8124928819433037,3.122502256758253e-17,0.050378248810631396,0,True,-0.10698358896536579
2009-04-30,mom,mv,49,0.07492364196385434,4.098006941531344,0.05,3.0472499095747354,-2.7755575615628914e-17,0.06675278198986359,0,True,-0.021701929648535637
2009-04-30,mom,diag,49,0.07492364196385434,14.705452881434015,0.05,0.5665225955828216,5.204170427930421e-18,0.04674840038451493,0,True,-0.0027654765616618084
2009-05-31,mom,mv,49,0.07483294098505791,4.67583186405988,0.04999999999999999,2.9187436642678675,1.3877787807814457e-16,0.059760669258065245,0,True,0.0011886120941184699
2009-05-31,mom,diag,49,0.07483294098505791,12.83104858958092,0.05,0.6427288993003587,3.2959746043559335e-17,0.058969915283220244,0,True,0.010048019203813378
2009-06-30,mom,mv,49,0.07507391028632975,4.818584499286218,0.05,3.1785028362062127,-1.3877787807814457e-16,0.053097266902307365,0,True,-0.010268830595340537
2009-06-30,mom,diag,49,0.07507391028632975,12.3848508980964,0.05,0.660054552967503,8.673617379884035e-18,0.06691096685822599,0,True,-0.020483790268489118
2009-07-31,mom,mv,49,0.07452322922129236,5.040106822036273,0.04999999999999998,3.3842215385747547,-1.3877787807814457e-17,0.05570156522424692,0,True,-0.016076235185561956
2009-07-31,mom,diag,49,0.07452322922129236,12.108244391841565,0.05,0.6992717837882921,4.85722573273506e-17,0.054681491356528555,0,True,-0.010614212292598289
2009-08-31,mom,mv,49,0.07405654042847373,5.545189834738513,0.04999999999999997,3.456054126586674,4.163336342344337e-17,0.05285718041165039,0,True,0.009265514664951222
2009-08-31,mom,diag,49,0.07405654042847373,10.83142771706549,0.04999999999999999,0.74871577771736,2.0816681711721685e-17,0.05473847325907485,0,True,-0.0043853796944358665
2009-09-30,mom,mv,49,0.07382694816825423,6.79943560907399,0.049999999999999996,3.589864210088624,4.163336342344337e-17,0.061967992475663015,0,True,0.03349332781214441
2009-09-30,mom,diag,49,0.07382694816825423,7.445714334034921,0.05,1.0814257407140868,6.938893903907228e-17,0.06433113658566521,0,True,0.01617726919230717
2009-10-31,mom,mv,49,0.0740962595874987,5.958902529197695,0.049999999999999996,3.6475820669819106,3.382710778154774e-17,0.06477767050568975,0,True,0.011306169035002863
2009-10-31,mom,diag,49,0.0740962595874987,8.661349634409726,0.05,0.803035003846791,6.938893903907228e-18,0.07018444676979764,0,True,-0.0009513405967799467
2009-11-30,mom,mv,49,0.07398445293222905,5.680115342046379,0.050000000000000065,3.4327964594419385,-2.0816681711721685e-17,0.0635054077629764,0,True,-0.035097617045973646
2009-11-30,mom,diag,49,0.07398445293222905,10.153470578464107,0.05,0.7950714696425896,3.469446951953614e-17,0.06084482136164393,0,True,0.004485774615015303
2009-12-31,mom,mv,49,0.07414657954130595,5.999150378979407,0.05000000000000003,3.08230785951917,7.632783294297951e-17,0.06163918104350345,0,True,-0.009514283632012217
2009-12-31,mom,diag,49,0.07414657954130595,9.905530155080534,0.05,0.7955413472767457,5.551115123125783e-17,0.06188351443171276,0,True,-0.01668965595927237
2010-01-31,mom,mv,49,0.07372495611401544,5.044249061156321,0.049999999999999996,2.4954709612865695,-1.0755285551056204e-16,0.08535816342682677,0,True,0.03547046160882771
2010-01-31,mom,diag,49,0.07372495611401544,12.380623331310302,0.05000000000000001,0.6594288142533066,3.469446951953614e-18,0.050818607579620055,0,True,0.014533095035353993
2010-02-28,mom,mv,49,0.07419085302237034,4.355510621840691,0.04999999999999999,2.5560550496838923,-3.7816971776294395e-16,0.09412219448553469,0,True,0.011093177643020317
2010-02-28,mom,diag,49,0.07419085302237034,14.021775462029455,0.05,0.577523724863591,8.565197162635485e-18,0.05223874712229845,0,True,0.009721916566765042
2010-03-31,mom,mv,49,0.07456815269876038,5.005696718143311,0.05000000000000003,3.0271215570729244,-2.5673907444456745e-16,0.08379046708313748,0,True,-0.019014111592543296
2010-03-31,mom,diag,49,0.07456815269876038,13.60714982928172,0.05,0.5821950526542747,8.673617379884035e-18,0.05390453732029503,0,True,0.01268399826232579
2010-04-30,mom,mv,49,0.0747730794124663,6.461743590493732,0.04999999999999997,2.4989453255446756,-6.245004513516506e-17,0.05952948740002524,0,True,0.0023522539754960428
2010-04-30,mom,diag,49,0.0747730794124663,9.514821863245876,0.05000000000000001,0.7831963456006407,-3.2959746043559335e-17,0.05975424515812505,0,True,-0.0020941531080359553
2010-05-31,mom,mv,49,0.07452317036481255,5.111704415846556,0.049999999999999975,2.7167503307220464,-8.153200337090993e-17,0.05565542894026796,0,True,-0.012514921462085677
2010-05-31,mom,diag,49,0.07452317036481255,12.126708892221552,0.05,0.6587714628941093,5.204170427930421e-18,0.06001721650685148,0,True,-0.014590352330745104
2010-06-30,mom,mv,49,0.07405307324968108,4.9024131807266285,0.049999999999999996,2.7113057283281545,-1.0408340855860843e-17,0.06269695002709251,0,True,-0.016269051447681714
2010-06-30,mom,diag,49,0.07405307324968108,11.882582760546798,0.049999999999999996,0.6964313409146542,-3.946495907847236e-17,0.05278120759899081,0,True,0.007516576073275769
2010-07-31,mom,mv,49,0.07423712993733304,5.739386452340096,0.050000000000000024,2.963254063441308,1.0408340855860843e-16,0.058440594301530126,0,True,0.03066270228779333
2010-07-31,mom,diag,49,0.07423712993733304,6.873389481507631,0.05,1.0338973656706945,8.673617379884035e-18,0.0619854701068845,0,True,0.015623984065309631
2010-08-31,mom,mv,49,0.07430097969057566,5.946671161448142,0.049999999999999996,3.16846297986907,-4.683753385137379e-17,0.050513183430759556,0,True,0.03618008770890442
2010-08-31,mom,diag,49,0.07430097969057566,6.8594273851885506,0.049999999999999996,1.2432707802755676,2.905661822261152e-17,0.05856475381728604,0,True,0.019957437652409198
2010-09-30,mom,mv,49,0.07443752954645524,6.011290945827731,0.04999999999999998,2.9584795998289732,-5.551115123125783e-17,0.07583205639024669,0,True,-0.001032344499547393
2010-09-30,mom,diag,49,0.07443752954645524,6.300002940686593,0.049999999999999996,1.2574687912199582,1.8214596497756474e-17,0.06721691008649816,0,True,0.0095096191113139
2010-10-31,mom,mv,49,0.07454135732303124,5.77445321931991,0.04999999999999999,2.6292025353149184,-5.551115123125783e-17,0.09405648072494661,0,True,-0.0038237630750261866
2010-10-31,mom,diag,49,0.07454135732303124,7.895789196712966,0.04999999999999999,1.0334627323453622,4.336808689942018e-17,0.05754223636330471,0,True,0.012763125721593683
2010-11-30,mom,mv,49,0.0746962587581665,5.66649501898147,0.05,2.8070638578299003,2.7755575615628914e-16,0.08720595556763505,0,True,-0.05048366334216302
2010-11-30,mom,diag,49,0.0746962587581665,8.369568977481109,0.05000000000000001,0.9818052390202607,-3.469446951953614e-18,0.061547218730845524,0,True,-0.022475563921421547
2010-12-31,mom,mv,49,0.0742759744965031,4.930186268170778,0.049999999999999996,2.858883645285258,-1.5612511283791264e-16,0.07109244277655656,0,True,-0.014805027244489233
2010-12-31,mom,diag,49,0.0742759744965031,7.878915255771862,0.05,0.9976015237825164,8.673617379884035e-19,0.064959668385911,0,True,-0.012867277860348143
2011-01-31,mom,mv,49,0.07394035175866455,5.046696308586438,0.05,3.238787783903892,6.938893903907228e-17,0.06322913425788268,0,True,-0.01022505782582451
2011-01-31,mom,diag,49,0.07394035175866455,10.325118802629957,0.05,0.8513634526194803,-2.0816681711721685e-17,0.05056999615005678,0,True,0.0016223483354608139
2011-02-28,mom,mv,49,0.07399740767304429,5.534284756580901,0.04999999999999999,3.320511444693355,6.938893903907228e-17,0.054981562513061265,0,True,0.01911524155535051
2011-02-28,mom,diag,49,0.07399740767304429,10.116308419081028,0.05000000000000001,0.8059612520950535,-8.673617379884035e-18,0.0694436114853538,0,True,0.012558308585961443
2011-03-31,mom,mv,49,0.07419665571508928,5.669889885044901,0.049999999999999975,3.365369580303162,-1.3877787807814457e-16,0.05490390287614591,0,True,0.005999762002574628
2011-03-31,mom,diag,49,0.07419665571508928,9.371538161594932,0.049999999999999996,0.934260790973347,8.673617379884035e-18,0.07273666367468708,0,True,-0.002485079398896158
2011-04-30,mom,mv,49,0.07412650261180646,5.647075485147393,0.049999999999999975,3.5216389671085113,2.7755575615628914e-17,0.04806601582380022,0,True,0.005557302279383482
2011-04-30,mom,diag,49,0.07412650261180646,8.51665310727779,0.049999999999999996,0.9366398127327458,1.3877787807814457e-17,0.07781897407412351,0,True,-0.009983120530204842
2011-05-31,mom,mv,49,0.07383152708794602,5.539079020793288,0.05000000000000004,3.5865417812848768,-1.0061396160665481e-16,0.05429601984307044,0,True,0.014684740772727774
2011-05-31,mom,diag,49,0.07383152708794602,9.275059110724992,0.05000000000000002,0.9223282890623913,2.949029909160572e-17,0.07849743541014735,0,True,0.005064566581121194
2011-06-30,mom,mv,49,0.07389778135877374,5.652142080632312,0.049999999999999975,3.6333895267350576,1.0050554138940626e-16,0.05280709410442692,0,True,-0.010927215702804763
2011-06-30,mom,diag,49,0.07389778135877374,9.73535837166296,0.05,0.902170809037939,2.7755575615628914e-17,0.05377496476347501,0,True,0.0010395447580581038
2011-07-31,mom,mv,49,0.07372897426978726,6.016823973559529,0.05000000000000003,3.8621452655605144,1.3183898417423734e-16,0.052090194133213565,0,True,-0.010006978295675562
2011-07-31,mom,diag,49,0.07372897426978726,7.413954993015572,0.05,1.1230261998936042,6.938893903907228e-18,0.06227362237859047,0,True,-0.0061224722816172585
2011-08-31,mom,mv,49,0.07354443760098107,5.717493188901277,0.05,3.6047161743706524,-1.214306433183765e-16,0.05431231210495745,0,True,-0.019892490190021626
2011-08-31,mom,diag,49,0.07354443760098107,7.810087420959328,0.04999999999999998,0.9949895384223086,-1.3877787807814457e-17,0.06860969030441476,0,True,-0.03279906284612755
2011-09-30,mom,mv,49,0.07309182173080887,6.476467547662645,0.04999999999999997,3.252399797451568,-1.6653345369377348e-16,0.06145144925424158,0,True,0.03720049095525904
2011-09-30,mom,diag,49,0.07309182173080887,5.705082793562056,0.04999999999999999,1.4425016989038661,2.7755575615628914e-17,0.06359458561796169,0,True,0.0013318463161835273
2011-10-31,mom,mv,49,0.07289950707273012,5.807249295789695,0.05000000000000002,3.3703605261533545,-2.7755575615628914e-17,0.05890334629403787,0,True,0.01962888372866283
2011-10-31,mom,diag,49,0.07289950707273012,11.38646309670117,0.05,0.7541687222356793,2.949029909160572e-17,0.06040536244859351,0,True,0.008558292460262828
2011-11-30,mom,mv,49,0.07315703521007597,6.934540981104467,0.05,3.434285470201469,-4.163336342344337e-17,0.06421072317912199,0,True,-0.006789174143874141
2011-11-30,mom,diag,49,0.07315703521007597,8.691599797484429,0.05000000000000001,0.956311918892832,6.765421556309548e-17,0.06480472570739432,0,True,0.013341492241484757
2011-12-31,mom,mv,49,0.07339106880834381,6.269633170430802,0.050000000000000044,3.2539195113832826,2.7755575615628914e-17,0.05327767126867586,0,True,-0.007725586917958833
2011-12-31,mom,diag,49,0.07339106880834381,9.723245379086388,0.05,0.8153897927909151,-6.938893903907228e-18,0.06942045305903906,0,True,-0.02776184490455048
2012-01-31,mom,mv,49,0.07278402824593085,5.5412543178694715,0.04999999999999999,3.360309070117815,-9.71445146547012e-17,0.06667118393913277,0,True,0.027481430355265533
2012-01-31,mom,diag,49,0.07278402824593085,11.813116537558924,0.05,0.701300994308403,5.0306980803327406e-17,0.06533948176429041,0,True,0.003809854662687554
2012-02-29,mom,mv,49,0.07273965961105729,5.819777501104597,0.04999999999999997,3.5012982819434626,-1.6653345369377348e-16,0.07754113851632764,0,True,0.011424530132509044
2012-02-29,mom,diag,49,0.07273965961105729,9.964610065360297,0.049999999999999996,0.829394402387169,5.898059818321144e-17,0.07072210024468174,0,True,0.009508816409695897
2012-03-31,mom,mv,49,0.07292601026908473,5.5258493962852535,0.05000000000000002,3.5985328558342675,5.551115123125783e-17,0.0752371098910392,0,True,0.002063422343163191
2012-03-31,mom,diag,49,0.07292601026908473,10.195609427568854,0.05000000000000002,0.7589556592763302,-8.673617379884035e-18,0.07692875542201741,0,True,0.008823332236992658
2012-04-30,mom,mv,49,0.07315996045622453,5.435795925300147,0.05000000000000002,3.46325775009079,-9.71445146547012e-17,0.07850199799066003,0,True,0.022871369281443784
2012-04-30,mom,diag,49,0.07315996045622453,9.621299274057952,0.05000000000000002,0.7967334012957419,-7.45931094670027e-17,0.07751655989177542,0,True,0.023141335307777445
2012-05-31,mom,mv,49,0.07353728440202263,5.900842283582831,0.05,3.3110143636494946,-6.938893903907228e-17,0.08865061969798212,0,True,-0.015349544112612423
2012-05-31,mom,diag,49,0.07353728440202263,9.206247577291643,0.05,0.8393757851625264,2.2551405187698492e-17,0.06887268092666476,0,True,-0.011401911109579105
2012-06-30,mom,mv,49,0.07341981972050401,5.330715806748614,0.05000000000000002,3.147838086198449,-4.163336342344337e-17,0.09999999999140115,1,True,0.05344731843362633
2012-06-30,mom,diag,49,0.07341981972050401,10.866739276064145,0.05,0.7113645376560244,-1.214306433183765e-17,0.05925181728094562,0,True,0.016088162778786264
2012-07-31,mom,mv,49,0.07382453356314919,5.082905005512639,0.05,3.3974383129872106,-2.0816681711721685e-17,0.09100173852822212,0,True,-0.014192765705024136
2012-07-31,mom,diag,49,0.07382453356314919,10.902214460257879,0.05,0.7039863537177516,1.734723475976807e-18,0.058047773234179,0,True,-0.010983006672205505
2012-08-31,mom,mv,49,0.07341511559715867,5.47565980506322,0.04999999999999998,3.318558846972894,1.3877787807814457e-16,0.08706705432732945,0,True,-0.010749042072200959
2012-08-31,mom,diag,49,0.07341511559715867,9.395905764906697,0.05,0.7648038640697854,1.0408340855860843e-16,0.056097334161509534,0,True,-0.009235708452031775
2012-09-30,mom,mv,49,0.07321796953487165,6.193025051286412,0.050000000000000024,3.0900541136634545,8.326672684688674e-17,0.07963604663053309,0,True,-0.04265187520709202
2012-09-30,mom,diag,49,0.07321796953487165,6.162343779381596,0.05,1.190666851494426,8.716985466783456e-17,0.0638821461630802,0,True,-0.011494584182135394
2012-10-31,mom,mv,49,0.07314751395515481,5.3917061634109835,0.05000000000000002,3.179233591602883,1.3877787807814457e-17,0.07497875062438188,0,True,0.002321320656545963
2012-10-31,mom,diag,49,0.07314751395515481,7.5601030581113005,0.04999999999999999,1.0025604143701423,4.85722573273506e-17,0.061974882391305525,0,True,0.0060583151144968875
2012-11-30,mom,mv,49,0.07302478168668688,5.564868800173713,0.04999999999999998,3.137919555211396,5.551115123125783e-17,0.06831731352820204,0,True,-0.00353387442532154
2012-11-30,mom,diag,49,0.07302478168668688,8.107660147276304,0.05,1.0159910574000417,2.2551405187698492e-17,0.056719773886935346,0,True,-0.005061383632644697
2012-12-31,mom,mv,49,0.0727893077975464,5.798225195724818,0.05,3.2164695029688306,-1.249000902703301e-16,0.06865435483188476,0,True,0.04686787279646937
2012-12-31,mom,diag,49,0.0727893077975464,7.137787676232479,0.05,1.0560952272286637,-4.006127027333939e-17,0.05704490289629817,0,True,0.015645570469577395
2013-01-31,mom,mv,49,0.07293622518955246,5.597954368750704,0.049999999999999996,3.5124970851770017,4.163336342344337e-17,0.05112271563195954,0,True,0.01724340020348431
2013-01-31,mom,diag,49,0.07293622518955246,8.373160013963972,0.05,0.9633902324351393,-4.683753385137379e-17,0.056969399820098895,0,True,0.010725228079956128
2013-02-28,mom,mv,49,0.0731158931655425,5.566169412423772,0.049999999999999996,3.2358345638904336,9.71445146547012e-17,0.059544619233685085,0,True,0.012903936648531993
2013-02-28,mom,diag,49,0.0731158931655425,8.059670725019915,0.05,1.09214174357717,-2.0816681711721685e-17,0.05369930538124754,0,True,0.00848994929240153
2013-03-31,mom,mv,49,0.07333019981053553,5.690322094946015,0.05000000000000003,3.163397133514158,-6.938893903907228e-18,0.056371818384778415,0,True,0.01804613015669573
2013-03-31,mom,diag,49,0.07333019981053553,7.914955052921033,0.05,1.1028642860540714,-6.591949208711867e-17,0.0633146980475009,0,True,0.00837917729363993
2013-04-30,mom,mv,49,0.07320481345103891,5.696421840452973,0.04999999999999999,2.9984259847529264,1.214306433183765e-16,0.0694979126099061,0,True,-0.009622821131942441
2013-04-30,mom,diag,49,0.07320481345103891,7.845120800572107,0.05,1.0726042534351277,9.194034422677078e-17,0.06220078196974304,0,True,-0.0034524323034735137
2013-05-31,mom,mv,49,0.07300232121411586,5.545073567186927,0.04999999999999999,3.0881694320067403,-1.0061396160665481e-16,0.06139008893843203,0,True,0.03365039428592328
2013-05-31,mom,diag,49,0.07300232121411586,7.230221472308906,0.05,1.048415108264285,-5.637851296924623e-17,0.07242503120407127,0,True,0.018176551567991698
2013-06-30,mom,mv,49,0.07306754501281584,5.3207274510962606,0.05000000000000001,2.827096137809378,-3.469446951953614e-17,0.0769385481397529,0,True,0.02588066038672654
2013-06-30,mom,diag,49,0.07306754501281584,8.372022994845558,0.05,0.9395312473893325,5.204170427930421e-18,0.059232511485374735,0,True,0.013596435050770277
2013-07-31,mom,mv,49,0.07335973011932301,5.338424674701551,0.050000000000000024,2.8893580009079165,-6.938893903907228e-17,0.0558095763301263,0,True,0.007008783063372179
2013-07-31,mom,diag,49,0.07335973011932301,8.579516767232057,0.049999999999999996,0.9139090063461228,2.862293735361732e-17,0.06250493873368786,0,True,-0.0069544416594663405
2013-08-31,mom,mv,49,0.07311588559289806,5.187244319308708,0.05000000000000002,2.6893947387549586,7.632783294297951e-17,0.06180719685765489,0,True,0.028937794296290387
2013-08-31,mom,diag,49,0.07311588559289806,8.037519688780863,0.05,0.9988477993182736,-2.7430314963883262e-17,0.06561093657955175,0,True,0.01948593152924611
2013-09-30,mom,mv,49,0.07342412421275309,5.218767296575169,0.04999999999999998,2.7048425471615025,2.0816681711721685e-17,0.05978260295579627,0,True,-0.007640561725835526
2013-09-30,mom,diag,49,0.07342412421275309,7.809123897946809,0.05,1.0802695630711259,5.898059818321144e-17,0.06474912404397236,0,True,0.00048798543261564955
2013-10-31,mom,mv,49,0.07338782501373892,5.233544074845982,0.04999999999999999,2.736838128531744,1.0755285551056204e-16,0.05744696462990138,0,True,0.010201624327411566
2013-10-31,mom,diag,49,0.07338782501373892,7.683672864969375,0.05,0.9873723110463065,-2.688821387764051e-17,0.06648302907424275,0,True,0.022080384240099414
2013-11-30,mom,mv,49,0.07381147914710938,5.2338954978837675,0.05000000000000002,2.981650469563101,-6.245004513516506e-17,0.06543175730082673,0,True,-0.005253748629218829
2013-11-30,mom,diag,49,0.07381147914710938,7.722093426733961,0.05,1.0304325449279697,5.811323644522304e-17,0.06722837729068894,0,True,0.0016115666584760686
2013-12-31,mom,mv,49,0.07371884097955386,5.079469891747331,0.05,2.895915659414834,3.469446951953614e-18,0.05678162869609149,0,True,0.021338373702574992
2013-12-31,mom,diag,49,0.07371884097955386,7.8013711826571575,0.05,1.059068932462896,-9.71445146547012e-17,0.06309415688029252,0,True,0.004442298523246169
2014-01-31,mom,mv,49,0.07383292275180978,5.011208841352279,0.04999999999999998,2.9772824965872937,-1.3357370765021415e-16,0.060757390251995905,0,True,0.027215249878443933
2014-01-31,mom,diag,49,0.07383292275180978,7.588603662918324,0.05,1.128413552037255,8.326672684688674e-17,0.06213912132119112,0,True,0.005357605797549711
2014-02-28,mom,mv,49,0.0739658253602826,5.170237596532998,0.049999999999999975,2.7587635025728074,1.9081958235744878e-17,0.07750099556393582,0,True,-0.0013736981719133473
2014-02-28,mom,diag,49,0.0739658253602826,7.41665127760932,0.05000000000000001,1.1591946439969014,-2.7755575615628914e-17,0.07598637982185133,0,True,-0.010006397993379794
2014-03-31,mom,mv,49,0.0736305056041091,5.256169266624198,0.05000000000000001,2.8654780778388838,8.847089727481716e-17,0.07150542032803038,0,True,-0.0020275118188028424
2014-03-31,mom,diag,49,0.0736305056041091,7.5011186167578465,0.049999999999999996,1.2038830725492082,1.1449174941446927e-16,0.06830745021200073,0,True,-0.014825120479409452
2014-04-30,mom,mv,49,0.0732511743577892,5.578538742850997,0.04999999999999998,3.1109037267136097,-5.551115123125783e-17,0.06746942468877946,0,True,0.021437475224709096
2014-04-30,mom,diag,49,0.0732511743577892,7.846930405037129,0.049999999999999996,1.2322395651150562,5.898059818321144e-17,0.06864145749625988,0,True,0.010635393657163367
2014-05-31,mom,mv,49,0.07337206663549913,5.879286517714061,0.05,3.0920040383607166,5.551115123125783e-17,0.07272988691851674,0,True,-0.004084745615185555
2014-05-31,mom,diag,49,0.07337206663549913,5.687189653774586,0.05,1.488904111534666,5.898059818321144e-17,0.0802606581482388,0,True,-0.015829629430544927
2014-06-30,mom,mv,49,0.07325931657465326,5.650822362866313,0.049999999999999975,3.458535402558384,8.326672684688674e-17,0.06622093921846746,0,True,0.03600883630043432
2014-06-30,mom,diag,49,0.07325931657465326,5.803449111074537,0.049999999999999996,1.421916957917516,6.938893903907228e-17,0.0744799965735665,0,True,0.01687742151195761
2014-07-31,mom,mv,49,0.07335551704767,5.824248625691513,0.050000000000000024,3.8217687893338046,-9.020562075079397e-17,0.06454772721164616,0,True,-0.0035380624021187756
2014-07-31,mom,diag,49,0.07335551704767,6.006605114462913,0.049999999999999996,1.3609365445445867,-3.469446951953614e-17,0.07765589460143431,0,True,0.0018039450823411343
2014-08-31,mom,mv,49,0.07316563768390903,5.734150348684411,0.05,3.4993244255947316,9.71445146547012e-17,0.06800105503395998,0,True,0.021148278068061202
2014-08-31,mom,diag,49,0.07316563768390903,5.895275910730616,0.05,1.488875498753515,5.204170427930421e-17,0.06995281283662647,0,True,0.02058376195539116
2014-09-30,mom,mv,49,0.0732130100429908,5.442552219868111,0.04999999999999999,3.3920926814526555,9.367506770274758e-17,0.06577873691788387,0,True,-0.0035734309710551957
2014-09-30,mom,diag,49,0.0732130100429908,5.514435617416701,0.05,1.4776617153044695,1.0408340855860843e-17,0.07778768800231795,0,True,0.008740209028754178
2014-10-31,mom,mv,49,0.07325853925322275,5.733002371076858,0.05000000000000001,3.4183801298551986,-7.936359902593892e-17,0.06948508742350092,0,True,-0.010260078105778978
2014-10-31,mom,diag,49,0.07325853925322275,7.243375734971417,0.049999999999999996,1.1911111684267142,-4.456070928915423e-17,0.06878866366909205,0,True,0.010247653128714338
2014-11-30,mom,mv,49,0.07329453722167847,6.037658671747193,0.05000000000000002,3.8581992376507968,9.020562075079397e-17,0.07128892932647662,0,True,0.013628680025823113
2014-11-30,mom,diag,49,0.07329453722167847,8.749918191537565,0.049999999999999996,1.111634889514939,5.421010862427522e-19,0.05582817081930861,0,True,0.009907107971293058
2014-12-31,mom,mv,49,0.07326700803145408,5.242064417920738,0.050000000000000024,3.9965019941961724,-1.1796119636642288e-16,0.06920966212025377,0,True,0.00873745607748734
2014-12-31,mom,diag,49,0.07326700803145408,10.919414845570508,0.05,0.9066493318090105,4.336808689942018e-18,0.06370212725025008,0,True,0.008952927221975677
2015-01-31,mom,mv,49,0.0735002148239444,5.187680353566764,0.05000000000000002,3.8878515474053104,8.673617379884035e-17,0.07344550428403102,0,True,-0.008804715104142912
2015-01-31,mom,diag,49,0.0735002148239444,11.643609629896986,0.05000000000000001,0.8794120197003861,-2.0816681711721685e-17,0.06173957612916982,0,True,-0.012599120922859048
2015-02-28,mom,mv,49,0.07326942972022797,4.59353769448334,0.04999999999999998,3.4579188233501186,-9.8879238130678e-17,0.07474828599397089,0,True,0.01340619739049453
2015-02-28,mom,diag,49,0.07326942972022797,12.150524254568156,0.04999999999999999,0.8304088397708381,2.2551405187698492e-17,0.05839904382902054,0,True,0.010140627967402414
2015-03-31,mom,mv,49,0.073393464023457,4.981735804949496,0.04999999999999999,3.581221001767715,6.938893903907228e-18,0.06978379984198968,0,True,-0.03573624056060988
2015-03-31,mom,diag,49,0.073393464023457,10.909563286132533,0.05,0.9314082455257043,-3.0357660829594124e-18,0.06518944103679589,0,True,-0.02418429616746827
2015-04-30,mom,mv,49,0.07292302527239887,4.374122891933657,0.05000000000000001,3.847988845865425,-1.491862189340054e-16,0.07794741179635267,0,True,0.03499106793228688
2015-04-30,mom,diag,49,0.07292302527239887,11.169662003170448,0.05000000000000001,0.9381538163310632,1.0755285551056204e-16,0.07629200770730375,0,True,0.02320429880831503
2015-05-31,mom,mv,49,0.07333657941534599,4.541076545605044,0.05000000000000001,4.020696136911077,1.231653667943533e-16,0.07340103880766989,0,True,0.013359404396102597
2015-05-31,mom,diag,49,0.07333657941534599,10.62329177645695,0.05000000000000001,0.9271314254117271,-3.08455518072126e-17,0.07958733314853202,0,True,0.015544591140786084
2015-06-30,mom,mv,49,0.07361608794826754,4.330665855301836,0.05000000000000002,3.8638919910668306,6.852157730108388e-17,0.0772044327675985,0,True,0.05426344593889235
2015-06-30,mom,diag,49,0.07361608794826754,11.375133308369927,0.05000000000000001,0.8891887323310189,-1.5612511283791264e-17,0.07447065123796506,0,True,0.04427613438652808
2015-07-31,mom,mv,49,0.07405791382206711,4.196491400040229,0.04999999999999999,3.993072192487246,-6.938893903907228e-17,0.08101873560515613,0,True,0.004984365624928113
2015-07-31,mom,diag,49,0.07405791382206711,12.17844802531788,0.04999999999999999,0.8214607841464914,3.2146594414195206e-17,0.07105728117225428,0,True,-0.008766320409430171
2015-08-31,mom,mv,49,0.07378431639570852,3.963394053539304,0.04999999999999999,3.940849750496638,-3.469446951953614e-17,0.0755159680863636,0,True,0.02566074865178892
2015-08-31,mom,diag,49,0.07378431639570852,13.346097140261962,0.05,0.7626389667271637,2.5478751053409354e-17,0.07361099342167578,0,True,0.02865562827987964
2015-09-30,mom,mv,49,0.07414960410039621,4.402392670274094,0.04999999999999999,4.020943674348961,-8.673617379884035e-17,0.07985563388002144,0,True,0.05885447610417188
2015-09-30,mom,diag,49,0.07414960410039621,12.786997439630769,0.05,0.7939379524778275,-6.938893903907228e-17,0.07566692419517508,0,True,0.005494475700529795
2015-10-31,mom,mv,49,0.07389068360365153,4.039326744672449,0.05,3.901709916620346,1.5916087892087205e-16,0.08205779100686307,0,True,-0.011271197040511303
2015-10-31,mom,diag,49,0.07389068360365153,12.237199290952,0.05,0.7626588527290419,-7.025630077706069e-17,0.06527545204385533,0,True,-0.0050076544969661595
2015-11-30,mom,mv,49,0.07376775925114333,4.117398434732604,0.049999999999999996,3.695846661852117,1.5959455978986625e-16,0.08762749157287812,0,True,0.014244408091694768
2015-11-30,mom,diag,49,0.07376775925114333,10.166505501049162,0.05000000000000001,0.785443720874506,-9.194034422677078e-17,0.06942015877389546,0,True,0.0161419091739869
2015-12-31,mom,mv,49,0.07414198688903341,4.288546666883364,0.04999999999999999,3.8563643583501066,1.3530843112619095e-16,0.09108791109106565,0,True,0.007444559357983749
2015-12-31,mom,diag,49,0.07414198688903341,9.980072363317017,0.05,0.8873246823062982,9.584347204771859e-17,0.0760137685971861,0,True,0.006815120925725432
2016-01-31,mom,mv,49,0.0743207718619569,4.514197713589688,0.05000000000000002,3.967405225367066,-1.1882855810441129e-16,0.07752307926393773,0,True,-0.047288594435756094
2016-01-31,mom,diag,49,0.0743207718619569,10.911839290689679,0.05,0.8785845863436264,-1.6653345369377348e-16,0.06788993639554147,0,True,-0.024749966942954005
2016-02-29,mom,mv,49,0.07393415382794517,4.205991617189187,0.05,3.745446920757286,-2.7755575615628914e-17,0.08143475798774559,0,True,-0.011120468854588006
2016-02-29,mom,diag,49,0.07393415382794517,12.561294801016144,0.05,0.7973758317962846,-2.0816681711721685e-17,0.044961528612125344,0,True,-0.0181109079742681
2016-03-31,mom,mv,49,0.07341144091163647,4.744739843267542,0.04999999999999998,3.7005228858631094,0.0,0.05423625231463034,0,True,0.013499751516433305
2016-03-31,mom,diag,49,0.07341144091163647,10.797935837957677,0.05,0.8280358471843788,-1.734723475976807e-17,0.05643732099463404,0,True,-0.024002152689414243
2016-04-30,mom,mv,49,0.07296804849162011,4.708280322645801,0.05000000000000005,3.8122308511548986,1.1796119636642288e-16,0.05382685002763997,0,True,-0.017921249762037492
2016-04-30,mom,diag,49,0.07296804849162011,11.267526556075133,0.05000000000000001,0.8517162016616092,-5.204170427930421e-17,0.03964974351020434,0,True,0.006068939752154158
2016-05-31,mom,mv,49,0.07310309008488018,5.927644888214979,0.049999999999999954,3.582860768074366,-2.3592239273284576e-16,0.06426194263566057,0,True,0.03273062714833835
2016-05-31,mom,diag,49,0.07310309008488018,8.775654411619506,0.05000000000000001,0.9977236633264964,0.0,0.05064144060795867,0,True,0.02701697289483994
2016-06-30,mom,mv,49,0.0735151437053126,6.337737819239034,0.05,3.7535143620383473,2.498001805406602e-16,0.06153324073291245,0,True,0.0006424582462402204
2016-06-30,mom,diag,49,0.0735151437053126,9.49250844826405,0.05,0.9793995739595707,3.469446951953614e-18,0.051248702952025126,0,True,-0.018205181616476353
2016-07-31,mom,mv,49,0.07304119656980458,3.791059977505449,0.05000000000000001,3.3218244061270994,-4.163336342344337e-17,0.08749638666410761,0,True,0.00443181457952521
2016-07-31,mom,diag,49,0.07304119656980458,6.018569371871575,0.05,0.9228369226312937,-2.42861286636753e-17,0.050689000771073515,0,True,-0.01135582290489165
2016-08-31,mom,mv,49,0.07279245043149704,3.616228429392337,0.05000000000000002,3.168588650468879,-4.163336342344337e-17,0.09334044309209863,0,True,-0.004030303654511716
2016-08-31,mom,diag,49,0.07279245043149704,4.643318731215656,0.05,0.9557182088387505,-4.5102810375396984e-17,0.06298930350388642,0,True,0.002844567519198435
2016-09-30,mom,mv,49,0.07274363463027357,3.7821236714549156,0.04999999999999999,3.1574284916103457,1.3877787807814457e-17,0.07721016442521667,0,True,-0.0005852658352855985
2016-09-30,mom,diag,49,0.07274363463027357,6.122823666909443,0.05,0.9630241969350959,1.1622647289044608e-16,0.05637607997004665,0,True,0.00014221844733714928
2016-10-31,mom,mv,49,0.07261647354353488,4.437204832175741,0.05000000000000002,3.071597006632557,1.3183898417423734e-16,0.07916228758030164,0,True,-0.014620250974032661
2016-10-31,mom,diag,49,0.07261647354353488,8.02712284033077,0.05,0.7172056329311629,6.071532165918825e-17,0.06681965654968296,0,True,-0.007440733301183968
2016-11-30,mom,mv,49,0.07235940369871278,4.3959243898326985,0.05000000000000001,3.271615735115689,-1.214306433183765e-16,0.07430675980414218,0,True,-0.012159195935915945
2016-11-30,mom,diag,49,0.07235940369871278,8.288955716322278,0.05000000000000002,0.8249452695355319,1.1492543028346347e-16,0.070092581689985,0,True,-0.008177951539336587
2016-12-31,mom,mv,49,0.07210342533849873,4.025156826510255,0.05000000000000001,3.253312965212673,-1.222980050563649e-16,0.07848247419841098,0,True,-0.0011737260042716591
2016-12-31,mom,diag,49,0.07210342533849873,10.683104039028569,0.05,0.6678126449846985,-2.0036056147532122e-16,0.07314558837560257,0,True,0.0047195588908402
2017-01-31,mom,mv,49,0.0721451856545467,3.969888886484865,0.049999999999999975,3.3568854973484163,1.8388068845354155e-16,0.07012243430654667,0,True,-0.016889882871010717
2017-01-31,mom,diag,49,0.0721451856545467,12.065224220249284,0.05,0.6905297076869034,-2.3418766925686896e-17,0.058269820126626265,0,True,-0.010134134871129522
2017-02-28,mom,mv,49,0.07185280614673442,3.981593942424905,0.05000000000000001,3.564919884976454,1.3877787807814457e-17,0.06578997114991668,0,True,-0.010211608756296045
2017-02-28,mom,diag,49,0.07185280614673442,12.317923588327064,0.05,0.7437243323664248,-2.2551405187698492e-17,0.05383059881174578,0,True,-0.004681145024512539
2017-03-31,mom,mv,49,0.0715458511818486,4.785860355540613,0.04999999999999999,3.8389958821277057,5.551115123125783e-17,0.062484653350607676,0,True,0.041139079396438634
2017-03-31,mom,diag,49,0.0715458511818486,11.652099076454222,0.05,0.9493435451137134,5.898059818321144e-17,0.05397470586030953,0,True,0.0017888916417865112
2017-04-30,mom,mv,49,0.07159927427665913,5.393100212301034,0.04999999999999998,4.561286106025916,-1.3877787807814457e-16,0.05951978867662638,0,True,0.03341094020360708
2017-04-30,mom,diag,49,0.07159927427665913,8.558565431400162,0.05,1.2639602771580423,-2.0816681711721685e-17,0.08130122450164139,0,True,0.0067445262639417155
2017-05-31,mom,mv,49,0.07153424118782865,5.801439736313063,0.05,4.708221292463825,-3.469446951953614e-16,0.05890604956107909,0,True,-0.054832314528380215
2017-05-31,mom,diag,49,0.07153424118782865,8.535559612135792,0.05000000000000001,1.3577042704416247,-6.938893903907228e-17,0.06394053709638928,0,True,-0.004486900808769174
2017-06-30,mom,mv,49,0.07147476143163145,4.934386787594954,0.049999999999999996,4.318131907748675,-2.7755575615628914e-17,0.06785994320165366,0,True,0.0030362504982409527
2017-06-30,mom,diag,49,0.07147476143163145,9.108224413406615,0.05,1.2919572403692177,-6.938893903907228e-18,0.057314312601872384,0,True,0.0028110577195122853
2017-07-31,mom,mv,49,0.07144375809270953,5.2757383763125265,0.04999999999999997,4.213859514087542,2.220446049250313e-16,0.06873820609771046,0,True,0.017411353524899212
2017-07-31,mom,diag,49,0.07144375809270953,9.099326450630096,0.05,1.2584591257884261,-7.632783294297951e-17,0.04916757925539855,0,True,0.012285070588556418
2017-08-31,mom,mv,49,0.07160034749534945,5.729351874815796,0.049999999999999996,4.792743785595299,1.1102230246251565e-16,0.06019006916753302,0,True,-0.013221149579883289
2017-08-31,mom,diag,49,0.07160034749534945,8.132219313639034,0.05,1.4310724595089592,8.326672684688674e-17,0.07464509551584174,0,True,0.009948790171750325
2017-09-30,mom,mv,49,0.07176908514597623,5.757764294218948,0.05,4.478928835158301,-1.8388068845354155e-16,0.06135060652254023,0,True,0.02788645551754034
2017-09-30,mom,diag,49,0.07176908514597623,7.784726873330798,0.05000000000000001,1.5049911312846644,1.3877787807814457e-17,0.0804425756116468,0,True,0.029649893070127706
2017-10-31,mom,mv,49,0.07215451798761859,5.107762241803445,0.05,4.305531799436484,-8.326672684688674e-17,0.08522490435653458,0,True,-0.03241037859250091
2017-10-31,mom,diag,49,0.07215451798761859,10.121051392822,0.05,1.2103900982924323,1.1102230246251565e-16,0.05858513892905038,0,True,-0.0066298947818122685
2017-11-30,mom,mv,49,0.07197369928310261,4.989794897516264,0.05,4.196096412111178,1.249000902703301e-16,0.09790883655743454,0,True,0.006709843743431472
2017-11-30,mom,diag,49,0.07197369928310261,8.917549367868428,0.05,1.3522149710231839,6.938893903907228e-17,0.06252603496441006,0,True,-0.020885253142836593
2017-12-31,mom,mv,49,0.07144677334993317,4.590391664212,0.05000000000000001,4.268788870461518,1.8041124150158794e-16,0.1000000002727627,1,True,0.011384724249404598
2017-12-31,mom,diag,49,0.07144677334993317,9.267205394998047,0.05,1.369230383922246,1.3877787807814457e-17,0.05916808041087699,0,True,0.02288017361862545
2018-01-31,mom,mv,49,0.07167637944415842,4.903203578590529,0.05000000000000001,3.9392580402870814,1.942890293094024e-16,0.08944628561378425,0,True,-0.008822909840082166
2018-01-31,mom,diag,49,0.07167637944415842,8.526799652008863,0.05,1.4529498918374602,1.3877787807814457e-17,0.06055648311067338,0,True,0.008143190665117884
2018-02-28,mom,mv,49,0.07182105339012249,4.529444890742913,0.049999999999999996,3.8256852852742784,-2.0816681711721685e-16,0.09807090568026737,0,True,0.013579526187319961
2018-02-28,mom,diag,49,0.07182105339012249,8.505406543499205,0.05000000000000001,1.4139176668170113,-2.7755575615628914e-17,0.0694564883018084,0,True,0.0017505371947720292
2018-03-31,mom,mv,49,0.07178265021896535,4.1911261052451065,0.050000000000000024,3.979525879074948,1.8041124150158794e-16,0.08946277127131598,0,True,-0.04006049921237131
2018-03-31,mom,diag,49,0.07178265021896535,9.062394824321142,0.05,1.3270118497750498,-4.163336342344337e-17,0.08061072357879182,0,True,0.007145046225317466
2018-04-30,mom,mv,49,0.07181181423580246,4.56950307928022,0.04999999999999999,3.4970058799182504,6.938893903907228e-18,0.08464511468050279,0,True,0.018973665930718236
2018-04-30,mom,diag,49,0.07181181423580246,8.626714000176161,0.049999999999999996,1.3584738007173982,-8.326672684688674e-17,0.06000764539473992,0,True,0.02254030944870199
2018-05-31,mom,mv,49,0.07211861423397763,4.294983419645919,0.05,2.9841931888571063,2.7755575615628914e-17,0.08532235181790812,0,True,-0.007678635642044919
2018-05-31,mom,diag,49,0.07211861423397763,9.620318906138888,0.05,1.205136506941201,2.7755575615628914e-17,0.04462614320100904,0,True,-0.010714446212209537
2018-06-30,mom,mv,49,0.07185773589706504,4.3579908494044535,0.05000000000000002,3.241408883421593,-8.326672684688674e-17,0.08934299274763208,0,True,-0.004471103498625067
2018-06-30,mom,diag,49,0.07185773589706504,9.69971584035378,0.05000000000000001,1.1334973622690105,6.938893903907228e-18,0.05845216654677714,0,True,-0.0075471510107135075
2018-07-31,mom,mv,49,0.07168378707811987,4.619575262290833,0.05,3.500712508709841,1.5265566588595902e-16,0.0836767390851185,0,True,0.014318268396363264
2018-07-31,mom,diag,49,0.07168378707811987,8.486757239540976,0.05000000000000001,1.280084841918833,-9.020562075079397e-17,0.059151493641382544,0,True,0.022041138151539817
2018-08-31,mom,mv,49,0.07186679521724369,4.652682380266395,0.04999999999999998,3.4495132348950577,-1.1102230246251565e-16,0.07381339690820825,0,True,0.025864371241714257
2018-08-31,mom,diag,49,0.07186679521724369,8.248959158995874,0.05000000000000001,1.308780974725373,-3.469446951953614e-17,0.05551078685864128,0,True,0.00581773042130336
2018-09-30,mom,mv,49,0.0718947731347585,4.523532945889704,0.049999999999999996,3.920655313799243,4.163336342344337e-17,0.09455739848003587,0,True,-0.04413645465146315
2018-09-30,mom,diag,49,0.0718947731347585,8.149186358507224,0.05,1.3740576537279112,1.5265566588595902e-16,0.06897179963724852,0,True,-0.02156461744232759
2018-10-31,mom,mv,49,0.07164129399198324,4.473193826434294,0.05,3.5568370150862414,4.163336342344337e-17,0.07080870049448226,0,True,0.005772005232326305
2018-10-31,mom,diag,49,0.07164129399198324,8.14826109970982,0.05,1.4076239475558692,6.591949208711867e-17,0.06274342102602419,0,True,-0.014372955839048112
2018-11-30,mom,mv,49,0.0713552908166903,4.325066206949528,0.04999999999999999,3.6121564970233284,2.7755575615628914e-17,0.05615834854844616,0,True,0.011173525693058153
2018-11-30,mom,diag,49,0.0713552908166903,8.505524895943207,0.05000000000000002,1.2837662760419566,7.45931094670027e-17,0.05300823921561334,0,True,0.0037619828232976684
2018-12-31,mom,mv,49,0.07148239744376703,4.559261673963584,0.04999999999999999,4.206185804101707,-2.7755575615628914e-17,0.053176269923152,0,True,-0.01781424478035722
2018-12-31,mom,diag,49,0.07148239744376703,9.600573615107338,0.05000000000000002,1.2167390743424025,-1.734723475976807e-17,0.061318321724290796,0,True,-0.008829305625367413
2019-01-31,mom,mv,49,0.07126740352583152,4.7348529487641215,0.05000000000000002,4.066960353472583,1.3877787807814457e-16,0.05775119035216602,0,True,0.009389522737335131
2019-01-31,mom,diag,49,0.07126740352583152,9.51419471551698,0.04999999999999999,1.1889748107630145,-1.3010426069826053e-17,0.055122179022806174,0,True,-0.0020338211796587847
2019-02-28,mom,mv,49,0.07119083329998357,4.988345518091047,0.049999999999999996,3.9756651667768095,2.7755575615628914e-17,0.061875526957654234,0,True,-0.009770030400441734
2019-02-28,mom,diag,49,0.07119083329998357,9.278024535702247,0.05,1.2462642379375708,-9.237402509576498e-17,0.058408240111377595,0,True,0.017005881875858355
2019-03-31,mom,mv,49,0.07137182807755531,5.2165201370102565,0.050000000000000024,4.073717855902046,2.7755575615628914e-17,0.07033450371282408,0,True,0.00623526050093391
2019-03-31,mom,diag,49,0.07137182807755531,8.927339591533121,0.049999999999999996,1.331785090787248,-1.1796119636642288e-16,0.07160859671443041,0,True,-0.0038662263379500355
2019-04-30,mom,mv,49,0.07126807942805348,4.881883569765452,0.05000000000000002,4.382810923331687,-2.7755575615628914e-17,0.07599548822357584,0,True,-0.03540270073757098
2019-04-30,mom,diag,49,0.07126807942805348,10.405588184275736,0.05,1.1228234089276146,-6.353424730765056e-17,0.0817926675206467,0,True,0.017381105773911797
2019-05-31,mom,mv,49,0.07143335898303386,4.718990717504352,0.04999999999999998,3.86728365877427,-5.551115123125783e-17,0.06692928449565796,0,True,-0.001155547993738802
2019-05-31,mom,diag,49,0.07143335898303386,11.062765375812008,0.05,0.9967404583191851,5.898059818321144e-17,0.07270436709487885,0,True,-0.018988212758721822
2019-06-30,mom,mv,49,0.0709265129176349,4.294382656940597,0.04999999999999999,4.008385278952307,-8.326672684688674e-17,0.06641601256852987,0,True,0.0671756669500538
2019-06-30,mom,diag,49,0.0709265129176349,11.60879360332348,0.05000000000000001,1.0134998255686147,-1.734723475976807e-17,0.06738031874157607,0,True,0.012290943681194119
2019-07-31,mom,mv,49,0.0710816445247461,4.634356587070122,0.05000000000000002,4.078453308134243,-1.942890293094024e-16,0.05441199610036667,0,True,0.08073093832785135
2019-07-31,mom,diag,49,0.0710816445247461,11.240963904334057,0.05000000000000001,1.05745647943873,2.6020852139652106e-17,0.07531051919077311,0,True,0.03415726968553531
2019-08-31,mom,mv,49,0.07159895831348491,4.680359346439291,0.05,3.249669202421463,2.7755575615628914e-17,0.07365801224057718,0,True,0.011627985044268886
2019-08-31,mom,diag,49,0.07159895831348491,10.6982977699885,0.05,0.945493854161258,-4.87890977618477e-18,0.07936221565294203,0,True,-0.014265434343871982
2019-09-30,mom,mv,49,0.07124040964166413,4.464456765714051,0.05,2.8965494295452503,1.3877787807814457e-17,0.06772467208915083,0,True,-0.003788867226039169
2019-09-30,mom,diag,49,0.07124040964166413,10.838454173757537,0.049999999999999996,0.9175277980109869,-1.3877787807814457e-17,0.06913230694575447,0,True,-0.007684590866265139
2019-10-31,mom,mv,49,0.07103778715451241,4.688993645974577,0.05,2.9412124720534143,5.551115123125783e-17,0.0655154498911545,0,True,0.006090499582731104
2019-10-31,mom,diag,49,0.07103778715451241,8.195196034839837,0.05,1.2334239303965548,1.214306433183765e-16,0.053173450000848416,0,True,0.0005010421224928106
2019-11-30,mom,mv,49,0.07088774225321,4.890491272971481,0.05,2.9589461222559508,1.942890293094024e-16,0.05965411972753711,0,True,0.01950016406270555
2019-11-30,mom,diag,49,0.07088774225321,6.890116222585575,0.05,1.435384286025883,-4.336808689942018e-18,0.051163836423801595,0,True,-0.009997675372397518
2019-12-31,mom,mv,49,0.0707230770714587,4.463935755495991,0.05,2.9878834517222104,1.1102230246251565e-16,0.04999243993511041,0,True,0.033706277742318165
2019-12-31,mom,diag,49,0.0707230770714587,6.762217332658172,0.05000000000000002,1.4027786524939472,2.42861286636753e-17,0.053333658932580734,0,True,0.041075862764691246
2020-01-31,mom,mv,49,0.07097867635181836,4.96987772674317,0.05,3.3795906445525117,-8.326672684688674e-17,0.06680497012978295,0,True,-0.014517629046630634
2020-01-31,mom,diag,49,0.07097867635181836,6.059681772735717,0.049999999999999996,1.4097979996044008,-2.2551405187698492e-17,0.07007364218299605,0,True,7.131851320567031e-05
2020-02-29,mom,mv,49,0.07094173394675006,4.527964328592222,0.05,3.235756404615067,-1.1102230246251565e-16,0.06783499829415902,0,True,0.08908658010364892
2020-02-29,mom,diag,49,0.07094173394675006,8.134649615977386,0.05,1.097482022852612,-2.6020852139652106e-17,0.05668600590944642,0,True,0.04516270281716772
2020-03-31,mom,mv,49,0.07114927845848723,4.65484338793175,0.049999999999999996,3.3370168555783675,1.6653345369377348e-16,0.06317499574363607,0,True,0.023190504261830818
2020-03-31,mom,diag,49,0.07114927845848723,7.731602218891456,0.049999999999999996,1.0892293222590894,9.540979117872439e-17,0.0552016266375418,0,True,0.007376445224332977
2020-04-30,mom,mv,49,0.07133291583824723,4.808112648882328,0.05000000000000001,3.554341745064687,-1.1102230246251565e-16,0.06710815249201225,0,True,0.04521722746887067
2020-04-30,mom,diag,49,0.07133291583824723,10.8880022965703,0.05000000000000001,0.7473709681566457,3.469446951953614e-17,0.04825622797962161,0,True,-0.005620033266814136
2020-05-31,mom,mv,49,0.07101744657129946,4.788233455534665,0.05000000000000001,2.9764040091207264,-2.7755575615628914e-17,0.06902237758034166,0,True,0.01052369005933999
2020-05-31,mom,diag,49,0.07101744657129946,8.795381468516661,0.05,0.8382687718737462,7.632783294297951e-17,0.06866904545185928,0,True,0.00716708944814272
2020-06-30,mom,mv,49,0.0710402163964404,4.953109801695416,0.05000000000000001,3.0941407787476813,-1.3877787807814457e-16,0.06664219093027413,0,True,0.052065537405646185
2020-06-30,mom,diag,49,0.0710402163964404,9.234012408451857,0.05,0.8795689267109283,-3.469446951953614e-18,0.06234366523668829,0,True,0.02914789281334389
2020-07-31,mom,mv,49,0.07132898210269535,4.944510524369638,0.05,3.445496549240853,-8.326672684688674e-17,0.05287825001398414,0,True,0.04895951735344461
2020-07-31,mom,diag,49,0.07132898210269535,8.288713198244176,0.05000000000000001,0.9973648674373161,3.122502256758253e-17,0.06301155881957872,0,True,0.02615670284507997
2020-08-31,mom,mv,49,0.07131976155355454,5.165171873162226,0.04999999999999997,3.9687721369573348,5.551115123125783e-17,0.05251770532017238,0,True,-0.03319425162904456
2020-08-31,mom,diag,49,0.07131976155355454,7.667306072086886,0.05,1.0131703791973805,-1.3877787807814457e-17,0.06573079906407914,0,True,-0.009412804823617338
2020-09-30,mom,mv,49,0.07111138900383711,4.2351680215920045,0.04999999999999999,4.043025746834212,-1.1102230246251565e-16,0.06300176944415607,0,True,-0.025762997047485938
2020-09-30,mom,diag,49,0.07111138900383711,6.723926537892788,0.05,0.9785277623925028,6.938893903907228e-18,0.0739745519244796,0,True,-0.003260653270551305
2020-10-31,mom,mv,49,0.07099701034956266,4.412295475270969,0.05000000000000002,3.812196714169075,-1.5265566588595902e-16,0.06709486408158512,0,True,0.011394597258882892
2020-10-31,mom,diag,49,0.07099701034956266,7.189911494790995,0.05,1.0166520030608222,3.469446951953614e-17,0.05780397392537839,0,True,-0.031241713111642047
2020-11-30,mom,mv,49,0.07055300347692472,4.783063458382304,0.049999999999999996,3.825532760501819,-2.7755575615628914e-17,0.06890728365953136,0,True,-0.012016256602050662
2020-11-30,mom,diag,49,0.07055300347692472,7.354387359432915,0.049999999999999996,0.996833859912227,-1.3877787807814457e-17,0.04916999841059872,0,True,-0.002837627833934375
2020-12-31,mom,mv,49,0.07042213853970611,4.263551987338354,0.050000000000000044,4.011674889479581,8.326672684688674e-17,0.06346980470579473,0,True,-0.021596468842500036
2020-12-31,mom,diag,49,0.07042213853970611,5.718174216918697,0.05,1.1331575057735073,-2.7755575615628914e-17,0.05261572180225147,0,True,0.014221135637573021
2021-01-31,mom,mv,49,0.07056088130240419,4.190830224426111,0.04999999999999999,3.83264909866813,1.3877787807814457e-17,0.06677315729992912,0,True,-0.06824149180790821
2021-01-31,mom,diag,49,0.07056088130240419,5.945602668247873,0.05000000000000001,1.1059413417249462,-1.0408340855860843e-17,0.055833771751094885,0,True,-0.02515610351074521
2021-02-28,mom,mv,49,0.07030854363226584,3.9613804272557043,0.04999999999999997,4.013725847120884,-4.85722573273506e-17,0.07560656689364913,0,True,-0.032498731649425766
2021-02-28,mom,diag,49,0.07030854363226584,6.284288006018393,0.05000000000000001,0.9491617092429018,-5.551115123125783e-17,0.07985824506767905,0,True,-0.029940645801769212
2021-03-31,mom,mv,49,0.06986962991547706,4.058092666576815,0.04999999999999999,3.9774930374902797,2.220446049250313e-16,0.045890646113631264,0,True,0.010689386299467694
2021-03-31,mom,diag,49,0.06986962991547706,10.940960205920915,0.05000000000000001,0.6666338143539021,-4.163336342344337e-17,0.055861345845269327,0,True,0.0011215914726745682
2021-04-30,mom,mv,49,0.06992556909215705,4.71323405269576,0.04999999999999996,3.9158483577600167,-1.5959455978986625e-16,0.044982997367096385,0,True,-0.041846074313969014
2021-04-30,mom,diag,49,0.06992556909215705,11.315127797802955,0.04999999999999999,0.6901819471032723,1.0408340855860843e-17,0.053506124001222614,0,True,-0.0001240928304119537
2021-05-31,mom,mv,49,0.06982993140118128,4.864339627508718,0.04999999999999997,3.857777018112211,-2.246466901389965e-16,0.061891759503003047,0,True,-0.013735323188883724
2021-05-31,mom,diag,49,0.06982993140118128,10.64576201908528,0.049999999999999996,0.6835769005769672,1.6479873021779667e-17,0.06556169991470347,0,True,-0.0022178193832553482
2021-06-30,mom,mv,49,0.06965168276226373,4.968280564717231,0.05,3.925850008487309,-3.8163916471489756e-16,0.06715120949548845,0,True,0.04130315554183503
2021-06-30,mom,diag,49,0.06965168276226373,12.568401908667969,0.05000000000000001,0.7066121837295543,1.474514954580286e-17,0.053446586398634,0,True,0.0029668073662562702
2021-07-31,mom,mv,49,0.06963789419660295,4.660453872610201,0.05,3.3414808921035806,1.3877787807814457e-17,0.06062947851171279,0,True,-0.009474025279765463
2021-07-31,mom,diag,49,0.06963789419660295,12.943824138579417,0.05,0.677122966345253,-1.175139629702726e-16,0.054419101773187165,0,True,0.0032062841701526327
2021-08-31,mom,mv,49,0.0696334301172685,4.501382896677762,0.05,3.009365500402521,4.163336342344337e-17,0.05816248412135465,0,True,-0.005336313560321773
2021-08-31,mom,diag,49,0.0696334301172685,12.15736659160076,0.05,0.7105072160044983,1.734723475976807e-17,0.05864723134066072,0,True,0.0026013734787955736
2021-09-30,mom,mv,49,0.06944847439064251,4.456371276724263,0.04999999999999999,3.411958451419694,5.204170427930421e-17,0.06286603453549458,0,True,0.010903367513644903
2021-09-30,mom,diag,49,0.06944847439064251,11.829531480093964,0.05,0.7017557863314136,3.729655473350135e-17,0.06349542713726516,0,True,0.008856990945564844
2021-10-31,mom,mv,49,0.06957786962146291,3.6223895486079263,0.05000000000000004,3.6937794689965626,3.5561831257524545e-17,0.07601524283702171,0,True,-0.01626786283068947
2021-10-31,mom,diag,49,0.06957786962146291,9.216446645586501,0.05,0.6666919539918948,8.239936510889834e-17,0.05371983951971462,0,True,-0.009831962855635168
2021-11-30,mom,mv,49,0.06935808036918877,3.7288618286992956,0.050000000000000024,3.7376175435413233,1.734723475976807e-16,0.08537264079372842,0,True,0.04056700858778145
2021-11-30,mom,diag,49,0.06935808036918877,8.074504248835579,0.049999999999999996,0.7256259431416928,-6.418476861114186e-17,0.05462148076298871,0,True,-0.004542696161970882
2021-12-31,mom,mv,49,0.0691913678842503,4.69992911058304,0.050000000000000024,3.4078607988762704,-4.85722573273506e-17,0.07021591335609907,0,True,0.0630284667846015
2021-12-31,mom,diag,49,0.0691913678842503,9.031255814954218,0.05,0.8761967337588975,-2.6020852139652106e-17,0.06494826698574567,0,True,-0.005078103077080459
2022-01-31,mom,mv,49,0.0689144573920031,4.635445928336058,0.05000000000000001,3.0796119847981305,3.469446951953614e-18,0.07488934778330089,0,True,0.03542460405638197
2022-01-31,mom,diag,49,0.0689144573920031,7.265831924261006,0.05,0.9598218429328947,-6.418476861114186e-17,0.07258455753067831,0,True,0.031226500881860433
2022-02-28,mom,mv,49,0.06885186192819666,4.82183557088886,0.05000000000000001,3.627678898196523,-6.938893903907228e-18,0.07818974713356144,0,True,0.05586674881825992
2022-02-28,mom,diag,49,0.06885186192819666,6.099706426768697,0.04999999999999999,1.1183297781507602,5.551115123125783e-17,0.057097938035598136,0,True,0.03288354339586133
2022-03-31,mom,mv,49,0.0690242470059498,3.3320148762787642,0.04999999999999998,2.9069320257881817,-6.938893903907228e-17,0.10000000023614593,1,True,0.027496100241363536
2022-03-31,mom,diag,49,0.0690242470059498,5.103250385719586,0.05,0.826035585238913,-1.734723475976807e-17,0.06732668165776233,0,True,0.01726383710104551
2022-04-30,mom,mv,49,0.06908061415257925,3.174100067051747,0.04999999999999998,3.3885464120176993,-1.3877787807814457e-16,0.1000000000060755,1,True,0.011018512428287587
2022-04-30,mom,diag,49,0.06908061415257925,5.260673609852979,0.04999999999999999,0.7152314004726785,-8.847089727481716e-17,0.07703361499577459,0,True,0.0012411586228802645
2022-05-31,mom,mv,49,0.0690075556558677,3.4733542056335254,0.04999999999999999,3.512122579446016,4.163336342344337e-17,0.09732970113182386,0,True,-0.020865956117429862
2022-05-31,mom,diag,49,0.0690075556558677,5.739810743356197,0.04999999999999999,0.8185720924044735,-2.0816681711721685e-17,0.0612340163852788,0,True,0.003499867957070755
2022-06-30,mom,mv,49,0.06910375382580794,3.387400811674616,0.05000000000000001,3.13256529208298,9.71445146547012e-17,0.09069085411441251,0,True,0.013269909787253367
2022-06-30,mom,diag,49,0.06910375382580794,6.717885376714829,0.05,0.7632725767530639,1.734723475976807e-18,0.06312819864357003,0,True,-0.01674989781049649
2022-07-31,mom,mv,49,0.06877856317783598,3.7313879332035875,0.04999999999999999,3.2001314463308743,-5.551115123125783e-17,0.09357879368409985,0,True,0.018471037941782394
2022-07-31,mom,diag,49,0.06877856317783598,7.848698587360793,0.05,0.7997322048681272,-6.7220534694101275e-18,0.05939909214918272,0,True,0.021958237609619312
2022-08-31,mom,mv,49,0.0692081684247048,4.459990477602924,0.050000000000000024,3.5012211106280726,-5.551115123125783e-17,0.09161912207920622,0,True,-0.0029817115405867296
2022-08-31,mom,diag,49,0.0692081684247048,7.995162839370102,0.05000000000000001,0.8441596828305652,5.2909066017292616e-17,0.0657978234816737,0,True,0.009945359361832393
2022-09-30,mom,mv,49,0.06936037096521527,4.408271802581467,0.05,3.4880731115977897,-8.326672684688674e-17,0.0911757294002588,0,True,0.007517386261740555
2022-09-30,mom,diag,49,0.06936037096521527,8.36822324033422,0.05000000000000001,0.8493867181734216,1.8214596497756474e-17,0.05840645560830415,0,True,0.023558934402844615
2022-10-31,mom,mv,49,0.06967231512503233,4.086833439015362,0.050000000000000024,3.248770314117279,-9.71445146547012e-17,0.10000000024772963,1,True,-0.015707610040924788
2022-10-31,mom,diag,49,0.06967231512503233,9.266942241865378,0.05000000000000001,0.8075159179911189,3.122502256758253e-17,0.06177195781442964,0,True,-0.016651657588559365
2022-11-30,mom,mv,49,0.06940105151928223,3.828784446073401,0.049999999999999975,3.3935133591642637,4.5102810375396984e-17,0.08507550180890495,0,True,0.0019458100750598948
2022-11-30,mom,diag,49,0.06940105151928223,8.968369383009348,0.05000000000000002,0.7634440100250144,1.734723475976807e-18,0.05722892047976762,0,True,0.0030846161554448654
2022-12-31,mom,mv,49,0.069471026026451,3.8700095376290653,0.04999999999999999,3.1004145058164,-1.1102230246251565e-16,0.08673273928663139,0,True,-0.041829407887186094
2022-12-31,mom,diag,49,0.069471026026451,8.316719444908056,0.05000000000000002,0.7567663723623139,-5.551115123125783e-17,0.06301204164627355,0,True,-0.02786286373530208
2023-01-31,mom,mv,49,0.06893711753515214,3.8747789894573685,0.05,3.3494456170477784,-8.326672684688674e-17,0.08036468904294379,0,True,0.001028892947059889
2023-01-31,mom,diag,49,0.06893711753515214,8.521446454062621,0.05,0.7874014170554906,-3.642919299551295e-17,0.04384962988934894,0,True,0.0013437130107507688
2023-02-28,mom,mv,49,0.0689792863689852,4.839130888692064,0.049999999999999975,3.5969222078516006,-3.469446951953614e-18,0.06581578144909149,0,True,0.010671690032335408
2023-02-28,mom,diag,49,0.0689792863689852,8.24055069880289,0.049999999999999996,0.9558302864863637,3.8163916471489756e-17,0.05614226735834,0,True,-0.009356168026238693
2023-03-31,mom,mv,49,0.06880557746448829,5.302906856969712,0.05000000000000002,3.0856054985635226,1.0061396160665481e-16,0.07594114798871045,0,True,0.024149015828115485
2023-03-31,mom,diag,49,0.06880557746448829,7.946855738300723,0.05,1.0761293052227414,-7.806255641895632e-18,0.07969743124434825,0,True,0.008896455171146955
2023-04-30,mom,mv,49,0.06883958210680606,5.854679724196226,0.05000000000000002,2.76213032699064,1.3877787807814457e-17,0.07574897277777193,0,True,0.02989356711806901
2023-04-30,mom,diag,49,0.06883958210680606,5.431658996515343,0.05,1.5130938282225233,5.898059818321144e-17,0.0753259773266256,0,True,0.03232294130802508
2023-05-31,mom,mv,49,0.06903811152180928,5.808013029393863,0.050000000000000024,2.883173875195577,-3.903127820947816e-17,0.06684480544737215,0,True,-0.013777805759507494
2023-05-31,mom,diag,49,0.06903811152180928,6.1444838855454815,0.05000000000000001,1.3665438409999484,-2.7755575615628914e-17,0.06921158674741974,0,True,-0.013000234247165659
2023-06-30,mom,mv,49,0.06887206182828241,5.4379107986162465,0.05000000000000001,3.201348835841779,1.3877787807814457e-17,0.06313711734639733,0,True,-0.014010889024307156
2023-06-30,mom,diag,49,0.06887206182828241,7.01335066450232,0.05,1.177971732531226,-4.163336342344337e-17,0.06523857348446799,0,True,-0.0057566129902615875
2023-07-31,mom,mv,49,0.06875006737255623,5.375978118933846,0.04999999999999999,3.223161087160053,2.0816681711721685e-17,0.0813758706326107,0,True,0.011117641299846564
2023-07-31,mom,diag,49,0.06875006737255623,6.383476943776208,0.04999999999999999,1.4095415882047102,7.632783294297951e-17,0.07372197326466681,0,True,0.0014195150555117888
2023-08-31,mom,mv,49,0.06875429116787911,5.085482471940946,0.049999999999999975,3.183803855712579,5.551115123125783e-17,0.07865865869736599,0,True,-0.005070698758980526
2023-08-31,mom,diag,49,0.06875429116787911,7.5567077181467335,0.049999999999999996,1.1485651004489283,1.3877787807814457e-17,0.07711495442274828,0,True,-0.01601532106374404
2023-09-30,mom,mv,49,0.06844919681663159,5.254149807995225,0.04999999999999999,3.3782219748629223,-9.020562075079397e-17,0.07594507473979897,0,True,0.017999141716255277
2023-09-30,mom,diag,49,0.06844919681663159,8.328017774933123,0.05000000000000002,1.075958037177255,1.734723475976807e-17,0.07365549968973424,0,True,0.004670316503518803
2023-10-31,mom,mv,49,0.06847013646031394,5.419407628749575,0.049999999999999975,3.514350157346057,-2.0816681711721685e-17,0.056554141436260245,0,True,0.04084207574229855
2023-10-31,mom,diag,49,0.06847013646031394,8.006989107966836,0.05000000000000001,1.1007136495644394,4.85722573273506e-17,0.06442509588095642,0,True,0.024922119369101062
2023-11-30,mom,mv,49,0.06880165822337896,5.437375308667925,0.04999999999999997,3.6173634247274395,-8.673617379884035e-17,0.0776155268029715,0,True,-0.03626312655329503
2023-11-30,mom,diag,49,0.06880165822337896,6.835503585105869,0.05,1.3519927030572758,2.7755575615628914e-17,0.07389682507013359,0,True,-0.0055046572139177226
2023-12-31,mom,mv,49,0.06863165573398933,5.323711950661242,0.049999999999999954,3.8406920865192538,-8.326672684688674e-17,0.10000000021031362,1,True,0.03838168801658732
2023-12-31,mom,diag,49,0.06863165573398933,9.063220799798177,0.05000000000000001,0.9077679249891443,1.3877787807814457e-17,0.07311973852171713,0,True,0.010735502796657949
2024-01-31,mom,mv,49,0.06890238572438877,5.323149878153577,0.05000000000000002,3.3358872916365407,1.1102230246251565e-16,0.07831793781381566,0,True,-0.0032747503448200665
2024-01-31,mom,diag,49,0.06890238572438877,7.962782997460003,0.05,1.0367939339379237,3.469446951953614e-18,0.0701607202546604,0,True,0.014751402939135306
2024-02-29,mom,mv,49,0.06915641076132588,5.355357818647871,0.05000000000000002,2.7028430925043523,-6.245004513516506e-17,0.07846693204810327,0,True,-0.012158865508165528
2024-02-29,mom,diag,49,0.06915641076132588,6.7426659683489225,0.05,1.2483028411514037,-5.551115123125783e-17,0.07665464902052643,0,True,-0.013056421616183837
2024-03-31,mom,mv,49,0.06884327408945469,5.052859986686213,0.05,2.6696508893687603,0.0,0.05855397126343289,0,True,-0.007997400202701972
2024-03-31,mom,diag,49,0.06884327408945469,8.278478704739957,0.05000000000000001,1.095538582937865,4.85722573273506e-17,0.06044834614210478,0,True,-0.018957597471205918
2024-04-30,mom,mv,49,0.0684932149854214,4.752346618510218,0.04999999999999999,2.866417313334975,-8.326672684688674e-17,0.06363721607069439,0,True,0.01696833352148774
2024-04-30,mom,diag,49,0.0684932149854214,9.419385071895485,0.05,0.99704752229392,-2.2551405187698492e-17,0.05793299919951032,0,True,0.00880083625956491
2024-05-31,mom,mv,49,0.06861436248337205,5.377386053437242,0.04999999999999997,2.685859853038553,2.42861286636753e-17,0.0735397275171864,0,True,0.014664508866063483
2024-05-31,mom,diag,49,0.06861436248337205,7.43471981814052,0.05,1.111497623434288,-3.8163916471489756e-17,0.06975106313586098,0,True,-0.006246106032264596
2024-06-30,mom,mv,49,0.06846748851321838,6.0176189081101406,0.04999999999999999,2.655792428802271,-1.0061396160665481e-16,0.06486592145546599,0,True,-0.009467925017528208
2024-06-30,mom,diag,49,0.06846748851321838,5.663064267488381,0.05,1.570575546355206,-9.71445146547012e-17,0.04495809147627371,0,True,-0.0030139617187546516
2024-07-31,mom,mv,49,0.06830693749005809,5.508581312582823,0.050000000000000044,2.7910680360981366,-7.090682208055199e-17,0.07228193081551341,0,True,0.0028195733090280277
2024-07-31,mom,diag,49,0.06830693749005809,6.1759972948068915,0.05,1.4747367318787747,-9.71445146547012e-17,0.05494876847109696,0,True,0.003926347817627655
2024-08-31,mom,mv,49,0.0682661204645214,5.950106283939738,0.04999999999999999,3.4159234916544214,2.7755575615628914e-17,0.061544699603541746,0,True,-0.029052514802244182
2024-08-31,mom,diag,49,0.0682661204645214,5.487336433018346,0.049999999999999996,1.6210350352227203,-2.7755575615628914e-17,0.053696930563827086,0,True,-0.002218321572833839
2024-09-30,mom,mv,49,0.06826288594923832,5.10174359772444,0.05000000000000001,2.6358550137996137,5.551115123125783e-17,0.08255980257016292,0,True,0.013684953190884667
2024-09-30,mom,diag,49,0.06826288594923832,5.963724119726412,0.05,1.3651107747644204,-8.326672684688674e-17,0.05617011672520804,0,True,0.0028626162286631935
2024-10-31,mom,mv,49,0.06823764075528616,4.969254210118298,0.05000000000000002,2.7216133939517775,1.6653345369377348e-16,0.07166939053163052,0,True,0.000816289432227344
2024-10-31,mom,diag,49,0.06823764075528616,6.924124506128858,0.05,1.221701776215877,-3.8163916471489756e-17,0.07525721517038768,0,True,0.008293808245856045
2024-11-30,mom,mv,49,0.06824862095720573,5.278240391855867,0.04999999999999999,3.0394120966204126,-2.0816681711721685e-17,0.05721372027678953,0,True,-0.009903345026836317
2024-11-30,mom,diag,49,0.06824862095720573,5.751711050119755,0.05,1.5588853334133783,9.71445146547012e-17,0.05757833616783337,0,True,-0.0035800122625896484
2024-12-31,mom,mv,49,0.06815444186629578,5.0919609274295015,0.04999999999999999,2.8370592969557227,-3.8163916471489756e-17,0.07201536841856657,0,True,0.0016240881484539268
2024-12-31,mom,diag,49,0.06815444186629578,6.243722435374894,0.05,1.5019523678061015,0.0,0.05185281577040776,0,True,0.01812069805121519
2025-01-31,mom,mv,49,0.06833735603957437,5.150882680910574,0.049999999999999996,3.0488853122082364,1.0408340855860843e-16,0.09059284058439215,0,True,-0.002946300414367183
2025-01-31,mom,diag,49,0.06833735603957437,6.180550443499735,0.049999999999999996,1.2771002444269068,3.469446951953614e-17,0.049827420066402096,0,True,-0.014882353016625376
2025-02-28,mom,mv,49,0.06809646661402126,5.427700384471655,0.05,2.5788015770392896,-6.938893903907228e-17,0.09932986224897776,0,True,0.020119075530939383
2025-02-28,mom,diag,49,0.06809646661402126,5.881747516250298,0.05000000000000001,1.4066258667823694,3.2959746043559335e-17,0.058460780535816326,0,True,-0.004843580096798536
2025-03-31,mom,mv,49,0.06792950022983128,5.334579479385937,0.04999999999999999,3.077206113804958,0.0,0.08295536643900758,0,True,0.06228030235672108
2025-03-31,mom,diag,49,0.06792950022983128,6.48186787134562,0.04999999999999999,1.2734503666618744,-2.7755575615628914e-17,0.0628497625009749,0,True,0.027765152165027195
2025-04-30,mom,mv,49,0.06819514453829595,4.8355844434389,0.05,2.9119601244814994,-5.551115123125783e-17,0.0741395189766788,0,True,-0.009686160880029444
2025-04-30,mom,diag,49,0.06819514453829595,6.929209724110766,0.049999999999999996,1.1967034082608077,-1.3877787807814457e-17,0.06157373164987377,0,True,0.0068124060269426166
2025-05-31,mom,mv,49,0.068250485762418,5.007553084257322,0.050000000000000024,2.672783758102761,-1.8041124150158794e-16,0.08293775608312971,0,True,-0.013469091611768472
2025-05-31,mom,diag,49,0.068250485762418,6.903729584090068,0.05,1.1757373859481028,0.0,0.06392197807614652,0,True,-0.0045124729730462955
2025-06-30,mom,mv,49,0.06811149378334057,5.1431698778476616,0.049999999999999996,2.5999395109691843,-4.85722573273506e-17,0.09065843831917672,0,True,-0.04283377696174039
2025-06-30,mom,diag,49,0.06811149378334057,6.251265303258898,0.05,1.3026368965998467,0.0,0.06533485622836196,0,True,-0.024949838532208425
2025-07-31,mom,mv,49,0.0677794933117961,4.3609666778977125,0.05,2.469297326373406,1.734723475976807e-17,0.07594355074050896,0,True,-0.017700451210465908
2025-07-31,mom,diag,49,0.0677794933117961,6.962288835957754,0.049999999999999996,1.1542452640433698,4.5102810375396984e-17,0.06153679203082834,0,True,-0.015026538156987703
2025-08-31,mom,mv,49,0.06745974380062199,4.603676152289327,0.04999999999999999,2.804184777012262,5.204170427930421e-18,0.0641685398649461,0,True,-0.006012521552448909
2025-08-31,mom,diag,49,0.06745974380062199,8.254184691616043,0.05000000000000001,1.0485410940586202,5.204170427930421e-18,0.06315260353136207,0,True,0.02139079573588949
2025-09-30,mom,mv,49,0.0676714463021621,4.983782133774447,0.05000000000000002,2.651152677036236,-3.469446951953614e-18,0.06391256294830729,0,True,-0.015226028035532663
2025-09-30,mom,diag,49,0.0676714463021621,7.646823147426323,0.05000000000000002,1.1262666030670527,-8.673617379884035e-18,0.06341335896524489,0,True,0.004703444549487379
2025-10-31,mom,mv,49,0.06765041815800218,4.626959089096839,0.05,2.629123005210096,2.0816681711721685e-17,0.06613340785801912,0,True,0.03891222323977572
2025-10-31,mom,diag,49,0.06765041815800218,7.944875570750199,0.05,0.9905306237791364,-1.6566609195578508e-16,0.07128915051746752,0,True,-0.0128389196640273
2025-11-30,mom,mv,49,0.0673389410201608,4.139051076867573,0.05,3.2439013836996673,0.0,0.06026052492085287,0,True,-0.0037969956927783885
2025-11-30,mom,diag,49,0.0673389410201608,7.526759132658505,0.05,1.0317055243993223,2.949029909160572e-17,0.05766421719945698,0,True,0.005136138614069866
2025-12-31,mom,mv,49,0.06738945022092761,3.784958749237134,0.05000000000000002,2.997123282982825,2.92300905702092e-16,0.05575256453669169,0,True,0.01707852562465899
2025-12-31,mom,diag,49,0.06738945022092761,5.742630446411693,0.04999999999999999,1.1358313813889072,5.0306980803327406e-17,0.05180148750401966,0,True,0.026367422752352977
2026-01-31,mom,mv,49,0.06753760204764238,3.6913237385919992,0.05000000000000001,3.0106157610313744,1.9081958235744878e-17,0.061621423277011145,0,True,-0.008936093336563308
2026-01-31,mom,diag,49,0.06753760204764238,6.376431893808841,0.05,1.0244689350638951,-1.0972125985553305e-16,0.05444902190588181,0,True,0.005483832464652051
2026-02-28,mom,mv,49,0.06749891715898522,3.632327029426915,0.05000000000000005,3.2744909772609234,-1.1102230246251565e-16,0.07460836573384029,0,True,-0.018532232876310673
2026-02-28,mom,diag,49,0.06749891715898522,8.382105069794443,0.05,0.8361659098951786,-4.85722573273506e-17,0.05269016168900527,0,True,-1.738107621941428e-05
2026-03-31,mom,mv,49,0.0674242173063926,3.771059410900337,0.05000000000000002,3.500994021916853,1.3877787807814457e-16,0.061250599057942515,0,True,0.08331512919457527
2026-03-31,mom,diag,49,0.0674242173063926,8.942538131043923,0.05,0.812694239491089,1.249000902703301e-16,0.05307071205470905,0,True,0.030826764398992287
2026-04-30,mom,mv,49,0.06759907288095345,4.5478408859075765,0.04999999999999999,3.573227997820328,1.3877787807814457e-17,0.06140543921572639,0,True,0.012258739528772133
2026-04-30,mom,diag,49,0.06759907288095345,10.338997750008831,0.04999999999999999,0.8098680605007171,-3.469446951953614e-17,0.05181449032349332,0,True,0.026090433483874707
2026-05-31,mom,mv,49,0.06782151060646337,4.889051747011957,0.05000000000000003,3.957837271046692,-8.326672684688674e-17,0.059294468193463526,0,True,-0.04656702573953356
2026-05-31,mom,diag,49,0.06782151060646337,10.636253095074908,0.049999999999999996,0.7488597894642356,-3.469446951953614e-18,0.05615653392689642,0,True,-0.001837809681821863
2026-06-30,mom,mv,49,0.06776004125272674,4.694621745854411,0.05000000000000002,3.7412476444843175,-8.326672684688674e-17,0.06961842305787663,0,True,-0.03945863145181943
2026-06-30,mom,diag,49,0.06776004125272674,10.70180839614156,0.05,0.7600107376184001,3.122502256758253e-17,0.05926674780230447,0,True,-0.04825784085278163
2026-07-31,mom,mv,49,0.06723103828296337,4.389974739405409,0.05000000000000002,3.8082771293620286,-1.3877787807814457e-16,0.08909877709147478,0,True,0.014984936375184632
2026-07-31,mom,diag,49,0.06723103828296337,11.045581294093797,0.05,0.7148613861289529,-9.020562075079397e-17,0.0667634162835845,0,True,0.007866013395761139
2026-08-31,mom,mv,49,0.06716853921117696,4.817001982776186,0.05000000000000002,3.456172946766686,-7.45931094670027e-17,0.07242521850100658,0,True,
2026-08-31,mom,diag,49,0.06716853921117696,8.419468131770557,0.049999999999999996,0.8510794739043857,-1.0408340855860843e-17,0.06997405535372432,0,True,
1990-01-31,rev,mv,46,0.06439329886639285,5.417002805894358,0.05000000000000002,5.465053759490225,-2.2898349882893854e-16,0.08425167691427607,0,True,0.009399766510031252
1990-01-31,rev,diag,46,0.06439329886639285,5.28875183761595,0.049999999999999996,1.7240649971116695,-1.3877787807814457e-16,0.0773133881745982,0,True,-0.015625895037412428
1990-02-28,rev,mv,46,0.05895873922045152,5.916467841292886,0.049999999999999926,5.054321527289658,2.3592239273284576e-16,0.08450638655034558,0,True,0.048169161500663055
1990-02-28,rev,diag,46,0.05895873922045152,4.7501184173745825,0.05000000000000001,2.062941626075522,2.0816681711721685e-17,0.07175594223944083,0,True,0.027381349799944693
1990-03-31,rev,mv,45,0.06347564813945362,5.312866018361418,0.05,4.627450585113618,1.9081958235744878e-16,0.10000000017103922,1,True,0.0012392342705280174
1990-03-31,rev,diag,45,0.06347564813945362,4.437969971281888,0.05000000000000001,1.7596570931382287,-9.367506770274758e-17,0.09281401433929524,0,True,-8.610918924256458e-05
1990-04-30,rev,mv,46,0.062399085056494726,6.119429642297344,0.05000000000000007,6.305123740781448,1.942890293094024e-16,0.10000000006235234,1,True,-0.024628241860650685
1990-04-30,rev,diag,46,0.062399085056494726,5.659496481106526,0.05,1.7812852953755638,0.0,0.06388142713779679,0,True,0.011583603835564449
1990-05-31,rev,mv,46,0.06545983897018177,6.075877839578165,0.05000000000000004,5.285498158530318,-2.7755575615628914e-17,0.07393727243169708,0,True,0.05178870861319896
1990-05-31,rev,diag,46,0.06545983897018177,5.5082589365343555,0.050000000000000024,1.8983680967257575,-8.673617379884035e-17,0.06456899004257179,0,True,0.01950025136972781
1990-06-30,rev,mv,46,0.06727644798104615,6.628965590013465,0.05000000000000001,5.028085215933129,-1.457167719820518e-16,0.08959767576956888,0,True,-0.007657327651565016
1990-06-30,rev,diag,46,0.06727644798104615,4.795363988034025,0.05000000000000001,2.0416562042259474,-8.326672684688674e-17,0.08193717781350482,0,True,0.0025813629446427323
1990-07-31,rev,mv,46,0.06625617344660584,5.869076379710112,0.05000000000000002,5.050286104503023,1.457167719820518e-16,0.06903416376119698,0,True,0.030092996072854036
1990-07-31,rev,diag,46,0.06625617344660584,6.853909447784739,0.05000000000000002,1.615109976492187,-3.469446951953614e-18,0.08469071629116301,0,True,0.013662298206607658
1990-08-31,rev,mv,46,0.0681382120487508,5.390102236652128,0.05000000000000003,4.477536817473536,-6.938893903907228e-18,0.06430314931126915,0,True,-0.009220311937707426
1990-08-31,rev,diag,46,0.0681382120487508,6.332813838496081,0.05,1.7481029107639539,8.413408858487514e-17,0.06237507469268692,0,True,0.01586609467798111
1990-09-30,rev,mv,45,0.07063704022412284,5.931191989321919,0.04999999999999999,4.024127553852954,0.0,0.09999999995130422,1,True,-0.042384057624041925
1990-09-30,rev,diag,45,0.07063704022412284,7.447257194804206,0.049999999999999996,1.4122144396619356,8.673617379884035e-17,0.07771307461137278,0,True,0.01043788568460247
1990-10-31,rev,mv,45,0.07190084054242668,4.987028658396834,0.04999999999999995,4.195782369484167,2.0816681711721685e-16,0.07541169734163516,0,True,-0.007280865428527502
1990-10-31,rev,diag,45,0.07190084054242668,8.220730047654984,0.05000000000000001,1.389020804636247,9.540979117872439e-17,0.07987326544411638,0,True,-0.014884284846939133
1990-11-30,rev,mv,46,0.06709992320812022,6.829362908709089,0.05,4.687804613485239,-5.551115123125783e-17,0.06105148162531785,0,True,0.01565344055592506
1990-11-30,rev,diag,46,0.06709992320812022,6.1542398296389145,0.05000000000000001,1.7426589062875142,1.6479873021779667e-17,0.05743135388204978,0,True,-0.0017290998600459021
1990-12-31,rev,mv,46,0.06399970017046099,6.24992658190473,0.05000000000000005,5.132773653621073,9.71445146547012e-17,0.07869456688015274,0,True,0.03046203333607308
1990-12-31,rev,diag,46,0.06399970017046099,6.017245071270257,0.050000000000000024,1.7063208255239226,-4.5102810375396984e-17,0.07894065117811636,0,True,-0.01685556674313487
1991-01-31,rev,mv,45,0.06036901258843472,5.268855569452458,0.04999999999999997,4.825085076528685,1.457167719820518e-16,0.05886236771675556,0,True,-0.014946759935164186
1991-01-31,rev,diag,45,0.06036901258843472,5.657258898272522,0.05000000000000002,1.5755304843431834,5.204170427930421e-17,0.08644567565434576,0,True,-0.00483702939222755
1991-02-28,rev,mv,45,0.05959437977029583,4.706312003361995,0.05,3.793908719179042,-1.8041124150158794e-16,0.07006704999581041,0,True,-0.03691650781931467
1991-02-28,rev,diag,45,0.05959437977029583,4.924445876395735,0.05,1.8121590002947854,-3.469446951953614e-17,0.07784523539525781,0,True,0.01701526910090887
1991-03-31,rev,mv,46,0.06331848093032762,4.530052123308158,0.05,4.354396027300548,-9.020562075079397e-17,0.05876291471249152,0,True,-0.012576950756673937
1991-03-31,rev,diag,46,0.06331848093032762,6.41038109046394,0.04999999999999999,1.4410806784360515,6.071532165918825e-17,0.08297500729999148,0,True,-0.004761516065449649
1991-04-30,rev,mv,46,0.060398661963504914,5.048164469974686,0.050000000000000065,5.25146588677221,-2.7755575615628914e-17,0.07094513020097716,0,True,0.025305937640778726
1991-04-30,rev,diag,46,0.060398661963504914,5.901088576025386,0.04999999999999999,1.7178115292199982,-9.71445146547012e-17,0.07194628837547548,0,True,-0.015622295836879426
1991-05-31,rev,mv,46,0.05757103641716392,5.573695651959036,0.04999999999999992,4.912173960763275,4.119968255444917e-17,0.06451680717828526,0,True,-0.0597791744967641
1991-05-31,rev,diag,46,0.05757103641716392,4.601281362318999,0.05000000000000001,1.9575897661052641,-2.42861286636753e-17,0.08813193162049422,0,True,-0.010687448538643202
1991-06-30,rev,mv,46,0.05535762107915583,4.759681908910062,0.05000000000000003,3.96270799482049,-2.229119666630197e-16,0.08700806296742215,0,True,-0.020513807037295113
1991-06-30,rev,diag,46,0.05535762107915583,4.1708977404445156,0.04999999999999999,1.6849474193019889,8.630249292984615e-17,0.09639198737776915,0,True,0.0037714530891019057
1991-07-31,rev,mv,47,0.056905235407611984,4.739383815340861,0.050000000000000024,3.8970446531733707,2.7755575615628914e-17,0.07690646227609388,0,True,0.018859276541975018
1991-07-31,rev,diag,47,0.056905235407611984,5.527673078855457,0.05,1.5628001139973278,9.71445146547012e-17,0.0767167997248702,0,True,0.012750010203084871
1991-08-31,rev,mv,47,0.06038663816029014,5.658629754937845,0.04999999999999997,4.962873895545506,-2.0816681711721685e-17,0.061057450350248774,0,True,0.011063759292802754
1991-08-31,rev,diag,47,0.06038663816029014,5.271114586892208,0.05000000000000002,1.794516193069126,6.938893903907228e-17,0.08457743780956002,0,True,0.0066291691158133275
1991-09-30,rev,mv,47,0.06132449093344179,6.127347984755282,0.049999999999999975,4.077680750390269,-6.938893903907228e-18,0.08917447021461289,0,True,0.004503380700919475
1991-09-30,rev,diag,47,0.06132449093344179,3.9952902510427184,0.04999999999999999,2.1337454403609564,1.734723475976807e-17,0.08802675729690146,0,True,0.0004356680980613135
1991-10-31,rev,mv,46,0.06021762205924854,5.652825550692656,0.05,4.496576977017863,1.3877787807814457e-17,0.08453141167075395,0,True,0.021898538845855638
1991-10-31,rev,diag,46,0.06021762205924854,5.037921346277591,0.05,2.1080540905174954,-1.5612511283791264e-16,0.05944395868510098,0,True,0.01652513764272447
1991-11-30,rev,mv,47,0.06325134253189257,7.031294938040139,0.05000000000000002,5.617621411439189,1.6653345369377348e-16,0.05813429621499769,0,True,0.03322892772510285
1991-11-30,rev,diag,47,0.06325134253189257,4.583074134361964,0.05000000000000002,2.173078858763434,2.7755575615628914e-17,0.06347100072528271,0,True,0.023571815733979238
1991-12-31,rev,mv,46,0.06505419075989691,6.372608569779872,0.05000000000000003,4.241405329696751,-2.940356291780688e-16,0.08018632566122078,0,True,0.03422830962175482
1991-12-31,rev,diag,46,0.06505419075989691,5.391395474038843,0.05,1.8404237606779659,6.938893903907228e-18,0.06615904757478014,0,True,-0.00893553663412125
1992-01-31,rev,mv,46,0.06327610924867734,5.23434783717345,0.04999999999999996,4.727866974494448,1.5959455978986625e-16,0.0821824678428417,0,True,0.02160881894029064
1992-01-31,rev,diag,46,0.06327610924867734,6.323509568567927,0.05000000000000002,1.5578254334845707,6.245004513516506e-17,0.09117363219631415,0,True,-0.0127169356806889
1992-02-29,rev,mv,46,0.06011489533166709,5.23203176012647,0.049999999999999996,4.955537595104493,4.85722573273506e-17,0.06030686910135312,0,True,-0.0013302071666396636
1992-02-29,rev,diag,46,0.06011489533166709,6.153461909426407,0.05000000000000001,1.3839204340941402,9.367506770274758e-17,0.06506316957404265,0,True,-0.005179617796820757
1992-03-31,rev,mv,46,0.0572658623981632,4.389098973461974,0.04999999999999999,5.331979689227208,-8.326672684688674e-17,0.0742426016699472,0,True,-0.01868763701448543
1992-03-31,rev,diag,46,0.0572658623981632,4.290187147868263,0.05,1.3652995861450488,2.7755575615628914e-17,0.1290746422263623,1,True,-0.01520569329616297
1992-04-30,rev,mv,46,0.05545781891882659,5.087742008252807,0.05,4.929848667376184,8.673617379884035e-17,0.08145742954658308,0,True,-0.030324149696016232
1992-04-30,rev,diag,46,0.05545781891882659,5.7970435881545095,0.05000000000000001,1.2496585885726132,6.938893903907228e-18,0.06928456810728152,0,True,-0.010509737627748147
1992-05-31,rev,mv,46,0.05171022068412934,5.546537509725629,0.04999999999999996,5.340773398748184,-1.5265566588595902e-16,0.06403191172440108,0,True,0.012458669260551279
1992-05-31,rev,diag,46,0.05171022068412934,4.313282424786138,0.05,1.7354903133557826,3.469446951953614e-17,0.061605126176358965,0,True,0.004987781850057167
1992-06-30,rev,mv,47,0.0520737368051815,5.482920073378111,0.05000000000000002,5.977945599279761,4.85722573273506e-17,0.062263656764008406,0,True,-0.012900648721261659
1992-06-30,rev,diag,47,0.0520737368051815,2.9897715161940273,0.04999999999999999,2.372215729066779,-5.204170427930421e-18,0.0849871803354678,0,True,-0.021599030406907332
1992-07-31,rev,mv,46,0.04813652685840752,4.173028158123245,0.04999999999999999,5.228184754026611,1.3877787807814457e-16,0.08568691180954692,0,True,-0.016491137176595196
1992-07-31,rev,diag,46,0.04813652685840752,4.078966656182234,0.049999999999999996,1.6909997025748595,-5.551115123125783e-17,0.0769184915260985,0,True,-0.005892186782358006
1992-08-31,rev,mv,47,0.04612671965776767,4.409072811939872,0.04999999999999997,4.458900018531479,1.214306433183765e-16,0.06780803978325224,0,True,-0.03289957500371029
1992-08-31,rev,diag,47,0.04612671965776767,4.425553470482074,0.05,1.6550013985250258,-2.0816681711721685e-17,0.07615747536591673,0,True,-0.006207889701474865
1992-09-30,rev,mv,47,0.045399711351236716,4.252534564542101,0.04999999999999998,4.2541346792012495,-6.245004513516506e-17,0.07169207936952876,0,True,-0.021621060432352558
1992-09-30,rev,diag,47,0.045399711351236716,4.220149079529712,0.05,1.6746681014075722,3.2959746043559335e-17,0.0858018062498696,0,True,-0.0006471231335947071
1992-10-31,rev,mv,47,0.044935788882959016,3.9524426081061708,0.049999999999999996,4.254092384744823,-1.249000902703301e-16,0.08442894048592776,0,True,0.012394553895530142
1992-10-31,rev,diag,47,0.044935788882959016,4.016321744701101,0.05000000000000001,1.5852954039615348,1.0408340855860843e-17,0.09964858745623394,0,True,0.005690448555777829
1992-11-30,rev,mv,47,0.045858965262233,4.895113873780417,0.049999999999999996,5.2802111859227745,-3.608224830031759e-16,0.05651100251528218,0,True,0.003470798754228482
1992-11-30,rev,diag,47,0.045858965262233,3.898993326996314,0.05,1.8993622711948281,-4.163336342344337e-17,0.05601077173704082,0,True,0.0003699417823916045
1992-12-31,rev,mv,47,0.045757841463112174,4.430272062996533,0.04999999999999999,4.840904875956958,6.938893903907228e-17,0.06778907003623529,0,True,0.04253821683356584
1992-12-31,rev,diag,47,0.045757841463112174,3.905655486085945,0.05,1.8729645818696041,5.117434254131581e-17,0.08786541237164565,0,True,0.013777291121016002
1993-01-31,rev,mv,47,0.04641528321925394,4.069983244359142,0.050000000000000024,5.196567584178532,2.498001805406602e-16,0.07059856675973594,0,True,0.06384907139474352
1993-01-31,rev,diag,47,0.04641528321925394,4.331008722226561,0.05,1.6439559497284242,-1.5612511283791264e-17,0.10226247083769348,1,True,0.006788728436223337
1993-02-28,rev,mv,47,0.046803481750593665,4.496540733572624,0.05000000000000002,5.254635884218208,-8.326672684688674e-17,0.058418393241474374,0,True,0.03543367629796594
1993-02-28,rev,diag,47,0.046803481750593665,4.2009632030321855,0.05,1.791543470218058,2.7755575615628914e-17,0.06554410125244504,0,True,0.023463849771038353
1993-03-31,rev,mv,47,0.05097602074724839,5.775579420132281,0.05000000000000004,6.1430828083558024,1.249000902703301e-16,0.0619943634509975,0,True,0.04074935833286641
1993-03-31,rev,diag,47,0.05097602074724839,3.986145290499188,0.05,2.2464928501661765,-9.71445146547012e-17,0.06568084800127007,0,True,-0.0028807665885152993
1993-04-30,rev,mv,47,0.0504085506865323,4.66823784259461,0.04999999999999999,4.42339515803295,-5.551115123125783e-17,0.05421262319432961,0,True,0.002522847112373762
1993-04-30,rev,diag,47,0.0504085506865323,4.1892575630587165,0.05,1.9492132266472546,5.551115123125783e-17,0.05657402444808485,0,True,0.003442663484276284
1993-05-31,rev,mv,47,0.049961135509554604,5.306527321012607,0.049999999999999975,5.420622052913963,-6.245004513516506e-17,0.06395578866738004,0,True,0.010059753368042232
1993-05-31,rev,diag,47,0.049961135509554604,3.606354593442235,0.05,2.0916289403924337,1.3877787807814457e-17,0.08036704057065053,0,True,0.015232925336548572
1993-06-30,rev,mv,47,0.05111000481825661,3.672375605600041,0.049999999999999996,4.481606453694979,-1.457167719820518e-16,0.07045069115617095,0,True,0.007640539437279565
1993-06-30,rev,diag,47,0.05111000481825661,3.562650967987223,0.05,1.6710261578361825,4.5644911461639737e-17,0.1053888074200953,1,True,0.015603944285687248
1993-07-31,rev,mv,47,0.05232415914877359,4.273911923871165,0.04999999999999996,5.412898659455601,2.7755575615628914e-17,0.05403557230130366,0,True,0.004499893565706544
1993-07-31,rev,diag,47,0.05232415914877359,4.357229532668689,0.049999999999999996,1.7320171195611485,0.0,0.07886815152276297,0,True,0.0062121021290371175
1993-08-31,rev,mv,47,0.05257287218372969,4.940521330716299,0.05000000000000007,5.331520778092114,5.551115123125783e-17,0.07921827030576005,0,True,0.005760722008038563
1993-08-31,rev,diag,47,0.05257287218372969,4.953065507737902,0.05000000000000001,1.584227736069899,3.469446951953614e-18,0.06785263386704427,0,True,0.018185342888898164
1993-09-30,rev,mv,47,0.05480040018189759,4.093318340505143,0.05000000000000004,4.6328657401328055,-2.0122792321330962e-16,0.055883365477340304,0,True,-0.02726888248341703
1993-09-30,rev,diag,47,0.05480040018189759,3.8276085196544454,0.05000000000000002,1.9007322157940987,1.0408340855860843e-16,0.09297207790994043,0,True,-0.003914782822033911
1993-10-31,rev,mv,47,0.053473460993345275,4.562712635291639,0.049999999999999975,4.462484701807157,-2.7755575615628914e-17,0.09547740812864518,0,True,-0.0067075148874019466
1993-10-31,rev,diag,47,0.053473460993345275,4.506365720668435,0.05000000000000001,1.7592272149748107,-1.1449174941446927e-16,0.07451475498680957,0,True,-0.02135688132100691
1993-11-30,rev,mv,47,0.050041438696110656,4.791360215092156,0.04999999999999997,5.074132952488148,-4.163336342344337e-17,0.057771930172927505,0,True,-0.014191726965548287
1993-11-30,rev,diag,47,0.050041438696110656,3.8507704014229387,0.04999999999999999,2.0335091036444704,-1.3877787807814457e-17,0.0589799782586251,0,True,-0.006971095721549105
1993-12-31,rev,mv,47,0.04899235127073873,6.143027126645727,0.049999999999999975,5.559959236469319,-1.6653345369377348e-16,0.07059106967542156,0,True,0.01524475744926709
1993-12-31,rev,diag,47,0.04899235127073873,2.6132558243927884,0.049999999999999996,2.765926700721144,-6.938893903907228e-17,0.05576817113886886,0,True,0.003559765325195521
1994-01-31,rev,mv,47,0.04923787383451996,5.040091225687082,0.04999999999999999,5.5899292810921395,4.163336342344337e-17,0.09043729058692003,0,True,-0.019345334059590547
1994-01-31,rev,diag,47,0.04923787383451996,4.224737820854151,0.05,1.703873538719898,-5.551115123125783e-17,0.11133259030604335,1,True,-1.5088350974188521e-05
1994-02-28,rev,mv,47,0.0490874517063562,4.452208952038183,0.04999999999999998,4.757743888508837,5.551115123125783e-17,0.10000000034249315,1,True,-0.03955725794957395
1994-02-28,rev,diag,47,0.0490874517063562,3.9258565877525298,0.04999999999999998,1.7709337168723454,2.7755575615628914e-17,0.07885498698292505,0,True,-0.02200978179168714
1994-03-31,rev,mv,47,0.04592162979096078,4.639731179257407,0.05,5.627072907333021,-2.42861286636753e-16,0.0743410520479934,0,True,0.001573108822783091
1994-03-31,rev,diag,47,0.04592162979096078,3.736848286319858,0.05,1.8316164473006704,4.85722573273506e-17,0.09675199444448541,0,True,-0.009902107102341785
1994-04-30,rev,mv,47,0.04399739145805224,4.461861988096439,0.04999999999999999,5.70760579511215,-1.6653345369377348e-16,0.08296280837848387,0,True,-0.026705360279730944
1994-04-30,rev,diag,47,0.04399739145805224,3.6828737689485793,0.05,1.8532790669138233,-1.0408340855860843e-17,0.13674403004091,1,True,-0.0011842937776055543
1994-05-31,rev,mv,47,0.04311208205401039,4.197562698675055,0.04999999999999997,4.817656975731384,1.8041124150158794e-16,0.07209476066785749,0,True,-0.01344673370035858
1994-05-31,rev,diag,47,0.04311208205401039,3.512332545085274,0.05,2.0212747640067628,-6.938893903907228e-18,0.08261442058934332,0,True,-0.007878986828796121
1994-06-30,rev,mv,47,0.04073408756594717,4.184527013695913,0.04999999999999997,4.772452234554353,-9.71445146547012e-17,0.08447084781470429,0,True,0.02242917723361339
1994-06-30,rev,diag,47,0.04073408756594717,2.414573029611329,0.04999999999999999,2.0769656712945905,-1.249000902703301e-16,0.08841943215941178,0,True,0.020848384881160236
1994-07-31,rev,mv,48,0.043513080792988504,4.697554067089009,0.049999999999999954,5.342617837431603,1.3877787807814457e-16,0.07181226443938869,0,True,-0.0004076279409302667
1994-07-31,rev,diag,48,0.043513080792988504,2.947199263090419,0.05,2.4123247766954314,-1.1102230246251565e-16,0.08888927448316288,0,True,0.0007421901980448134
1994-08-31,rev,mv,48,0.04384266743775713,4.307069589680162,0.05000000000000001,4.233661096864994,8.326672684688674e-17,0.0784558793297061,0,True,0.0067025835890063765
1994-08-31,rev,diag,48,0.04384266743775713,3.6402019677211688,0.05,1.892186760886454,-1.1102230246251565e-16,0.07077421523046776,0,True,0.003970227907850782
1994-09-30,rev,mv,48,0.044043044520463516,4.426709319503874,0.05000000000000002,5.45822248075743,5.551115123125783e-17,0.05304815884764451,0,True,-0.03284089606448611
1994-09-30,rev,diag,48,0.044043044520463516,3.510093809128795,0.05,2.197594387146241,2.7755575615628914e-17,0.0697700774338953,0,True,-0.0007079603111790479
1994-10-31,rev,mv,47,0.04370186511667349,4.037363768710421,0.04999999999999998,4.310122277167507,2.7755575615628914e-17,0.07581186832262311,0,True,-0.01871909316100553
1994-10-31,rev,diag,47,0.04370186511667349,3.5970186682293375,0.04999999999999998,1.960314804646373,-1.734723475976807e-17,0.06488650979323914,0,True,-0.0105050905628285
1994-11-30,rev,mv,48,0.0428513227209906,4.726236305017187,0.04999999999999997,5.708880564431405,1.1102230246251565e-16,0.07765561538650616,0,True,0.03507920967731531
1994-11-30,rev,diag,48,0.0428513227209906,3.300342755590916,0.049999999999999996,2.1799443060828683,0.0,0.1050449378612622,1,True,0.020621516030126186
1994-12-31,rev,mv,47,0.045427363763491775,3.3307312492012353,0.04999999999999997,5.277276413280178,-6.938893903907228e-18,0.07295474988795225,0,True,0.020345318321220583
1994-12-31,rev,diag,47,0.045427363763491775,2.5790898188729097,0.049999999999999996,2.0260037685022567,4.5102810375396984e-17,0.14466149420501404,1,True,0.00017963292747842353
1995-01-31,rev,mv,48,0.04474430039447903,3.7974474692342297,0.05000000000000002,4.36948092784241,5.551115123125783e-17,0.05461529187704472,0,True,-0.024146851541147055
1995-01-31,rev,diag,48,0.04474430039447903,3.732202437014607,0.050000000000000024,1.933056365844575,-5.551115123125783e-17,0.06558828907330284,0,True,0.0006602226433675019
1995-02-28,rev,mv,48,0.04563602997163066,3.4247721177503467,0.04999999999999998,4.058782254805845,-2.7755575615628914e-17,0.06116082465730517,0,True,-0.019653717666473617
1995-02-28,rev,diag,48,0.04563602997163066,4.082797411319213,0.05,1.9975236352967354,1.3877787807814457e-16,0.05649110687707885,0,True,0.00930209598238344
1995-03-31,rev,mv,48,0.04685832935378142,3.749400657200824,0.05,3.923625684803943,-2.7755575615628914e-16,0.09805562674131395,0,True,0.007759642725059492
1995-03-31,rev,diag,48,0.04685832935378142,3.324525156029996,0.04999999999999998,1.8533169032461263,-1.1102230246251565e-16,0.1284802459326064,1,True,0.01912048288145522
1995-04-30,rev,mv,48,0.048648448524951725,4.233408734031359,0.05000000000000002,5.08967464561478,1.249000902703301e-16,0.05935846983655806,0,True,-0.018516580781267507
1995-04-30,rev,diag,48,0.048648448524951725,4.504687322898957,0.05000000000000001,1.8101995514302858,-2.7755575615628914e-17,0.06441832743731327,0,True,-0.012790192700587857
1995-05-31,rev,mv,48,0.04575412633316484,4.3814800300325585,0.04999999999999999,5.553631576799086,0.0,0.05527087114140695,0,True,-0.018052484967882507
1995-05-31,rev,diag,48,0.04575412633316484,4.152660554090692,0.04999999999999999,1.9420139217416206,2.7755575615628914e-17,0.07053065620477353,0,True,0.006354016754374419
1995-06-30,rev,mv,47,0.046479742575215165,4.078886766925704,0.050000000000000024,5.183739856706937,1.8041124150158794e-16,0.08243925238238625,0,True,-0.02387187234969762
1995-06-30,rev,diag,47,0.046479742575215165,4.140696242140739,0.05,1.9425412206307646,-9.8879238130678e-17,0.07500029855946883,0,True,0.002701036189485354
1995-07-31,rev,mv,47,0.04676383776507554,4.3858073493069,0.05000000000000004,4.755749719837208,6.591949208711867e-17,0.06347343305598754,0,True,0.00638010322312264
1995-07-31,rev,diag,47,0.04676383776507554,3.7220315498016556,0.05,1.875701973109241,-5.724587470723463e-17,0.07195444055846727,0,True,0.001837946795094226
1995-08-31,rev,mv,47,0.046926440862061804,4.347076590293146,0.04999999999999999,4.30915990285231,-1.734723475976807e-16,0.0798071674036221,0,True,0.018939388319628523
1995-08-31,rev,diag,47,0.046926440862061804,3.683640078778495,0.05000000000000001,1.98888498323889,1.214306433183765e-17,0.08449611355050872,0,True,0.007433513774142366
1995-09-30,rev,mv,47,0.04654040407633019,3.782175488365531,0.050000000000000024,4.414863290740847,-8.326672684688674e-17,0.09645391760706891,0,True,0.02475400459246601
1995-09-30,rev,diag,47,0.04654040407633019,3.3743992210132743,0.05,1.8670761400749913,-3.0357660829594124e-17,0.12709048070503637,1,True,0.030111253291488477
1995-10-31,rev,mv,47,0.049394565483426925,3.350748298368085,0.050000000000000024,4.39654550445044,9.367506770274758e-17,0.05497710911302383,0,True,-0.015037394994097592
1995-10-31,rev,diag,47,0.049394565483426925,4.9306644387167875,0.05,1.5778731946964761,-2.0816681711721685e-17,0.08661779901190818,0,True,-0.0234533925756516
1995-11-30,rev,mv,46,0.04690556602856643,3.6352390229942433,0.050000000000000024,4.183089525176778,-1.1796119636642288e-16,0.0725411076335158,0,True,0.04184295850676081
1995-11-30,rev,diag,46,0.04690556602856643,4.343386444316427,0.05000000000000001,1.7874524533715743,-9.020562075079397e-17,0.05588098836874673,0,True,0.017729607574255696
1995-12-31,rev,mv,47,0.04809122126796967,3.5599288028256626,0.04999999999999999,4.791055946629849,-6.938893903907228e-17,0.09623450353712609,0,True,0.0045776207995133905
1995-12-31,rev,diag,47,0.04809122126796967,4.576167323507385,0.05,1.764033694530593,6.938893903907228e-17,0.12397136575949252,1,True,0.00840969865533478
1996-01-31,rev,mv,47,0.0484509392377212,3.898935725012394,0.04999999999999994,5.059840592496533,1.5265566588595902e-16,0.08921465214687765,0,True,0.006955097661977078
1996-01-31,rev,diag,47,0.0484509392377212,4.8543944881281345,0.05000000000000002,1.632801526371794,-2.1467203015212988e-17,0.0935518473535044,0,True,-0.0028016684662854527
1996-02-29,rev,mv,47,0.047543255143239094,3.8940332461481013,0.05000000000000001,5.040309205115176,5.551115123125783e-17,0.07657535406726017,0,True,-0.003899576595103395
1996-02-29,rev,diag,47,0.047543255143239094,4.302716829688202,0.049999999999999996,1.6865708420956516,2.7755575615628914e-17,0.07509315272712154,0,True,-0.02286819013040105
1996-03-31,rev,mv,47,0.04489045122474294,3.4394596479526607,0.05000000000000001,4.873444637147352,0.0,0.1000000001049031,1,True,-0.029887800542299132
1996-03-31,rev,diag,47,0.04489045122474294,2.765661150352338,0.05,1.9711066007327014,1.5265566588595902e-16,0.14761341391145122,2,True,-0.005108719023513279
1996-04-30,rev,mv,47,0.04302291067676916,3.9140646335382834,0.05000000000000002,5.404913031762181,3.0531133177191805e-16,0.07767192813952538,0,True,-0.009835767619710088
1996-04-30,rev,diag,47,0.04302291067676916,3.717467798998071,0.05000000000000002,1.765909619153905,1.0408340855860843e-16,0.1117264911253443,1,True,-0.0005119768029229382
1996-05-31,rev,mv,47,0.042181112733405246,3.80641456061345,0.05000000000000002,4.682420623610037,-4.163336342344337e-17,0.06196305141750466,0,True,0.014572608902934723
1996-05-31,rev,diag,47,0.042181112733405246,3.026833450957389,0.049999999999999996,2.256002180812116,1.1102230246251565e-16,0.08120253917816642,0,True,0.012565890529773952
1996-06-30,rev,mv,47,0.04283711668443187,3.7978302702676023,0.05,4.347374812935969,5.551115123125783e-17,0.08141205980883783,0,True,-0.0029680577775601175
1996-06-30,rev,diag,47,0.04283711668443187,3.6947018691081834,0.049999999999999996,1.8302421482931521,-5.551115123125783e-17,0.11403412239031008,1,True,0.0062082135568814305
1996-07-31,rev,mv,47,0.04310237402453691,4.0953526861520055,0.05000000000000002,5.238960779469,1.6219664500383146e-16,0.08508185970221241,0,True,0.0007970904350736381
1996-07-31,rev,diag,47,0.04310237402453691,3.3953851097080445,0.049999999999999996,1.7465467712233507,7.28583859910259e-17,0.13195137740107094,1,True,0.004088508215859725
1996-08-31,rev,mv,48,0.04263878670793812,3.9220131015589415,0.04999999999999999,4.781719241711034,-1.1102230246251565e-16,0.06458289947026333,0,True,-0.023957607235448545
1996-08-31,rev,diag,48,0.04263878670793812,3.476114501810682,0.05000000000000001,2.0579187434598625,-1.249000902703301e-16,0.06821061258704907,0,True,-0.005252632428461719
1996-09-30,rev,mv,48,0.041458812991083144,4.176158743177978,0.05000000000000003,5.159809236837431,-1.1102230246251565e-16,0.07940514974519426,0,True,-0.009732789250883792
1996-09-30,rev,diag,48,0.041458812991083144,2.9637435109121557,0.05,2.4949989033813607,1.1102230246251565e-16,0.09932297715653829,0,True,0.004411185855491717
1996-10-31,rev,mv,48,0.04165057752171859,3.7463980913500663,0.05000000000000003,5.239414692046595,5.551115123125783e-17,0.09071270902592944,0,True,0.0017627400646234165
1996-10-31,rev,diag,48,0.04165057752171859,3.248990040463214,0.05000000000000001,2.2536921381997406,-8.326672684688674e-17,0.08018255445682756,0,True,-0.0050189426689306385
1996-11-30,rev,mv,48,0.04110077855659617,4.110003146170942,0.05000000000000001,5.4250161574642615,1.942890293094024e-16,0.05635618936544498,0,True,0.06038417466209055
1996-11-30,rev,diag,48,0.04110077855659617,3.18600055913567,0.05,2.1962954775295156,-2.0816681711721685e-17,0.05205051441684698,0,True,0.02949822488132899
1996-12-31,rev,mv,48,0.043236469330819385,4.119401351197068,0.049999999999999996,5.0241045381950205,0.0,0.061497734539499735,0,True,0.0010808444696426868
1996-12-31,rev,diag,48,0.043236469330819385,3.188150902964466,0.049999999999999996,2.0074674026724177,0.0,0.07878563742928328,0,True,0.002079079102805352
1997-01-31,rev,mv,48,0.04306286247481974,4.11134632263705,0.04999999999999999,6.092894609279179,8.326672684688674e-17,0.0723993188363683,0,True,-0.050971417874756265
1997-01-31,rev,diag,48,0.04306286247481974,3.149444686548506,0.05,1.7734711256458442,-5.551115123125783e-17,0.0787648252029844,0,True,-0.023704957598762254
1997-02-28,rev,mv,47,0.04261165558641478,4.639360863797683,0.04999999999999999,5.725630146343398,-2.220446049250313e-16,0.08619047034507282,0,True,-0.009150271155102968
1997-02-28,rev,diag,47,0.04261165558641478,3.0651850833594754,0.05000000000000002,2.200372969300779,2.7755575615628914e-17,0.09498492547216213,0,True,-0.004221718428975573
1997-03-31,rev,mv,48,0.04219623757273191,4.575544823337338,0.04999999999999999,5.487819373020453,-5.551115123125783e-17,0.083683119691155,0,True,0.00019376005684865194
1997-03-31,rev,diag,48,0.04219623757273191,3.3594483278967107,0.05,2.403403056328586,-1.3877787807814457e-17,0.07518432168553531,0,True,-0.013954933712274051
1997-04-30,rev,mv,48,0.041210583387123426,4.206678843755809,0.05000000000000006,5.710407257111381,0.0,0.0731415731760023,0,True,0.007826536650017868
1997-04-30,rev,diag,48,0.041210583387123426,3.443684261786862,0.05,1.9791888380733424,2.7755575615628914e-17,0.10438854666610868,1,True,0.006535598862444715
1997-05-31,rev,mv,48,0.041700855324429596,4.41809195762723,0.05000000000000002,5.027292138569981,-1.1102230246251565e-16,0.07090335848471752,0,True,0.01568848666214852
1997-05-31,rev,diag,48,0.041700855324429596,3.363310731464245,0.05000000000000002,2.100219985740262,8.326672684688674e-17,0.05420870482711654,0,True,0.003124916277201281
1997-06-30,rev,mv,47,0.042217697288308216,3.831634579580235,0.04999999999999997,4.993936306989384,-1.249000902703301e-16,0.06873077025966218,0,True,-0.0027516817236130694
1997-06-30,rev,diag,47,0.042217697288308216,2.257526544899402,0.049999999999999996,2.4521318528326406,-8.326672684688674e-17,0.13556003923393006,1,True,0.0036808052417774645
1997-07-31,rev,mv,47,0.04217330185473958,3.2360980638710077,0.04999999999999999,5.144431887567673,-8.326672684688674e-17,0.09076132373614426,0,True,0.0012471379577796492
1997-07-31,rev,diag,47,0.04217330185473958,2.8972704995544745,0.05,2.225987337598663,-9.71445146547012e-17,0.128977814451527,1,True,-0.015066561211179448
1997-08-31,rev,mv,46,0.040256758187758604,4.136021569709103,0.04999999999999998,4.767747347868306,-2.7755575615628914e-17,0.07252827292813173,0,True,0.0796209099521658
1997-08-31,rev,diag,46,0.040256758187758604,2.810809960548284,0.04999999999999999,2.2565718842163465,-2.0816681711721685e-17,0.0680170847588364,0,True,0.02967704947365459
1997-09-30,rev,mv,46,0.04082569073315414,3.080802252702083,0.05000000000000002,4.759002772596329,1.3877787807814457e-17,0.10000000025948086,1,True,0.042499651374156615
1997-09-30,rev,diag,46,0.04082569073315414,2.9224725506659563,0.04999999999999998,1.9823716914992715,1.7694179454963432e-16,0.12544944534851377,2,True,0.03901005442570767
1997-10-31,rev,mv,47,0.04269289508593301,4.160473991105786,0.05,4.894144807503714,-2.3765711620882257e-16,0.08788825892896149,0,True,-0.04498528305836561
1997-10-31,rev,diag,47,0.04269289508593301,3.44001044048872,0.05000000000000001,2.0239571538949317,-5.551115123125783e-17,0.07619016527136359,0,True,-0.0020907805280437138
1997-11-30,rev,mv,47,0.04278884989216165,3.640226667666269,0.05,3.83169954603859,-4.163336342344337e-17,0.05977998809908449,0,True,-0.0017616703596421836
1997-11-30,rev,diag,47,0.04278884989216165,3.3986021096724564,0.049999999999999996,2.008060949384877,2.7755575615628914e-17,0.09290728695666967,0,True,0.01895339418313288
1997-12-31,rev,mv,47,0.04385041327890972,4.564347979733568,0.04999999999999999,4.668229251646371,-3.469446951953614e-18,0.06216307426736178,0,True,0.017608774446373907
1997-12-31,rev,diag,47,0.04385041327890972,2.778973524723282,0.05,2.428248009305937,-1.717376241217039e-16,0.07633218100749396,0,True,0.005989708822030471
1998-01-31,rev,mv,47,0.04340920809546349,3.361302255552219,0.05000000000000003,4.671306005080433,-4.163336342344337e-17,0.09276026174278526,0,True,-0.013469681225743583
1998-01-31,rev,diag,47,0.04340920809546349,3.3850676078062523,0.05000000000000001,1.7061437295418558,-9.93129189996722e-17,0.08099650939013674,0,True,-0.01276633917212702
1998-02-28,rev,mv,47,0.04224815555534555,3.9208262881287075,0.04999999999999999,5.001011686240092,-5.551115123125783e-17,0.06834051923300688,0,True,0.04770634079820833
1998-02-28,rev,diag,47,0.04224815555534555,3.645344723462867,0.04999999999999999,1.8959913690348131,-2.42861286636753e-17,0.0565727736896775,0,True,0.00635755178486105
1998-03-31,rev,mv,47,0.04267895535302861,4.559561974711447,0.05000000000000002,5.066069329893152,1.0408340855860843e-16,0.07645397525955087,0,True,-0.07222198623614441
1998-03-31,rev,diag,47,0.04267895535302861,3.309541372762368,0.04999999999999999,2.0895574242270736,0.0,0.0610308975090394,0,True,-0.04069168387199996
1998-04-30,rev,mv,47,0.039838230478339884,4.388872513312479,0.049999999999999996,4.586581227568946,-2.7755575615628914e-17,0.07949166419711577,0,True,0.0018658682715883153
1998-04-30,rev,diag,47,0.039838230478339884,2.691388188065178,0.049999999999999996,2.337861564779265,-7.979727989493313e-17,0.056974531210544334,0,True,0.004559529539904388
1998-05-31,rev,mv,47,0.0395335928329474,4.099628652067551,0.05,4.718492903375777,1.8041124150158794e-16,0.07071797507856682,0,True,0.022084665167582975
1998-05-31,rev,diag,47,0.0395335928329474,2.663330525223873,0.049999999999999996,2.360308540346828,-6.938893903907228e-17,0.06422983692672553,0,True,0.041682680200135304
1998-06-30,rev,mv,47,0.04010971179474744,3.6096282452684805,0.05000000000000002,4.707690998168283,-2.7755575615628914e-17,0.08317899519931729,0,True,-0.00856576336941957
1998-06-30,rev,diag,47,0.04010971179474744,3.302871607886942,0.05,1.7095610863065809,-6.938893903907228e-18,0.11579656724921249,1,True,0.01945230393063685
1998-07-31,rev,mv,47,0.04117235479601086,3.8086144488754083,0.05,5.198017994551445,0.0,0.0721243974415915,0,True,-0.014267392252492014
1998-07-31,rev,diag,47,0.04117235479601086,4.219118785920721,0.05,1.5899316423871146,6.245004513516506e-17,0.08248363142768428,0,True,-0.004830828492213281
1998-08-31,rev,mv,47,0.04084811334986927,4.017746689061152,0.05000000000000004,5.046893689461649,-1.5265566588595902e-16,0.0627092994404237,0,True,0.026034771258007516
1998-08-31,rev,diag,47,0.04084811334986927,3.372180607169347,0.05,2.0417752341950326,-2.0816681711721685e-17,0.07432585238480571,0,True,0.0018636171394192764
1998-09-30,rev,mv,48,0.0405228882826789,4.112825792202301,0.049999999999999996,4.87288499255564,1.1102230246251565e-16,0.06676736367121118,0,True,-0.04241959239981065
1998-09-30,rev,diag,48,0.0405228882826789,2.642929883245889,0.05000000000000002,1.832311689261921,-2.7755575615628914e-17,0.09257220326276935,0,True,-0.03310970655591211
1998-10-31,rev,mv,48,0.039227939107781835,3.8140082868443708,0.05000000000000002,5.064650707795277,-2.220446049250313e-16,0.06650993200832861,0,True,-0.00965771622701959
1998-10-31,rev,diag,48,0.039227939107781835,3.1945161362745433,0.05,1.7047886936450285,2.7755575615628914e-17,0.09111108760409306,0,True,0.00803821462593986
1998-11-30,rev,mv,48,0.03926758895223506,3.552141628250908,0.04999999999999999,4.342466394393945,-1.1102230246251565e-16,0.06792640987770311,0,True,0.009363583342176268
1998-11-30,rev,diag,48,0.03926758895223506,3.7273522512714075,0.05,1.5974894727971796,0.0,0.050965097765839615,0,True,0.05031451605302008
1998-12-31,rev,mv,48,0.04147004485495762,3.923370683375418,0.050000000000000024,4.596156661547436,-1.1102230246251565e-16,0.09002169730480482,0,True,0.04713927226042712
1998-12-31,rev,diag,48,0.04147004485495762,3.8187926463047117,0.049999999999999996,1.2633378743423207,-5.551115123125783e-17,0.09448023990208523,0,True,0.0356429998596574
1999-01-31,rev,mv,47,0.043327726571091435,3.786267907851455,0.05000000000000002,4.633097346498775,1.1102230246251565e-16,0.07445303323718133,0,True,-0.01563765885829603
1999-01-31,rev,diag,47,0.043327726571091435,4.083644679275527,0.05000000000000002,1.0151358687414689,4.85722573273506e-17,0.08861057425063848,0,True,-0.016968044583561694
1999-02-28,rev,mv,47,0.041915696988449075,4.2600758436225865,0.050000000000000024,5.009683332022344,-1.3877787807814457e-17,0.05482397012131509,0,True,-0.07120418001930859
1999-02-28,rev,diag,47,0.041915696988449075,4.226308912245596,0.05000000000000002,1.2897081641042134,7.806255641895632e-17,0.0738107061889769,0,True,-0.0006862586119146224
1999-03-31,rev,mv,47,0.04232892619645629,4.292667479698745,0.050000000000000024,4.866916009698808,-3.469446951953614e-17,0.07196357147654191,0,True,-0.03448868071014138
1999-03-31,rev,diag,47,0.04232892619645629,4.043883580582007,0.05000000000000002,1.304560252405831,1.3877787807814457e-17,0.08953149432087103,0,True,-0.07225097064649941
1999-04-30,rev,mv,47,0.03984918538240406,3.416733299677134,0.05000000000000003,4.110136895929758,-6.938893903907228e-18,0.10000000012501946,1,True,-0.006386245505874948
1999-04-30,rev,diag,47,0.03984918538240406,3.2963766954273197,0.05,1.5014449729481698,-6.245004513516506e-17,0.08520625407408756,0,True,-0.011903379836805878
1999-05-31,rev,mv,47,0.03823057229052973,4.970245167820706,0.050000000000000065,5.3970316763708714,8.326672684688674e-17,0.05555599834358993,0,True,0.09295780651599175
1999-05-31,rev,diag,47,0.03823057229052973,2.5270040434037333,0.05,1.8694677450773338,4.163336342344337e-17,0.06741955630584832,0,True,0.04759764652649352
1999-06-30,rev,mv,47,0.03932441051729222,3.332323243470532,0.05,4.176345434904058,-1.5612511283791264e-16,0.08058017203357462,0,True,0.02570163978305747
1999-06-30,rev,diag,47,0.03932441051729222,2.3241908868371794,0.05,1.5547400336782966,2.168404344971009e-17,0.08948728233483787,0,True,0.003995271770708579
1999-07-31,rev,mv,47,0.03966527897790663,4.728068068256583,0.05000000000000004,4.665449953293619,-2.7755575615628914e-17,0.06352733535131266,0,True,-0.0004989038140957015
1999-07-31,rev,diag,47,0.03966527897790663,2.6331724055129726,0.05000000000000001,1.725186647353593,8.326672684688674e-17,0.08004039841881161,0,True,-0.013377008067238187
1999-08-31,rev,mv,47,0.038248584559642494,3.915761815898069,0.05,4.09104589095946,8.326672684688674e-17,0.06769422080549722,0,True,0.034406147939214704
1999-08-31,rev,diag,47,0.038248584559642494,3.1322686339726706,0.05,1.493250477831764,-1.3877787807814457e-17,0.06715883551942169,0,True,0.018618006449905557
1999-09-30,rev,mv,47,0.039262534459680504,3.619341636800287,0.04999999999999996,4.37379530986006,2.7755575615628914e-17,0.07022170928602169,0,True,-0.02052242686880221
1999-09-30,rev,diag,47,0.039262534459680504,2.121681985376788,0.05,1.6385628190675938,1.3877787807814457e-17,0.069196706003936,0,True,-0.017653033679504576
1999-10-31,rev,mv,47,0.03837955596192842,4.295282630607167,0.04999999999999996,4.565757022929425,4.85722573273506e-17,0.07247194412724137,0,True,-0.02073342237975047
1999-10-31,rev,diag,47,0.03837955596192842,3.0060392179236306,0.05,1.520285692498406,-7.632783294297951e-17,0.09636657699014319,0,True,-0.011599788215010133
1999-11-30,rev,mv,46,0.038451084079175864,4.797682048659298,0.05,4.72095461755163,3.469446951953614e-17,0.06324200553408375,0,True,-0.04339985986787689
1999-11-30,rev,diag,46,0.038451084079175864,2.4101268995943403,0.04999999999999999,2.013660128317245,1.3877787807814457e-17,0.07586787453551366,0,True,0.01917631814915146
1999-12-31,rev,mv,47,0.03864798972094703,4.964138943079008,0.05,4.836555935066942,-1.942890293094024e-16,0.09655341704190352,0,True,0.0579833565250528
1999-12-31,rev,diag,47,0.03864798972094703,2.857113758294161,0.05,1.6577164801795277,-9.71445146547012e-17,0.06274238585825488,0,True,-0.0077704413988736645
2000-01-31,rev,mv,47,0.038203296140474505,4.08432043277979,0.05000000000000003,4.427514518971671,8.326672684688674e-17,0.061582688270640305,0,True,0.0010398638330540604
2000-01-31,rev,diag,47,0.038203296140474505,3.1350252432096535,0.049999999999999996,1.229602058770862,-6.938893903907228e-18,0.11865873878543555,1,True,0.05607648951855093
2000-02-29,rev,mv,47,0.039500576829381066,4.123466413452142,0.049999999999999996,4.3887149883621905,7.632783294297951e-17,0.07163630837131874,0,True,0.008362313236069785
2000-02-29,rev,diag,47,0.039500576829381066,3.3378607110805203,0.04999999999999999,1.45120071436472,-3.469446951953614e-17,0.058192108136336164,0,True,-0.0010684053471087035
2000-03-31,rev,mv,47,0.03973718048517108,5.269546241470004,0.05000000000000008,4.0633470264780405,2.7755575615628914e-17,0.09337546964667191,0,True,-0.02616306443441101
2000-03-31,rev,diag,47,0.03973718048517108,3.192002421287269,0.04999999999999999,1.3072731782140812,-2.7755575615628914e-17,0.09926227938432615,0,True,-0.030861591136520084
2000-04-30,rev,mv,45,0.03799089268191024,4.309153897183053,0.05000000000000005,4.689733416795123,-2.498001805406602e-16,0.07018218780678999,0,True,0.019975220933203874
2000-04-30,rev,diag,45,0.03799089268191024,2.8127446542816603,0.05,1.3173487998804436,2.7755575615628914e-17,0.09279176088735035,0,True,-0.01906197216333736
2000-05-31,rev,mv,45,0.036353762250381554,5.223779565560773,0.05,5.610941305652015,9.71445146547012e-17,0.06710807919897802,0,True,-0.011203617399897677
2000-05-31,rev,diag,45,0.036353762250381554,2.3706643574704667,0.05,1.7976264149226344,1.1102230246251565e-16,0.06489513494782621,0,True,0.018084325057359914
2000-06-30,rev,mv,45,0.03665292896655832,5.103266432355912,0.050000000000000024,5.423245206709323,-1.8041124150158794e-16,0.060971483754441544,0,True,-0.007145604334287293
2000-06-30,rev,diag,45,0.03665292896655832,2.5408820610076988,0.049999999999999996,1.6102642602609567,6.635317295611287e-17,0.08222949264539525,0,True,-0.01999408079422347
2000-07-31,rev,mv,45,0.035539979180580605,3.7424416907630347,0.05,4.299809871595529,-1.3877787807814457e-17,0.0693687384730501,0,True,0.07808187449855905
2000-07-31,rev,diag,45,0.035539979180580605,2.5824581787289134,0.05,1.4440516242559611,-8.196568423990414e-17,0.07574521139072167,0,True,0.03541993918150531
2000-08-31,rev,mv,45,0.03710357014111789,4.031989552224027,0.050000000000000024,4.76862896701656,5.551115123125783e-17,0.07418919764347419,0,True,-0.011776949302120173
2000-08-31,rev,diag,45,0.03710357014111789,2.73082969537497,0.05,1.4924877221685384,9.367506770274758e-17,0.09821446879930172,0,True,-0.0002997733032496894
2000-09-30,rev,mv,45,0.037184432349671226,3.9966973858044876,0.050000000000000024,5.286720015229751,0.0,0.06050794994698819,0,True,0.013796671379276253
2000-09-30,rev,diag,45,0.037184432349671226,3.2523910974599013,0.05,1.2519543499870263,-5.0306980803327406e-17,0.08475991577972077,0,True,-0.02748813700496449
2000-10-31,rev,mv,45,0.03526584701981364,4.286454362676055,0.04999999999999997,4.50807153190679,-6.938893903907228e-18,0.0731053605565486,0,True,0.0036516044199711643
2000-10-31,rev,diag,45,0.03526584701981364,2.2674210529758825,0.049999999999999996,1.4964036420071876,-5.898059818321144e-17,0.08377597004620364,0,True,0.0018630709004810444
2000-11-30,rev,mv,45,0.03525429476198498,3.7629684534073795,0.04999999999999999,3.7425258429316806,-1.3877787807814457e-17,0.0717365758968164,0,True,-0.03059100827173863
2000-11-30,rev,diag,45,0.03525429476198498,2.699110274224107,0.05000000000000002,1.379693431534931,7.979727989493313e-17,0.08842570819903998,0,True,-0.023352867521461533
2000-12-31,rev,mv,45,0.03476206532172985,3.828191304946236,0.050000000000000024,4.2028623628534705,2.0816681711721685e-16,0.07623855238211773,0,True,0.01114444732184868
2000-12-31,rev,diag,45,0.03476206532172985,2.043460229616276,0.049999999999999996,1.480049965185297,-3.469446951953614e-18,0.101767397930431,1,True,-0.050374457876898496
2001-01-31,rev,mv,45,0.032741970298267004,3.5944583670092998,0.05000000000000002,4.310182282612227,3.191891195797325e-16,0.08954011444631137,0,True,-0.0032286296929708706
2001-01-31,rev,diag,45,0.032741970298267004,3.0287757870172096,0.05,1.1188298163771884,-1.734723475976807e-17,0.08962887164959298,0,True,0.018941788306837157
2001-02-28,rev,mv,44,0.034521301191408484,3.8333419340561314,0.05,4.584326486494893,-9.194034422677078e-17,0.09055024374313381,0,True,-0.017950750632152575
2001-02-28,rev,diag,44,0.034521301191408484,2.817177250428403,0.05000000000000001,1.2469438863844926,1.734723475976807e-17,0.0688854049568144,0,True,-0.0021092868596296385
2001-03-31,rev,mv,45,0.034091609276889964,4.353683731295117,0.05000000000000002,3.9758272050581986,-2.636779683484747e-16,0.10000000016115299,1,True,0.03824307618637848
2001-03-31,rev,diag,45,0.034091609276889964,3.6962742191329947,0.05,0.8880199613645422,4.5102810375396984e-17,0.05975312711881631,0,True,-0.012575780107579407
2001-04-30,rev,mv,45,0.03292759215710477,3.172824374995519,0.05000000000000004,4.098807468335505,9.71445146547012e-17,0.07232443587284654,0,True,0.0326788846035113
2001-04-30,rev,diag,45,0.03292759215710477,3.707768907396891,0.04999999999999999,0.936053007268329,1.3877787807814457e-17,0.09566642803875301,0,True,0.009596386749843037
2001-05-31,rev,mv,45,0.03354136939859302,3.723627899319824,0.05000000000000001,4.80607137300392,-2.498001805406602e-16,0.06231627901108056,0,True,0.043535766478325154
2001-05-31,rev,diag,45,0.03354136939859302,2.73112505594564,0.05000000000000002,1.2774564995765512,0.0,0.07589734475719542,0,True,0.00696726935924136
2001-06-30,rev,mv,45,0.03354566372539537,4.229513542696155,0.049999999999999996,4.688523272396597,8.326672684688674e-17,0.07712258642141685,0,True,0.02672462606926009
2001-06-30,rev,diag,45,0.03354566372539537,2.475556170783079,0.05,1.4592980332665881,3.469446951953614e-17,0.09787480992416088,0,True,0.003538163572669696
2001-07-31,rev,mv,45,0.033703303763582715,3.585467124161874,0.05000000000000005,4.101455294424329,-6.938893903907228e-17,0.10000000014030111,1,True,-0.031222399391578573
2001-07-31,rev,diag,45,0.033703303763582715,3.3480072740867204,0.05,1.0213462457871278,1.3877787807814457e-17,0.09090157997220714,0,True,0.0006993460630692382
2001-08-31,rev,mv,44,0.03384115190313224,3.5191562010780975,0.05000000000000005,4.011910201550682,2.0816681711721685e-17,0.09350097130187268,0,True,0.05339226668979219
2001-08-31,rev,diag,44,0.03384115190313224,3.0042514031209957,0.05,1.0812449038383385,-6.938893903907228e-18,0.10401357575065187,1,True,0.030480454781620193
2001-09-30,rev,mv,43,0.03577455723058389,3.185554681649283,0.04999999999999998,3.8512272261609164,-1.700029006457271e-16,0.08007999283667847,0,True,0.042882073781581063
2001-09-30,rev,diag,43,0.03577455723058389,4.072652953995332,0.04999999999999999,0.7665616683448302,2.7755575615628914e-17,0.08661806078078274,0,True,-0.01417099738918806
2001-10-31,rev,mv,43,0.034014271803156484,4.192212419682707,0.050000000000000024,4.7869987807000935,6.938893903907228e-17,0.054776428709235346,0,True,-0.02304360158146185
2001-10-31,rev,diag,43,0.034014271803156484,3.4717710647866618,0.049999999999999996,0.9916449477725401,-1.0408340855860843e-17,0.07549281379903848,0,True,-0.0344680839899639
2001-11-30,rev,mv,43,0.030744162186636316,3.876769222620945,0.04999999999999998,4.9314176806527374,0.0,0.05487233590311846,0,True,-0.02105603223818874
2001-11-30,rev,diag,43,0.030744162186636316,2.4546551553158773,0.04999999999999999,1.2318754796774478,2.7755575615628914e-17,0.08802684885170269,0,True,-0.006038138343754537
2001-12-31,rev,mv,42,0.029920227160384144,3.5062166986835916,0.05000000000000006,4.874728541683522,-4.90059381963448e-17,0.09903471032288194,0,True,0.058041440757187736
2001-12-31,rev,diag,42,0.029920227160384144,1.9297951540598568,0.049999999999999996,1.218645203946788,4.163336342344337e-17,0.11555849874986683,2,True,0.015694239042394205
2002-01-31,rev,mv,43,0.030567709614124517,3.2365467203220075,0.05,3.701384490309884,-7.112366251504909e-17,0.08153431660074345,0,True,-0.04201627705048772
2002-01-31,rev,diag,43,0.030567709614124517,2.6580681110182427,0.05000000000000002,1.0664715702688556,1.3349239248727773e-17,0.09323870886432846,0,True,-0.021123366035772004
2002-02-28,rev,mv,43,0.029063912682194194,2.8136088813212914,0.049999999999999954,3.784182363423591,2.7755575615628914e-17,0.06894457107197073,0,True,0.007993590324246728
2002-02-28,rev,diag,43,0.029063912682194194,2.351088106131428,0.05000000000000002,1.2072227489524838,1.3877787807814457e-17,0.07592241880638861,0,True,-0.005142596051722464
2002-03-31,rev,mv,43,0.028503511467515927,3.3664947285395597,0.050000000000000024,3.3735754759021437,1.8474805019152996e-16,0.0999999998810888,1,True,0.02531830884565033
2002-03-31,rev,diag,43,0.028503511467515927,1.9339399730380695,0.05000000000000002,1.1648030056470218,-2.0816681711721685e-17,0.1250173193605813,1,True,0.02454371438123529
2002-04-30,rev,mv,42,0.029538160826235373,3.8522554267027034,0.04999999999999999,3.7699315333534,9.71445146547012e-17,0.10000000020154308,1,True,0.006081215687085286
2002-04-30,rev,diag,42,0.029538160826235373,3.0526008128831625,0.05000000000000001,0.8479458673137573,-5.551115123125783e-17,0.0837419903004364,0,True,0.0037049602685626268
2002-05-31,rev,mv,42,0.030049876599385825,3.0368515352190633,0.04999999999999998,3.509231117648434,-1.3877787807814457e-17,0.0772774894924768,0,True,-0.014903594946644054
2002-05-31,rev,diag,42,0.030049876599385825,3.2291951614402272,0.05,0.9507517088181057,0.0,0.05445631265661928,0,True,0.013156739986207413
2002-06-30,rev,mv,42,0.0314065831999155,2.8323947056265797,0.049999999999999996,3.054346620123754,-2.7755575615628914e-17,0.10000000043703275,1,True,0.02841702226580799
2002-06-30,rev,diag,42,0.0314065831999155,2.812177718848337,0.05,1.0623971118979267,-5.204170427930421e-18,0.09711388573833314,0,True,0.0064031844666045355
2002-07-31,rev,mv,42,0.031369313455135175,2.987409383819155,0.05,3.5833916457797583,5.551115123125783e-17,0.08459163120021104,0,True,0.024034434217650367
2002-07-31,rev,diag,42,0.031369313455135175,2.9260562163310455,0.05,1.0094011229600015,-5.204170427930421e-18,0.09231734654159397,0,True,0.00038799477105759067
2002-08-31,rev,mv,42,0.0312290927651307,2.479916417422825,0.05,2.850140174174464,6.245004513516506e-17,0.08397456564992632,0,True,0.016622856510160895
2002-08-31,rev,diag,42,0.0312290927651307,3.1245391148596746,0.049999999999999996,1.088838419296597,4.85722573273506e-17,0.069816524558961,0,True,0.01691654847820963
2002-09-30,rev,mv,42,0.03246351222831964,3.150449997144409,0.049999999999999975,3.931092464275159,9.540979117872439e-17,0.0658516468997555,0,True,-0.03541820909941194
2002-09-30,rev,diag,42,0.03246351222831964,3.201970512810716,0.05000000000000001,0.9843533082326762,-3.382710778154774e-17,0.0813601889475696,0,True,-0.026690005817303537
2002-10-31,rev,mv,42,0.030613191915278528,2.887913732810069,0.05,3.571765976473346,0.0,0.08886502767912176,0,True,0.034537879553413656
2002-10-31,rev,diag,42,0.030613191915278528,2.6720666640387534,0.05000000000000002,0.9127838681264359,6.938893903907228e-18,0.1076376829607912,1,True,-0.024115658653368656
2002-11-30,rev,mv,42,0.028715105299724396,3.177228601819551,0.04999999999999999,3.5862812931889505,1.734723475976807e-18,0.0692172862523174,0,True,0.004948153121161522
2002-11-30,rev,diag,42,0.028715105299724396,2.227065945701778,0.05,1.24664586336568,4.2934406030425976e-17,0.08043566058848672,0,True,0.0060235449523830704
2002-12-31,rev,mv,43,0.029426150496203556,2.7703564168628536,0.05000000000000004,3.873307888540875,-2.42861286636753e-17,0.08118636830996116,0,True,0.013959575692556842
2002-12-31,rev,diag,43,0.029426150496203556,1.894678830307643,0.049999999999999996,1.2809390788019435,1.3877787807814457e-17,0.11718417882987482,3,True,0.016121928803236464
2003-01-31,rev,mv,43,0.030706352873949832,3.7780499418098743,0.05000000000000002,3.927480584858087,6.938893903907228e-17,0.07233412797490227,0,True,-0.004338454380027992
2003-01-31,rev,diag,43,0.030706352873949832,2.0693468486375672,0.049999999999999996,1.5958206606618281,-4.5102810375396984e-17,0.09648550321569074,0,True,0.007308912733355422
2003-02-28,rev,mv,42,0.03117587819607215,3.2280667760197415,0.05,3.8999199147136197,-1.0408340855860843e-17,0.09715759214374182,0,True,-7.003888662932471e-05
2003-02-28,rev,diag,42,0.03117587819607215,2.0844611674729645,0.04999999999999999,1.5209366293289475,7.28583859910259e-17,0.08591581609669627,0,True,0.00635536000143531
2003-03-31,rev,mv,42,0.03150903722311886,3.2450149280536693,0.04999999999999999,3.793650222290744,-2.3592239273284576e-16,0.0979776793220869,0,True,-0.03750195970926279
2003-03-31,rev,diag,42,0.03150903722311886,2.2708861909212854,0.05000000000000001,1.2575691035459642,7.632783294297951e-17,0.10978058430927287,2,True,-0.03466543810158524
2003-04-30,rev,mv,41,0.029744176124789936,2.982066583703156,0.05,3.2657462789741802,8.326672684688674e-17,0.08839973224355213,0,True,-0.036126021803779725
2003-04-30,rev,diag,41,0.029744176124789936,1.9382735047706248,0.05000000000000001,1.5747323790828478,7.979727989493313e-17,0.09707846675331448,0,True,-0.007798207105916867
2003-05-31,rev,mv,42,0.028837673455359866,3.4002581985215397,0.049999999999999996,3.8681293698622565,8.326672684688674e-17,0.07304322191747335,0,True,-0.043835062183945235
2003-05-31,rev,diag,42,0.028837673455359866,1.867365045242543,0.05000000000000002,1.421651829306142,3.469446951953614e-17,0.07404625284444723,0,True,-0.02750476097748714
2003-06-30,rev,mv,42,0.026107654391033783,2.567676806697081,0.04999999999999998,3.5837510739827123,-4.163336342344337e-17,0.06921178076275035,0,True,0.02040904016292911
2003-06-30,rev,diag,42,0.026107654391033783,1.8050238428805965,0.05000000000000002,1.387758852767523,5.551115123125783e-17,0.07285743689731197,0,True,-0.021773077979815994
2003-07-31,rev,mv,43,0.025338521630302962,2.895003339127427,0.04999999999999994,3.961087443949723,-4.5102810375396984e-17,0.054288291504491756,0,True,-0.0032788576011071333
2003-07-31,rev,diag,43,0.025338521630302962,1.5564580169730868,0.05,1.6141368603195445,-1.734723475976807e-18,0.08892113831334926,0,True,0.000416231061570169
2003-08-31,rev,mv,43,0.025138213293446156,2.4998684432953198,0.049999999999999996,3.1666437878046865,-1.942890293094024e-16,0.06691207042600415,0,True,-0.02956249698601793
2003-08-31,rev,diag,43,0.025138213293446156,1.785198444416554,0.049999999999999996,1.4473172749540326,-9.020562075079397e-17,0.07729798493121588,0,True,-0.006740305249262512
2003-09-30,rev,mv,42,0.024557430426668386,2.767525812491856,0.05,3.7184582417352208,2.0122792321330962e-16,0.08057904305704021,0,True,0.005861724266868517
2003-09-30,rev,diag,42,0.024557430426668386,1.5428104818878126,0.049999999999999996,1.5606047066195523,-6.938893903907228e-18,0.11843131716501672,1,True,0.01858797695271513
2003-10-31,rev,mv,42,0.025674700120617098,3.702715504414218,0.05000000000000001,4.2692659653266745,-1.3183898417423734e-16,0.0612695990574524,0,True,-0.008845179641860178
2003-10-31,rev,diag,42,0.025674700120617098,1.386737309213614,0.049999999999999996,1.792234147492568,-4.5102810375396984e-17,0.08179648496644469,0,True,-0.004007841475057335
2003-11-30,rev,mv,41,0.025676904631306865,2.4661747280056177,0.049999999999999975,3.345062916656967,8.326672684688674e-17,0.06352634986298121,0,True,-0.015365625721296784
2003-11-30,rev,diag,41,0.025676904631306865,1.8142967398806813,0.04999999999999999,1.5997591861877156,-4.163336342344337e-17,0.07595759729066552,0,True,-0.021960010093955717
2003-12-31,rev,mv,41,0.023890702669201767,2.546190116761114,0.050000000000000024,3.519045556474491,1.1102230246251565e-16,0.08379294370722622,0,True,-0.02046242787251763
2003-12-31,rev,diag,41,0.023890702669201767,1.6704932254490568,0.049999999999999996,1.253526370819141,6.071532165918825e-18,0.10651463918252284,2,True,-0.008366749034331416
2004-01-31,rev,mv,41,0.022400093047320675,3.1012595637509666,0.04999999999999998,4.586064408217224,-5.551115123125783e-17,0.07185665848899403,0,True,0.03314689665471287
2004-01-31,rev,diag,41,0.022400093047320675,1.2329161982501793,0.05,1.8828233532871779,2.42861286636753e-16,0.09053975147711389,0,True,0.011625993985431961
2004-02-29,rev,mv,43,0.02273327027665088,2.1745758460745237,0.05000000000000002,3.5981075385349577,9.020562075079397e-17,0.10000000020654343,1,True,0.019838328410308092
2004-02-29,rev,diag,43,0.02273327027665088,2.110825024543154,0.05,1.0204783311774703,-8.239936510889834e-18,0.055543779633415426,0,True,0.0021255016629127097
2004-03-31,rev,mv,42,0.022709935860559603,2.4419164330314653,0.05000000000000003,3.3999879470886007,-4.85722573273506e-17,0.08604337102511175,0,True,0.00848183354575501
2004-03-31,rev,diag,42,0.022709935860559603,1.2770615514234376,0.04999999999999999,1.8997146818563646,1.1102230246251565e-16,0.0945407880989674,0,True,-0.00256034255670379
2004-04-30,rev,mv,42,0.022196281381981223,2.268487184516849,0.05000000000000002,2.922368921597899,1.942890293094024e-16,0.09857433782452492,0,True,-0.022295581758429567
2004-04-30,rev,diag,42,0.022196281381981223,1.3612880703102477,0.05,1.7855354753556936,-4.85722573273506e-17,0.07497340114901925,0,True,-0.009511610899180248
2004-05-31,rev,mv,43,0.02143454928469162,2.4668618319672477,0.05,3.83119316751682,-1.5265566588595902e-16,0.0706745638450044,0,True,0.0038869203430954044
2004-05-31,rev,diag,43,0.02143454928469162,1.3581179442509972,0.049999999999999996,1.5922326423147362,5.551115123125783e-17,0.09393510048575685,0,True,0.01737700093494503
2004-06-30,rev,mv,43,0.022798879404630473,2.1770937932604375,0.05000000000000002,3.4342232181155206,4.163336342344337e-17,0.08659401621358832,0,True,0.03561261173090565
2004-06-30,rev,diag,43,0.022798879404630473,1.5399360786843745,0.05000000000000002,1.3791826078880003,0.0,0.112671747503619,1,True,0.02010994899197375
2004-07-31,rev,mv,42,0.02342846193559002,2.606124859981308,0.05000000000000002,3.961464133850311,2.7755575615628914e-17,0.07664193811841803,0,True,-0.02256750240424163
2004-07-31,rev,diag,42,0.02342846193559002,1.8069398317991265,0.05000000000000001,1.3462170033925691,-9.367506770274758e-17,0.09475925835281196,0,True,0.000348034922091204
2004-08-31,rev,mv,43,0.02368877876828867,2.5866730332387493,0.05,4.260834171579846,-3.0531133177191805e-16,0.06381720136820948,0,True,0.017079115942593037
2004-08-31,rev,diag,43,0.02368877876828867,1.8665020459882764,0.049999999999999996,1.3093280771340978,6.245004513516506e-17,0.07902096369469762,0,True,0.017236639575600735
2004-09-30,rev,mv,43,0.025099857200032587,2.726840897614327,0.05000000000000002,4.642422666905344,2.0816681711721685e-17,0.0634660386675934,0,True,-0.012539514688874962
2004-09-30,rev,diag,43,0.025099857200032587,1.5439818712666613,0.05000000000000001,1.3342894059081138,5.811323644522304e-17,0.1059904687212876,1,True,-0.010681509542112203
2004-10-31,rev,mv,43,0.02389409403473272,2.4611944711712526,0.04999999999999999,3.9530565594802485,-9.71445146547012e-17,0.10000000011443959,1,True,0.004142411473725961
2004-10-31,rev,diag,43,0.02389409403473272,1.5507331654367398,0.05,1.7348743448445156,-3.469446951953614e-18,0.0916188028845248,0,True,0.003614239075672819
2004-11-30,rev,mv,43,0.023923459499872114,2.602880050022766,0.05,4.170033621022641,1.942890293094024e-16,0.08140708022953069,0,True,-0.030909268719989925
2004-11-30,rev,diag,43,0.023923459499872114,1.578032585256713,0.05000000000000002,1.5236374444580958,9.71445146547012e-17,0.09745401201714955,0,True,-0.026174941325461977
2004-12-31,rev,mv,42,0.022778836988766628,2.6486948839033806,0.04999999999999999,4.364230592942247,-1.1102230246251565e-16,0.06874300756500286,0,True,-0.0008499088311456371
2004-12-31,rev,diag,42,0.022778836988766628,1.4664848423199133,0.05,1.8103798379729992,1.3877787807814457e-17,0.07930802978968868,0,True,-0.0013492537113546836
2005-01-31,rev,mv,42,0.022432719787116726,2.859943228710976,0.05,4.274978469591127,1.3812735677465326e-16,0.06470313390719928,0,True,0.017657346479909956
2005-01-31,rev,diag,42,0.022432719787116726,1.5966512075842703,0.05,1.4555115396308904,-5.551115123125783e-17,0.07351567224940497,0,True,0.012176894359337094
2005-02-28,rev,mv,43,0.022470771811205405,2.199108032000732,0.05000000000000001,3.5501055779350748,1.3877787807814457e-16,0.08415256758119784,0,True,-0.013983515998482752
2005-02-28,rev,diag,43,0.022470771811205405,1.3933659305212354,0.05,1.8250363522000677,4.163336342344337e-17,0.07367757756795174,0,True,-0.011164248313443354
2005-03-31,rev,mv,43,0.02154694647024564,2.1632650544912555,0.050000000000000024,3.636985600194354,-2.7755575615628914e-17,0.0646233286374655,0,True,0.021789984212967822
2005-03-31,rev,diag,43,0.02154694647024564,1.5256118378366716,0.04999999999999999,1.3106464988086537,-3.469446951953614e-17,0.10108165734436882,1,True,-0.005476987405298179
2005-04-30,rev,mv,43,0.020948980331799334,2.223876843551525,0.04999999999999999,3.801667508157413,0.0,0.06786420338041793,0,True,-0.01953605710918608
2005-04-30,rev,diag,43,0.020948980331799334,1.3224102653882157,0.05,1.6845552710501128,3.122502256758253e-17,0.08791094670927217,0,True,-0.005111036740952707
2005-05-31,rev,mv,43,0.020494864015576066,2.4028332410832225,0.05,3.6779680288216157,0.0,0.0684540894801611,0,True,-0.004958265129693582
2005-05-31,rev,diag,43,0.020494864015576066,1.3142502545494523,0.05,1.6647286209862402,-5.551115123125783e-17,0.08071110946637793,0,True,0.007846844135562536
2005-06-30,rev,mv,43,0.020854384852421002,2.2911739439084613,0.05000000000000004,3.6175109197000612,2.7755575615628914e-17,0.08889846155171147,0,True,-9.794070888598943e-05
2005-06-30,rev,diag,43,0.020854384852421002,1.5711730994816537,0.05,1.4995034206341626,-7.806255641895632e-18,0.0777561854491436,0,True,0.005227311728229683
2005-07-31,rev,mv,44,0.021114004452588906,2.007892837456402,0.04999999999999999,3.033131595395974,-6.938893903907228e-17,0.0818152011180522,0,True,0.013834226932906155
2005-07-31,rev,diag,44,0.021114004452588906,1.3575286248334222,0.05000000000000001,1.5898386397053246,6.526897078362737e-17,0.09274062915858833,0,True,0.010710981967463217
2005-08-31,rev,mv,43,0.02134266267794415,2.051867570388246,0.04999999999999999,3.507026259039653,-4.163336342344337e-17,0.08146495719295337,0,True,0.008632011335160257
2005-08-31,rev,diag,43,0.02134266267794415,1.3805071265822588,0.05,1.7859891235268655,4.163336342344337e-17,0.07837989434978869,0,True,0.014044568529745659
2005-09-30,rev,mv,42,0.02193136163831231,1.843240482294567,0.04999999999999999,3.107856774540997,1.2836953722228372e-16,0.09347834582103973,0,True,-0.01771787786308579
2005-09-30,rev,diag,42,0.02193136163831231,1.8263627404557532,0.05000000000000001,1.1766132002128038,7.28583859910259e-17,0.11938616537159005,1,True,-0.017626222191893606
2005-10-31,rev,mv,43,0.020146845749954272,1.907930067588831,0.04999999999999999,3.7989366303381176,1.3704315460216776e-16,0.0775045110997598,0,True,-0.015582481917408037
2005-10-31,rev,diag,43,0.020146845749954272,1.6626216556861866,0.05000000000000002,1.4982370312356896,-2.7755575615628914e-17,0.07763440806396582,0,True,-0.0009134011307485037
2005-11-30,rev,mv,43,0.019837911315031067,1.9471814814545745,0.049999999999999996,3.9563307697850965,-2.2724877535296173e-16,0.07016535157921404,0,True,0.006124442897044269
2005-11-30,rev,diag,43,0.019837911315031067,1.4454650438616115,0.04999999999999998,1.4888810496214802,-1.734723475976807e-17,0.10663473752598057,1,True,0.004583264307261805
2005-12-31,rev,mv,44,0.019772713544513536,1.7250517641726588,0.05,4.158461209470081,-5.204170427930421e-17,0.08300049701225917,0,True,0.01319222021939758
2005-12-31,rev,diag,44,0.019772713544513536,1.3482234374307458,0.05,1.3244315337631218,-2.0816681711721685e-17,0.1395003048527795,2,True,0.02378495533625147
2006-01-31,rev,mv,45,0.02074777162312711,2.2643432589242054,0.049999999999999975,3.447553509454148,6.938893903907228e-17,0.10000000035701184,1,True,0.012399238268475265
2006-01-31,rev,diag,45,0.02074777162312711,1.3282917759847603,0.05000000000000002,1.6275660302763517,-1.222980050563649e-16,0.07980014742847143,0,True,0.0026898565146156873
2006-02-28,rev,mv,43,0.02146877669709091,1.9344231365268443,0.049999999999999996,3.692356415991294,-1.5265566588595902e-16,0.08408849763327635,0,True,-0.0016378114888472566
2006-02-28,rev,diag,43,0.02146877669709091,1.884993554687367,0.05,1.5446356184142567,-4.5102810375396984e-17,0.07540113978890325,0,True,0.01664168560076713
2006-03-31,rev,mv,45,0.022903884296379292,1.9290132537811373,0.049999999999999996,3.034328488958214,4.163336342344337e-17,0.08930390683320637,0,True,-0.0031797560618626285
2006-03-31,rev,diag,45,0.022903884296379292,2.282355137683846,0.05,1.1479463772061107,7.28583859910259e-17,0.08953247654765836,0,True,0.010808564322857662
2006-04-30,rev,mv,45,0.023896500751565672,1.766775427796391,0.05000000000000002,3.1836018505833246,-4.85722573273506e-17,0.08153367011419849,0,True,-0.01581095066537182
2006-04-30,rev,diag,45,0.023896500751565672,1.9000290989333186,0.05000000000000002,1.3534575107148212,1.734723475976807e-18,0.09583292140547926,0,True,-0.012563474408756475
2006-05-31,rev,mv,46,0.02312198348151335,2.442055462815214,0.05000000000000001,4.219841086350965,-2.2898349882893854e-16,0.05497131404927078,0,True,-0.004632573395195833
2006-05-31,rev,diag,46,0.02312198348151335,1.6937041021686798,0.049999999999999996,1.605490197296867,-2.0816681711721685e-17,0.06437460637043127,0,True,-0.00032457836797361594
2006-06-30,rev,mv,47,0.022738047116312193,2.0570313355036975,0.05000000000000001,3.9063968733932746,-2.7755575615628914e-17,0.06985262154727453,0,True,0.037727645139010745
2006-06-30,rev,diag,47,0.022738047116312193,1.588160641032648,0.05,1.37954208550268,1.7889335846010823e-17,0.12414250398682407,1,True,0.008506181098831563
2006-07-31,rev,mv,46,0.022923544600111253,2.1324860108282433,0.049999999999999996,3.7337452995364413,-1.1796119636642288e-16,0.0672288447269251,0,True,-0.029633564525790076
2006-07-31,rev,diag,46,0.022923544600111253,1.4643337128269078,0.05000000000000001,1.61078087364792,-2.0816681711721685e-17,0.07363993437093362,0,True,-0.012629122295591782
2006-08-31,rev,mv,46,0.02212827344691292,2.3858661390751923,0.04999999999999999,4.307698823196021,2.0816681711721685e-17,0.07845140013637908,0,True,0.003989646719984041
2006-08-31,rev,diag,46,0.02212827344691292,1.4875685936018912,0.04999999999999999,1.7266113255318871,6.938893903907228e-18,0.0549089641809375,0,True,0.013620529290524763
2006-09-30,rev,mv,45,0.022500746470700658,1.9578796452606717,0.05,3.6238014354852313,5.898059818321144e-17,0.08765963255997886,0,True,0.00016825693334874208
2006-09-30,rev,diag,45,0.022500746470700658,1.481853821853842,0.05,1.3340488341848105,-5.572799166575493e-17,0.13206808103674914,2,True,-0.008758863707146496
2006-10-31,rev,mv,45,0.02170125699033346,1.7782205995141869,0.05000000000000002,3.4738512980695666,-8.326672684688674e-17,0.07793259453187876,0,True,0.016168946586309553
2006-10-31,rev,diag,45,0.02170125699033346,2.0749548592382046,0.05,1.219034142319458,-5.204170427930421e-18,0.073862002669451,0,True,-0.00940261421875829
2006-11-30,rev,mv,45,0.020733374108801595,1.687050170761016,0.05,3.6205241020157777,0.0,0.06107827238148696,0,True,0.019442195367859526
2006-11-30,rev,diag,45,0.020733374108801595,1.796389370237202,0.05,1.38901977368559,0.0,0.08264969500050971,0,True,0.01092417784927533
2006-12-31,rev,mv,46,0.02149164303906014,2.5065506070476626,0.050000000000000024,3.469584187432217,-4.423544863740858e-17,0.09818517399349874,0,True,-0.01750616256309254
2006-12-31,rev,diag,46,0.02149164303906014,1.5324332886783134,0.04999999999999999,1.6592104117752449,-3.903127820947816e-18,0.07710348084121307,0,True,-0.006289289807845863
2007-01-31,rev,mv,47,0.02119998577604061,2.125198245441805,0.049999999999999996,3.3266175226043115,-1.5092094240998222e-16,0.09677845100012421,0,True,-0.009742389874911226
2007-01-31,rev,diag,47,0.02119998577604061,1.393176308845631,0.05,1.5882792805887793,7.48099499014998e-17,0.09685794597151083,0,True,-0.009020599055072062
2007-02-28,rev,mv,47,0.020293266359843267,1.876674911967929,0.04999999999999999,4.1962178248970075,1.5265566588595902e-16,0.07200340583875965,0,True,0.03894665729369297
2007-02-28,rev,diag,47,0.020293266359843267,1.6505357880830076,0.05000000000000002,1.476528161131895,-3.469446951953614e-17,0.07252325547866291,0,True,0.010495273864425201
2007-03-31,rev,mv,46,0.02144420631576484,2.2963536301568297,0.049999999999999996,4.301001203211302,3.469446951953614e-18,0.07884499879712521,0,True,0.014392287182514134
2007-03-31,rev,diag,46,0.02144420631576484,1.198543189669234,0.05000000000000001,1.9230495639824308,7.979727989493313e-17,0.05829219312037441,0,True,-0.0036931260844305087
2007-04-30,rev,mv,46,0.0212830459257377,2.104811420575529,0.05,3.446955198918958,-8.326672684688674e-17,0.0826780493174255,0,True,0.007933942830457412
2007-04-30,rev,diag,46,0.0212830459257377,1.3259047132932023,0.05000000000000002,1.9882934425273067,0.0,0.09542911687276164,0,True,-0.007485760121128858
2007-05-31,rev,mv,46,0.021182230056532945,1.9496616865207113,0.05,3.938799598636591,4.163336342344337e-17,0.06622256503260622,0,True,-0.018606789955890064
2007-05-31,rev,diag,46,0.021182230056532945,1.7210256572032694,0.05,1.7070671482815214,8.673617379884035e-17,0.059783945687098494,0,True,0.011032413871114153
2007-06-30,rev,mv,47,0.0221670289174787,2.4642186987695225,0.049999999999999996,3.7453426372275054,6.071532165918825e-17,0.0984955811101035,0,True,0.01928410942956421
2007-06-30,rev,diag,47,0.0221670289174787,1.8115946755854146,0.05,1.3581883445923606,0.0,0.08853288245611791,0,True,0.015755772514006904
2007-07-31,rev,mv,47,0.02234725352136724,2.12574266354637,0.05,3.051719242933359,2.7755575615628914e-17,0.09128893205044247,0,True,-0.003369924459410763
2007-07-31,rev,diag,47,0.02234725352136724,1.3858379998500914,0.04999999999999999,2.1570103120265807,-6.938893903907228e-18,0.09702890909584512,0,True,-0.0003807280944979855
2007-08-31,rev,mv,48,0.022314930601158182,1.9278535196841342,0.05,3.958720883108354,5.551115123125783e-17,0.06194412117763163,0,True,-0.0032704441563382383
2007-08-31,rev,diag,48,0.022314930601158182,1.7682587129409193,0.05,1.5782460129758866,6.938893903907228e-18,0.10543340118346761,1,True,0.01834671504693
2007-09-30,rev,mv,48,0.02326478063244293,2.4080794904973843,0.05,4.441155007719935,-5.551115123125783e-17,0.08711280610663963,0,True,0.0042025255560679126
2007-09-30,rev,diag,48,0.02326478063244293,1.7117874777135444,0.05000000000000001,1.644485678997778,-5.551115123125783e-17,0.06827328001954062,0,True,0.014398125060849034
2007-10-31,rev,mv,48,0.023288913951226592,2.24609838700347,0.05000000000000003,3.9817863189543186,-9.71445146547012e-17,0.1000000004338739,1,True,0.03705045729511657
2007-10-31,rev,diag,48,0.023288913951226592,1.6693040928110674,0.05000000000000001,1.841226480309679,0.0,0.08217818123321213,0,True,0.02130600231253424
2007-11-30,rev,mv,48,0.02366133567052266,2.019276516999711,0.05000000000000002,3.908733104854044,1.1102230246251565e-16,0.05956966420456623,0,True,0.021300952888568998
2007-11-30,rev,diag,48,0.02366133567052266,2.0676158068421207,0.05,1.406796657557518,1.3877787807814457e-17,0.06663931419093844,0,True,0.007182698946612247
2007-12-31,rev,mv,48,0.02412674907430553,2.2271094224486485,0.05,3.932116718266922,3.3306690738754696e-16,0.10000000069230709,1,True,-0.04612765282786238
2007-12-31,rev,diag,48,0.02412674907430553,1.7234513960939075,0.05,1.6429176284117233,5.551115123125783e-17,0.112181509821442,1,True,-0.05155383252963315
2008-01-31,rev,mv,48,0.022474345619583388,2.011940963723753,0.049999999999999996,3.559983796073292,6.938893903907228e-18,0.08681940345989937,0,True,0.04139421236101405
2008-01-31,rev,diag,48,0.022474345619583388,1.7633914076907415,0.05000000000000002,1.6919338518395826,0.0,0.11632399734830275,1,True,0.04727731138291173
2008-02-29,rev,mv,48,0.02327793080193228,2.2730578391856824,0.049999999999999996,4.077598492657089,-1.3877787807814457e-16,0.09886872211653783,0,True,-0.01023272481119012
2008-02-29,rev,diag,48,0.02327793080193228,1.9948266371890224,0.05000000000000001,1.611744906417495,-4.163336342344337e-17,0.05500383600429705,0,True,0.0010758125584316512
2008-03-31,rev,mv,48,0.02341833403787906,2.2348493551929485,0.05000000000000002,3.6995638751889297,-1.1102230246251565e-16,0.09197251443499464,0,True,-0.025643236805160105
2008-03-31,rev,diag,48,0.02341833403787906,2.4060035318791053,0.05000000000000001,1.2564729306314337,0.0,0.06921062728296866,0,True,-0.0060203106381606026
2008-04-30,rev,mv,48,0.02329315459562245,2.247443058206223,0.04999999999999999,4.827443314906697,-1.1102230246251565e-16,0.10000000046781987,1,True,0.0061571396877008345
2008-04-30,rev,diag,48,0.02329315459562245,2.1353262331820657,0.05,1.4665962208055594,-5.551115123125783e-17,0.0897389294026166,0,True,0.010048903880065343
2008-05-31,rev,mv,48,0.023638571079833567,1.970746573379905,0.04999999999999999,3.7462596415210987,-1.6653345369377348e-16,0.05213723939909057,0,True,-0.004326857799492158
2008-05-31,rev,diag,48,0.023638571079833567,2.556091700567369,0.05,1.330286540361076,2.7755575615628914e-17,0.06850394390813695,0,True,0.03528273243123779
2008-06-30,rev,mv,48,0.024861223990478905,2.0333161485797837,0.05,3.461291754042043,1.1102230246251565e-16,0.09416922964373342,0,True,-0.047344008907616
2008-06-30,rev,diag,48,0.024861223990478905,2.5328121003065656,0.05,1.2812254589735874,0.0,0.0912802403087644,0,True,-0.03218679309565574
2008-07-31,rev,mv,48,0.023885383968598604,2.0080749189824028,0.05,3.5538318480657445,0.0,0.09572583633465206,0,True,-0.030865710175114167
2008-07-31,rev,diag,48,0.023885383968598604,2.5183913748072095,0.05,1.2059867225069123,-5.551115123125783e-17,0.09430941589928134,0,True,-0.015386662916425545
2008-08-31,rev,mv,47,0.022981649495235876,2.495126147779755,0.05000000000000001,3.68124816946863,9.71445146547012e-17,0.05393521475029192,0,True,-0.01803818550348852
2008-08-31,rev,diag,47,0.022981649495235876,1.7629838520950083,0.049999999999999996,1.619946320437883,8.326672684688674e-17,0.06682815047973414,0,True,-0.006257950885515227
2008-09-30,rev,mv,47,0.02293818698952146,1.942612196774844,0.05,3.2236283323519515,5.551115123125783e-17,0.08091914647702884,0,True,0.03442943041156724
2008-09-30,rev,diag,47,0.02293818698952146,1.9681192651612636,0.05,1.494347153709843,-3.5214886562329184e-16,0.07158729171757126,0,True,0.03790728153712047
2008-10-31,rev,mv,47,0.023503222028112523,2.9305138358540925,0.04999999999999998,4.520561337984438,-7.632783294297951e-17,0.07702340588520806,0,True,0.013565081006267575
2008-10-31,rev,diag,47,0.023503222028112523,2.188311317005617,0.05000000000000002,1.3864042792510944,-8.326672684688674e-17,0.07582312423973514,0,True,-0.002074172399216385
2008-11-30,rev,mv,47,0.023344223357455368,2.2932055168944836,0.04999999999999998,4.462606072899324,3.191891195797325e-16,0.09999999998283592,1,True,-0.01236812036506696
2008-11-30,rev,diag,47,0.023344223357455368,2.468110419854236,0.049999999999999996,1.1423068685869313,-7.28583859910259e-17,0.08011819473145536,0,True,0.00948408840960391
2008-12-31,rev,mv,47,0.023385572653097132,2.4573460050107707,0.05,4.138737279082598,-4.85722573273506e-17,0.09649017044681253,0,True,0.04980337321678974
2008-12-31,rev,diag,47,0.023385572653097132,2.374734468145281,0.05,1.3655019918236138,-3.8163916471489756e-17,0.07743128514982542,0,True,0.022759050436207965
2009-01-31,rev,mv,44,0.024307564008882215,2.717240463824141,0.04999999999999993,4.566742380258107,5.551115123125783e-17,0.1000000002126586,1,True,-0.04104871350377073
2009-01-31,rev,diag,44,0.024307564008882215,2.259456519493179,0.049999999999999996,1.109791649715882,-1.0408340855860843e-17,0.09766323459344015,0,True,-0.015763160891562822
2009-02-28,rev,mv,45,0.024041293679606425,3.0014499102334935,0.04999999999999999,3.8146131451632725,1.249000902703301e-16,0.10000000000995607,1,True,-0.0382854117849911
2009-02-28,rev,diag,45,0.024041293679606425,1.8580278249271054,0.05000000000000002,1.5975432351599657,6.245004513516506e-17,0.06242795900362656,0,True,-0.03015782842212949
2009-03-31,rev,mv,46,0.02314788882792853,2.6903150905811932,0.049999999999999996,4.540180816813673,-2.7755575615628914e-17,0.07233761349825991,0,True,-0.07341381233170154
2009-03-31,rev,diag,46,0.02314788882792853,1.7805309099419198,0.04999999999999999,1.3982589876077516,-4.163336342344337e-17,0.08535781755066005,0,True,-0.12244425366098449
2009-04-30,rev,mv,46,0.021429497109822525,1.8505465755855923,0.05000000000000002,3.5776316792952705,1.214306433183765e-16,0.06398881071823649,0,True,-0.018774049883761343
2009-04-30,rev,diag,46,0.021429497109822525,2.278700312988602,0.049999999999999996,1.042250321902825,3.469446951953614e-18,0.06648808266383738,0,True,-0.017536252024039915
2009-05-31,rev,mv,45,0.020260141974165934,2.2275132455464806,0.05000000000000004,3.463361236081613,0.0,0.0697719852764545,0,True,-0.011086856001037402
2009-05-31,rev,diag,45,0.020260141974165934,2.1871483422593965,0.05000000000000001,0.9369224721537176,6.765421556309548e-17,0.07637670675017234,0,True,0.011484232633203396
2009-06-30,rev,mv,46,0.021001545426810344,2.500198069646109,0.05000000000000002,3.9281669657257927,-2.2898349882893854e-16,0.06308146371432546,0,True,-0.08479020982796773
2009-06-30,rev,diag,46,0.021001545426810344,1.893456835004545,0.05000000000000002,0.9941642594705117,4.423544863740858e-17,0.10377365452537289,1,True,-0.03919015154770893
2009-07-31,rev,mv,46,0.019308827871029135,3.177359506221543,0.04999999999999999,4.521525785876632,1.249000902703301e-16,0.07943649729158143,0,True,-0.058108131492349425
2009-07-31,rev,diag,46,0.019308827871029135,1.4769954195065804,0.04999999999999999,1.4329132094213082,9.367506770274758e-17,0.06052749363241281,0,True,-0.020942160094320216
2009-08-31,rev,mv,45,0.01805858517516283,2.287831887212774,0.049999999999999975,3.7035205184584754,1.3877787807814457e-17,0.07688399058546751,0,True,-0.009003153300801129
2009-08-31,rev,diag,45,0.01805858517516283,1.5979531639475242,0.05,1.0146659488480938,-1.3877787807814457e-17,0.0836313747220481,0,True,-0.013308720575746431
2009-09-30,rev,mv,44,0.017075310301805518,1.7008024591583653,0.04999999999999998,3.9046081811502087,8.326672684688674e-17,0.10000000056171628,1,True,-0.016250274648510844
2009-09-30,rev,diag,44,0.017075310301805518,1.3269531856183292,0.05,1.1491957467301313,8.326672684688674e-17,0.114333459172782,2,True,0.013272065490270064
2009-10-31,rev,mv,44,0.017715445491231704,2.066047783809256,0.04999999999999998,3.81929745582729,-3.122502256758253e-17,0.059552104190531786,0,True,-0.01162083556721928
2009-10-31,rev,diag,44,0.017715445491231704,1.136673857862626,0.05,1.4054224735804899,1.0755285551056204e-16,0.12163466172518714,1,True,-0.016043320351759347
2009-11-30,rev,mv,44,0.01701463110336395,2.0972739441014667,0.04999999999999991,3.423565127816809,2.8189256484623115e-17,0.08497452954777045,0,True,0.009405259360302908
2009-11-30,rev,diag,44,0.01701463110336395,1.466934702934783,0.05,1.0796039034281713,5.898059818321144e-17,0.09378948403300331,0,True,-0.012600435361150285
2009-12-31,rev,mv,44,0.016233206147884746,2.140004600571556,0.05000000000000002,4.281302964446362,-2.0816681711721685e-17,0.07445989367128333,0,True,0.01649830798750565
2009-12-31,rev,diag,44,0.016233206147884746,0.9927790237450418,0.049999999999999996,1.580500654584586,2.949029909160572e-17,0.07697362623555136,0,True,-0.0031085444313423798
2010-01-31,rev,mv,43,0.01594911319670178,1.860462690407868,0.05,3.7657705918865796,-1.3877787807814457e-16,0.08314965759533464,0,True,0.003244218715384324
2010-01-31,rev,diag,43,0.01594911319670178,1.0461956569925397,0.05,1.4671822843802107,-7.979727989493313e-17,0.07596889164075911,0,True,0.01110572472521816
2010-02-28,rev,mv,47,0.016544371796632356,1.4429625070513676,0.04999999999999998,3.471488044045677,-5.551115123125783e-17,0.0719792545213871,0,True,-0.0014842736601933164
2010-02-28,rev,diag,47,0.016544371796632356,1.3750711066963097,0.049999999999999996,1.510547384242399,-2.5153490401663703e-17,0.06427013363077023,0,True,0.003068169290117394
2010-03-31,rev,mv,47,0.016782327698662208,1.9402859647834252,0.05,4.445642567435039,1.8041124150158794e-16,0.08624246502908182,0,True,0.030635772102673767
2010-03-31,rev,diag,47,0.016782327698662208,1.16339567038959,0.05,1.4486125410554327,-2.0816681711721685e-17,0.10876183575147103,1,True,0.009922943025958099
2010-04-30,rev,mv,48,0.016699463170211735,1.1289550486947215,0.05000000000000005,4.383333619542073,0.0,0.07112192200288174,0,True,0.023934374105587672
2010-04-30,rev,diag,48,0.016699463170211735,1.438304396141794,0.05,1.055453905598604,2.7755575615628914e-17,0.08941166519091878,0,True,0.0015508787415057165
2010-05-31,rev,mv,48,0.016706667014113923,1.784287504577371,0.05,4.203549767926762,5.551115123125783e-17,0.08784791761719778,0,True,-0.011767730214347199
2010-05-31,rev,diag,48,0.016706667014113923,2.102285627866704,0.049999999999999996,0.962263156040694,8.326672684688674e-17,0.05532493037848178,0,True,-0.013325469195708364
2010-06-30,rev,mv,48,0.015840182953629996,1.8499319218062975,0.049999999999999954,4.863148627690489,5.551115123125783e-17,0.06938499877856372,0,True,-0.03659074271705784
2010-06-30,rev,diag,48,0.015840182953629996,1.543651235384947,0.05,1.3015214759773832,1.3877787807814457e-17,0.07204859386559033,0,True,0.0083032439545449
2010-07-31,rev,mv,48,0.016061051830056083,1.744248099633762,0.050000000000000086,3.9586089034296403,-1.1102230246251565e-16,0.0672173249485698,0,True,0.024126193646308716
2010-07-31,rev,diag,48,0.016061051830056083,1.2275526413940268,0.04999999999999999,1.4693825484046201,-5.551115123125783e-17,0.09044123835468422,0,True,0.000983748530983472
2010-08-31,rev,mv,47,0.015904424795831328,1.5907169607843918,0.04999999999999999,3.7648101093850648,7.112366251504909e-17,0.08432922067549387,0,True,0.025980183139840546
2010-08-31,rev,diag,47,0.015904424795831328,1.5211470086482572,0.049999999999999996,1.1177771935420546,1.734723475976807e-18,0.061132496443001554,0,True,0.024981909334822174
2010-09-30,rev,mv,47,0.016929907203882155,2.296619890021903,0.049999999999999996,4.614299064275544,-2.7755575615628914e-17,0.0769517314909796,0,True,0.006130546184010866
2010-09-30,rev,diag,47,0.016929907203882155,1.0173528211684884,0.04999999999999999,1.8481651474856537,-9.71445146547012e-17,0.07315847880686582,0,True,0.011615262009381264
2010-10-31,rev,mv,47,0.017166260246021022,1.987239307997334,0.05000000000000008,4.734422063217966,8.326672684688674e-17,0.0650198457194279,0,True,-0.006356566123403012
2010-10-31,rev,diag,47,0.017166260246021022,1.2331645511282294,0.04999999999999999,1.2990512313819038,-5.594483210025203e-17,0.09853039071961396,0,True,0.011826089512036867
2010-11-30,rev,mv,47,0.01736342153382211,2.05883108332248,0.04999999999999999,4.590717271163759,-5.551115123125783e-17,0.08657097693811142,0,True,0.004781533546583132
2010-11-30,rev,diag,47,0.01736342153382211,1.3226037426817046,0.05000000000000001,1.523328453975508,-1.249000902703301e-16,0.07311492932296443,0,True,-0.015218403329482424
2010-12-31,rev,mv,46,0.0167610262921944,1.8422659909170307,0.050000000000000024,4.300205705540186,1.214306433183765e-17,0.07837237787747942,0,True,-0.006747385732386015
2010-12-31,rev,diag,46,0.0167610262921944,1.382363051234657,0.05,1.250376208180732,0.0,0.11883151342586422,1,True,-0.01559652769573327
2011-01-31,rev,mv,47,0.016188040681900044,1.4713264869812872,0.04999999999999998,3.916679468654637,-2.7755575615628914e-17,0.06881238881550908,0,True,0.020594160561479277
2011-01-31,rev,diag,47,0.016188040681900044,0.8910736330102228,0.05000000000000001,1.2191450826310426,-1.9081958235744878e-17,0.09967433516879308,0,True,-8.986046136597991e-05
2011-02-28,rev,mv,47,0.016102702966623,1.7229836920527315,0.049999999999999996,3.5582546534986013,-7.632783294297951e-17,0.10000000018787567,1,True,-0.008612773660704745
2011-02-28,rev,diag,47,0.016102702966623,1.266068039163662,0.05000000000000001,1.5446096087456929,0.0,0.08018470840501223,0,True,0.01054672483292678
2011-03-31,rev,mv,47,0.016443076415577927,2.051871918798762,0.04999999999999997,4.559236269963854,-4.85722573273506e-17,0.06321218667189889,0,True,-0.011079124415055033
2011-03-31,rev,diag,47,0.016443076415577927,1.0536664599860874,0.05000000000000002,2.028207575051706,-1.3877787807814457e-17,0.06604025160659717,0,True,8.724778630457718e-06
2011-04-30,rev,mv,46,0.015757791098255695,1.738615521617828,0.05,4.031119360432039,1.3183898417423734e-16,0.09689463559642605,0,True,-0.005393430573810159
2011-04-30,rev,diag,46,0.015757791098255695,1.4088437119611308,0.05,1.1780779945683788,-6.938893903907228e-17,0.0928451236246356,0,True,-0.013541610889393875
2011-05-31,rev,mv,47,0.015066016017792396,1.629756003099016,0.04999999999999994,3.934275677995643,1.3877787807814457e-17,0.07817074788202719,0,True,0.0020092996634209974
2011-05-31,rev,diag,47,0.015066016017792396,1.037959979598657,0.05,1.747023344408259,7.632783294297951e-17,0.08388043441077332,0,True,0.008759428238536917
2011-06-30,rev,mv,45,0.015336764535042869,2.017546313202483,0.05000000000000002,4.603879237904805,-1.942890293094024e-16,0.10000000074393167,1,True,0.042414110284102746
2011-06-30,rev,diag,45,0.015336764535042869,1.117108043084983,0.050000000000000024,1.6348184252469626,-4.85722573273506e-17,0.09690075394689326,0,True,0.0252769837936822
2011-07-31,rev,mv,45,0.01613746802489588,1.5533256594212963,0.04999999999999999,4.79772320829909,1.5059568175823657e-16,0.0644093628132314,0,True,-0.0012660427638803455
2011-07-31,rev,diag,45,0.01613746802489588,1.2432504143284286,0.04999999999999999,1.7130177313534611,4.85722573273506e-17,0.10306764992761798,1,True,0.010736209676623481
2011-08-31,rev,mv,45,0.01646520358591332,1.7068763173981694,0.04999999999999998,4.184220071558945,1.3877787807814457e-17,0.08996715808005296,0,True,0.01464247922727232
2011-08-31,rev,diag,45,0.01646520358591332,1.1816292457554525,0.05,1.7561608368184833,6.938893903907228e-17,0.060321430184280996,0,True,0.035371681255551866
2011-09-30,rev,mv,45,0.017118259345967425,1.6730495387177595,0.05000000000000001,3.5315425867198584,5.551115123125783e-17,0.09999999965521056,1,True,-0.015101505091945865
2011-09-30,rev,diag,45,0.017118259345967425,1.213874255130219,0.05000000000000002,1.3666747866210915,-8.673617379884035e-19,0.09261733903613814,0,True,-0.026285198170514147
2011-10-31,rev,mv,44,0.016354864491926857,1.6483423344664045,0.05000000000000005,4.8049182252765075,-1.0408340855860843e-17,0.056700534594352744,0,True,0.0013356520771114573
2011-10-31,rev,diag,44,0.016354864491926857,1.2185635570645263,0.05000000000000002,1.6212230204711904,-1.214306433183765e-16,0.08831808273624861,0,True,-0.004674730549252147
2011-11-30,rev,mv,45,0.016425757841030977,2.0131707608542078,0.05000000000000003,4.703602382320471,2.0816681711721685e-17,0.0970674556489404,0,True,0.03707698452104613
2011-11-30,rev,diag,45,0.016425757841030977,1.312540379757235,0.05,1.463488195046566,-1.214306433183765e-17,0.06322874400365157,0,True,0.021994999853055513
2011-12-31,rev,mv,45,0.017371441207071167,1.8057943524861968,0.04999999999999992,3.809194347875606,5.551115123125783e-17,0.10000000000841872,1,True,0.03146217767623783
2011-12-31,rev,diag,45,0.017371441207071167,1.6441060294502376,0.05,1.224918054470003,-1.3877787807814457e-17,0.08533563861727275,0,True,-0.02142398482527581
2012-01-31,rev,mv,45,0.016665163763244145,1.8353743119277655,0.049999999999999954,4.626112922384835,2.498001805406602e-16,0.10000000058794636,1,True,0.012165953734379393
2012-01-31,rev,diag,45,0.016665163763244145,1.4850039128373793,0.050000000000000024,1.3934310928702502,-8.673617379884035e-19,0.08398195254794276,0,True,0.002331683375977946
2012-02-29,rev,mv,45,0.016891597952627405,1.6669491296961096,0.04999999999999994,3.672843517206351,1.8735013540549517e-16,0.07000505549993954,0,True,0.019211976756955736
2012-02-29,rev,diag,45,0.016891597952627405,1.3591534477488931,0.04999999999999999,1.514571507891687,-9.508453052697874e-17,0.08026823524830075,0,True,0.02328018573627327
2012-03-31,rev,mv,45,0.017759280912365352,1.7619787277894898,0.05,4.1894471057699505,-8.326672684688674e-17,0.10000000053453618,1,True,0.009883278916282276
2012-03-31,rev,diag,45,0.017759280912365352,1.4295180395079892,0.050000000000000024,1.4066082840654717,1.3877787807814457e-16,0.08602561619151324,0,True,-0.0022475059717599784
2012-04-30,rev,mv,45,0.017155161199473138,1.5857677756057558,0.05,3.946407174309856,-2.7755575615628914e-17,0.06172855738571495,0,True,0.018088356617551708
2012-04-30,rev,diag,45,0.017155161199473138,1.7977945872188372,0.05,1.1785114510354728,2.7755575615628914e-17,0.06387809154260474,0,True,0.015020583813149494
2012-05-31,rev,mv,45,0.017454733938995614,1.909005792210305,0.05000000000000006,4.450117771848742,-9.71445146547012e-17,0.07760773152371776,0,True,0.0043238231835025535
2012-05-31,rev,diag,45,0.017454733938995614,1.5097664270033497,0.049999999999999996,1.39498638468815,3.469446951953614e-17,0.06573955625296064,0,True,-0.006065606061618469
2012-06-30,rev,mv,45,0.01699699891083596,2.06114259358715,0.05,4.513039021268041,3.469446951953614e-17,0.08465046480947926,0,True,-0.0018147157938514984
2012-06-30,rev,diag,45,0.01699699891083596,1.2244574621537445,0.04999999999999999,1.6506843428692177,1.734723475976807e-18,0.08761305675532617,0,True,-0.00545078784398721
2012-07-31,rev,mv,45,0.016601739110567167,1.709259622020312,0.050000000000000024,3.909222063817838,-7.979727989493313e-17,0.057669069870592636,0,True,-0.009410485036820236
2012-07-31,rev,diag,45,0.016601739110567167,1.208949781557816,0.05,1.7412771012376704,3.165870343657673e-17,0.0637418357773803,0,True,-0.0019833967106642853
2012-08-31,rev,mv,44,0.01659576705179128,1.913060702144867,0.05000000000000004,3.8807080525309794,5.551115123125783e-17,0.06768995940643714,0,True,-0.001506716561504172
2012-08-31,rev,diag,44,0.01659576705179128,1.4854998811300435,0.04999999999999999,1.3707203864360613,-1.0234868508263162e-16,0.05690453856456258,0,True,-0.007778731421465867
2012-09-30,rev,mv,43,0.016265589272075182,1.5475874381690935,0.05000000000000006,3.769550806717797,-1.1102230246251565e-16,0.07816806283854699,0,True,-0.042635999368646565
2012-09-30,rev,diag,43,0.016265589272075182,1.2371183035428206,0.04999999999999999,1.315369357710749,0.0,0.0885279172539775,0,True,-0.02056879748755733
2012-10-31,rev,mv,44,0.016094523805904773,1.4023289595983481,0.05,3.581392074063374,-1.3877787807814457e-16,0.07485638709384985,0,True,-0.006206616341742936
2012-10-31,rev,diag,44,0.016094523805904773,1.4928754897471264,0.05,1.2308460806256434,8.326672684688674e-17,0.06909903245825773,0,True,-0.0007297943431477016
2012-11-30,rev,mv,44,0.015433186587570659,1.7542730634977513,0.04999999999999997,4.68124193612428,2.5673907444456745e-16,0.09749435962206568,0,True,0.008927857674164728
2012-11-30,rev,diag,44,0.015433186587570659,1.2057225253726473,0.05,1.5990230520040207,5.551115123125783e-17,0.07373760562660844,0,True,-0.001036455694605734
2012-12-31,rev,mv,44,0.015501555752806291,1.4889894160987194,0.04999999999999991,4.071103054286889,1.8735013540549517e-16,0.09240723826004174,0,True,0.00028838940525718367
2012-12-31,rev,diag,44,0.015501555752806291,1.3858969999408222,0.05,1.3079759536508588,7.28583859910259e-17,0.12959724909526857,1,True,0.004828532229300623
2013-01-31,rev,mv,45,0.015695780584987672,1.6637001726554714,0.04999999999999998,5.023856856930054,-2.0816681711721685e-17,0.0642638757746754,0,True,-0.004190175802049952
2013-01-31,rev,diag,45,0.015695780584987672,0.9787295953792494,0.049999999999999996,2.0805548695443967,-3.729655473350135e-17,0.06228443662842088,0,True,0.00932601555781072
2013-02-28,rev,mv,46,0.016031611310479848,1.7339569271622115,0.04999999999999999,4.733808857005888,-4.0245584642661925e-16,0.07038218892606914,0,True,-0.012852078203019418
2013-02-28,rev,diag,46,0.016031611310479848,1.4743326678374291,0.05000000000000001,1.4551100748197585,1.0191500421363742e-16,0.09541989940094123,0,True,0.0012874382427391882
2013-03-31,rev,mv,45,0.01628927151380181,1.7209710958434137,0.04999999999999997,4.680539523958031,1.1102230246251565e-16,0.1000000009710595,1,True,0.009820977022741557
2013-03-31,rev,diag,45,0.01628927151380181,1.1470379263110009,0.05000000000000002,1.5591740180664673,-8.326672684688674e-17,0.08146956876598863,0,True,0.015147478717794424
2013-04-30,rev,mv,45,0.01664406942411437,1.466786699091245,0.049999999999999975,4.007110584037059,-1.3877787807814457e-16,0.07503775735274566,0,True,0.011714391398164239
2013-04-30,rev,diag,45,0.01664406942411437,1.6560473993128855,0.04999999999999998,1.1636056800392993,-1.5612511283791264e-17,0.09108692091512802,0,True,0.0001685994422620921
2013-05-31,rev,mv,44,0.016420732483172044,1.492926343910112,0.04999999999999997,4.72533837864199,-1.249000902703301e-16,0.05485763245342563,0,True,0.016953440035044648
2013-05-31,rev,diag,44,0.016420732483172044,1.3958329605222453,0.04999999999999999,1.390993803584045,8.153200337090993e-17,0.07263131908322891,0,True,0.02214896013713725
2013-06-30,rev,mv,44,0.017101323770907666,1.7026656811777277,0.04999999999999992,4.737068366748366,2.0816681711721685e-17,0.08538875471339168,0,True,-0.01359110902077394
2013-06-30,rev,diag,44,0.017101323770907666,1.6833135649463418,0.05,1.3080275518171294,-1.7520707107365752e-16,0.10043109785071752,1,True,0.00015387071127165967
2013-07-31,rev,mv,44,0.016848316058556457,1.6195263094870385,0.05000000000000002,4.4323753133463635,5.551115123125783e-17,0.07901147196808768,0,True,-0.019933882973273517
2013-07-31,rev,diag,44,0.016848316058556457,1.3216087060061943,0.05,1.4229190488374017,-7.892991815694472e-17,0.062363651049124995,0,True,-0.013154211922614243
2013-08-31,rev,mv,45,0.015832720218495206,1.5557398810902148,0.05000000000000002,4.107708763095613,-9.71445146547012e-17,0.07639682777903928,0,True,0.018307508786897974
2013-08-31,rev,diag,45,0.015832720218495206,1.1509366274557353,0.04999999999999999,1.7976471699886265,-9.71445146547012e-17,0.08181919511160768,0,True,0.015358078528609313
2013-09-30,rev,mv,44,0.01633745014677508,1.456440575080973,0.05,4.136870831016072,4.85722573273506e-17,0.07136808856201937,0,True,-0.01775706786866864
2013-09-30,rev,diag,44,0.01633745014677508,0.651682359261985,0.05000000000000002,2.0759040265303814,4.85722573273506e-17,0.09231164680034917,0,True,-0.013766602415802692
2013-10-31,rev,mv,44,0.015500955640472198,1.8298417167387795,0.05000000000000002,4.336880480184591,9.020562075079397e-17,0.08711765085921637,0,True,0.011423946850195698
2013-10-31,rev,diag,44,0.015500955640472198,1.0035448680532761,0.05,1.936545210251703,4.5536491244391186e-17,0.10442237930662805,1,True,0.014200802857327628
2013-11-30,rev,mv,44,0.016170678488152533,1.86305003702766,0.04999999999999999,4.096781741886486,8.326672684688674e-17,0.06680540013993719,0,True,0.005442954267845531
2013-11-30,rev,diag,44,0.016170678488152533,0.8249984752327003,0.04999999999999999,2.653461085702261,1.3877787807814457e-16,0.06441961383369675,0,True,-0.0012579244081969679
2013-12-31,rev,mv,45,0.015616758767980462,1.6193730713449113,0.049999999999999996,4.227402436613154,-6.938893903907228e-18,0.08356614920957346,0,True,0.026516743250045254
2013-12-31,rev,diag,45,0.015616758767980462,1.150987255027645,0.05,1.8355333747757194,-2.0816681711721685e-17,0.08313901380775203,0,True,0.016277702020355878
2014-01-31,rev,mv,45,0.01627666749475715,1.5319133340234639,0.04999999999999996,4.163700969863371,-9.020562075079397e-17,0.062446743757129324,0,True,-0.026279197669433162
2014-01-31,rev,diag,45,0.01627666749475715,1.1560675600458075,0.05000000000000002,1.7451898617190644,-1.3877787807814457e-17,0.08257448420650555,0,True,-0.013431716110037642
2014-02-28,rev,mv,45,0.015458718034576996,1.4693177925839984,0.04999999999999996,4.963018929783391,1.3877787807814457e-17,0.054971417438711805,0,True,0.00498145018861519
2014-02-28,rev,diag,45,0.015458718034576996,1.0179348157237393,0.05,1.9748812668601168,-1.0408340855860843e-16,0.06917339669642451,0,True,-0.002995507385243152
2014-03-31,rev,mv,45,0.015253812455852191,1.1561044641730895,0.05000000000000002,3.9147709245452105,4.5536491244391186e-17,0.10000000040291186,1,True,-0.00553861257619975
2014-03-31,rev,diag,45,0.015253812455852191,0.9132604864653069,0.05,1.82586794153604,-6.938893903907228e-18,0.11812611348141344,1,True,0.00036190079419017295
2014-04-30,rev,mv,46,0.015407795077858234,1.5228320938371034,0.04999999999999999,4.583051054336841,1.5265566588595902e-16,0.1000000007857295,1,True,0.004918267395296476
2014-04-30,rev,diag,46,0.015407795077858234,1.464015682832001,0.04999999999999999,1.4421733388191436,-3.469446951953614e-17,0.0978917561784085,0,True,0.007363393159995596
2014-05-31,rev,mv,46,0.016137390766062517,1.4416329927412697,0.04999999999999998,4.65837215417901,-2.498001805406602e-16,0.04893208056491598,0,True,0.00896454092472092
2014-05-31,rev,diag,46,0.016137390766062517,1.182374308971085,0.05000000000000001,1.8952925445949196,-2.7755575615628914e-17,0.07705959479091744,0,True,0.00024189419914919931
2014-06-30,rev,mv,46,0.016216769281578978,1.7878985068835942,0.05,4.655843577727386,5.898059818321144e-17,0.09020845553393825,0,True,0.017624990027063074
2014-06-30,rev,diag,46,0.016216769281578978,1.0394382306373895,0.05,2.0563240848759214,-7.632783294297951e-17,0.10133468502938477,1,True,0.013486657047952167
2014-07-31,rev,mv,45,0.016754259256629496,1.8228315695115764,0.04999999999999996,5.0243248942547565,-1.1102230246251565e-16,0.06072680842990735,0,True,-0.0016497205290379221
2014-07-31,rev,diag,45,0.016754259256629496,0.9861913362039534,0.04999999999999999,2.1104907047812347,8.673617379884035e-17,0.08015567508842293,0,True,0.006389071233144242
2014-08-31,rev,mv,45,0.016941628103754155,1.4511115225429085,0.05000000000000001,3.986411093199078,1.3877787807814457e-17,0.0752336816574474,0,True,0.033443570289335915
2014-08-31,rev,diag,45,0.016941628103754155,1.382499955034923,0.05000000000000001,1.4495544118759336,9.020562075079397e-17,0.09313500851716491,0,True,0.028322805684894085
2014-09-30,rev,mv,46,0.017891532393297913,1.8152520155166425,0.04999999999999999,5.212925480051707,1.3877787807814457e-17,0.08353401922562359,0,True,0.0402212090865696
2014-09-30,rev,diag,46,0.017891532393297913,1.4693772408567978,0.05,1.6019357526503477,-3.729655473350135e-17,0.09320145197142962,0,True,0.02521331722655543
2014-10-31,rev,mv,46,0.01834865321466726,1.7855490608591196,0.05000000000000001,3.9764816589042518,-1.457167719820518e-16,0.07795737298679795,0,True,0.004088721997751633
2014-10-31,rev,diag,46,0.01834865321466726,1.3587093347307744,0.05,1.9662222274196313,4.85722573273506e-17,0.07122959029707586,0,True,0.025920531049967787
2014-11-30,rev,mv,45,0.018796799645764087,1.8221579956827618,0.04999999999999998,4.902258856089547,-1.942890293094024e-16,0.07800724156670685,0,True,0.025079251020665376
2014-11-30,rev,diag,45,0.018796799645764087,1.5629502958112222,0.05000000000000001,1.718469021352726,1.3877787807814457e-16,0.06962200786195719,0,True,0.021472337020710077
2014-12-31,rev,mv,46,0.01925256643159821,1.7496334444648964,0.049999999999999996,4.151153212652718,-5.551115123125783e-17,0.07093772655964983,0,True,0.013522862286127152
2014-12-31,rev,diag,46,0.01925256643159821,1.347693796151911,0.049999999999999996,1.8059670643234218,1.3877787807814457e-17,0.08962812798049466,0,True,0.0030247623370685587
2015-01-31,rev,mv,45,0.019324656683304728,2.1417348431753744,0.04999999999999999,4.539056244014493,0.0,0.10000000030645995,1,True,0.017032087375881206
2015-01-31,rev,diag,45,0.019324656683304728,1.5794266531040762,0.05,1.7074682480505163,9.020562075079397e-17,0.0896385753936996,0,True,0.0016156646322353899
2015-02-28,rev,mv,46,0.019254702360761114,1.749982421248073,0.04999999999999999,4.266907485348835,1.249000902703301e-16,0.07502230182571555,0,True,-0.01655022391955022
2015-02-28,rev,diag,46,0.019254702360761114,1.3344874900425847,0.05,2.111138288287475,1.3877787807814457e-17,0.06511739854842878,0,True,0.007418877279489722
2015-03-31,rev,mv,46,0.019784323321030875,2.0754338297182993,0.049999999999999996,4.677211427689844,-5.551115123125783e-17,0.056750925464253234,0,True,0.005321709426750944
2015-03-31,rev,diag,46,0.019784323321030875,1.3355696498074565,0.05,1.6789503741429632,4.7488055154865094e-17,0.07835210516559848,0,True,-0.014046533048180675
2015-04-30,rev,mv,46,0.01927569608446532,1.5233566082156795,0.04999999999999998,3.6207445485270955,-2.7755575615628914e-17,0.07061978536579352,0,True,0.019009204088120575
2015-04-30,rev,diag,46,0.01927569608446532,1.6502633577364172,0.04999999999999999,1.7712564685596894,-3.469446951953614e-17,0.09575786111599588,0,True,0.016613753980932445
2015-05-31,rev,mv,46,0.020195479129541907,2.0180569009022733,0.05,5.103695676075574,0.0,0.06960407561552372,0,True,-0.0013357108404359647
2015-05-31,rev,diag,46,0.020195479129541907,1.4962537038563657,0.05000000000000002,2.178052917635247,-5.551115123125783e-17,0.08307482559203777,0,True,0.0050152974389153235
2015-06-30,rev,mv,46,0.020389215052699302,2.2700902295875074,0.04999999999999997,4.529047251140248,1.1796119636642288e-16,0.09433199676823822,0,True,-0.016885790700981236
2015-06-30,rev,diag,46,0.020389215052699302,1.1744228723180417,0.04999999999999999,2.066489932358421,-4.85722573273506e-17,0.13472689636720508,1,True,0.013177176836132492
2015-07-31,rev,mv,45,0.02084761860230816,1.834816606157427,0.050000000000000024,4.003243700246062,-7.28583859910259e-17,0.0802135285089631,0,True,0.005421207711677033
2015-07-31,rev,diag,45,0.02084761860230816,1.9579362966458747,0.049999999999999996,1.2440132107850348,-1.7997756063259374e-17,0.09112443553563444,0,True,0.0014290959939196252
2015-08-31,rev,mv,44,0.020630699945825726,2.0089243749431343,0.050000000000000024,5.428176545708639,-3.885780586188048e-16,0.08388088922308522,0,True,-0.0239516880599677
2015-08-31,rev,diag,44,0.020630699945825726,1.829251731579233,0.04999999999999999,1.6197759790926463,-6.938893903907228e-17,0.100571379742866,1,True,0.004927178228354787
2015-09-30,rev,mv,45,0.020578085390652864,1.5552566970492832,0.04999999999999999,4.516152913953658,-1.3877787807814457e-16,0.0716976543859075,0,True,-0.0600333143067936
2015-09-30,rev,diag,45,0.020578085390652864,1.6953766364963463,0.04999999999999999,1.2940752125797772,-8.500145032286355e-17,0.10856318480971996,1,True,-0.014426287817935382
2015-10-31,rev,mv,45,0.020249887302269898,1.9178240279030145,0.049999999999999996,5.093536539672756,-2.7755575615628914e-17,0.08322968943833578,0,True,-0.0127397409504954
2015-10-31,rev,diag,45,0.020249887302269898,2.3017800294993687,0.05,1.2295821856853208,6.591949208711867e-17,0.08283251877067399,0,True,-0.0027366476535018516
2015-11-30,rev,mv,46,0.02003491330821977,2.2835819957833037,0.049999999999999996,5.946944121369601,1.1102230246251565e-16,0.06545211096244495,0,True,-0.004902099317034254
2015-11-30,rev,diag,46,0.02003491330821977,1.8257613514541242,0.05,1.6129363328580468,5.5077470362263625e-17,0.07442614402339932,0,True,0.0013644281332044139
2015-12-31,rev,mv,45,0.020165764192775874,1.8331567816179375,0.04999999999999993,5.1417618891989,1.6653345369377348e-16,0.07986363809577114,0,True,0.002694321659145486
2015-12-31,rev,diag,45,0.020165764192775874,2.179744673310886,0.05000000000000002,1.344610850691349,-6.938893903907228e-17,0.10421317948527017,1,True,-0.008545195437416825
2016-01-31,rev,mv,44,0.019743557421495223,1.6921982652742822,0.05000000000000002,4.447397285410394,-3.608224830031759e-16,0.10000000069777384,1,True,-0.031538120746112216
2016-01-31,rev,diag,44,0.019743557421495223,1.7800997885033905,0.05000000000000001,1.4103642883764835,6.418476861114186e-17,0.08618837560708549,0,True,-0.020258334238368415
2016-02-29,rev,mv,45,0.018915242900297644,2.102603241448649,0.05000000000000002,5.452086382420787,-2.220446049250313e-16,0.09336960537017813,0,True,-0.021741728096026293
2016-02-29,rev,diag,45,0.018915242900297644,1.1469960395262115,0.049999999999999996,2.608386645456496,-1.1709383462843448e-16,0.056543023232918536,0,True,-0.022718389910214225
2016-03-31,rev,mv,44,0.018276009355733216,1.51386377608165,0.04999999999999999,4.32230126731586,0.0,0.08308090703812127,0,True,-0.003180786419838176
2016-03-31,rev,diag,44,0.018276009355733216,1.1901239083229513,0.049999999999999996,1.7720850334555525,-3.8163916471489756e-17,0.10440629240420346,1,True,-1.2150695978355135e-06
2016-04-30,rev,mv,44,0.01843136071626733,1.779162345077961,0.049999999999999996,4.244272656923864,-1.3877787807814457e-17,0.09999999999012223,1,True,-0.039218591653936485
2016-04-30,rev,diag,44,0.01843136071626733,1.43673164008694,0.04999999999999999,1.8921991188345215,-4.163336342344337e-17,0.08389636875667479,0,True,-0.009283343993917625
2016-05-31,rev,mv,44,0.018065006614159516,1.425767410935617,0.04999999999999999,3.4287033078952645,-5.637851296924623e-17,0.08244876118278024,0,True,0.019220628098193606
2016-05-31,rev,diag,44,0.018065006614159516,1.442195662539365,0.05,1.7877005785462947,3.8163916471489756e-17,0.09029259886231224,0,True,0.021064090370358737
2016-06-30,rev,mv,44,0.018594906154245597,2.036805523138101,0.049999999999999996,4.330152668189372,1.6653345369377348e-16,0.09571935492949694,0,True,0.010256913765426688
2016-06-30,rev,diag,44,0.018594906154245597,1.0647461971765149,0.05,2.3143538067667886,-1.5092094240998222e-16,0.10847164446973494,1,True,0.010821309721267828
2016-07-31,rev,mv,45,0.01861861422782008,1.3265545512995043,0.04999999999999999,3.7599354923730193,8.933825901280557e-17,0.06826931009636622,0,True,-0.030676298892364454
2016-07-31,rev,diag,45,0.01861861422782008,1.8141133984910622,0.05,1.2973527479065723,5.898059818321144e-17,0.0792261394171044,0,True,-0.02761274089170073
2016-08-31,rev,mv,44,0.017178221853920213,1.8972742853422244,0.05000000000000006,5.182505885734594,9.71445146547012e-17,0.0613814058291077,0,True,-0.009868467564867906
2016-08-31,rev,diag,44,0.017178221853920213,1.1662672651513735,0.049999999999999996,2.1213919515360837,1.2815269678778662e-16,0.08071458664122014,0,True,0.013442604012790623
2016-09-30,rev,mv,44,0.01754991448993017,2.2699017089295257,0.050000000000000086,6.249710796229631,1.249000902703301e-16,0.08975895775712274,0,True,0.029008696519684764
2016-09-30,rev,diag,44,0.01754991448993017,1.0792698321094056,0.05000000000000002,2.2388770990968436,-8.673617379884035e-17,0.0847447052184961,0,True,0.017718530918769917
2016-10-31,rev,mv,44,0.0177885249017917,1.4463235405745236,0.05000000000000002,4.550135750434026,8.326672684688674e-17,0.06996739088495466,0,True,-0.051748585317544456
2016-10-31,rev,diag,44,0.0177885249017917,1.541005029163568,0.04999999999999999,1.755767130119711,-1.0408340855860843e-17,0.06414911449811177,0,True,-0.02105627664957301
2016-11-30,rev,mv,45,0.01734384570355896,1.466378123151168,0.050000000000000024,4.010406520088766,1.3877787807814457e-16,0.1000000000096093,1,True,0.00804992194815255
2016-11-30,rev,diag,45,0.01734384570355896,1.307160609492955,0.05,2.0946454927002023,-4.163336342344337e-17,0.09608667588448794,0,True,0.0031485605993062534
2016-12-31,rev,mv,45,0.017740789103421816,2.444129607030042,0.04999999999999999,6.218843272243405,2.3592239273284576e-16,0.07592239019678523,0,True,0.002064783676503309
2016-12-31,rev,diag,45,0.017740789103421816,1.1196728611311737,0.05000000000000001,1.9182569568775834,-3.469446951953614e-17,0.11689369131782447,1,True,-0.011854598701616297
2017-01-31,rev,mv,44,0.01703168850888855,1.8931831874070961,0.05000000000000002,4.871175769440053,-1.1102230246251565e-16,0.10000000043531755,1,True,0.0002619385364581311
2017-01-31,rev,diag,44,0.01703168850888855,1.1048644008628252,0.05,1.6645029205913657,-6.938893903907228e-17,0.09721093316334296,0,True,0.006442675189848092
2017-02-28,rev,mv,44,0.016983057132182476,1.777972339227332,0.05,5.172462675299948,3.0531133177191805e-16,0.07637019960010016,0,True,0.00026872656345070423
2017-02-28,rev,diag,44,0.016983057132182476,1.4578093606068694,0.05,1.7578998746161947,5.204170427930421e-18,0.08116337811869187,0,True,-0.00149277373119774
2017-03-31,rev,mv,44,0.01693832924188826,1.7334720406222386,0.05000000000000003,5.113563592468638,-1.5265566588595902e-16,0.10000000006860214,1,True,0.0024838019779504054
2017-03-31,rev,diag,44,0.01693832924188826,1.451097571435297,0.04999999999999998,1.682049920554995,-4.163336342344337e-17,0.09212908088270627,0,True,0.00275493346553947
2017-04-30,rev,mv,46,0.017063918627605125,1.8106982739949318,0.05,3.7741161602904136,1.1102230246251565e-16,0.10000000006874263,1,True,-0.00391834017917389
2017-04-30,rev,diag,46,0.017063918627605125,0.9572396900463309,0.04999999999999998,2.636041855008835,-1.3183898417423734e-16,0.06456182090864293,0,True,-0.009611872181152982
2017-05-31,rev,mv,46,0.016636083347088704,1.7230218321908526,0.050000000000000024,5.634325376612756,8.326672684688674e-17,0.1000000004489013,1,True,0.02029399465250398
2017-05-31,rev,diag,46,0.016636083347088704,1.5094469262150338,0.05000000000000002,1.8891074540499455,1.1796119636642288e-16,0.08474006755004859,0,True,0.0016083867790337508
2017-06-30,rev,mv,46,0.016758518782993975,1.9036993368100126,0.04999999999999997,5.789759934865413,-1.3877787807814457e-16,0.07969390483235526,0,True,0.0005281466178671501
2017-06-30,rev,diag,46,0.016758518782993975,1.553819389167866,0.05000000000000002,1.5936361929588287,-1.0061396160665481e-16,0.07901161616749944,0,True,-0.01254018123066887
2017-07-31,rev,mv,46,0.016270077999278515,1.5745588349494903,0.05,4.529551879225564,-2.7755575615628914e-17,0.10000000067956219,1,True,0.008475366913973735
2017-07-31,rev,diag,46,0.016270077999278515,1.672309347672957,0.05,1.3742430173789923,5.204170427930421e-17,0.08204038739580284,0,True,0.01599596657482113
2017-08-31,rev,mv,46,0.016780370651508072,1.8436392360583802,0.04999999999999995,5.573753598870576,-1.1102230246251565e-16,0.10000000059780263,1,True,0.03265594616521018
2017-08-31,rev,diag,46,0.016780370651508072,1.4155948075264506,0.049999999999999996,1.8588228075126174,-3.469446951953614e-17,0.12547058241291986,1,True,0.003931888007045984
2017-09-30,rev,mv,45,0.01679955143644711,1.9227686130414536,0.04999999999999997,5.115488349564372,4.163336342344337e-17,0.0893175914392462,0,True,-0.011517363650044247
2017-09-30,rev,diag,45,0.01679955143644711,1.1278680853548935,0.04999999999999999,2.0355752382906602,-3.2959746043559335e-17,0.11288567769151374,1,True,0.008858381719003518
2017-10-31,rev,mv,45,0.01683861028915177,1.6909985871514304,0.05000000000000001,4.169918137889561,-1.249000902703301e-16,0.09419444458287787,0,True,-0.018564114945486297
2017-10-31,rev,diag,45,0.01683861028915177,1.2479674846418536,0.05,1.9497227133012272,6.938893903907228e-17,0.07886284077291052,0,True,-0.020440505677227175
2017-11-30,rev,mv,45,0.016130401317252668,1.2703220166436295,0.04999999999999997,4.253737558397996,-8.500145032286355e-17,0.06146717876704432,0,True,-0.003767051758198682
2017-11-30,rev,diag,45,0.016130401317252668,1.32540041978408,0.05000000000000001,1.9265519703014635,1.214306433183765e-17,0.0660643370040235,0,True,-0.000520755026912315
2017-12-31,rev,mv,46,0.015792361893202336,1.9077951768821801,0.05000000000000001,5.3833918377511205,-1.3183898417423734e-16,0.10000000040107522,1,True,0.040598504437975615
2017-12-31,rev,diag,46,0.015792361893202336,0.8360776061468952,0.05000000000000001,2.3289951331559604,3.469446951953614e-18,0.11296315452588421,1,True,0.018996324521556824
2018-01-31,rev,mv,46,0.016101496401682267,1.634053625846556,0.05000000000000002,4.140617926599165,1.3530843112619095e-16,0.10000000037923973,1,True,0.0031407231838143533
2018-01-31,rev,diag,46,0.016101496401682267,1.2119979694870735,0.05,1.8208975088375015,-1.3877787807814457e-17,0.0849361409802779,0,True,-0.019286759078894645
2018-02-28,rev,mv,46,0.015512110580307915,1.6085411204385958,0.04999999999999999,4.210269274278119,-1.700029006457271e-16,0.0827709545372053,0,True,-0.03685958079823747
2018-02-28,rev,diag,46,0.015512110580307915,1.2320717857717867,0.05000000000000001,2.1742718031858277,-2.42861286636753e-17,0.06284602656775284,0,True,-0.017592192504296354
2018-03-31,rev,mv,46,0.014809781656462713,1.2462024261739912,0.05,4.351793733435118,6.362911499774304e-17,0.08325922724688621,0,True,0.018582675687025763
2018-03-31,rev,diag,46,0.014809781656462713,1.2523396226479833,0.05,1.3998874777687222,-6.938893903907228e-18,0.0797396484110516,0,True,0.00559446727061674
2018-04-30,rev,mv,46,0.014865557758827854,1.7083075506431427,0.05000000000000002,4.803109380605259,-1.1102230246251565e-16,0.07813215448891972,0,True,0.010951374545462354
2018-04-30,rev,diag,46,0.014865557758827854,1.0727103354833916,0.05,1.7382692923150456,1.1102230246251565e-16,0.07945885868963184,0,True,0.02943010500043535
2018-05-31,rev,mv,45,0.015616090441674078,1.3600788952069591,0.05000000000000001,4.683483336647556,-1.1102230246251565e-16,0.07614272519261989,0,True,-0.036369938222120556
2018-05-31,rev,diag,45,0.015616090441674078,1.2991550305371093,0.05000000000000001,1.8179322967610714,-5.204170427930421e-17,0.09532100639662926,0,True,-0.03655013947537958
2018-06-30,rev,mv,45,0.014246274024639299,1.4147761456540244,0.04999999999999997,4.409617707139965,3.469446951953614e-17,0.0907599324184164,0,True,0.029321358383039717
2018-06-30,rev,diag,45,0.014246274024639299,1.1311507028821606,0.04999999999999999,1.7118461952578827,4.456070928915423e-17,0.07371536873910828,0,True,0.017412237473378066
2018-07-31,rev,mv,45,0.014596436759618752,1.2296395129724977,0.04999999999999999,4.198384642850903,9.107298248878237e-18,0.08908403860381851,0,True,0.042582313186907014
2018-07-31,rev,diag,45,0.014596436759618752,1.4228765345953898,0.05,1.4061372390347802,2.949029909160572e-17,0.06253930306893626,0,True,0.01591254153994582
2018-08-31,rev,mv,46,0.014843183508903008,1.2246805063245232,0.05000000000000005,4.470061205664733,8.326672684688674e-17,0.06740638860547367,0,True,0.028601070249468282
2018-08-31,rev,diag,46,0.014843183508903008,1.4040164269369253,0.05000000000000001,1.657971923500952,1.3357370765021415e-16,0.05504365625468295,0,True,0.01342883218164477
2018-09-30,rev,mv,46,0.015261359087968763,1.270417052343417,0.05000000000000003,4.318924358847792,2.220446049250313e-16,0.09999999911195324,1,True,-0.02294282452255721
2018-09-30,rev,diag,46,0.015261359087968763,1.3323020234577527,0.05000000000000002,1.4494311792111476,-2.8189256484623115e-18,0.09262053506659088,0,True,-0.029091160375674417
2018-10-31,rev,mv,46,0.014783450287230016,1.2477960451939767,0.05000000000000002,4.010507779721618,2.949029909160572e-16,0.10000000000934924,1,True,0.0025111719734216575
2018-10-31,rev,diag,46,0.014783450287230016,1.5235967274687336,0.05000000000000002,1.4839982157904306,-2.1337098754514727e-16,0.0671230120108967,0,True,0.006680754393783038
2018-11-30,rev,mv,46,0.014559582015313922,1.2624326295998705,0.05000000000000001,4.618959441253964,-9.71445146547012e-17,0.09132621245330262,0,True,0.040332974295622735
2018-11-30,rev,diag,46,0.014559582015313922,1.626112529153831,0.05,1.4700429614109025,1.3183898417423734e-16,0.06613492418554719,0,True,0.01311083939189076
2018-12-31,rev,mv,46,0.015248863465607797,1.437136614922761,0.05,4.1143847808808625,2.0816681711721685e-17,0.07210737897927523,0,True,0.006799692677486885
2018-12-31,rev,diag,46,0.015248863465607797,1.1786905910398753,0.05,1.8550227270874096,-4.7704895589362195e-17,0.07434498315624852,0,True,-0.004284159085520324
2019-01-31,rev,mv,46,0.015148154801835022,1.360039438553714,0.05,4.456436492778039,-4.163336342344337e-17,0.10000000038094788,1,True,-0.029223663425315093
2019-01-31,rev,diag,46,0.015148154801835022,1.0098947378835776,0.05,2.180014244893299,4.163336342344337e-17,0.07913212890094566,0,True,0.0034913940210991694
2019-02-28,rev,mv,46,0.01526930155147276,1.3710711469620307,0.05,4.568178775321718,-7.632783294297951e-17,0.07480976041719395,0,True,-0.027613086733809824
2019-02-28,rev,diag,46,0.01526930155147276,1.2492001444478036,0.05,1.8813809351015893,1.3183898417423734e-16,0.08844708233984439,0,True,-0.01339134042326756
2019-03-31,rev,mv,46,0.015066143419067817,1.5011991908967395,0.04999999999999992,4.655981953416159,1.5265566588595902e-16,0.07486086100269708,0,True,-0.035603719726299304
2019-03-31,rev,diag,46,0.015066143419067817,0.9560855410143906,0.05,1.9255382719312757,2.7755575615628914e-17,0.08587748663586244,0,True,-0.02882523696732061
2019-04-30,rev,mv,46,0.014270374052362936,1.55405531402272,0.04999999999999997,5.049389247265098,-1.1796119636642288e-16,0.10000000011015747,1,True,0.02683848995645581
2019-04-30,rev,diag,46,0.014270374052362936,0.978164544320872,0.05,2.061872296715451,-3.469446951953614e-18,0.09114639079880651,0,True,0.04498561830268028
2019-05-31,rev,mv,46,0.015130120643937461,1.9417736876123841,0.05000000000000006,5.476724180179004,1.8041124150158794e-16,0.09495179700848148,0,True,-0.017778215634408616
2019-05-31,rev,diag,46,0.015130120643937461,0.9668964041436081,0.05,2.2797537695573102,-2.7755575615628914e-17,0.07292276104656038,0,True,-0.02296511772828561
2019-06-30,rev,mv,47,0.014390889415466708,1.759491444170032,0.05,4.938205947451093,5.551115123125783e-17,0.09381348281372064,0,True,0.03894519534536344
2019-06-30,rev,diag,47,0.014390889415466708,1.0832013441045467,0.05,2.0246388683823815,-1.3877787807814457e-17,0.1028178852292846,1,True,0.008461301458154751
2019-07-31,rev,mv,47,0.014646050919490717,1.3445238056044546,0.04999999999999999,4.3107525559942035,1.5265566588595902e-16,0.07884969989292148,0,True,-0.00498715589681722
2019-07-31,rev,diag,47,0.014646050919490717,1.3726144933226716,0.05,1.5990403375621198,6.938893903907228e-18,0.08684203127388568,0,True,0.027397883975467812
2019-08-31,rev,mv,47,0.015695657350242906,1.581635033524185,0.05000000000000002,4.961278825455364,2.7755575615628914e-17,0.09260038799801353,0,True,0.001320041705926332
2019-08-31,rev,diag,47,0.015695657350242906,1.255328314799711,0.049999999999999996,1.792259874376005,-5.4643789493269423e-17,0.08762339493170111,0,True,-0.010687822286555435
2019-09-30,rev,mv,47,0.015228041240256309,1.6993747334611748,0.05,5.272538272604046,1.942890293094024e-16,0.09282004796097397,0,True,0.030223055600347902
2019-09-30,rev,diag,47,0.015228041240256309,1.4143599910435314,0.049999999999999996,1.3186617946901915,7.45931094670027e-17,0.1043592797184026,1,True,0.007472433007458223
2019-10-31,rev,mv,47,0.015397556294083995,1.4867665268152037,0.05000000000000002,4.020626203164509,-1.0104764247564901e-16,0.08338716542059911,0,True,0.0036357544915631844
2019-10-31,rev,diag,47,0.015397556294083995,1.5511251727167297,0.05000000000000002,1.4026740462154832,7.45931094670027e-17,0.08411537136562083,0,True,0.003979783871528709
2019-11-30,rev,mv,46,0.01549309398691191,1.6833575271155488,0.05000000000000001,4.866985805536065,-1.457167719820518e-16,0.09999999975158672,1,True,0.00475701295293434
2019-11-30,rev,diag,46,0.01549309398691191,1.05132257448684,0.05,2.3072111161899773,-6.938893903907228e-17,0.08835085880523802,0,True,-9.864777305918191e-05
2019-12-31,rev,mv,45,0.015362356711441724,1.3824833990442444,0.04999999999999999,4.793265794745477,5.551115123125783e-17,0.10000000010239275,1,True,0.00483802210381271
2019-12-31,rev,diag,45,0.015362356711441724,1.5923814527306481,0.04999999999999999,1.4241048014613513,-1.0408340855860843e-17,0.08924384130006144,0,True,0.01319411726686668
2020-01-31,rev,mv,45,0.015722605068477974,1.2140810874412769,0.05,3.9507258244537384,-5.204170427930421e-17,0.0999999993564549,1,True,0.02072419078069101
2020-01-31,rev,diag,45,0.015722605068477974,1.2678577489657494,0.05,1.449465926420341,-2.0816681711721685e-17,0.09755684509920216,0,True,0.01492736535053091
2020-02-29,rev,mv,46,0.01614359082224405,1.4821482491302957,0.05000000000000005,4.747930603197331,-9.71445146547012e-17,0.08994989227741942,0,True,0.051715978624723595
2020-02-29,rev,diag,46,0.01614359082224405,1.450461411019394,0.05,1.5609575913505749,-6.245004513516506e-17,0.08646679649147251,0,True,0.05556449457796504
2020-03-31,rev,mv,45,0.01675580724387947,1.6176301184907798,0.050000000000000024,4.439899356889441,9.367506770274758e-17,0.0999999999851723,1,True,-0.02288165951914609
2020-03-31,rev,diag,45,0.01675580724387947,1.4681432255754352,0.05000000000000001,1.6157360457005705,-3.8163916471489756e-17,0.06976278053720976,0,True,-0.0017278424624206487
2020-04-30,rev,mv,46,0.016965847773813908,1.7850334900669158,0.050000000000000024,4.5933550969751975,-1.3877787807814457e-17,0.08831786384577857,0,True,-0.031367614577249896
2020-04-30,rev,diag,46,0.016965847773813908,1.7461005417634436,0.04999999999999999,1.4191706515922011,1.3877787807814457e-17,0.0621024695772693,0,True,-0.01902614866006272
2020-05-31,rev,mv,45,0.016406848238046525,1.4361867305359977,0.04999999999999998,4.199129028578524,2.498001805406602e-16,0.07520096264862323,0,True,0.007178302547455081
2020-05-31,rev,diag,45,0.016406848238046525,1.3188984408996318,0.05000000000000001,1.8115475096740095,-1.8735013540549517e-16,0.06958842293895835,0,True,0.012436570371985096
2020-06-30,rev,mv,45,0.01661345818050122,1.8153358035533624,0.05,4.787302341919986,1.249000902703301e-16,0.08717971553088863,0,True,-0.020082191961656334
2020-06-30,rev,diag,45,0.01661345818050122,1.2886610870651967,0.04999999999999999,1.7887450232254778,-3.903127820947816e-17,0.0891127644218742,0,True,0.015332685338956457
2020-07-31,rev,mv,45,0.016776424451303742,1.8327235485065385,0.05000000000000001,5.054160088975177,-1.6653345369377348e-16,0.10000000058721742,1,True,-0.01745390058823249
2020-07-31,rev,diag,45,0.016776424451303742,1.1563223348894953,0.05,1.8632693301792966,2.0816681711721685e-17,0.0925675768231559,0,True,0.011131027876347682
2020-08-31,rev,mv,45,0.016673573398801714,1.400463839906041,0.05000000000000001,4.380384590247457,-2.498001805406602e-16,0.10000000021169683,1,True,-0.028042291466063976
2020-08-31,rev,diag,45,0.016673573398801714,1.5430317552108388,0.05,1.555260475316167,2.7755575615628914e-17,0.059905567102057786,0,True,-0.0010276909621251518
2020-09-30,rev,mv,45,0.01639494517413988,1.5512254782049186,0.04999999999999998,4.6966004678849,-2.498001805406602e-16,0.10000000046777281,1,True,0.020576883331128337
2020-09-30,rev,diag,45,0.01639494517413988,0.7517114629409929,0.049999999999999996,2.2583331155097643,1.8041124150158794e-16,0.11253486321204534,1,True,0.009814290970058016
2020-10-31,rev,mv,45,0.016553602159596545,1.784270928470184,0.05000000000000008,4.724742037194778,8.326672684688674e-17,0.10000000001802872,1,True,-0.034333410825306554
2020-10-31,rev,diag,45,0.016553602159596545,1.1865790404178636,0.04999999999999999,1.7464432331060884,3.8163916471489756e-17,0.0917867874316371,0,True,-0.004129562604646669
2020-11-30,rev,mv,45,0.01650621978977354,1.5954214525641612,0.05,5.371957055888671,1.3877787807814457e-16,0.06062012260760301,0,True,-0.0020869314697768322
2020-11-30,rev,diag,45,0.01650621978977354,1.3027094087202746,0.04999999999999999,1.8552387656930303,-1.3877787807814457e-17,0.10478038903093628,1,True,-0.010565935369122977
2020-12-31,rev,mv,45,0.016284814103269322,1.691580478285783,0.050000000000000065,5.2269840021021405,-2.636779683484747e-16,0.10000000065350942,1,True,0.04453898138246378
2020-12-31,rev,diag,45,0.016284814103269322,1.3088831059110677,0.049999999999999996,1.5809907661185236,4.85722573273506e-17,0.09095685630479103,0,True,0.02096795930719848
2021-01-31,rev,mv,45,0.016816843269424547,1.6570401274613602,0.050000000000000024,4.410518118576026,2.7755575615628914e-17,0.09317061816204203,0,True,-0.008585788324252558
2021-01-31,rev,diag,45,0.016816843269424547,1.2065780937112829,0.05,1.585952875584223,-2.0816681711721685e-17,0.09995623844023753,0,True,-0.0011385781613021655
2021-02-28,rev,mv,45,0.016641380042819107,1.6738067491007365,0.05,4.324465721312846,-2.9158262176282035e-17,0.08629650400050623,0,True,0.040057604818374754
2021-02-28,rev,diag,45,0.016641380042819107,1.3660662121504235,0.049999999999999996,1.8868102746823605,-4.5102810375396984e-17,0.05419145416704305,0,True,0.018117865664774014
2021-03-31,rev,mv,44,0.016759377870871724,1.7994970047865666,0.04999999999999997,4.3102154228815674,4.85722573273506e-17,0.0778145905647916,0,True,0.015140126101015203
2021-03-31,rev,diag,44,0.016759377870871724,1.2243326889071016,0.05000000000000001,1.4824116315186722,6.938893903907228e-18,0.10442996246794634,1,True,0.012572754216312591
2021-04-30,rev,mv,44,0.0174233041307459,1.6236674609548225,0.04999999999999997,4.9710893379071015,8.326672684688674e-17,0.08822790360599693,0,True,-0.0002976546973031731
2021-04-30,rev,diag,44,0.0174233041307459,1.8639760083546968,0.05,1.061064256250659,8.153200337090993e-17,0.11504089642012799,1,True,0.0068443173457830376
2021-05-31,rev,mv,45,0.017479194409221768,1.6832486207927493,0.04999999999999992,4.563698474655208,1.1102230246251565e-16,0.05658850743956057,0,True,-0.009224238103578385
2021-05-31,rev,diag,45,0.017479194409221768,1.6314812548834978,0.05000000000000002,1.5306161052810479,-2.7755575615628914e-17,0.06255864066546013,0,True,-0.0156558913341703
2021-06-30,rev,mv,45,0.016980746415156605,1.6492268062169129,0.05000000000000001,4.180191365209695,2.7755575615628914e-17,0.0787424017727157,0,True,-0.010391602748477946
2021-06-30,rev,diag,45,0.016980746415156605,1.3399366423276788,0.05,1.55503385914287,1.3877787807814457e-17,0.07580005964961775,0,True,-0.006665021705587347
2021-07-31,rev,mv,45,0.016787203552966756,1.6329838347415744,0.04999999999999999,4.8449780444986645,2.0122792321330962e-16,0.07440640615334507,0,True,0.014048274163079397
2021-07-31,rev,diag,45,0.016787203552966756,1.5816988178608922,0.05,1.0744521722732174,-3.8163916471489756e-17,0.10060914016909749,1,True,0.00622869580606004
2021-08-31,rev,mv,44,0.016842607252159355,1.806167432326178,0.05000000000000002,4.9388175479335095,1.6653345369377348e-16,0.10000000084452978,1,True,-0.008479961715006328
2021-08-31,rev,diag,44,0.016842607252159355,1.0863979527016643,0.049999999999999996,1.9363102058898294,8.326672684688674e-17,0.07172158465941914,0,True,-0.0084276602673463
2021-09-30,rev,mv,44,0.01667875116706015,1.8171239314889087,0.05000000000000002,4.371657444198098,-5.551115123125783e-17,0.09680765063784605,0,True,-0.01928903729154826
2021-09-30,rev,diag,44,0.01667875116706015,0.9689386265386919,0.04999999999999999,1.9937367253161824,6.076953176781252e-17,0.09772391074532222,0,True,0.008031149724813457
2021-10-31,rev,mv,44,0.016938810102318038,1.8152851344673184,0.04999999999999999,4.76757224679695,4.163336342344337e-17,0.10000000082252997,1,True,-0.04180503538257249
2021-10-31,rev,diag,44,0.016938810102318038,1.187573628955798,0.049999999999999996,1.7475941751606072,-1.3183898417423734e-16,0.06399767039882824,0,True,-0.027018818194600752
2021-11-30,rev,mv,44,0.016160024876541664,1.8820970043404845,0.05000000000000002,5.239799082908909,7.155734338404329e-17,0.10000000048072508,1,True,0.03924680531383653
2021-11-30,rev,diag,44,0.016160024876541664,1.1341651933369308,0.05000000000000001,1.7198302943977892,-7.112366251504909e-17,0.09338353966657308,0,True,0.005075936317772035
2021-12-31,rev,mv,44,0.01588079113755622,1.639498666662092,0.04999999999999998,4.570890424140714,-4.0766001685454967e-17,0.08485782085610376,0,True,0.0008961298537605682
2021-12-31,rev,diag,44,0.01588079113755622,1.1329227902430328,0.050000000000000024,1.7130640173774283,1.8041124150158794e-16,0.09677481336047834,0,True,-0.012053748110471945
2022-01-31,rev,mv,44,0.015551389575384865,1.6015986972984897,0.04999999999999999,4.972958809168979,-4.85722573273506e-17,0.10000000097700104,1,True,-0.058904308028261174
2022-01-31,rev,diag,44,0.015551389575384865,1.105012639134365,0.05,1.3906657658856718,1.3704315460216776e-16,0.09687647648870168,0,True,-0.017696334995985764
2022-02-28,rev,mv,46,0.014957218481389055,1.7173997229411375,0.049999999999999926,5.519625180992814,2.42861286636753e-16,0.08141831027293288,0,True,0.05276910380367558
2022-02-28,rev,diag,46,0.014957218481389055,1.2133104389174065,0.05,1.492804359329121,1.3877787807814457e-17,0.06661510376653668,0,True,0.014048876572690305
2022-03-31,rev,mv,47,0.015361893666576676,1.4428778946056933,0.05000000000000002,3.72277920951917,4.5102810375396984e-17,0.06991199691541579,0,True,0.04676474173929295
2022-03-31,rev,diag,47,0.015361893666576676,1.2964590630703947,0.049999999999999996,1.2869574707367213,5.204170427930421e-17,0.05787440514861737,0,True,0.019431408345425134
2022-04-30,rev,mv,46,0.01564819897914607,1.4846103337954193,0.05000000000000002,4.4202939127330385,3.469446951953614e-17,0.08195326269162505,0,True,0.014057305969559356
2022-04-30,rev,diag,46,0.01564819897914607,1.4789430427773822,0.049999999999999996,1.0838016903158536,1.3877787807814457e-17,0.10586772413827872,1,True,-0.0014122967422697833
2022-05-31,rev,mv,46,0.015503276923775757,1.712185115989148,0.04999999999999997,5.0515502832219905,-8.326672684688674e-17,0.0954715439041195,0,True,-0.055295142622471635
2022-05-31,rev,diag,46,0.015503276923775757,1.5934144497428904,0.049999999999999996,1.3711185721381631,-2.7755575615628914e-17,0.0667993098660648,0,True,-0.023482722131843072
2022-06-30,rev,mv,46,0.014777727821227797,1.6269192229302647,0.050000000000000024,4.612062737255937,-4.163336342344337e-17,0.09999999988022996,1,True,0.06658367675152169
2022-06-30,rev,diag,46,0.014777727821227797,1.2817651284925098,0.04999999999999998,1.3507036662981795,-3.122502256758253e-17,0.07633795355734016,0,True,-0.000548397901348241
2022-07-31,rev,mv,46,0.014735980350556442,1.6888840005837216,0.04999999999999999,4.41815239786177,2.7755575615628914e-17,0.10000000050211966,1,True,-0.027882266700813382
2022-07-31,rev,diag,46,0.014735980350556442,0.7523028064593621,0.05,1.6803196200080837,-3.469446951953614e-17,0.10255977098539241,2,True,0.0020301026881761127
2022-08-31,rev,mv,46,0.014838545599893165,1.3630220105939324,0.04999999999999997,4.9154351519983095,1.1796119636642288e-16,0.10000000066900132,1,True,0.0075844925507653335
2022-08-31,rev,diag,46,0.014838545599893165,1.3722155837635852,0.05,1.4160972766434565,1.734723475976807e-17,0.0740974241383081,0,True,0.001317309844902411
2022-09-30,rev,mv,45,0.014891950274376183,1.7175319052111417,0.05000000000000002,5.371871935527955,-2.7755575615628914e-17,0.06773230733629701,0,True,-0.029498274353217422
2022-09-30,rev,diag,45,0.014891950274376183,1.020323415713105,0.05000000000000002,1.878649197038832,1.6306400674181987e-16,0.07975142245915108,0,True,0.013353800215116642
2022-10-31,rev,mv,46,0.014914918248798634,1.551849134118631,0.04999999999999997,4.335485602181174,1.942890293094024e-16,0.09999999958244372,1,True,-0.021992687434606594
2022-10-31,rev,diag,46,0.014914918248798634,1.0818510710900822,0.05,1.70474423660838,-2.7755575615628914e-17,0.06755496196082197,0,True,-0.036151024174764936
2022-11-30,rev,mv,46,0.014076646697819141,1.8990618813612137,0.049999999999999954,5.708503114140619,-2.7755575615628914e-16,0.083726399822194,0,True,-0.01898163397411386
2022-11-30,rev,diag,46,0.014076646697819141,1.1093234957204203,0.05000000000000001,1.695326461559548,-6.938893903907228e-17,0.08998200099427378,0,True,-0.0025022960939526987
2022-12-31,rev,mv,46,0.013988917207596055,1.903982507519237,0.05,4.88188319153882,4.163336342344337e-17,0.10000000038669345,1,True,-0.01716643733032296
2022-12-31,rev,diag,46,0.013988917207596055,0.8962011613514201,0.05000000000000001,2.1416703787130884,-5.204170427930421e-17,0.0820526015423895,0,True,-0.028946818902814225
2023-01-31,rev,mv,46,0.013393848885592924,1.0191498553263805,0.05000000000000002,4.051147333293591,-6.938893903907228e-18,0.10000000039299077,1,True,-0.034282834656750555
2023-01-31,rev,diag,46,0.013393848885592924,0.9902358568910259,0.049999999999999996,1.4331712311618487,1.7867651802561113e-16,0.09794854424349847,0,True,-0.021441114083166186
2023-02-28,rev,mv,46,0.01269749211248864,1.3309714607388836,0.04999999999999999,4.430236576696156,0.0,0.06474425854362326,0,True,-0.054403105122609284
2023-02-28,rev,diag,46,0.01269749211248864,0.887957670649951,0.05000000000000002,1.928054610971034,1.942890293094024e-16,0.06810890802141839,0,True,-0.00546996533065068
2023-03-31,rev,mv,46,0.012863265375613112,1.6794391178816932,0.04999999999999989,5.538764373566328,-1.5959455978986625e-16,0.07036773201120308,0,True,-0.006603637957977318
2023-03-31,rev,diag,46,0.012863265375613112,0.9599241482626542,0.05000000000000001,1.6906639849013645,-3.469446951953614e-17,0.06685419514934027,0,True,-0.006051441303262452
2023-04-30,rev,mv,46,0.012596072455577624,1.3879552423704655,0.05000000000000002,3.9193476629065493,1.491862189340054e-16,0.05714314666363915,0,True,-0.014997347416948343
2023-04-30,rev,diag,46,0.012596072455577624,0.8056485499166167,0.05,1.7602697461982098,9.020562075079397e-17,0.08395287263698986,0,True,-0.03708914894394802
2023-05-31,rev,mv,45,0.011930659953081653,1.5406749888950038,0.04999999999999994,4.561691082460049,-8.326672684688674e-17,0.0785975673412078,0,True,0.01472670094395471
2023-05-31,rev,diag,45,0.011930659953081653,0.7276446069307569,0.05,2.203906398093998,3.122502256758253e-17,0.07167653036870852,0,True,0.012056618543139257
2023-06-30,rev,mv,46,0.011938077512516337,1.1573494072480779,0.05000000000000004,4.0850886284994194,-2.7755575615628914e-17,0.07554759129067565,0,True,0.0009917029908152262
2023-06-30,rev,diag,46,0.011938077512516337,1.0358423989151437,0.05000000000000002,1.2461251673157165,0.0,0.09165615800205702,0,True,-0.007678547442413276
2023-07-31,rev,mv,46,0.011564502202542612,1.1093844240899913,0.05000000000000012,4.461343193571176,-1.5265566588595902e-16,0.08771758340544732,0,True,-0.0024451451306572794
2023-07-31,rev,diag,46,0.011564502202542612,1.0769139416840197,0.05,1.250233892105318,-9.974659986866641e-18,0.05744354990330212,0,True,0.0004483859571859767
2023-08-31,rev,mv,47,0.011560437816409213,1.3913296078894646,0.0499999999999999,6.5121543124304395,1.6653345369377348e-16,0.07604466536019681,0,True,-0.018548045385230475
2023-08-31,rev,diag,47,0.011560437816409213,1.2013173851717966,0.05000000000000002,1.3272415992317808,-5.204170427930421e-17,0.07509591514860806,0,True,-0.01572549829699152
2023-09-30,rev,mv,47,0.011298143215031716,1.3519929780223299,0.05,4.477103751158101,2.7755575615628914e-17,0.0838713567837332,0,True,0.057319823780499726
2023-09-30,rev,diag,47,0.011298143215031716,0.9259478365676393,0.05,1.512933154683847,1.734723475976807e-17,0.08331291173999553,0,True,-0.003270528489144101
2023-10-31,rev,mv,47,0.011178849702946582,1.5636653756179704,0.050000000000000024,6.0237355162207304,-6.245004513516506e-17,0.08549399636764499,0,True,-0.05622480600450339
2023-10-31,rev,diag,47,0.011178849702946582,0.9682560762937659,0.049999999999999996,1.338385912281244,-1.0581813203458523e-16,0.06611440224240984,0,True,-0.018509716527175174
2023-11-30,rev,mv,46,0.010566022332547838,1.2889801482315484,0.050000000000000044,5.429818816186667,-8.326672684688674e-17,0.0670825198290271,0,True,-0.010387573032680522
2023-11-30,rev,diag,46,0.010566022332547838,0.7619229744151396,0.05000000000000001,1.669622217182884,1.3877787807814457e-17,0.09210596917896062,0,True,-0.010273640801916418
2023-12-31,rev,mv,46,0.010150259037779233,1.2779209621398853,0.05000000000000002,5.071078569928234,9.71445146547012e-17,0.08047118654849444,0,True,-0.001886766802843942
2023-12-31,rev,diag,46,0.010150259037779233,0.8287832631940258,0.05000000000000001,1.7324216286119751,0.0,0.07740296127533508,0,True,0.012738542676299877
2024-01-31,rev,mv,46,0.010395030274481383,1.011543707516045,0.05,4.329759453774192,-9.71445146547012e-17,0.1000000006462286,1,True,-0.023984809135602306
2024-01-31,rev,diag,46,0.010395030274481383,0.7486251753599604,0.05000000000000001,1.2636949683451908,3.469446951953614e-17,0.11444058485267425,1,True,0.0027401760967586284
2024-02-29,rev,mv,46,0.010602588306194009,1.0910088674535945,0.04999999999999992,5.349901269030422,-5.551115123125783e-17,0.06477851223612785,0,True,-0.030103497117446067
2024-02-29,rev,diag,46,0.010602588306194009,0.9722043845360675,0.05,1.413242304889305,6.245004513516506e-17,0.057835034172829605,0,True,-0.008281166913565409
2024-03-31,rev,mv,46,0.010450778339863756,1.2407209832310455,0.05,4.303111568580327,3.0531133177191805e-16,0.07672501656687043,0,True,-0.00865630069648493
2024-03-31,rev,diag,46,0.010450778339863756,0.8530179945263106,0.05,1.1864336906860478,1.0408340855860843e-16,0.06096013858389835,0,True,-0.01888256204077549
2024-04-30,rev,mv,46,0.009814981573718838,1.2774536232749811,0.049999999999999954,4.90041339763846,1.5265566588595902e-16,0.10000000021210693,1,True,0.013724490553809525
2024-04-30,rev,diag,46,0.009814981573718838,0.5101107458638097,0.04999999999999999,1.9101144046409766,-6.245004513516506e-17,0.0966760227160838,0,True,-0.00034975067484457623
2024-05-31,rev,mv,45,0.010005463560185406,1.1771774936353412,0.05000000000000004,4.432964943895195,-1.196959198423997e-16,0.07372670020162445,0,True,0.018802754760206295
2024-05-31,rev,diag,45,0.010005463560185406,0.7709486753690259,0.05,1.5431525489350497,-6.938893903907228e-17,0.055422358653428636,0,True,0.024115057243244278
2024-06-30,rev,mv,46,0.01048402206505528,1.2828720531526663,0.04999999999999995,4.17598109110261,-6.158268339717665e-17,0.09081126585270362,0,True,0.009187947742707632
2024-06-30,rev,diag,46,0.01048402206505528,0.7879101737112528,0.04999999999999999,1.3121484740054905,4.0766001685454967e-17,0.10822415583376645,1,True,-0.019226231984496914
2024-07-31,rev,mv,46,0.0101833336052689,1.305605093479561,0.04999999999999993,5.2774671663237145,6.938893903907228e-18,0.10000000077816446,1,True,-0.019641085269112627
2024-07-31,rev,diag,46,0.0101833336052689,0.6002193193930163,0.04999999999999999,2.0102591022120166,-4.163336342344337e-17,0.10170646394135227,1,True,0.0032646798149535278
2024-08-31,rev,mv,46,0.010419616091672402,0.9335634474059382,0.050000000000000024,3.6585944744351266,-8.326672684688674e-17,0.0641650083762473,0,True,-0.025118637568293658
2024-08-31,rev,diag,46,0.010419616091672402,0.853052533962703,0.049999999999999996,1.4237493713505402,-3.469446951953614e-17,0.07989628159698932,0,True,-0.01299431132138718
2024-09-30,rev,mv,46,0.010176039514693773,0.8991211658454817,0.05000000000000002,3.939150494602428,-1.5612511283791264e-16,0.10000000147845073,1,True,-0.025541045002221104
2024-09-30,rev,diag,46,0.010176039514693773,0.8735704841439538,0.05000000000000002,1.2257660903551906,-8.673617379884035e-19,0.10254841934472719,1,True,-0.00454451168447131
2024-10-31,rev,mv,46,0.010022826313088179,1.1062949078463773,0.05,4.411508473315494,-1.3877787807814457e-17,0.09999999987889392,2,True,0.01644318051594353
2024-10-31,rev,diag,46,0.010022826313088179,0.7327535749097015,0.05000000000000001,1.4479946068528384,-1.474514954580286e-16,0.11313320279311125,1,True,0.012833814443205499
2024-11-30,rev,mv,45,0.010181458654976529,1.1741280510455518,0.05000000000000002,5.180166060271337,3.7470027081099033e-16,0.05407611867777136,0,True,0.03339283246876677
2024-11-30,rev,diag,45,0.010181458654976529,0.8416911020599716,0.04999999999999999,1.536181777019504,5.551115123125783e-17,0.1058373809585525,1,True,0.03307299051321785
2024-12-31,rev,mv,45,0.01094444218739092,1.3711850844342213,0.04999999999999997,4.689775987401182,1.734723475976807e-17,0.10000000000880198,1,True,0.00053554476015796
2024-12-31,rev,diag,45,0.01094444218739092,0.7820897323092294,0.05000000000000001,1.6147871582162274,-4.5102810375396984e-17,0.07990774799490283,0,True,0.002244965931463396
2025-01-31,rev,mv,45,0.011244708899017429,1.0127512744070077,0.04999999999999997,4.2236219156190415,1.249000902703301e-16,0.10000000021366878,1,True,0.012951719960809656
2025-01-31,rev,diag,45,0.011244708899017429,0.9994987556014814,0.05,1.1733061207196502,-6.938893903907228e-18,0.11692622072026988,2,True,-0.010817732482002535
2025-02-28,rev,mv,44,0.01082592422802674,1.1690112125745737,0.04999999999999999,4.503414740769719,1.1102230246251565e-16,0.09999999947301982,1,True,-0.05818746474826239
2025-02-28,rev,diag,44,0.01082592422802674,0.8154510584423055,0.04999999999999999,1.7930256245446194,1.3877787807814457e-17,0.06857957504715519,0,True,-0.029914938692189568
2025-03-31,rev,mv,45,0.01008587588225175,1.069821489134678,0.04999999999999999,4.173885721302723,-1.0408340855860843e-16,0.07904468683605755,0,True,-0.060744940351939225
2025-03-31,rev,diag,45,0.01008587588225175,0.6397267160152917,0.049999999999999996,1.391221255472749,-1.1535911115245767e-16,0.07625693653472501,0,True,-0.014141639302481556
2025-04-30,rev,mv,44,0.009737659230738977,1.1165738428438279,0.05000000000000004,4.089966017536036,-3.469446951953614e-18,0.09557600091336223,0,True,0.004174982497137029
2025-04-30,rev,diag,44,0.009737659230738977,0.5940632778063935,0.05000000000000001,1.4526134330315528,-9.454242944073599e-17,0.10209768642479274,1,True,0.0021949436708315114
2025-05-31,rev,mv,44,0.00938261631543662,0.9047934258092666,0.05,3.779513984269529,-2.0816681711721685e-17,0.08133349803838084,0,True,0.0688422944374572
2025-05-31,rev,diag,44,0.00938261631543662,0.6766407145080886,0.050000000000000024,1.5355812490320444,-1.4051260155412137e-16,0.10259937629399359,1,True,0.03988777403994469
2025-06-30,rev,mv,45,0.01014122527840371,0.8722176360246606,0.050000000000000024,3.658008154679964,-1.8908485888147197e-16,0.10000000124733463,1,True,0.016315713438127304
2025-06-30,rev,diag,45,0.01014122527840371,0.8721773893788818,0.05000000000000001,1.1173239659991738,-2.42861286636753e-17,0.09583183212559224,0,True,0.008021062454170396
2025-07-31,rev,mv,46,0.010516970953115648,1.1350163865286607,0.05000000000000001,4.6779144541060935,-5.551115123125783e-17,0.1000000005301975,1,True,-0.028696042405222656
2025-07-31,rev,diag,46,0.010516970953115648,0.8119765934952035,0.05,1.4499315158644432,0.0,0.09560013382672236,0,True,-0.009622461465776805
2025-08-31,rev,mv,46,0.01004656690856933,0.927876823151146,0.049999999999999996,3.7054048834025086,0.0,0.08067073381870242,0,True,-0.006524852887624663
2025-08-31,rev,diag,46,0.01004656690856933,0.8590710497415235,0.049999999999999996,1.318032727196634,-1.6653345369377348e-16,0.0888600362363941,0,True,-0.007606412800655673
2025-09-30,rev,mv,46,0.010225791825402912,1.0379973079222933,0.04999999999999997,4.196899733252336,2.740863092043355e-16,0.1000000006556992,1,True,-0.01437262837363269
2025-09-30,rev,diag,46,0.010225791825402912,0.7285266554086706,0.05000000000000001,1.4566851156408844,1.0408340855860843e-16,0.09836774209680399,0,True,-0.006619238642969821
2025-10-31,rev,mv,46,0.009924260847946375,1.1980049631081924,0.05000000000000002,4.495774700525324,-1.0408340855860843e-16,0.06816382224135568,0,True,-0.006981147688759983
2025-10-31,rev,diag,46,0.009924260847946375,0.7381743769374908,0.05,1.6718347032203733,2.7755575615628914e-17,0.09578630207727565,0,True,-0.004014842551500779
2025-11-30,rev,mv,46,0.009819051903135957,1.0260956115631714,0.05,3.888510842894124,-2.7755575615628914e-17,0.07337641019452885,0,True,0.025698137212160736
2025-11-30,rev,diag,46,0.009819051903135957,0.7616593228685898,0.05,1.6942363999067345,3.469446951953614e-17,0.06062773273432717,0,True,0.0021623872766020355
2025-12-31,rev,mv,46,0.009836106850673364,1.3146564610314695,0.049999999999999954,4.916268359960435,1.6653345369377348e-16,0.07013107160058654,0,True,0.025057904151265815
2025-12-31,rev,diag,46,0.009836106850673364,0.7676356143439476,0.05000000000000001,1.5923255540719399,8.326672684688674e-17,0.08529404274916888,0,True,-0.007787424886841248
1990-01-31,rev_orth,mv,46,0.033278448784930324,2.8236374786226683,0.04999999999999993,6.015703558066326,-3.122502256758253e-16,0.07889016846030487,0,True,0.008817972203031977
1990-01-31,rev_orth,diag,46,0.033278448784930324,1.8095490502346412,0.049999999999999996,2.3966369685499025,-1.5265566588595902e-16,0.0598791627942191,0,True,-0.008925153923335682
1990-02-28,rev_orth,mv,46,0.031041385114209865,3.0865105417737393,0.04999999999999998,5.194145580553753,4.163336342344337e-17,0.0780313220446704,0,True,0.04866657723445585
1990-02-28,rev_orth,diag,46,0.031041385114209865,2.124202551499568,0.04999999999999999,2.304192470767828,-6.245004513516506e-17,0.0726674536472814,0,True,0.03165702164883582
1990-03-31,rev_orth,mv,45,0.03618960902115891,2.999202942289417,0.04999999999999992,4.888626249593894,-1.9081958235744878e-17,0.09375376217662426,0,True,0.002310679323867358
1990-03-31,rev_orth,diag,45,0.03618960902115891,2.5005180974745413,0.05000000000000001,1.7022926465148598,6.938893903907228e-18,0.09125385824313656,0,True,-0.0018314139474478344
1990-04-30,rev_orth,mv,46,0.035610988169849554,3.3885671623945526,0.04999999999999993,6.500033161780819,1.3877787807814457e-16,0.10000000036466722,1,True,-0.027956615743883428
1990-04-30,rev_orth,diag,46,0.035610988169849554,3.273848200720906,0.05,1.7163443604730306,-2.0816681711721685e-17,0.0573246054706391,0,True,0.006195872843016914
1990-05-31,rev_orth,mv,46,0.038529465491493026,3.398757098436175,0.049999999999999954,5.100316633852231,1.8041124150158794e-16,0.08794327940022652,0,True,0.060467979153644054
1990-05-31,rev_orth,diag,46,0.038529465491493026,2.963110241864946,0.05000000000000002,1.7633820139431393,-3.469446951953614e-17,0.07885736060846785,0,True,0.019418260841942953
1990-06-30,rev_orth,mv,46,0.04105262399715112,3.974814351261348,0.05000000000000006,5.210755271765526,-1.942890293094024e-16,0.08303289586648548,0,True,-0.01078907706214811
1990-06-30,rev_orth,diag,46,0.04105262399715112,2.7632878123895703,0.05000000000000002,2.0904922669755166,-5.551115123125783e-17,0.07952057494755924,0,True,-0.009566417282750745
1990-07-31,rev_orth,mv,46,0.03872904753118357,3.4967947652091085,0.05,5.14150304854895,-6.591949208711867e-17,0.06769524026305142,0,True,0.026321089850056174
1990-07-31,rev_orth,diag,46,0.03872904753118357,3.9625437588846806,0.04999999999999999,1.6149451189414215,3.241764495731658e-17,0.08262011378922457,0,True,0.009216795364357256
1990-08-31,rev_orth,mv,46,0.04041443050924595,3.1469913522306685,0.04999999999999993,4.577471395554632,-2.0122792321330962e-16,0.0673982083636869,0,True,-0.012865526616037362
1990-08-31,rev_orth,diag,46,0.04041443050924595,2.8393133185396557,0.04999999999999999,2.0146175526968517,6.245004513516506e-17,0.06763948927934314,0,True,0.0027169660232374375
1990-09-30,rev_orth,mv,45,0.041199584880180266,3.3296433952225666,0.04999999999999999,4.241845401852809,-2.7755575615628914e-17,0.0915965527780891,0,True,-0.05616214951018795
1990-09-30,rev_orth,diag,45,0.041199584880180266,3.1950358914556487,0.04999999999999999,1.6952869256878622,-5.681219383824043e-17,0.08444260585302273,0,True,-0.008033398957932631
1990-10-31,rev_orth,mv,45,0.039252505677490675,2.5280595888641626,0.049999999999999954,4.42246970665025,1.942890293094024e-16,0.07445678838678856,0,True,-0.00810527165127385
1990-10-31,rev_orth,diag,45,0.039252505677490675,2.787315683931315,0.04999999999999998,1.7817324121358988,-1.3877787807814457e-17,0.08309701338259108,0,True,0.0015460934753235437
1990-11-30,rev_orth,mv,46,0.03737987906711583,3.586616930970815,0.05000000000000004,4.747239024974593,3.434752482434078e-16,0.0598922317086388,0,True,0.019834394493232623
1990-11-30,rev_orth,diag,46,0.03737987906711583,2.1634344918141815,0.05,2.2765671812307633,1.6132928326584306e-16,0.0663344214533559,0,True,0.007577794933731757
1990-12-31,rev_orth,mv,46,0.03751271735696909,3.4436886227062473,0.050000000000000024,5.244775618224669,2.7755575615628914e-17,0.0818467294321174,0,True,0.022585254358301284
1990-12-31,rev_orth,diag,46,0.03751271735696909,2.7713075880540976,0.05,2.091854029398416,0.0,0.07487878685203424,0,True,-0.017813541581700027
1991-01-31,rev_orth,mv,45,0.034594235916650416,2.6218170832706886,0.050000000000000024,5.32114043930337,1.1102230246251565e-16,0.06275910551849485,0,True,-0.008377722091890319
1991-01-31,rev_orth,diag,45,0.034594235916650416,2.293058861629899,0.05,1.90973503996651,3.8163916471489756e-17,0.07481789582697723,0,True,0.0047547477522970685
1991-02-28,rev_orth,mv,45,0.0344307723640174,2.5224117658856313,0.05000000000000002,3.733693761346243,2.7755575615628914e-17,0.07602496115273805,0,True,-0.03594135442193661
1991-02-28,rev_orth,diag,45,0.0344307723640174,2.207692259949096,0.05000000000000002,1.8623299005304614,-2.7755575615628914e-17,0.08858315927014902,0,True,0.008452951143771342
1991-03-31,rev_orth,mv,46,0.03664860955690474,2.5347088646288616,0.05000000000000002,4.456240262361317,1.5265566588595902e-16,0.055055239721732006,0,True,-0.0057620613776901185
1991-03-31,rev_orth,diag,46,0.03664860955690474,2.92929361336989,0.04999999999999999,1.6778826070480797,-3.9898639947466563e-17,0.08020855961677116,0,True,0.0011913617788158358
1991-04-30,rev_orth,mv,46,0.03634005270896335,2.8386666905107174,0.050000000000000024,5.335220626512477,-1.8041124150158794e-16,0.07545802819488058,0,True,0.019753036439292205
1991-04-30,rev_orth,diag,46,0.03634005270896335,2.7047660247702896,0.05,1.90553612468727,4.163336342344337e-17,0.0924789735285934,0,True,-0.019862063303950434
1991-05-31,rev_orth,mv,46,0.03342646424593811,2.9991357335187083,0.05,4.8448835561149615,1.1102230246251565e-16,0.07153594568020419,0,True,-0.057528251140328016
1991-05-31,rev_orth,diag,46,0.03342646424593811,2.341295993054286,0.049999999999999996,1.9633582327723715,5.204170427930421e-17,0.11266128867802637,1,True,-0.008895912133365047
1991-06-30,rev_orth,mv,46,0.03270241021486374,2.7254968924719547,0.05000000000000002,4.075990936985627,2.7755575615628914e-17,0.07926575221604944,0,True,-0.033066742459524935
1991-06-30,rev_orth,diag,46,0.03270241021486374,2.21237837305992,0.05,1.8206115388531536,-1.942890293094024e-16,0.09372189545693772,0,True,-0.006935841818698489
1991-07-31,rev_orth,mv,47,0.031955025645626634,2.599719620703576,0.05000000000000002,4.232998802698144,-5.551115123125783e-17,0.08565357965570487,0,True,0.007843169525357907
1991-07-31,rev_orth,diag,47,0.031955025645626634,2.357683799499052,0.049999999999999996,1.7589862537661705,0.0,0.07874076968788245,0,True,0.002632423897751517
1991-08-31,rev_orth,mv,47,0.03213530364599912,3.007837429456395,0.049999999999999996,5.006755321879393,0.0,0.059227283102240444,0,True,0.005301477076888407
1991-08-31,rev_orth,diag,47,0.03213530364599912,2.5684332113671684,0.049999999999999996,1.9110381278878674,1.214306433183765e-17,0.09565744145134415,0,True,0.005141392761737952
1991-09-30,rev_orth,mv,47,0.03315454325768514,3.255907226061803,0.04999999999999997,4.224254337580736,-1.942890293094024e-16,0.08828739326794778,0,True,-0.0010331484280486005
1991-09-30,rev_orth,diag,47,0.03315454325768514,2.1465166034343404,0.05000000000000002,2.041568911589355,8.456776945386935e-17,0.09705892734748227,0,True,-0.0019479293657410953
1991-10-31,rev_orth,mv,46,0.03292511291121347,3.073071592556853,0.049999999999999996,4.6186044127123695,1.3877787807814457e-17,0.0905933283995764,0,True,0.024224599345574114
1991-10-31,rev_orth,diag,46,0.03292511291121347,2.453157775036575,0.04999999999999999,2.2292373358115807,-8.326672684688674e-17,0.057947237544092214,0,True,0.015198707968559393
1991-11-30,rev_orth,mv,47,0.03600135358325543,3.8972318577981855,0.050000000000000024,5.765420021637562,-1.1102230246251565e-16,0.0639767326296066,0,True,0.028486389667748187
1991-11-30,rev_orth,diag,47,0.03600135358325543,2.338081136433707,0.04999999999999999,2.2017945361250932,6.938893903907228e-17,0.08277480893868966,0,True,0.00917600803275045
1991-12-31,rev_orth,mv,46,0.0365644491371855,3.36371926861176,0.05000000000000002,4.79805706434943,1.8735013540549517e-16,0.07052870566323018,0,True,0.057783661453396994
1991-12-31,rev_orth,diag,46,0.0365644491371855,2.3906165709271954,0.049999999999999996,1.9950946129055964,-4.683753385137379e-17,0.07791182981154177,0,True,0.005781882616991896
1992-01-31,rev_orth,mv,46,0.03650726183063552,3.082494433709975,0.049999999999999975,4.833908383297162,-1.0408340855860843e-17,0.08409542622862447,0,True,0.022969950768807423
1992-01-31,rev_orth,diag,46,0.03650726183063552,2.9479449395915225,0.05,1.8461348798448578,5.0306980803327406e-17,0.09368396863329512,0,True,-0.01060962527007596
1992-02-29,rev_orth,mv,46,0.034168856758655136,2.8749682856272245,0.04999999999999999,4.956306912203267,-2.185751579730777e-16,0.06578661766606972,0,True,-0.010411432222034335
1992-02-29,rev_orth,diag,46,0.034168856758655136,2.5338578728708994,0.05000000000000001,1.7235865451150714,-9.194034422677078e-17,0.08176213064494078,0,True,-0.016031011974498494
1992-03-31,rev_orth,mv,46,0.030221640705847427,2.294174267098932,0.05000000000000002,5.257448312816108,6.938893903907228e-17,0.08467865064360795,0,True,-0.01962004180965231
1992-03-31,rev_orth,diag,46,0.030221640705847427,1.6736893794543333,0.05,1.684904646158042,-5.204170427930421e-18,0.1433566052231362,1,True,-0.014648763049917655
1992-04-30,rev_orth,mv,46,0.028897418846896766,2.569124669611343,0.05000000000000006,4.953545525633669,2.0621525320674294e-16,0.08365983464205058,0,True,-0.04104566245894656
1992-04-30,rev_orth,diag,46,0.028897418846896766,2.317926893324408,0.049999999999999996,1.551750425148793,-1.3877787807814457e-16,0.07864780169413994,0,True,-0.01735154982587318
1992-05-31,rev_orth,mv,46,0.023579664014706795,2.4409297940680705,0.049999999999999996,5.333797055150759,-2.7755575615628914e-17,0.06832627968940085,0,True,0.007405462285493398
1992-05-31,rev_orth,diag,46,0.023579664014706795,1.4121807637122437,0.05,2.0352869088324357,-7.979727989493313e-17,0.09010628440890696,0,True,0.010936245858960724
1992-06-30,rev_orth,mv,47,0.024621681615845322,2.6012167786161156,0.04999999999999997,5.970518555689965,-7.28583859910259e-17,0.061948389573515755,0,True,-0.01313093764406469
1992-06-30,rev_orth,diag,47,0.024621681615845322,1.4118564905941755,0.04999999999999998,2.3804162298298124,-9.80118763926896e-17,0.08548435335716972,0,True,-0.021781342035561823
1992-07-31,rev_orth,mv,46,0.02095030640482577,1.6423840609033418,0.0500000000000001,5.402742251071874,8.326672684688674e-17,0.08362607100833953,0,True,-0.02115849328574281
1992-07-31,rev_orth,diag,46,0.02095030640482577,1.4137170887352872,0.05,1.8637414653080029,4.163336342344337e-17,0.08825357422700006,0,True,-0.0031233372237758246
1992-08-31,rev_orth,mv,47,0.019794985350885082,1.7738001254933182,0.05,4.450655765024792,2.42861286636753e-16,0.06697963817414221,0,True,-0.03401330062106688
1992-08-31,rev_orth,diag,47,0.019794985350885082,1.8524869759385123,0.05000000000000001,1.6147723161150347,-2.7755575615628914e-17,0.07701362616682077,0,True,-0.007219484205858734
1992-09-30,rev_orth,mv,47,0.019438410330806337,1.8253844452718384,0.05000000000000004,4.314255499577567,3.469446951953614e-17,0.06785831606545711,0,True,-0.02402894785078942
1992-09-30,rev_orth,diag,47,0.019438410330806337,1.777061682696366,0.05000000000000002,1.7046505783609809,-3.2959746043559335e-17,0.08470276159203927,0,True,-0.001711146552045542
1992-10-31,rev_orth,mv,47,0.019140491439021624,1.6825989077301233,0.050000000000000024,4.265260534268634,-1.8735013540549517e-16,0.08381454780925306,0,True,0.011884804425593165
1992-10-31,rev_orth,diag,47,0.019140491439021624,1.7086027665882177,0.049999999999999996,1.5880118500664202,-2.0816681711721685e-17,0.09954023383723955,0,True,0.00512152336682665
1992-11-30,rev_orth,mv,47,0.020218139759495525,2.069721214497451,0.04999999999999999,5.243527916916332,-8.326672684688674e-17,0.05558495148096018,0,True,0.000951999149968112
1992-11-30,rev_orth,diag,47,0.020218139759495525,1.7300971331554644,0.05,1.8547592053335478,8.326672684688674e-17,0.06402522820994604,0,True,-0.00046952093339647645
1992-12-31,rev_orth,mv,47,0.0203820504597527,1.8698293558043133,0.05000000000000002,4.7798402801671,5.746271514173174e-17,0.06981844818527713,0,True,0.03550739366697065
1992-12-31,rev_orth,diag,47,0.0203820504597527,1.7838548489034116,0.05,1.8318207406619578,0.0,0.08617368211046814,0,True,0.0031703909532143242
1993-01-31,rev_orth,mv,47,0.019883656276098755,1.7017056788894473,0.049999999999999996,5.1112702544354045,-1.249000902703301e-16,0.07358010498785555,0,True,0.060417712866184775
1993-01-31,rev_orth,diag,47,0.019883656276098755,1.8165412504694207,0.049999999999999996,1.6542400279266252,-7.892991815694472e-17,0.10257078042522004,1,True,0.0034345438450002074
1993-02-28,rev_orth,mv,47,0.01995167674889523,1.9055920787238614,0.05000000000000003,5.087756967752075,-1.5265566588595902e-16,0.05677729058614333,0,True,0.03943774261521653
1993-02-28,rev_orth,diag,47,0.01995167674889523,1.605372426330858,0.05,1.855014279243561,-8.673617379884035e-18,0.05858413642586162,0,True,0.02330644862550647
1993-03-31,rev_orth,mv,47,0.023743349589938522,2.6508099428189738,0.05000000000000004,6.0392004261015035,-1.4224732503009818e-16,0.0639553837693617,0,True,0.047039696118832346
1993-03-31,rev_orth,diag,47,0.023743349589938522,1.7707572881313194,0.05,2.154475532540843,7.632783294297951e-17,0.07275626566420731,0,True,-0.0021404205008576
1993-04-30,rev_orth,mv,47,0.023234873890233577,2.021203716122615,0.05000000000000002,4.333275006606902,4.163336342344337e-17,0.059714909940969764,0,True,0.015202664764390335
1993-04-30,rev_orth,diag,47,0.023234873890233577,1.4680550206792216,0.05,2.0352246428165044,1.249000902703301e-16,0.07563664137388529,0,True,0.008249929435877821
1993-05-31,rev_orth,mv,47,0.02367389507989797,2.446255240614763,0.050000000000000024,5.251015336350984,5.551115123125783e-17,0.0690477788990877,0,True,0.005607638759490206
1993-05-31,rev_orth,diag,47,0.02367389507989797,1.5677043391423433,0.05,2.0617168921724316,0.0,0.08784329057794218,0,True,0.002154829118297637
1993-06-30,rev_orth,mv,47,0.023812744307215482,1.6717715747695678,0.04999999999999999,4.414492060551439,-4.85722573273506e-17,0.06848892906714125,0,True,0.008378387078088833
1993-06-30,rev_orth,diag,47,0.023812744307215482,1.3301204823075468,0.05000000000000002,1.942344357142985,8.413408858487514e-17,0.09482965777924711,0,True,0.004808069579348283
1993-07-31,rev_orth,mv,47,0.02409963755605824,1.8803567205810163,0.04999999999999996,5.17294957605205,1.1102230246251565e-16,0.06274017463563153,0,True,-0.0030021532105039784
1993-07-31,rev_orth,diag,47,0.02409963755605824,1.5463890485653693,0.05,1.9786245038238688,-1.6653345369377348e-16,0.09003624346387962,0,True,-0.001667639984714421
1993-08-31,rev_orth,mv,47,0.02375170421662215,2.0936421028687646,0.04999999999999999,5.387574520867586,-1.3877787807814457e-17,0.07703742810197563,0,True,-0.0019907434314449498
1993-08-31,rev_orth,diag,47,0.02375170421662215,1.379417629618375,0.05000000000000001,2.1389103400426,-4.5102810375396984e-17,0.06647021728409791,0,True,0.009053062219733192
1993-09-30,rev_orth,mv,47,0.024673021233601652,1.7920479258698199,0.049999999999999996,4.58592851073877,-8.326672684688674e-17,0.05408819102750414,0,True,-0.01899940204818987
1993-09-30,rev_orth,diag,47,0.024673021233601652,1.3581445667112746,0.049999999999999996,2.117392420624591,-3.729655473350135e-17,0.1018976436536246,1,True,0.009189565299328413
1993-10-31,rev_orth,mv,47,0.025137348479506914,2.097903767643272,0.050000000000000024,4.535009891004815,-5.551115123125783e-17,0.08930716839488126,0,True,0.004973281494346372
1993-10-31,rev_orth,diag,47,0.025137348479506914,1.780382007965402,0.04999999999999999,1.839761507090497,-8.326672684688674e-17,0.08112807651583523,0,True,-0.008510190480793337
1993-11-30,rev_orth,mv,47,0.02352833810669925,2.0535715194273187,0.050000000000000024,5.028720467381385,-4.163336342344337e-17,0.06254316995977119,0,True,-0.007696863131260637
1993-11-30,rev_orth,diag,47,0.02352833810669925,1.5676831182397448,0.05,2.1882238555804503,-6.938893903907228e-17,0.05393347806012304,0,True,-0.012534936084676538
1993-12-31,rev_orth,mv,47,0.022021347059180577,2.6705318220887575,0.04999999999999999,5.549945529880134,6.418476861114186e-17,0.0693825382601806,0,True,0.01713701798080486
1993-12-31,rev_orth,diag,47,0.022021347059180577,1.0946375581066428,0.049999999999999996,2.8166776596832963,-1.0408340855860843e-17,0.061907481680821115,0,True,0.0007350282212430689
1994-01-31,rev_orth,mv,47,0.022208244683371365,2.200652045878231,0.05000000000000003,5.585602381496599,-1.3877787807814457e-16,0.08720036454660292,0,True,-0.022253951737177275
1994-01-31,rev_orth,diag,47,0.022208244683371365,1.8996342447782906,0.049999999999999996,1.6080471640566532,7.112366251504909e-17,0.11774886072134107,1,True,-0.004383183029674743
1994-02-28,rev_orth,mv,47,0.021228966271653087,1.8006848351325677,0.050000000000000024,4.915300373863198,-1.6653345369377348e-16,0.10000000092691626,1,True,-0.03693178052393486
1994-02-28,rev_orth,diag,47,0.021228966271653087,1.4145876247904345,0.04999999999999999,1.7268305312300853,1.1796119636642288e-16,0.08058353097900864,0,True,-0.019923369922783252
1994-03-31,rev_orth,mv,47,0.01849826880270091,1.8098830551035097,0.04999999999999996,5.657175854730416,1.478851763270228e-16,0.07813873091611073,0,True,0.0022426393885107286
1994-03-31,rev_orth,diag,47,0.01849826880270091,1.128827604420819,0.05000000000000001,2.134568806286677,-1.5612511283791264e-17,0.10454983206641791,1,True,-0.00034881537742915904
1994-04-30,rev_orth,mv,47,0.018442042680944116,1.9272491755691739,0.05000000000000002,5.913074570910557,2.7755575615628914e-17,0.07912958705919114,0,True,-0.028922858886420634
1994-04-30,rev_orth,diag,47,0.018442042680944116,1.1971171799814133,0.04999999999999999,2.1725059020959,2.7755575615628914e-17,0.15708598468803786,1,True,-0.0008620354360236763
1994-05-31,rev_orth,mv,47,0.017542281810238244,1.550716991469512,0.04999999999999997,4.30129089919114,7.632783294297951e-17,0.09033233561091576,0,True,-0.010663791993872249
1994-05-31,rev_orth,diag,47,0.017542281810238244,1.232312070469235,0.04999999999999999,2.113835857193196,9.8879238130678e-17,0.09986734640459204,0,True,-0.006055449195933732
1994-06-30,rev_orth,mv,47,0.015661745051936217,1.589946003272337,0.05000000000000002,4.714066364523709,-1.3877787807814457e-17,0.0848913959776774,0,True,0.022065917733766732
1994-06-30,rev_orth,diag,47,0.015661745051936217,0.9195369783921987,0.05,2.0309500979787276,7.632783294297951e-17,0.09052906569734843,0,True,0.02084698912260344
1994-07-31,rev_orth,mv,48,0.01865255646436182,2.0106496853956437,0.05000000000000004,5.475294607360075,-9.71445146547012e-17,0.06832890797656144,0,True,-0.003741195108621897
1994-07-31,rev_orth,diag,48,0.01865255646436182,1.237726873325869,0.049999999999999996,2.378984439101253,2.7755575615628914e-17,0.08734678217556793,0,True,-0.004801934932862219
1994-08-31,rev_orth,mv,48,0.018771656928643098,1.8838376851562622,0.04999999999999999,4.770888310111975,0.0,0.07697237562998971,0,True,0.0019445470836668317
1994-08-31,rev_orth,diag,48,0.018771656928643098,1.2008153137494295,0.05000000000000001,2.035566042337335,0.0,0.06478937381559323,0,True,-0.0003988415994893753
1994-09-30,rev_orth,mv,48,0.017973480914199175,1.8189877757218949,0.05000000000000002,5.496042377095434,3.885780586188048e-16,0.05522046522227596,0,True,-0.03453581841663953
1994-09-30,rev_orth,diag,48,0.017973480914199175,1.411726931783885,0.049999999999999996,2.2168704641718096,-8.326672684688674e-17,0.06380323500639214,0,True,7.152413535988248e-05
1994-10-31,rev_orth,mv,47,0.01793862141638547,1.7157199344406122,0.050000000000000065,4.696917010321616,3.642919299551295e-17,0.06664769487072805,0,True,-0.013882064280319927
1994-10-31,rev_orth,diag,47,0.01793862141638547,1.1266388467623523,0.049999999999999996,2.1323103307264604,2.0816681711721685e-17,0.08523568322613487,0,True,-0.007897866691071046
1994-11-30,rev_orth,mv,48,0.018048742435185044,2.0805102884675835,0.05,5.992862252862977,0.0,0.07572978665731123,0,True,0.03460375393540075
1994-11-30,rev_orth,diag,48,0.018048742435185044,1.0880677496446745,0.049999999999999996,2.5010301493205964,2.220446049250313e-16,0.08635042046972825,0,True,0.02127575582634881
1994-12-31,rev_orth,mv,47,0.020627948107915278,1.5309019760628813,0.050000000000000044,5.460406141401273,7.546047120499111e-17,0.06994073142782281,0,True,0.022376148715286016
1994-12-31,rev_orth,diag,47,0.020627948107915278,1.1256803336177237,0.04999999999999999,1.997670225182362,-1.9081958235744878e-16,0.14985227464511264,1,True,0.001040932514254591
1995-01-31,rev_orth,mv,48,0.020086984402205625,1.725839757517317,0.04999999999999999,4.3839971382232505,1.3877787807814457e-16,0.05788738058659569,0,True,-0.030224893289510352
1995-01-31,rev_orth,diag,48,0.020086984402205625,1.626590473514178,0.05,1.901341481533498,-4.163336342344337e-17,0.07081331676179738,0,True,-0.002380737317518285
1995-02-28,rev_orth,mv,48,0.02104476735669734,1.4719721836405502,0.049999999999999996,3.956872923452754,-2.7755575615628914e-16,0.06659955296948539,0,True,-0.015494864200030859
1995-02-28,rev_orth,diag,48,0.02104476735669734,1.947301149998919,0.05,1.8991824585941657,2.7755575615628914e-17,0.06606161556298275,0,True,0.008325390955241409
1995-03-31,rev_orth,mv,48,0.0225887622813732,1.700335872849018,0.04999999999999998,3.9644546190345595,-1.6653345369377348e-16,0.10000000095848274,1,True,-0.006228404529628379
1995-03-31,rev_orth,diag,48,0.0225887622813732,1.6583798870575357,0.049999999999999996,1.595972480235448,5.551115123125783e-17,0.1363035643236622,1,True,0.007969421517802297
1995-04-30,rev_orth,mv,48,0.022859628773880314,1.885855714535501,0.05000000000000004,5.08581199291487,-2.498001805406602e-16,0.07267301914876471,0,True,-0.028235738051464565
1995-04-30,rev_orth,diag,48,0.022859628773880314,1.8695230999966066,0.05000000000000002,1.5595317841769294,0.0,0.0911659867505906,0,True,-0.014929320015313392
1995-05-31,rev_orth,mv,48,0.019974556970390314,1.7696635771410447,0.05,6.055535840610082,0.0,0.05029166435885849,0,True,-0.03624671767516825
1995-05-31,rev_orth,diag,48,0.019974556970390314,1.4184409866909933,0.05,1.9858551842588343,0.0,0.08127183735131945,0,True,-0.010789025671856679
1995-06-30,rev_orth,mv,47,0.019022294370551595,1.7167685999359132,0.05000000000000004,5.283349649309175,-1.8041124150158794e-16,0.08268276628038441,0,True,-0.02852550115339748
1995-06-30,rev_orth,diag,47,0.019022294370551595,1.5437687815719774,0.05000000000000001,1.9690801678446275,1.734723475976807e-18,0.08421524053447585,0,True,0.0035312317823136576
1995-07-31,rev_orth,mv,47,0.019277429965544855,1.8220615305093675,0.05,5.023946870049865,6.938893903907228e-17,0.06016850985457401,0,True,0.012005464721230541
1995-07-31,rev_orth,diag,47,0.019277429965544855,1.120977812496328,0.05,2.0614649544489168,7.28583859910259e-17,0.08941012360332314,0,True,0.00565929287663327
1995-08-31,rev_orth,mv,47,0.020233719331670168,1.9280444472564322,0.05000000000000001,4.617964277893008,0.0,0.07877551664554198,0,True,0.014073477236311333
1995-08-31,rev_orth,diag,47,0.020233719331670168,1.4156846612732792,0.05000000000000002,2.075775441074533,2.0816681711721685e-17,0.10243182144556444,1,True,0.001810415380915782
1995-09-30,rev_orth,mv,47,0.019808225069947658,1.6366898729103352,0.05,4.567847722671087,2.498001805406602e-16,0.10000000036445102,1,True,0.018655862193535287
1995-09-30,rev_orth,diag,47,0.019808225069947658,1.2641490416807892,0.049999999999999996,1.918208922163269,4.5102810375396984e-17,0.1252954176478932,1,True,0.019762140578402324
1995-10-31,rev_orth,mv,47,0.02114813679466309,1.5354550501669297,0.049999999999999996,4.958970959529155,-1.3877787807814457e-16,0.07074136211918984,0,True,0.0009193054816797744
1995-10-31,rev_orth,diag,47,0.02114813679466309,1.398606216848981,0.049999999999999996,1.9326298545507292,-3.8163916471489756e-17,0.09642836213228552,0,True,-0.017124784309671365
1995-11-30,rev_orth,mv,46,0.020780425495759314,1.650825628579229,0.05,4.860847827979335,-9.71445146547012e-17,0.06935964100358664,0,True,0.05279311063713791
1995-11-30,rev_orth,diag,46,0.020780425495759314,1.2253552660794538,0.04999999999999999,2.1193457493740984,-9.020562075079397e-17,0.08192345453708946,0,True,0.032229281328324554
1995-12-31,rev_orth,mv,47,0.02297338104853538,1.681096354735419,0.05000000000000004,5.19689044452526,-3.0531133177191805e-16,0.08909673185911422,0,True,-6.0822365559529656e-05
1995-12-31,rev_orth,diag,47,0.02297338104853538,1.6209938635257304,0.049999999999999996,1.8041495880444487,1.1666015375944028e-16,0.1484530837942749,1,True,0.009083253176574425
1996-01-31,rev_orth,mv,47,0.024043314237174315,1.9596172506293288,0.05,5.53638689410028,8.326672684688674e-17,0.07873124660893276,0,True,0.0006835135752046633
1996-01-31,rev_orth,diag,47,0.024043314237174315,1.7172004339555118,0.04999999999999999,1.9326152596322463,-4.85722573273506e-17,0.09048992912397723,0,True,-0.004018053006166237
1996-02-29,rev_orth,mv,47,0.022894866178843575,1.8627621861034842,0.05,5.77830631813245,-1.6653345369377348e-16,0.07545389746437037,0,True,0.006663037550093298
1996-02-29,rev_orth,diag,47,0.022894866178843575,1.4888358356978622,0.05000000000000001,1.9147394069589716,-8.326672684688674e-17,0.07451105296439693,0,True,-0.009399882654579552
1996-03-31,rev_orth,mv,47,0.02150640365561791,1.6653746774067817,0.04999999999999997,5.333207776182135,-1.3877787807814457e-17,0.09722944786147945,0,True,-0.027163337178101564
1996-03-31,rev_orth,diag,47,0.02150640365561791,1.0228981734768805,0.049999999999999996,2.2839483286408893,-4.163336342344337e-17,0.16067221207841412,2,True,0.0020690172019691686
1996-04-30,rev_orth,mv,47,0.020344880519993006,1.8747862999796734,0.05000000000000006,5.560336679062713,1.5959455978986625e-16,0.07459459052774202,0,True,-0.010447029598107834
1996-04-30,rev_orth,diag,47,0.020344880519993006,1.4003422917804593,0.05,1.971356793330067,4.85722573273506e-17,0.11002014562924997,1,True,-0.0004760107811673838
1996-05-31,rev_orth,mv,47,0.01997592193152568,1.759426073011708,0.05,4.883493111417259,5.551115123125783e-17,0.06436222752086829,0,True,0.014700063842793886
1996-05-31,rev_orth,diag,47,0.01997592193152568,1.1401156529085605,0.05000000000000002,2.583311891553515,-8.326672684688674e-17,0.06756637497868777,0,True,0.015425807891450058
1996-06-30,rev_orth,mv,47,0.020845494092960555,1.7874642873947368,0.05000000000000005,4.371135994822544,2.7755575615628914e-17,0.08748494372459453,0,True,-0.008056495950294121
1996-06-30,rev_orth,diag,47,0.020845494092960555,1.5865527449337227,0.05,1.8811629480191094,-8.326672684688674e-17,0.11914715886302245,1,True,0.003668091332737976
1996-07-31,rev_orth,mv,47,0.02058802021574321,1.924956335237223,0.05000000000000001,5.003022714604714,-6.418476861114186e-17,0.09212403340462741,0,True,0.0028163020192702747
1996-07-31,rev_orth,diag,47,0.02058802021574321,1.2121906103032594,0.049999999999999996,2.2267892765518207,9.367506770274758e-17,0.1302505015845867,1,True,0.00802729866300728
1996-08-31,rev_orth,mv,48,0.021051384556843147,1.9470795958251759,0.04999999999999999,4.934201380104841,-8.326672684688674e-17,0.06458931015824629,0,True,-0.02147831249507328
1996-08-31,rev_orth,diag,48,0.021051384556843147,1.427609686535899,0.05,2.3231921771030892,1.1102230246251565e-16,0.059016499151924494,0,True,-0.010703774764434005
1996-09-30,rev_orth,mv,48,0.019996141896231494,2.010842703441659,0.05000000000000002,5.151048229376002,2.7755575615628914e-17,0.0796729978933677,0,True,-0.009688894360321422
1996-09-30,rev_orth,diag,48,0.019996141896231494,1.4327154177878856,0.05000000000000002,2.4908673113172846,-5.551115123125783e-17,0.09914377749204162,0,True,0.004502731424858736
1996-10-31,rev_orth,mv,48,0.020363990447806155,1.8729880002158765,0.04999999999999999,5.335120163010751,1.1102230246251565e-16,0.09041439265029641,0,True,0.0032735053352459867
1996-10-31,rev_orth,diag,48,0.020363990447806155,1.559786422715388,0.049999999999999996,2.232462853050459,0.0,0.07960346847024084,0,True,-0.0022131766790359705
1996-11-30,rev_orth,mv,48,0.02008756150767675,2.0259824696346223,0.05000000000000004,5.4562276870182895,8.326672684688674e-17,0.05670097338522299,0,True,0.06415183306436512
1996-11-30,rev_orth,diag,48,0.02008756150767675,1.3834570105351818,0.04999999999999999,2.377042624928575,-6.938893903907228e-17,0.05882207547590585,0,True,0.030805755252184118
1996-12-31,rev_orth,mv,48,0.022415745013677803,2.0784295674479543,0.049999999999999996,5.1069974991589735,-5.551115123125783e-17,0.05625183689271563,0,True,-0.005575259676639823
1996-12-31,rev_orth,diag,48,0.022415745013677803,1.5414554860281064,0.05,2.0648175310399015,2.7755575615628914e-17,0.07671565068144812,0,True,-0.00816816424178239
1997-01-31,rev_orth,mv,48,0.021733140618545546,1.9428474419936663,0.05000000000000004,6.258016374764139,2.7755575615628914e-17,0.07207237725069555,0,True,-0.049180087305785825
1997-01-31,rev_orth,diag,48,0.021733140618545546,1.4092304886856692,0.05000000000000002,1.9977424849413543,-1.1102230246251565e-16,0.06589563632725566,0,True,-0.021435055084727532
1997-02-28,rev_orth,mv,47,0.020829367660201825,2.2138068137516798,0.05000000000000004,5.759774070981354,2.7755575615628914e-17,0.08826350573879836,0,True,-0.01179337452747852
1997-02-28,rev_orth,diag,47,0.020829367660201825,1.317384293355791,0.04999999999999998,2.4133990675240646,0.0,0.09654978912921341,0,True,-0.007194851421998151
1997-03-31,rev_orth,mv,48,0.020397212202601014,2.1994736133250186,0.05,5.471138968243465,-1.1102230246251565e-16,0.0865139802083041,0,True,-0.00020310581781517872
1997-03-31,rev_orth,diag,48,0.020397212202601014,1.6079255182541354,0.05,2.4250847437743595,-1.3877787807814457e-17,0.07796013818883327,0,True,-0.01875685089278379
1997-04-30,rev_orth,mv,48,0.0191607006265621,1.9586969917623411,0.05000000000000003,5.70267074147921,-1.1102230246251565e-16,0.07272092567959282,0,True,0.00781925981494895
1997-04-30,rev_orth,diag,48,0.0191607006265621,1.5861453620693744,0.049999999999999996,1.9930565073542743,-4.163336342344337e-17,0.1047433888304334,1,True,0.00614840869896725
1997-05-31,rev_orth,mv,48,0.01974861233476701,2.0755888608326885,0.04999999999999998,5.019588657834603,2.7755575615628914e-16,0.07181829290522544,0,True,0.01473067145196361
1997-05-31,rev_orth,diag,48,0.01974861233476701,1.6245474094085168,0.05,2.0776928388662057,1.3877787807814457e-16,0.05396776535927034,0,True,0.0018228121709491472
1997-06-30,rev_orth,mv,47,0.0203206181175173,1.8593958812088862,0.05000000000000003,5.053679237427943,-1.1102230246251565e-16,0.06642212241801702,0,True,-0.005912270014340582
1997-06-30,rev_orth,diag,47,0.0203206181175173,1.0796301778853228,0.049999999999999996,2.469468724628848,-1.5959455978986625e-16,0.13523189271431224,1,True,-0.004280380043209573
1997-07-31,rev_orth,mv,47,0.02000090434517665,1.5370243379931192,0.04999999999999998,5.197513495835618,-8.326672684688674e-17,0.09015015901063127,0,True,0.004941773356917027
1997-07-31,rev_orth,diag,47,0.02000090434517665,1.356607841260417,0.050000000000000024,2.1478174178514777,-3.122502256758253e-17,0.13589859335938598,1,True,-0.008547353506166283
1997-08-31,rev_orth,mv,46,0.018875989484659125,1.9489406879364672,0.05000000000000002,4.746865496715168,-2.706168622523819e-16,0.07561926253393554,0,True,0.08258758292518777
1997-08-31,rev_orth,diag,46,0.018875989484659125,1.290169212810851,0.04999999999999999,2.2501175094357664,5.551115123125783e-17,0.072416216178163,0,True,0.030039101948610113
1997-09-30,rev_orth,mv,46,0.019586396446417347,1.440542975493118,0.05,4.708817400881516,6.938893903907228e-18,0.09662761993179578,0,True,0.042783005398795905
1997-09-30,rev_orth,diag,46,0.019586396446417347,1.3851179627839885,0.05,1.9457801585039596,7.28583859910259e-17,0.13212395181347195,2,True,0.039901635747060404
1997-10-31,rev_orth,mv,47,0.02178873194886489,2.1159559966402193,0.04999999999999999,5.069194086856499,-9.71445146547012e-17,0.0844161715894901,0,True,-0.0468787393608911
1997-10-31,rev_orth,diag,47,0.02178873194886489,1.7532780093894007,0.049999999999999996,1.9452775105661086,-5.551115123125783e-17,0.07458273581016837,0,True,-0.0033949996869310304
1997-11-30,rev_orth,mv,47,0.022278726667339106,1.8615262356439346,0.04999999999999998,3.8787824647479776,-6.245004513516506e-17,0.062062140827927895,0,True,0.002205490524426512
1997-11-30,rev_orth,diag,47,0.022278726667339106,1.7223619505622056,0.05,1.9041565384710073,1.8041124150158794e-16,0.09224378072912245,0,True,0.011442927982492513
1997-12-31,rev_orth,mv,47,0.023499470282704847,2.437675986807722,0.04999999999999999,4.701249642249036,1.700029006457271e-16,0.06123655937095118,0,True,0.01893051720542325
1997-12-31,rev_orth,diag,47,0.023499470282704847,1.499531406250751,0.05,2.518232524950403,0.0,0.07353067348149889,0,True,0.006444478954504647
1998-01-31,rev_orth,mv,47,0.02342703589070487,1.7291944416429885,0.04999999999999998,4.637466374235778,2.983724378680108e-16,0.08473949715346087,0,True,-0.01685494426154557
1998-01-31,rev_orth,diag,47,0.02342703589070487,1.3245351168501385,0.049999999999999996,2.0784530038525646,-1.2836953722228372e-16,0.08320499998100368,0,True,-0.014584241371647684
1998-02-28,rev_orth,mv,47,0.022593591829132655,2.108099068687338,0.049999999999999996,5.072064619193507,1.3877787807814457e-16,0.06514788451023462,0,True,0.04717433906016705
1998-02-28,rev_orth,diag,47,0.022593591829132655,1.8769150289921726,0.05,1.863205393353805,4.0766001685454967e-17,0.05973715696631063,0,True,0.005770491637718528
1998-03-31,rev_orth,mv,47,0.023217582316332197,2.4292356028479376,0.05,5.190271369120416,-1.0061396160665481e-16,0.07174688272930428,0,True,-0.07496665234860514
1998-03-31,rev_orth,diag,47,0.023217582316332197,1.754454958377482,0.05,2.052740846023417,6.938893903907228e-18,0.05759183959611447,0,True,-0.0399139736785889
1998-04-30,rev_orth,mv,47,0.020400349225122943,2.2303809759671505,0.049999999999999996,4.653229505130532,-1.3877787807814457e-16,0.07355830738165024,0,True,-0.002955801735388309
1998-04-30,rev_orth,diag,47,0.020400349225122943,1.226365290763366,0.05,2.350484806070613,-1.0755285551056204e-16,0.0659237948163203,0,True,-0.0061817646584988945
1998-05-31,rev_orth,mv,47,0.01951183293515788,2.023308637143349,0.049999999999999996,4.720720411235048,2.7755575615628914e-17,0.07070130555040564,0,True,0.021704074852809823
1998-05-31,rev_orth,diag,47,0.01951183293515788,1.3142768631655957,0.05000000000000001,2.356144358833731,-1.3877787807814457e-17,0.06393596940919094,0,True,0.04038204626847463
1998-06-30,rev_orth,mv,47,0.020141922905548042,1.795054714945689,0.05000000000000004,4.856690912907062,-1.3877787807814457e-16,0.08469099191449296,0,True,-0.01338545922203598
1998-06-30,rev_orth,diag,47,0.020141922905548042,1.4552557790636993,0.05,1.8710996606667711,1.734723475976807e-17,0.11042069015924083,1,True,0.011271440234651915
1998-07-31,rev_orth,mv,47,0.02040126224445276,1.9316015554597765,0.049999999999999996,5.367780819184121,1.1102230246251565e-16,0.07061519138933156,0,True,-0.00787458962425815
1998-07-31,rev_orth,diag,47,0.02040126224445276,1.4945675821719158,0.05000000000000001,2.01960880274925,-4.5102810375396984e-17,0.07780740498763951,0,True,-0.016501461586092187
1998-08-31,rev_orth,mv,47,0.019946225925625876,1.9992172349881767,0.05000000000000002,5.227240796803236,-2.636779683484747e-16,0.06301718928893021,0,True,0.03057121156939493
1998-08-31,rev_orth,diag,47,0.019946225925625876,1.316338986511672,0.049999999999999996,2.3242772913532472,-5.551115123125783e-17,0.06945727884200775,0,True,0.020160486046456975
1998-09-30,rev_orth,mv,48,0.019999468327502087,2.0608986341554867,0.05000000000000002,4.92024113095548,-1.1102230246251565e-16,0.06632876014023527,0,True,-0.038941646161446936
1998-09-30,rev_orth,diag,48,0.019999468327502087,1.256380642555616,0.049999999999999996,1.8702210574435152,-1.1102230246251565e-16,0.09520260753316048,0,True,-0.03383538058320587
1998-10-31,rev_orth,mv,48,0.01883087722615013,1.8728667643064072,0.05,5.16789358239675,-2.220446049250313e-16,0.06327333905164777,0,True,-0.016176472738636337
1998-10-31,rev_orth,diag,48,0.01883087722615013,1.3558044295393805,0.05,1.7436481676089792,-1.1102230246251565e-16,0.09585297795995126,0,True,0.005814013513681417
1998-11-30,rev_orth,mv,48,0.018886808697798362,1.7486244637419102,0.04999999999999998,4.462966157484396,-1.1102230246251565e-16,0.06677296079513897,0,True,0.00389062832544965
1998-11-30,rev_orth,diag,48,0.018886808697798362,1.4805687137005878,0.05,1.7754851466692734,0.0,0.05888884044459959,0,True,0.03395860704795249
1998-12-31,rev_orth,mv,48,0.02038512430168127,1.9755011950339136,0.04999999999999999,4.577858633541688,0.0,0.09169289377965392,0,True,0.03842253267897125
1998-12-31,rev_orth,diag,48,0.02038512430168127,1.5435910552615828,0.04999999999999999,1.4308283227110765,0.0,0.09861489990035759,0,True,0.026493696224037324
1999-01-31,rev_orth,mv,47,0.02119812457754616,1.967445113380062,0.05000000000000005,4.530917209068357,-2.3592239273284576e-16,0.07655397915764549,0,True,-0.008098295254837065
1999-01-31,rev_orth,diag,47,0.02119812457754616,1.1890981141212453,0.049999999999999996,1.519659196513722,1.3877787807814457e-17,0.08507584647159491,0,True,-0.028115435107744658
1999-02-28,rev_orth,mv,47,0.020003251472606468,2.0119993850714213,0.05000000000000002,4.810220542438456,-2.0816681711721685e-17,0.05926501521503821,0,True,-0.0707667906027285
1999-02-28,rev_orth,diag,47,0.020003251472606468,1.4171871986256164,0.05000000000000002,1.6605415025792318,4.683753385137379e-17,0.07481569422285843,0,True,-0.016994673794058456
1999-03-31,rev_orth,mv,47,0.019599902096528284,1.8937761856997508,0.04999999999999997,4.880630742473287,2.7755575615628914e-17,0.07493907592061638,0,True,-0.03699499932066343
1999-03-31,rev_orth,diag,47,0.019599902096528284,1.369875600468496,0.05000000000000002,1.735568504861364,-1.249000902703301e-16,0.06827774354447046,0,True,-0.05065004088606198
1999-04-30,rev_orth,mv,47,0.018443903512986148,1.6114640756789445,0.05000000000000003,4.333262837025468,1.3877787807814457e-17,0.09413539901856915,0,True,-0.01525744865106948
1999-04-30,rev_orth,diag,47,0.018443903512986148,1.1916840386816834,0.049999999999999996,1.8680072688629512,-9.020562075079397e-17,0.0857488576427491,0,True,-0.011081585927960201
1999-05-31,rev_orth,mv,47,0.016815281975555593,2.1292977692578416,0.050000000000000065,5.539423922651108,-2.7755575615628914e-17,0.05386702046530899,0,True,0.09362341182577778
1999-05-31,rev_orth,diag,47,0.016815281975555593,1.125089051384049,0.05,1.8770579738787132,-6.938893903907228e-18,0.06104620859548326,0,True,0.03670009606410732
1999-06-30,rev_orth,mv,47,0.017455374655594526,1.4400710475035072,0.05,4.2404077102323345,2.0643209364124004e-16,0.0772056233616021,0,True,0.028691831659285058
1999-06-30,rev_orth,diag,47,0.017455374655594526,0.9883057241415086,0.05,1.574576702128419,-1.2576745200831851e-17,0.0846273517225659,0,True,-0.0014414228533434527
1999-07-31,rev_orth,mv,47,0.01707594064917913,1.9877651498682394,0.05000000000000004,4.720828289309264,1.1102230246251565e-16,0.06471603058834607,0,True,-0.0014057243079960442
1999-07-31,rev_orth,diag,47,0.01707594064917913,1.1195077348710087,0.05000000000000002,1.716430046684456,8.326672684688674e-17,0.08294511810954074,0,True,-0.02189106798149228
1999-08-31,rev_orth,mv,47,0.01546389311730778,1.531753266437157,0.04999999999999998,4.595347856117039,0.0,0.07082404960476663,0,True,0.03070103135802894
1999-08-31,rev_orth,diag,47,0.01546389311730778,0.9879484352925079,0.05000000000000001,1.549662085080409,1.249000902703301e-16,0.06914423132539747,0,True,-0.005476835298726239
1999-09-30,rev_orth,mv,47,0.015418736940531606,1.403185280488703,0.05,4.476725568463861,-1.5265566588595902e-16,0.07557107928284179,0,True,-0.03401541830349371
1999-09-30,rev_orth,diag,47,0.015418736940531606,0.6646246051883073,0.049999999999999996,1.9126325445576267,2.0816681711721685e-17,0.07060133466204621,0,True,-0.04199895848213886
1999-10-31,rev_orth,mv,47,0.013782612078447033,1.5149160154048396,0.05000000000000004,4.545679451678253,-1.0408340855860843e-17,0.06605261534463863,0,True,-0.024997691798033267
1999-10-31,rev_orth,diag,47,0.013782612078447033,0.8894999749385214,0.05,1.8040112388113025,3.8163916471489756e-17,0.09072983889488825,0,True,-0.03111017495275536
1999-11-30,rev_orth,mv,46,0.013246206665532514,1.6284466577811663,0.04999999999999997,4.738254836095983,1.5959455978986625e-16,0.0686287488939299,0,True,-0.04952597740125882
1999-11-30,rev_orth,diag,46,0.013246206665532514,0.7393132677274474,0.04999999999999999,2.1829449702815116,6.938893903907228e-17,0.07517119189207584,0,True,-0.008905311665956364
1999-12-31,rev_orth,mv,47,0.012948604010882579,1.6433307192627218,0.05000000000000001,4.94170485978497,6.938893903907228e-17,0.08957988503306291,0,True,0.061336705371494396
1999-12-31,rev_orth,diag,47,0.012948604010882579,0.817205897686313,0.04999999999999999,1.833437617717879,-5.551115123125783e-17,0.06322731573467472,0,True,-0.01035891930951501
2000-01-31,rev_orth,mv,47,0.012422483952624979,1.210130027243133,0.04999999999999998,4.398847918943708,5.551115123125783e-17,0.057133845782561456,0,True,-0.014765840800015473
2000-01-31,rev_orth,diag,47,0.012422483952624979,0.6930077095288883,0.05,1.5770288537623938,0.0,0.1247340110659495,2,True,0.022843689625749338
2000-02-29,rev_orth,mv,47,0.013050208920028866,1.370735065594853,0.05000000000000002,4.512747521831018,8.326672684688674e-17,0.07382252846794599,0,True,-0.014759900276285468
2000-02-29,rev_orth,diag,47,0.013050208920028866,0.8816597762608552,0.049999999999999996,1.617584391800569,4.163336342344337e-17,0.07279801641480994,0,True,0.014045253005833912
2000-03-31,rev_orth,mv,47,0.014017936828444197,1.7969218259708686,0.04999999999999998,4.124728315183808,1.8041124150158794e-16,0.09453710925067985,0,True,-0.017349960111171993
2000-03-31,rev_orth,diag,47,0.014017936828444197,0.8262672687039063,0.049999999999999996,1.6192472487654375,6.938893903907228e-18,0.1129372437325881,1,True,-0.02213109155861168
2000-04-30,rev_orth,mv,45,0.013503444632331774,1.4676114683643045,0.04999999999999998,4.918432035924367,2.7755575615628914e-17,0.08533479457685676,0,True,0.03427983514549955
2000-04-30,rev_orth,diag,45,0.013503444632331774,0.8523192912098635,0.049999999999999996,1.3957543343398786,5.551115123125783e-17,0.08202862949055627,0,True,-0.00115445365007515
2000-05-31,rev_orth,mv,45,0.013268230144762748,1.8100436669748927,0.05000000000000006,5.549590917075083,-1.3877787807814457e-16,0.07010577341468932,0,True,-0.016656526376073663
2000-05-31,rev_orth,diag,45,0.013268230144762748,0.8257880876044691,0.05000000000000001,1.747134161467551,2.0816681711721685e-17,0.06909113996726127,0,True,-0.00542041667509858
2000-06-30,rev_orth,mv,45,0.013034134167268356,1.717785365487569,0.05000000000000003,5.382733857981594,0.0,0.06139913421905563,0,True,-0.006623595697296298
2000-06-30,rev_orth,diag,45,0.013034134167268356,0.6166353868432178,0.05000000000000001,2.1570895803911005,-6.591949208711867e-17,0.07833943070452506,0,True,-0.0034842565412048394
2000-07-31,rev_orth,mv,45,0.012856389626255446,1.3170228646171362,0.05,4.458950960209587,-3.469446951953614e-18,0.06624211175985856,0,True,0.07225791628375042
2000-07-31,rev_orth,diag,45,0.012856389626255446,0.7433444044403971,0.049999999999999996,1.668768262692988,4.163336342344337e-17,0.09037130205334169,0,True,0.01627917589146166
2000-08-31,rev_orth,mv,45,0.013578152713583072,1.3620398761873227,0.050000000000000024,4.7188229325542155,-3.469446951953614e-17,0.06506228894918303,0,True,-0.018964587699421456
2000-08-31,rev_orth,diag,45,0.013578152713583072,0.8009065128781646,0.049999999999999996,1.6086113434934446,-3.469446951953614e-17,0.09069506098985981,0,True,0.018707084481129812
2000-09-30,rev_orth,mv,45,0.014543127499067825,1.4587885970557257,0.049999999999999954,5.190160901535642,1.3877787807814457e-17,0.06423944489494078,0,True,0.01359658043566968
2000-09-30,rev_orth,diag,45,0.014543127499067825,0.8840972538797011,0.05000000000000001,1.5453331203092158,-1.0408340855860843e-17,0.09733736260681386,0,True,-0.010525808562703774
2000-10-31,rev_orth,mv,45,0.014255654886316485,1.6970743615232142,0.04999999999999997,4.423686753348122,-1.8041124150158794e-16,0.07420721853063812,0,True,0.006265329458174088
2000-10-31,rev_orth,diag,45,0.014255654886316485,0.8571564218533632,0.05,1.4562259213018403,-1.6425662913155392e-17,0.08530348490273812,0,True,0.019850966941589696
2000-11-30,rev_orth,mv,45,0.015277672561945359,1.6468673779602934,0.05000000000000003,3.7952569006369106,-1.734723475976807e-17,0.0675599698082771,0,True,-0.02966306947685215
2000-11-30,rev_orth,diag,45,0.015277672561945359,0.9438097243158197,0.05,1.5737543898120414,8.239936510889834e-17,0.08005861606639397,0,True,-0.02878367748702233
2000-12-31,rev_orth,mv,45,0.014460975519994897,1.5451147371138014,0.05,4.363235270916308,3.469446951953614e-18,0.07476565507378637,0,True,0.02277570650743502
2000-12-31,rev_orth,diag,45,0.014460975519994897,0.8300081131321339,0.05,1.3348448163290885,-1.6588293239028218e-17,0.1047345960789615,1,True,-0.012915905506222099
2001-01-31,rev_orth,mv,45,0.014391833828489653,1.5052628447820242,0.05000000000000003,4.58855886154068,-1.3877787807814457e-17,0.08389746959905334,0,True,-0.0006402403543624316
2001-01-31,rev_orth,diag,45,0.014391833828489653,1.1255697708630046,0.049999999999999996,1.1930034620521812,-5.898059818321144e-17,0.09919490177845573,0,True,-0.0028577524045712674
2001-02-28,rev_orth,mv,44,0.015139863333661966,1.6566440476963813,0.050000000000000044,4.758159451780371,1.7694179454963432e-16,0.09131904243606526,0,True,-0.02260163833311599
2001-02-28,rev_orth,diag,44,0.015139863333661966,1.3211203949547106,0.05,1.1071396501132162,-2.0816681711721685e-17,0.07577734299094369,0,True,-0.009919738813632265
2001-03-31,rev_orth,mv,45,0.014164905775635419,1.682396702472911,0.05,3.8970230318513206,2.0816681711721685e-16,0.10000000029306988,1,True,0.029942549250643203
2001-03-31,rev_orth,diag,45,0.014164905775635419,0.8514254749361118,0.05,1.4611115438665452,-6.938893903907228e-18,0.0706711608997902,0,True,-0.002185235705216541
2001-04-30,rev_orth,mv,45,0.014162873281707497,1.3123104797468468,0.05,4.2180758047390645,1.0408340855860843e-16,0.06556932483427716,0,True,0.03595590946663418
2001-04-30,rev_orth,diag,45,0.014162873281707497,0.9865719369419875,0.05,1.29912227133091,5.551115123125783e-17,0.09543250851515778,0,True,0.0075903696200259226
2001-05-31,rev_orth,mv,45,0.014427388750363786,1.6054251024787085,0.04999999999999997,5.024705282838497,2.1510571102112408e-16,0.06858018800866517,0,True,0.05210163132609952
2001-05-31,rev_orth,diag,45,0.014427388750363786,1.2207523522829367,0.04999999999999999,1.1709956911359376,4.85722573273506e-17,0.07640221856523453,0,True,0.00263436049287607
2001-06-30,rev_orth,mv,45,0.014232432870254866,1.7182961033400619,0.04999999999999992,4.7580174509212805,-1.3877787807814457e-16,0.07862554681047895,0,True,0.025733857478083513
2001-06-30,rev_orth,diag,45,0.014232432870254866,1.0016357155405717,0.05000000000000002,1.4709627847736726,-4.85722573273506e-17,0.11163694625052543,1,True,-0.006165154258968222
2001-07-31,rev_orth,mv,45,0.013882731696586957,1.3328223519338283,0.04999999999999998,4.40248078614284,-5.204170427930421e-17,0.09494757229083513,0,True,-0.03133550487832285
2001-07-31,rev_orth,diag,45,0.013882731696586957,1.0195048047338258,0.05000000000000002,1.168011900326318,-3.469446951953614e-18,0.07813762613119427,0,True,-0.011648891225507082
2001-08-31,rev_orth,mv,44,0.012595709965253955,1.1951667126943106,0.050000000000000024,3.974090897598665,6.245004513516506e-17,0.09893106201680689,0,True,0.04850814779849296
2001-08-31,rev_orth,diag,44,0.012595709965253955,0.9565480453532273,0.05,1.216049175851734,4.85722573273506e-17,0.1098277588251641,1,True,0.020916562668277114
2001-09-30,rev_orth,mv,43,0.013704724791538505,1.249015854584913,0.05000000000000002,4.049122101984111,9.107298248878237e-17,0.0638875057409637,0,True,0.05124241168806292
2001-09-30,rev_orth,diag,43,0.013704724791538505,1.073390599734972,0.05,1.0214280448410895,-2.6020852139652106e-18,0.08959428128356467,0,True,-0.011766451721553767
2001-10-31,rev_orth,mv,43,0.012742458490817638,1.4912338942063135,0.05,4.8376004901257765,2.7755575615628914e-16,0.05486134432679644,0,True,-0.020622202892516317
2001-10-31,rev_orth,diag,43,0.012742458490817638,0.8896079457075086,0.05,1.3999453664278603,0.0,0.07730860085585653,0,True,-0.02782571806057061
2001-11-30,rev_orth,mv,43,0.01096516904749326,1.3543529981520486,0.05000000000000008,4.935974170568505,-2.7755575615628914e-17,0.055861177636404566,0,True,-0.02361696751183652
2001-11-30,rev_orth,diag,43,0.01096516904749326,0.847804126755048,0.05000000000000001,1.2616617443368066,2.7755575615628914e-17,0.08831822579690478,0,True,-0.008622036344105587
2001-12-31,rev_orth,mv,42,0.010092119108394526,1.1673359433161743,0.050000000000000024,4.8813734881025646,-1.9081958235744878e-16,0.09833284268448987,0,True,0.054003957708166725
2001-12-31,rev_orth,diag,42,0.010092119108394526,0.581856713205783,0.05,1.405274984486354,-9.71445146547012e-17,0.10125319874500595,1,True,0.010589517614750845
2002-01-31,rev_orth,mv,43,0.010417277086171416,1.1058162404302114,0.05000000000000003,3.7358560040072053,4.5102810375396984e-17,0.0821004714134069,0,True,-0.04190302034830273
2002-01-31,rev_orth,diag,43,0.010417277086171416,0.9070309973109995,0.05,1.0782782894803715,3.122502256758253e-17,0.09196761714964784,0,True,-0.018337227004303076
2002-02-28,rev_orth,mv,43,0.009176782939635017,0.8885478312711287,0.05000000000000006,3.7776432737881875,1.3877787807814457e-17,0.06931015993216619,0,True,0.007224036041134165
2002-02-28,rev_orth,diag,43,0.009176782939635017,0.7395837692777553,0.049999999999999996,1.2053252392963019,0.0,0.07611695222715605,0,True,-0.0051995874618836
2002-03-31,rev_orth,mv,43,0.008716586524166231,1.0393167057442367,0.04999999999999999,3.3944423418212795,1.448494102440634e-16,0.09999999999581835,1,True,0.023725104389142045
2002-03-31,rev_orth,diag,43,0.008716586524166231,0.5637660090153219,0.05,1.1862076703656235,-2.2551405187698492e-17,0.12784353115531355,1,True,0.0222471940269651
2002-04-30,rev_orth,mv,42,0.009639639649699312,1.182753998762237,0.04999999999999999,3.8229164198742636,-6.938893903907228e-18,0.10000000000473118,2,True,0.011288738544910493
2002-04-30,rev_orth,diag,42,0.009639639649699312,0.5959380596363055,0.05,1.286034135526569,4.85722573273506e-17,0.06643906088228653,0,True,0.0002238351208837482
2002-05-31,rev_orth,mv,42,0.009395385281844684,0.9689582251229663,0.049999999999999996,3.604144751383942,8.326672684688674e-17,0.07721849850949224,0,True,-0.009188290259790125
2002-05-31,rev_orth,diag,42,0.009395385281844684,0.5735865794197258,0.05,1.260273906356836,2.7755575615628914e-17,0.05999166681118104,0,True,0.009532816885010918
2002-06-30,rev_orth,mv,42,0.009759478479000334,0.8839061699497298,0.05000000000000002,2.907915653387844,2.7755575615628914e-17,0.10000000012994296,1,True,0.03177891502675075
2002-06-30,rev_orth,diag,42,0.009759478479000334,0.6476222171572652,0.05000000000000002,1.4075690835818997,-3.8163916471489756e-17,0.0908475611256986,0,True,0.015320441009227739
2002-07-31,rev_orth,mv,42,0.01033076747545067,0.963816653572488,0.05000000000000002,3.5549532758437716,1.3183898417423734e-16,0.08615204534026226,0,True,0.017511396994005755
2002-07-31,rev_orth,diag,42,0.01033076747545067,0.8351413472055903,0.049999999999999996,1.0954070186315275,5.000882520589389e-17,0.10360024905832683,1,True,-0.003485374508018164
2002-08-31,rev_orth,mv,42,0.00990889650160533,0.7894882029636844,0.049999999999999975,3.0041020144420183,-2.6020852139652106e-17,0.08133971953701033,0,True,-0.008893074344159292
2002-08-31,rev_orth,diag,42,0.00990889650160533,0.7029902273782482,0.05,1.3488425868027754,2.0816681711721685e-17,0.07930347012457549,0,True,0.01235373415914628
2002-09-30,rev_orth,mv,42,0.01037165612792903,0.9775658490248492,0.04999999999999999,3.9107509522366755,-8.933825901280557e-17,0.06687209098159569,0,True,-0.03509099039372344
2002-09-30,rev_orth,diag,42,0.01037165612792903,0.9533959937863954,0.049999999999999996,1.0862104095523442,-2.6020852139652106e-17,0.07484983213251643,0,True,-0.02314861879839377
2002-10-31,rev_orth,mv,42,0.009021092827442796,0.8493707989378668,0.05,3.534400072505197,2.220446049250313e-16,0.09267672959115295,0,True,0.03868835666284102
2002-10-31,rev_orth,diag,42,0.009021092827442796,0.7025612420677094,0.050000000000000024,0.999828084808841,-1.0408340855860843e-17,0.10906320241712444,1,True,-0.020993114748118047
2002-11-30,rev_orth,mv,42,0.007552570491901638,0.8359779445825708,0.05,3.548508593603174,2.0816681711721685e-17,0.06961020988560455,0,True,0.0038558778818101208
2002-11-30,rev_orth,diag,42,0.007552570491901638,0.573231787747896,0.05,1.2514725709106977,1.3525422101756668e-17,0.07974751912679712,0,True,0.0035289634607409046
2002-12-31,rev_orth,mv,43,0.008264809230068589,0.7744538289737215,0.05,3.9085310168352314,-1.457167719820518e-16,0.08003557538682372,0,True,0.013651315326440322
2002-12-31,rev_orth,diag,43,0.008264809230068589,0.5384318020463963,0.05000000000000001,1.262100490290273,-1.5612511283791264e-17,0.1167887945341891,2,True,0.015515903477836933
2003-01-31,rev_orth,mv,43,0.009674441567618007,1.1781638171517002,0.04999999999999997,3.891480061058533,5.551115123125783e-17,0.07326543169629048,0,True,-0.005199980685882142
2003-01-31,rev_orth,diag,43,0.009674441567618007,0.667819271525157,0.05,1.5515565622140646,1.734723475976807e-17,0.09912341943008954,0,True,0.007986857102125582
2003-02-28,rev_orth,mv,42,0.010387382055300353,1.08439717336384,0.05000000000000006,3.8871702467128246,6.591949208711867e-17,0.10000000000856249,1,True,0.0036184866451227284
2003-02-28,rev_orth,diag,42,0.010387382055300353,0.6937366025998433,0.05,1.4903759251167294,1.734723475976807e-17,0.09023535510994321,0,True,0.007650897865600841
2003-03-31,rev_orth,mv,42,0.010915149213046847,1.1097699923161286,0.050000000000000044,3.7031096620996222,-3.885780586188048e-16,0.100000000007744,1,True,-0.03908578033580738
2003-03-31,rev_orth,diag,42,0.010915149213046847,0.7218361180992529,0.05,1.3437059555344528,9.540979117872439e-18,0.11377610397305517,2,True,-0.03242900503979569
2003-04-30,rev_orth,mv,41,0.009642447624571776,0.9248827595035076,0.05,3.317101307406269,-1.1102230246251565e-16,0.09031617272658805,0,True,-0.031158573819037975
2003-04-30,rev_orth,diag,41,0.009642447624571776,0.654197640996746,0.049999999999999996,1.4603579470560206,7.28583859910259e-17,0.1094420139773005,1,True,-0.000583005908301867
2003-05-31,rev_orth,mv,42,0.00927552677458362,1.1259700660483691,0.05000000000000004,3.8532976574731386,1.6653345369377348e-16,0.07262164455526861,0,True,-0.04462737431984018
2003-05-31,rev_orth,diag,42,0.00927552677458362,0.5722638486207334,0.05,1.4497301820927913,1.3183898417423734e-16,0.07259583327971017,0,True,-0.028160759069297405
2003-06-30,rev_orth,mv,42,0.006645391891633824,0.6186394694795404,0.05,3.308546662796557,-6.938893903907228e-18,0.08230000125246505,0,True,0.015616594941831208
2003-06-30,rev_orth,diag,42,0.006645391891633824,0.430986832630899,0.04999999999999999,1.4834088480869505,1.5612511283791264e-17,0.07108323768508486,0,True,-0.02037323800505244
2003-07-31,rev_orth,mv,43,0.005921586608674343,0.6773349674201115,0.04999999999999999,4.0227929053227305,-4.85722573273506e-17,0.05702322537045203,0,True,0.0007909523874153807
2003-07-31,rev_orth,diag,43,0.005921586608674343,0.34063486458368303,0.049999999999999996,1.694013816176489,9.540979117872439e-17,0.08936890386738791,0,True,0.0009411155869496809
2003-08-31,rev_orth,mv,43,0.005869975696643984,0.5892826785158697,0.04999999999999999,3.2172375334882997,-2.7755575615628914e-17,0.06658889854873935,0,True,-0.02815244816417236
2003-08-31,rev_orth,diag,43,0.005869975696643984,0.3852577587572301,0.05000000000000002,1.563510250572511,-2.7755575615628914e-17,0.07556334045995254,0,True,-0.006480365039031093
2003-09-30,rev_orth,mv,42,0.005403190432690373,0.5768292777150679,0.05000000000000002,3.726603788929624,1.5265566588595902e-16,0.08423980667160323,0,True,0.001866046971450376
2003-09-30,rev_orth,diag,42,0.005403190432690373,0.3343188267607187,0.05000000000000001,1.5428146270423069,-1.3183898417423734e-16,0.10874160563840773,1,True,0.003839622090518511
2003-10-31,rev_orth,mv,42,0.0059500619855145445,0.8502092418527931,0.050000000000000044,4.328308721938153,0.0,0.05842207989140782,0,True,-0.009953728985226019
2003-10-31,rev_orth,diag,42,0.0059500619855145445,0.30226113016514505,0.05000000000000002,1.8513444158097676,-5.0306980803327406e-17,0.08186504010540673,0,True,-0.009651618228065964
2003-11-30,rev_orth,mv,41,0.005655185595008463,0.5392166406484962,0.05000000000000001,3.3972746532317943,9.71445146547012e-17,0.06513814446967918,0,True,-0.010704532532166059
2003-11-30,rev_orth,diag,41,0.005655185595008463,0.40284765435497527,0.04999999999999999,1.582857111244552,4.163336342344337e-17,0.07342600734998427,0,True,-0.018401077852483978
2003-12-31,rev_orth,mv,41,0.00424882420395461,0.4568276325285526,0.04999999999999998,3.4784866166280617,-9.71445146547012e-17,0.09810829455303427,0,True,-0.016984899205996686
2003-12-31,rev_orth,diag,41,0.00424882420395461,0.17896599110674558,0.05000000000000002,1.841037400793905,4.618701254788249e-17,0.10344728410077296,1,True,-0.0046033728783009846
2004-01-31,rev_orth,mv,41,0.0034182563091487463,0.45088608631510885,0.05000000000000002,4.530539928311955,6.938893903907228e-17,0.07364172215260291,0,True,0.027676469208474847
2004-01-31,rev_orth,diag,41,0.0034182563091487463,0.15562801651111627,0.049999999999999996,1.917725311825276,1.8735013540549517e-16,0.12336657192939454,1,True,0.011671251715488577
2004-02-29,rev_orth,mv,43,0.0041561428239846,0.398824394087797,0.05,3.835620514766945,5.204170427930421e-17,0.10000000231834316,1,True,0.016636211971700315
2004-02-29,rev_orth,diag,43,0.0041561428239846,0.2377735691649051,0.049999999999999996,1.4588895661151913,8.109832250191573e-17,0.07163252171158399,0,True,0.0033775279322708763
2004-03-31,rev_orth,mv,42,0.0043796914840633725,0.46296356121123183,0.05000000000000002,3.3542309520182325,-2.0816681711721685e-17,0.08647066730332058,0,True,0.010853835043774167
2004-03-31,rev_orth,diag,42,0.0043796914840633725,0.27039627694856927,0.04999999999999999,1.6574512520024167,6.938893903907228e-18,0.09160837586868084,0,True,0.008342791648186845
2004-04-30,rev_orth,mv,42,0.004393005059595888,0.4469634057826032,0.05,2.9391991273972264,-8.673617379884035e-17,0.09703110456289897,0,True,-0.02238703291643626
2004-04-30,rev_orth,diag,42,0.004393005059595888,0.27570688060375653,0.05,1.750994832587355,3.2959746043559335e-17,0.07488948156553031,0,True,-0.009881148966663218
2004-05-31,rev_orth,mv,43,0.0036605104609073015,0.42363618382723045,0.05,3.954957462745889,-1.3877787807814457e-16,0.07468303190791287,0,True,0.0053470275401740555
2004-05-31,rev_orth,diag,43,0.0036605104609073015,0.22007980593758789,0.05000000000000001,1.6536258352924935,1.3877787807814457e-17,0.08895942847833292,0,True,0.016414395319361338
2004-06-30,rev_orth,mv,43,0.004819192147344545,0.42477082589337944,0.05,3.512661688646602,1.457167719820518e-16,0.08116906758544477,0,True,0.043306663404376104
2004-06-30,rev_orth,diag,43,0.004819192147344545,0.3003638640222663,0.05,1.4160551168340898,-4.163336342344337e-17,0.11578924418034026,1,True,0.02574416325321362
2004-07-31,rev_orth,mv,42,0.0055782089172286,0.6128314371472291,0.04999999999999999,4.045926093967016,0.0,0.06542516938524229,0,True,-0.01676250783280294
2004-07-31,rev_orth,diag,42,0.0055782089172286,0.38065608566876025,0.05000000000000001,1.4682610044279147,1.2836953722228372e-16,0.08256642333788852,0,True,0.0021734486778957314
2004-08-31,rev_orth,mv,43,0.0060344884118774,0.6474708425426707,0.05,4.417541818430488,1.942890293094024e-16,0.06247762819798491,0,True,0.007467026899015063
2004-08-31,rev_orth,diag,43,0.0060344884118774,0.4298182203600626,0.05,1.4356318231789416,0.0,0.09833397212347306,0,True,0.01135113760082018
2004-09-30,rev_orth,mv,43,0.006872149821292879,0.7600482920786017,0.05,4.660775858026136,1.249000902703301e-16,0.06065849110267556,0,True,-0.005086185767863866
2004-09-30,rev_orth,diag,43,0.006872149821292879,0.37160377415147133,0.04999999999999999,1.4456228568500873,7.45931094670027e-17,0.10453006417278692,1,True,-0.005325390742770124
2004-10-31,rev_orth,mv,43,0.00621612044833726,0.6246096015958283,0.05000000000000002,3.958758473641744,-7.28583859910259e-17,0.09999999999861213,1,True,0.0016486317179056384
2004-10-31,rev_orth,diag,43,0.00621612044833726,0.412253965302878,0.05000000000000001,1.6338265258718394,4.336808689942018e-17,0.09641985106804087,0,True,-0.0016717321042543426
2004-11-30,rev_orth,mv,43,0.005839426001451447,0.6143132179778001,0.05,4.239802369115366,6.938893903907228e-17,0.07765278967047164,0,True,-0.030010577337008442
2004-11-30,rev_orth,diag,43,0.005839426001451447,0.4127991654518065,0.05,1.4064674260673593,2.7755575615628914e-17,0.11743236390526424,1,True,-0.023908649073219254
2004-12-31,rev_orth,mv,42,0.004789425787304501,0.559131757135641,0.04999999999999999,4.367818399377611,1.0408340855860843e-16,0.06832800274742774,0,True,-0.0016171746082552939
2004-12-31,rev_orth,diag,42,0.004789425787304501,0.30961394326160296,0.05000000000000001,1.7986968900229336,-7.632783294297951e-17,0.07913650571007431,0,True,-0.0023480858792959717
2005-01-31,rev_orth,mv,42,0.004425413014400705,0.5591026268923874,0.049999999999999996,4.269833384974405,-1.9949319973733282e-17,0.06388529960853985,0,True,0.01930799992149869
2005-01-31,rev_orth,diag,42,0.004425413014400705,0.29765766609047756,0.05,1.5262283549232258,9.71445146547012e-17,0.07165975447051359,0,True,0.01755826852036782
2005-02-28,rev_orth,mv,43,0.004586266565003755,0.4463596318592644,0.04999999999999998,3.5821531237942534,8.326672684688674e-17,0.08221822253691659,0,True,-0.012639249704054336
2005-02-28,rev_orth,diag,43,0.004586266565003755,0.284615581689678,0.05,1.809725684888196,-1.8041124150158794e-16,0.0757572064660289,0,True,-0.010448709789455005
2005-03-31,rev_orth,mv,43,0.003629313337378806,0.3700782299716481,0.04999999999999999,3.6474465641000364,-2.498001805406602e-16,0.0660921176623082,0,True,0.020368342673948363
2005-03-31,rev_orth,diag,43,0.003629313337378806,0.2393270790934252,0.05000000000000001,1.4057624429959545,4.163336342344337e-17,0.08305917036401882,0,True,-0.004088261183211423
2005-04-30,rev_orth,mv,43,0.003119686885853572,0.33871987357161637,0.050000000000000024,3.8176779956988143,5.551115123125783e-17,0.06917289475983768,0,True,-0.01933585070965692
2005-04-30,rev_orth,diag,43,0.003119686885853572,0.13483134537002883,0.04999999999999999,2.313334109781558,-3.469446951953614e-17,0.07068230190679942,0,True,-0.01319315910771714
2005-05-31,rev_orth,mv,43,0.002602787604475889,0.297325832562319,0.04999999999999998,3.650740126620741,-1.3877787807814457e-16,0.07260294062583657,0,True,-0.003993909278745985
2005-05-31,rev_orth,diag,43,0.002602787604475889,0.13263262121474706,0.05000000000000001,1.9085970484883006,2.7755575615628914e-17,0.07200574430802564,0,True,-0.0011117234015579904
2005-06-30,rev_orth,mv,43,0.0024479323233678697,0.27049298197854327,0.04999999999999999,3.5582090334664547,-3.122502256758253e-16,0.09310366337809178,0,True,0.0021246017531397704
2005-06-30,rev_orth,diag,43,0.0024479323233678697,0.18193694824374848,0.05000000000000001,1.4563144803892432,4.119968255444917e-17,0.0767535569493325,0,True,0.005327591336874571
2005-07-31,rev_orth,mv,44,0.0029413729802338392,0.27408212836058504,0.04999999999999999,3.0954169064685892,1.0495077029659683e-16,0.0791154451425771,0,True,0.017135299567127765
2005-07-31,rev_orth,diag,44,0.0029413729802338392,0.14672833833340898,0.05,1.9972238901418482,1.3530843112619095e-16,0.07861812318184822,0,True,0.011991062127943423
2005-08-31,rev_orth,mv,43,0.0032892562054218327,0.3130093879467959,0.05000000000000002,3.573718311521271,5.551115123125783e-17,0.08073484539864807,0,True,0.012646637459197954
2005-08-31,rev_orth,diag,43,0.0032892562054218327,0.1946954338270381,0.05000000000000001,1.782304965648712,-2.7755575615628914e-17,0.07285349749272103,0,True,0.009358361188328867
2005-09-30,rev_orth,mv,42,0.003744608911022918,0.31828904402897623,0.049999999999999996,3.104452633191025,1.2836953722228372e-16,0.09184711837080817,0,True,-0.016378842754518917
2005-09-30,rev_orth,diag,42,0.003744608911022918,0.3028410313110031,0.05000000000000001,1.1702894326175968,4.336808689942018e-17,0.13086048690283178,1,True,-0.015467863619149336
2005-10-31,rev_orth,mv,43,0.002270041255888669,0.21248595898128153,0.04999999999999999,3.740444996206889,3.8163916471489756e-17,0.07849264742064427,0,True,-0.013636788280085093
2005-10-31,rev_orth,diag,43,0.002270041255888669,0.17065523000436683,0.05000000000000001,1.4702265104676977,-3.8163916471489756e-17,0.07803657643889628,0,True,-0.00036161538015867486
2005-11-30,rev_orth,mv,43,0.002296602561932522,0.22539176339180844,0.049999999999999996,3.97018505298322,-1.4051260155412137e-16,0.06640372819423603,0,True,0.005888694342929145
2005-11-30,rev_orth,diag,43,0.002296602561932522,0.16046015635057395,0.05,1.582777155569974,-7.979727989493313e-17,0.09918618729560318,0,True,0.005570163511989927
2005-12-31,rev_orth,mv,44,0.0024432776542752505,0.21236927635316594,0.04999999999999998,4.1361229351054405,1.3877787807814457e-17,0.08345158565749516,0,True,0.012997595041278443
2005-12-31,rev_orth,diag,44,0.0024432776542752505,0.1630237646565983,0.05,1.3403550133057456,3.469446951953614e-17,0.1408258789367124,2,True,0.021812129779165496
2006-01-31,rev_orth,mv,45,0.003442879728121845,0.37973204089822205,0.049999999999999996,3.415718788580374,6.938893903907228e-17,0.1000000009316006,1,True,0.012532267141717863
2006-01-31,rev_orth,diag,45,0.003442879728121845,0.19767832182907175,0.05000000000000002,1.7446576663445512,4.5102810375396984e-17,0.07836224199716077,0,True,0.007446387103547166
2006-02-28,rev_orth,mv,43,0.0046061893371161814,0.39613236479664615,0.05,3.5522533277291433,9.71445146547012e-17,0.08938387213139606,0,True,-0.002194390204231895
2006-02-28,rev_orth,diag,43,0.0046061893371161814,0.29406552578222056,0.05000000000000001,1.842130815804231,-3.469446951953614e-17,0.07174043223010397,0,True,0.013015399899348737
2006-03-31,rev_orth,mv,45,0.005611248715785717,0.4615219895962551,0.04999999999999998,3.0964983165722373,8.326672684688674e-17,0.08970682546754666,0,True,-0.013885853874237544
2006-03-31,rev_orth,diag,45,0.005611248715785717,0.4472145617690224,0.049999999999999996,1.3475733863420136,1.0061396160665481e-16,0.08195546324998193,0,True,-0.00020312584590915082
2006-04-30,rev_orth,mv,45,0.005865665322904056,0.40664293581878486,0.05,3.4209463181148614,1.3877787807814457e-17,0.0791906739395627,0,True,-0.0041853779905841855
2006-04-30,rev_orth,diag,45,0.005865665322904056,0.37443889230899335,0.049999999999999996,1.3310073398771995,6.938893903907228e-18,0.10370990261686476,1,True,0.0027638129144224983
2006-05-31,rev_orth,mv,46,0.006242139899551661,0.6289926575121907,0.05000000000000002,4.252343972657821,-4.85722573273506e-17,0.057302086264239896,0,True,-0.00716374841534061
2006-05-31,rev_orth,diag,46,0.006242139899551661,0.44858301289261054,0.049999999999999996,1.5823448056895097,1.0408340855860843e-16,0.06030448376970689,0,True,-0.000547233669235813
2006-06-30,rev_orth,mv,47,0.005849492069414735,0.4971553077421299,0.04999999999999999,4.0795725239136935,6.245004513516506e-17,0.06887130234871049,0,True,0.050482707618062644
2006-06-30,rev_orth,diag,47,0.005849492069414735,0.318712541128389,0.049999999999999996,1.4085138328518536,-2.949029909160572e-17,0.12067270790682422,1,True,0.025019390776974
2006-07-31,rev_orth,mv,46,0.00699032742525437,0.6114383233691859,0.04999999999999999,3.8714992904204872,-6.938893903907228e-17,0.06889104903839738,0,True,-0.020050708874660154
2006-07-31,rev_orth,diag,46,0.00699032742525437,0.4627127875696649,0.049999999999999996,1.4350193912454265,2.7755575615628914e-17,0.07330581809662137,0,True,-0.0040643048903368515
2006-08-31,rev_orth,mv,46,0.006892375664837626,0.7333713835035349,0.05,4.340461697295476,-1.9081958235744878e-17,0.07810708072061433,0,True,0.00253579499128334
2006-08-31,rev_orth,diag,46,0.006892375664837626,0.4703031468422131,0.049999999999999996,1.6562394607134134,6.245004513516506e-17,0.05438608478488651,0,True,0.014875283932680053
2006-09-30,rev_orth,mv,45,0.007504203768301954,0.601324718069396,0.049999999999999996,3.8231838473009754,1.249000902703301e-16,0.08589001566921943,0,True,0.0040400484339894694
2006-09-30,rev_orth,diag,45,0.007504203768301954,0.41736520242284025,0.05,1.6278665463480084,-4.163336342344337e-17,0.11395825426514755,1,True,-0.007906625384824305
2006-10-31,rev_orth,mv,45,0.006728350832849775,0.5148324490869397,0.04999999999999999,3.592968084218929,1.214306433183765e-17,0.08329246569767665,0,True,0.0067533987817799904
2006-10-31,rev_orth,diag,45,0.006728350832849775,0.6041933472872393,0.05,1.1810660688783212,-4.85722573273506e-17,0.07394546160552196,0,True,-0.01088561958100216
2006-11-30,rev_orth,mv,45,0.005808564762980154,0.4684700617882133,0.05,4.0081936156412015,3.642919299551295e-17,0.06836949275721743,0,True,0.014838675066565644
2006-11-30,rev_orth,diag,45,0.005808564762980154,0.482663223457538,0.049999999999999996,1.4007665707555625,0.0,0.07522893104809351,0,True,0.010571520001922267
2006-12-31,rev_orth,mv,46,0.006703735511688421,0.7383848036483512,0.04999999999999999,3.5393619561824945,-2.0816681711721685e-17,0.09567059819612332,0,True,-0.025937985064550986
2006-12-31,rev_orth,diag,46,0.006703735511688421,0.4998594605041485,0.05,1.6110700017259845,4.85722573273506e-17,0.07270755933519284,0,True,-0.008347896763530444
2007-01-31,rev_orth,mv,47,0.006250601597616742,0.5902642000128986,0.04999999999999998,3.2593241411362146,3.3176586478056436e-17,0.10000000000876244,1,True,-0.01743986330792518
2007-01-31,rev_orth,diag,47,0.006250601597616742,0.3494572602977712,0.05000000000000001,1.8507025496933853,-4.336808689942018e-17,0.10045898767803517,1,True,-0.007959552323496915
2007-02-28,rev_orth,mv,47,0.00564728530289263,0.47350174936565753,0.04999999999999999,4.442472555470185,-1.5959455978986625e-16,0.0664411909095676,0,True,0.02043053400130989
2007-02-28,rev_orth,diag,47,0.00564728530289263,0.4125948236954727,0.05,1.6742604225521158,-8.326672684688674e-17,0.06503832204769457,0,True,0.0022435092521552293
2007-03-31,rev_orth,mv,46,0.005645834922818941,0.5731269364965917,0.05000000000000002,4.283112264523581,2.5153490401663703e-17,0.0819378591512203,0,True,0.01807154418724187
2007-03-31,rev_orth,diag,46,0.005645834922818941,0.31319168629016275,0.05,1.9319134672120017,4.85722573273506e-17,0.058350668283257905,0,True,-0.0004552148255291653
2007-04-30,rev_orth,mv,46,0.005832807629444602,0.5210016159516402,0.05,3.4378554731060236,4.163336342344337e-17,0.09252373865603646,0,True,0.008399142411983291
2007-04-30,rev_orth,diag,46,0.005832807629444602,0.35801595743461756,0.049999999999999996,1.8801174394168663,-6.245004513516506e-17,0.09329858580838722,0,True,-0.004258332224320972
2007-05-31,rev_orth,mv,46,0.005908615937397718,0.47740823044671793,0.05,3.6841180881169935,-4.163336342344337e-17,0.09362870962630157,0,True,-0.014958063276869969
2007-05-31,rev_orth,diag,46,0.005908615937397718,0.4660282531530367,0.05,1.7324919241046532,-7.632783294297951e-17,0.056922820135919316,0,True,0.010221531496352626
2007-06-30,rev_orth,mv,47,0.006817222473998736,0.7212826399802311,0.05000000000000001,3.7133542972583795,-1.734723475976807e-17,0.09528266863498663,0,True,0.014765626411353693
2007-06-30,rev_orth,diag,47,0.006817222473998736,0.5281484127817738,0.05,1.4890154648099836,4.163336342344337e-17,0.08391170675540982,0,True,0.012994003743480207
2007-07-31,rev_orth,mv,47,0.007130532986016229,0.6004847310433776,0.05000000000000001,3.280952565487619,-1.5265566588595902e-16,0.08718135540671447,0,True,-0.002271424789743622
2007-07-31,rev_orth,diag,47,0.007130532986016229,0.48074283557770453,0.049999999999999996,1.7718635588009604,6.938893903907228e-17,0.1134228814700022,1,True,0.005837589001129602
2007-08-31,rev_orth,mv,48,0.00757553019330144,0.6642652777741022,0.05000000000000002,4.149581458528418,1.1102230246251565e-16,0.06311234047349566,0,True,-0.006454996167407046
2007-08-31,rev_orth,diag,48,0.00757553019330144,0.6094503483151511,0.05,1.5568864652626582,2.0816681711721685e-17,0.10169112366682784,1,True,0.012672225244447055
2007-09-30,rev_orth,mv,48,0.008168888464273726,0.8487902149736107,0.04999999999999998,4.556117626909236,4.163336342344337e-17,0.08517389331211604,0,True,0.00413854717731757
2007-09-30,rev_orth,diag,48,0.008168888464273726,0.5786852150806119,0.049999999999999996,1.6461701768550923,-5.551115123125783e-17,0.06886338793298827,0,True,0.011226052009851575
2007-10-31,rev_orth,mv,48,0.008230622901736833,0.8040233358978922,0.05000000000000002,4.062194648951273,1.1796119636642288e-16,0.10000000149220904,1,True,0.040922010041073424
2007-10-31,rev_orth,diag,48,0.008230622901736833,0.585117914629078,0.05,1.8437199780904139,-1.1102230246251565e-16,0.07704715144522103,0,True,0.02150934436832292
2007-11-30,rev_orth,mv,48,0.008679396914750935,0.7280450122967835,0.05,3.8874364918921636,5.551115123125783e-17,0.061522599721910765,0,True,0.02024098516511552
2007-11-30,rev_orth,diag,48,0.008679396914750935,0.7502454605592679,0.05,1.4018239097993002,2.7755575615628914e-17,0.07140685169784433,0,True,0.010048980726526996
2007-12-31,rev_orth,mv,48,0.009314949512398793,0.8900352565351335,0.050000000000000024,3.951124498980386,-5.551115123125783e-17,0.09916160478376172,0,True,-0.041839828261216724
2007-12-31,rev_orth,diag,48,0.009314949512398793,0.5545884693726284,0.05,1.8565981730917334,0.0,0.10425389023356728,2,True,-0.050395726924140224
2008-01-31,rev_orth,mv,48,0.007995856695960476,0.7286671228102853,0.05,3.610093490618276,9.71445146547012e-17,0.08690097288166888,0,True,0.030496143419831336
2008-01-31,rev_orth,diag,48,0.007995856695960476,0.593233980649488,0.04999999999999999,1.7833364021387192,-8.326672684688674e-17,0.10570703596291756,1,True,0.023313012004738315
2008-02-29,rev_orth,mv,48,0.00815529996204416,0.7652356078934547,0.05000000000000002,4.0609881039522,-1.3877787807814457e-16,0.10000000278898498,1,True,-0.0046024281018665625
2008-02-29,rev_orth,diag,48,0.00815529996204416,0.5754327225093605,0.05000000000000001,1.8007235661952947,1.3877787807814457e-17,0.0696585108731228,0,True,0.005966146776646341
2008-03-31,rev_orth,mv,48,0.008592981097671775,0.8293667109919675,0.04999999999999999,3.8012508839935295,0.0,0.08357019978260909,0,True,-0.031159940951757358
2008-03-31,rev_orth,diag,48,0.008592981097671775,0.6111080240154756,0.05,1.6299791826854353,2.7755575615628914e-17,0.08917744317979262,0,True,-0.019832513526251875
2008-04-30,rev_orth,mv,48,0.007922919084950426,0.7520073237751709,0.05,4.7509172411921785,-1.6653345369377348e-16,0.10000000165943895,1,True,-0.004256746815658845
2008-04-30,rev_orth,diag,48,0.007922919084950426,0.4418987890140923,0.05000000000000002,2.189053844216372,1.1102230246251565e-16,0.09537218358444842,0,True,-0.007934105539346611
2008-05-31,rev_orth,mv,48,0.007795176973758876,0.6126501583325301,0.05000000000000002,4.024941614829023,1.6653345369377348e-16,0.05924415529692768,0,True,-0.030085935503070777
2008-05-31,rev_orth,diag,48,0.007795176973758876,0.46779836550871523,0.049999999999999996,1.9333230099761973,2.7755575615628914e-17,0.0657537849854403,0,True,-0.0061962083341928955
2008-06-30,rev_orth,mv,48,0.007690941929105206,0.6249833966588789,0.05,3.3214883295160917,-1.1102230246251565e-16,0.0940576147957188,0,True,-0.03731593862800136
2008-06-30,rev_orth,diag,48,0.007690941929105206,0.5308341750793639,0.05,1.7876617474641507,5.551115123125783e-17,0.10042512225197729,1,True,-0.029239896878576185
2008-07-31,rev_orth,mv,48,0.0070774001731120535,0.6148443114223077,0.05,3.5815089026627676,-5.551115123125783e-17,0.09251552906674644,0,True,-0.030177827343872247
2008-07-31,rev_orth,diag,48,0.0070774001731120535,0.47007611170683433,0.05,1.6528336165002373,0.0,0.09306665444836298,0,True,-0.004605349694242957
2008-08-31,rev_orth,mv,47,0.0073373940471361376,0.8054385166779532,0.04999999999999997,3.7749510798373906,9.020562075079397e-17,0.055771185075693966,0,True,-0.011986192562445677
2008-08-31,rev_orth,diag,47,0.0073373940471361376,0.5101940807918981,0.05,1.671755727975352,0.0,0.06300604253643034,0,True,0.011154084341395998
2008-09-30,rev_orth,mv,47,0.007566033664323684,0.6361392636003274,0.05,3.3915772852051966,7.979727989493313e-17,0.0736150911600296,0,True,0.02824901928460496
2008-09-30,rev_orth,diag,47,0.007566033664323684,0.7122202007081186,0.049999999999999996,1.309780342264528,4.2609145378680324e-17,0.07347733541356938,0,True,0.026994224218697335
2008-10-31,rev_orth,mv,47,0.008121306130068092,1.0060299548440963,0.04999999999999991,4.5543296374579185,1.8735013540549517e-16,0.07630014420130617,0,True,0.018548063515709912
2008-10-31,rev_orth,diag,47,0.008121306130068092,0.5503663233858497,0.05000000000000001,1.6746436653898256,-4.163336342344337e-17,0.08261431646835747,0,True,-0.015993308506565645
2008-11-30,rev_orth,mv,47,0.00807512015901499,0.7491092414531905,0.05000000000000007,4.49348024029746,3.608224830031759e-16,0.09999999999316768,1,True,0.008799161582416419
2008-11-30,rev_orth,diag,47,0.00807512015901499,0.49606354909813144,0.04999999999999999,1.7157427102559981,3.8163916471489756e-17,0.08592218102700594,0,True,0.035517663583823855
2008-12-31,rev_orth,mv,47,0.008644508917773344,0.9151437484537197,0.04999999999999997,4.130746089521404,4.163336342344337e-17,0.09492342997800161,0,True,0.046871615355142525
2008-12-31,rev_orth,diag,47,0.008644508917773344,0.7247356826697867,0.05000000000000001,1.5710476926979406,-1.0408340855860843e-17,0.08533002571076657,0,True,0.020145477673119222
2009-01-31,rev_orth,mv,44,0.0092631446453877,1.0488071927270597,0.05000000000000004,4.60921162720716,1.942890293094024e-16,0.10000000066026357,1,True,-0.042790974384509316
2009-01-31,rev_orth,diag,44,0.0092631446453877,0.5068990886041264,0.049999999999999996,1.6394252531525237,-2.7755575615628914e-17,0.13299849163854985,1,True,-0.04109550304453047
2009-02-28,rev_orth,mv,45,0.008718505018408125,1.0842790205735449,0.05000000000000001,3.8690509032268023,-1.8041124150158794e-16,0.09999999956362762,1,True,-0.039131535857725434
2009-02-28,rev_orth,diag,45,0.008718505018408125,0.5050861145766004,0.05000000000000001,1.9640845226169377,5.551115123125783e-17,0.06314846540545668,0,True,-0.018466022394591407
2009-03-31,rev_orth,mv,46,0.008338616120543547,0.9529002480643292,0.049999999999999975,4.580752879824998,2.7755575615628914e-17,0.07557687692699117,0,True,-0.05636120577298146
2009-03-31,rev_orth,diag,46,0.008338616120543547,0.3809116014757397,0.05,2.1606308630973343,-2.7755575615628914e-17,0.08914747677385014,0,True,-0.03369981328547479
2009-04-30,rev_orth,mv,46,0.008340690763916138,0.7072749423209487,0.04999999999999997,3.838293014341139,3.469446951953614e-17,0.06320693963019067,0,True,-0.012293980564166715
2009-04-30,rev_orth,diag,46,0.008340690763916138,0.6952876742037458,0.05000000000000001,1.233886393336135,8.370040771588094e-17,0.07315326427432522,0,True,-0.016099428902783812
2009-05-31,rev_orth,mv,45,0.0071416033301194715,0.7719647396799918,0.04999999999999993,3.652104610581533,-5.551115123125783e-17,0.06515153958218146,0,True,-0.009108831023277848
2009-05-31,rev_orth,diag,45,0.0071416033301194715,0.3628123549031574,0.049999999999999996,1.6830532813080203,-2.0816681711721685e-17,0.10111474680332071,1,True,0.007324673692731036
2009-06-30,rev_orth,mv,46,0.007434704314509446,0.8480218476571895,0.04999999999999997,4.065748598717835,1.5265566588595902e-16,0.060657122076471434,0,True,-0.08336732757908327
2009-06-30,rev_orth,diag,46,0.007434704314509446,0.3106782154400049,0.04999999999999999,1.8885887590913848,2.0816681711721685e-17,0.09206927769874883,0,True,-0.043876516987284876
2009-07-31,rev_orth,mv,46,0.006780746605396617,1.128000049151803,0.050000000000000044,4.550727884398846,-4.163336342344337e-17,0.08132664888381623,0,True,-0.05648935151648735
2009-07-31,rev_orth,diag,46,0.006780746605396617,0.4026225615599563,0.049999999999999996,1.8063152860434053,1.3877787807814457e-17,0.059572952362676755,0,True,-0.02034636370984156
2009-08-31,rev_orth,mv,45,0.0057134657589717995,0.6871634379024989,0.05000000000000006,3.875243001975862,-2.7755575615628914e-17,0.07410545270523239,0,True,-0.008744078295557936
2009-08-31,rev_orth,diag,45,0.0057134657589717995,0.2826413350060941,0.05,1.6903297929716885,0.0,0.06657531374364704,0,True,-0.01424584687595856
2009-09-30,rev_orth,mv,44,0.004856022997732529,0.49007201037428466,0.05,4.03045886570416,-1.3877787807814457e-16,0.10000000223057115,1,True,-0.021351445322084227
2009-09-30,rev_orth,diag,44,0.004856022997732529,0.31493924268559903,0.05,1.308657448110995,-2.7755575615628914e-17,0.12784981321959962,2,True,0.011286981558543746
2009-10-31,rev_orth,mv,44,0.005232385009311763,0.5989690912453418,0.04999999999999997,3.8131885970640176,-8.673617379884035e-17,0.05832874951256148,0,True,-0.014382289259006866
2009-10-31,rev_orth,diag,44,0.005232385009311763,0.36395369161917535,0.04999999999999999,1.2659683938692017,2.862293735361732e-17,0.12348029343786661,1,True,-0.0157029876485391
2009-11-30,rev_orth,mv,44,0.004479336229026781,0.5240202972641703,0.04999999999999984,3.452804632758174,5.0306980803327406e-17,0.0840785562165129,0,True,0.003954558104647981
2009-11-30,rev_orth,diag,44,0.004479336229026781,0.29538187012551337,0.05000000000000001,1.4289622901058123,-5.2909066017292616e-17,0.08518522125893775,0,True,-0.014314416834724163
2009-12-31,rev_orth,mv,44,0.003993912233823156,0.5237749591659343,0.04999999999999997,4.261562623256299,1.5959455978986625e-16,0.07550038429865173,0,True,0.01603523608410975
2009-12-31,rev_orth,diag,44,0.003993912233823156,0.24086222568677765,0.049999999999999996,1.617393737768223,-1.734723475976807e-18,0.07429907347249372,0,True,-0.0057593991807132275
2010-01-31,rev_orth,mv,43,0.0036350385082854746,0.4237671112938933,0.05000000000000001,3.7355023419647946,-1.1102230246251565e-16,0.08359156537818581,0,True,0.0009012413708870243
2010-01-31,rev_orth,diag,43,0.0036350385082854746,0.22917223794709127,0.05,1.4430997185881338,-1.0234868508263162e-16,0.08085371379855515,0,True,0.007423164161385784
2010-02-28,rev_orth,mv,47,0.004074777170488367,0.35147351156577744,0.04999999999999998,3.4044754517899865,1.1796119636642288e-16,0.07248376203636547,0,True,-0.0022074442233499547
2010-02-28,rev_orth,diag,47,0.004074777170488367,0.3185162952708924,0.05000000000000001,1.5782589916811682,8.370040771588094e-17,0.06439338883931771,0,True,-0.0005477738480040924
2010-03-31,rev_orth,mv,47,0.004077175507291897,0.47658399963728615,0.05000000000000009,4.541806338555311,-3.469446951953614e-17,0.08391426857577935,0,True,0.032474266623899226
2010-03-31,rev_orth,diag,47,0.004077175507291897,0.282458478115762,0.05000000000000002,1.404843286827914,2.7755575615628914e-17,0.10937367865560343,1,True,0.0037866745656837224
2010-04-30,rev_orth,mv,48,0.003898474003295833,0.2637070196686342,0.05000000000000007,4.584499342663152,0.0,0.06858038042024432,0,True,0.02353702404106369
2010-04-30,rev_orth,diag,48,0.003898474003295833,0.31670623770097717,0.05,1.054419276965946,-5.551115123125783e-17,0.08369350974795105,0,True,0.002695992961774602
2010-05-31,rev_orth,mv,48,0.004009386995075663,0.4422248333973459,0.04999999999999997,4.087325702803682,-5.551115123125783e-17,0.0841843004897056,0,True,-0.007891022736072258
2010-05-31,rev_orth,diag,48,0.004009386995075663,0.28526595766084495,0.05,1.3963028405354292,2.42861286636753e-17,0.05675051896459856,0,True,-0.005471236563628004
2010-06-30,rev_orth,mv,48,0.0036650446255764133,0.4202128577139806,0.049999999999999975,4.916050591188901,2.7755575615628914e-17,0.06830982158103378,0,True,-0.034400692897098274
2010-06-30,rev_orth,diag,48,0.0036650446255764133,0.28712220421541756,0.049999999999999996,1.5724820735967944,-1.3877787807814457e-17,0.06929734980473565,0,True,0.006477197245833163
2010-07-31,rev_orth,mv,48,0.00381466119951308,0.40974580154030277,0.04999999999999998,4.084330867377537,-1.1102230246251565e-16,0.06778109040835417,0,True,0.017639307926379296
2010-07-31,rev_orth,diag,48,0.00381466119951308,0.26032760346881095,0.05000000000000002,1.566623497142253,0.0,0.09532740303903493,0,True,-0.005594783428316919
2010-08-31,rev_orth,mv,47,0.0034755126243753137,0.3355011264139236,0.04999999999999998,3.9634246986058095,-4.5102810375396984e-17,0.07371206687080903,0,True,0.017141376470843194
2010-08-31,rev_orth,diag,47,0.0034755126243753137,0.2655612061737858,0.05000000000000001,1.235581778416759,-1.0408340855860843e-17,0.05834022912668529,0,True,0.02095551032999247
2010-09-30,rev_orth,mv,47,0.004379161154635445,0.5848297281081114,0.04999999999999999,4.673839044802592,-1.3877787807814457e-17,0.07641271135910138,0,True,0.006703587760933541
2010-09-30,rev_orth,diag,47,0.004379161154635445,0.26225867743572095,0.05,1.8212632562955964,-5.551115123125783e-17,0.07072024436441789,0,True,0.008455490596303666
2010-10-31,rev_orth,mv,47,0.0046127220933319035,0.49927532750830267,0.05000000000000005,4.925166394546625,1.3877787807814457e-16,0.06577219897546908,0,True,-0.006059131260927504
2010-10-31,rev_orth,diag,47,0.0046127220933319035,0.32174521038229825,0.049999999999999996,1.3043344965876245,-1.3010426069826053e-16,0.0915399327715838,0,True,0.004656596730299675
2010-11-30,rev_orth,mv,47,0.004428303559078621,0.4745300929625249,0.05,4.734593270014325,2.7755575615628914e-17,0.09069066770765012,0,True,0.025025448219448458
2010-11-30,rev_orth,diag,47,0.004428303559078621,0.301606196281586,0.05000000000000001,1.5969383544016318,-8.326672684688674e-17,0.056372374473935054,0,True,0.004052783065974536
2010-12-31,rev_orth,mv,46,0.004891843641509847,0.5290601246370923,0.05000000000000007,4.462154753323928,-4.614364446098307e-16,0.08089808246496513,0,True,-0.002698117969367142
2010-12-31,rev_orth,diag,46,0.004891843641509847,0.4225127135138737,0.05000000000000001,1.1706760921612946,-4.163336342344337e-17,0.12320058023282039,1,True,-0.010289813938812276
2011-01-31,rev_orth,mv,47,0.004501195293460975,0.4084263686066096,0.05000000000000003,3.92008944779505,2.7755575615628914e-17,0.06595058523127102,0,True,0.020748255930042602
2011-01-31,rev_orth,diag,47,0.004501195293460975,0.25243224655631963,0.05000000000000001,1.2050977782927421,9.540979117872439e-18,0.09841510224729932,0,True,-8.007525775356168e-06
2011-02-28,rev_orth,mv,47,0.004468342645155119,0.4773600997069054,0.05000000000000002,3.6322070379305216,6.245004513516506e-17,0.10000000028270366,1,True,-0.013482222705351285
2011-02-28,rev_orth,diag,47,0.004468342645155119,0.2578408247467883,0.05000000000000002,1.8563324594823054,4.85722573273506e-17,0.0751431401206964,0,True,0.0028885613630799836
2011-03-31,rev_orth,mv,47,0.0047072983950962035,0.5855685442833076,0.05000000000000004,4.6182349475928905,-4.85722573273506e-17,0.06511805549543519,0,True,-0.011598806057508447
2011-03-31,rev_orth,diag,47,0.0047072983950962035,0.2913882146084619,0.05000000000000001,2.091049530183116,2.0816681711721685e-17,0.06894122154534643,0,True,0.0011323443690999652
2011-04-30,rev_orth,mv,46,0.0041003860879087785,0.47411825206330255,0.04999999999999996,4.22347140048544,2.7755575615628914e-17,0.0946672388449712,0,True,-0.006290176960075576
2011-04-30,rev_orth,diag,46,0.0041003860879087785,0.2639176689850571,0.05000000000000001,1.5890676138003208,6.938893903907228e-18,0.09274399206116908,0,True,-0.010989496469071465
2011-05-31,rev_orth,mv,47,0.0038559405375738344,0.4194658684930714,0.049999999999999996,3.9143558027134304,-2.7755575615628914e-17,0.07850278697598179,0,True,0.0005859629159858923
2011-05-31,rev_orth,diag,47,0.0038559405375738344,0.24923332140542545,0.049999999999999996,1.8373731147296344,9.020562075079397e-17,0.08419095932184553,0,True,0.007952847191308543
2011-06-30,rev_orth,mv,45,0.004155485929278545,0.5479549492087694,0.05,4.609891923222071,-2.0469737016526324e-16,0.09977672117168579,0,True,0.04265315477845078
2011-06-30,rev_orth,diag,45,0.004155485929278545,0.3058880241648875,0.05000000000000001,1.6093358143919843,-2.0816681711721685e-17,0.09832235444085971,0,True,0.025049120514204732
2011-07-31,rev_orth,mv,45,0.0050153809673527975,0.4972622035643397,0.04999999999999999,4.7939335277161295,-4.0332320816460765e-17,0.06171787095176967,0,True,-0.000728381292431182
2011-07-31,rev_orth,diag,45,0.0050153809673527975,0.38323325565609173,0.04999999999999999,1.7048120988873339,-1.0061396160665481e-16,0.10237244428369172,1,True,0.01222694706404596
2011-08-31,rev_orth,mv,45,0.00558862048745134,0.5828714083076122,0.05000000000000006,4.184766574387263,4.163336342344337e-17,0.08874827036318843,0,True,0.016478464780911844
2011-08-31,rev_orth,diag,45,0.00558862048745134,0.4109642825018747,0.05000000000000001,1.7022998793922042,0.0,0.06345100892493563,0,True,0.03959765015047949
2011-09-30,rev_orth,mv,45,0.006363368975899937,0.6144291030361757,0.04999999999999998,3.5722513249699817,-1.5265566588595902e-16,0.09730085882787849,0,True,-0.016673280935108833
2011-09-30,rev_orth,diag,45,0.006363368975899937,0.45281600121345855,0.05,1.3895695222731073,0.0,0.08836260707339566,0,True,-0.026332325386385316
2011-10-31,rev_orth,mv,44,0.005596128111125791,0.5692003337393114,0.050000000000000044,4.740112677900999,-6.765421556309548e-17,0.05757537678579045,0,True,0.0012957707875590147
2011-10-31,rev_orth,diag,44,0.005596128111125791,0.39891401078940353,0.05,1.6743928355841298,-6.938893903907228e-18,0.08222106987614072,0,True,-0.0063644897242088475
2011-11-30,rev_orth,mv,45,0.005523596703324638,0.6857751406064209,0.050000000000000086,4.66493170596457,-1.3183898417423734e-16,0.09714557794833545,0,True,0.036710671915966886
2011-11-30,rev_orth,diag,45,0.005523596703324638,0.40570283459027273,0.05,1.5688889777118455,-8.500145032286355e-17,0.06356359308985206,0,True,0.021210446441465247
2011-12-31,rev_orth,mv,45,0.006371684159988612,0.6814254634420992,0.049999999999999954,3.7926001737908783,0.0,0.10000000000558731,1,True,0.034418073270911335
2011-12-31,rev_orth,diag,45,0.006371684159988612,0.4695207309038816,0.04999999999999999,1.4556467307799859,1.1102230246251565e-16,0.08703442226982719,0,True,-0.015627958453474814
2012-01-31,rev_orth,mv,45,0.006004338772631012,0.6519272353141523,0.05000000000000004,4.651151426126701,6.938893903907228e-17,0.09349558366869637,0,True,0.010326522295679172
2012-01-31,rev_orth,diag,45,0.006004338772631012,0.4390831518041466,0.05000000000000002,1.6116594575126149,6.938893903907228e-17,0.08316843966804055,0,True,0.0021419069924526
2012-02-29,rev_orth,mv,45,0.006371214090432556,0.6192786371555679,0.05000000000000002,3.705828579251001,1.1796119636642288e-16,0.06850579286577353,0,True,0.017744010486955408
2012-02-29,rev_orth,diag,45,0.006371214090432556,0.5092999350816113,0.05000000000000002,1.4891684665206932,-1.3010426069826053e-17,0.08022544099743864,0,True,0.0197483474140951
2012-03-31,rev_orth,mv,45,0.00708807698044189,0.6727966582439467,0.04999999999999999,4.405944396440074,1.3877787807814457e-16,0.10000000135464826,1,True,0.009532747312045835
2012-03-31,rev_orth,diag,45,0.00708807698044189,0.5643180765017684,0.05,1.4106023722035668,-6.938893903907228e-17,0.09278288025429535,0,True,-0.0067110880498024795
2012-04-30,rev_orth,mv,45,0.00613742551293023,0.46393934546978033,0.05000000000000002,3.92932596263494,-2.3592239273284576e-16,0.06295171837575295,0,True,0.015216432171188595
2012-04-30,rev_orth,diag,45,0.00613742551293023,0.45429566771699664,0.05000000000000002,1.4834543909776352,-1.3877787807814457e-17,0.060576473726908955,0,True,-0.00075400247019768
2012-05-31,rev_orth,mv,45,0.005688108753216251,0.5886136646294623,0.049999999999999975,4.608543830344877,-1.3877787807814457e-17,0.06755541368832634,0,True,0.011524226689384
2012-05-31,rev_orth,diag,45,0.005688108753216251,0.43267603887569606,0.05000000000000002,1.4970704414977092,-2.7755575615628914e-17,0.06940269250806293,0,True,0.0025979296507352
2012-06-30,rev_orth,mv,45,0.005374267097347013,0.6512652756068967,0.04999999999999999,4.502283105118513,1.5265566588595902e-16,0.08478243535672228,0,True,-0.0010025052291338344
2012-06-30,rev_orth,diag,45,0.005374267097347013,0.37658420348033156,0.05,1.7088320297549282,-6.158268339717665e-17,0.08551735800810203,0,True,-0.004678218749291246
2012-07-31,rev_orth,mv,45,0.005048563145868247,0.5052475284218388,0.04999999999999999,3.994111611160978,7.632783294297951e-17,0.06061181768876358,0,True,-0.007621710510950671
2012-07-31,rev_orth,diag,45,0.005048563145868247,0.32860274099682646,0.05000000000000001,1.8135935641514036,-5.551115123125783e-17,0.06559707835599779,0,True,0.004906518070794236
2012-08-31,rev_orth,mv,44,0.005209649643848846,0.6106591265658564,0.04999999999999994,4.034783767901625,1.3877787807814457e-16,0.07132263332160622,0,True,-0.00037105233356509587
2012-08-31,rev_orth,diag,44,0.005209649643848846,0.29324075724515053,0.050000000000000024,1.990153685523555,9.020562075079397e-17,0.06475703348700088,0,True,-0.0040596031326472805
2012-09-30,rev_orth,mv,43,0.005067023127541287,0.463521124649659,0.05000000000000001,3.8081285082585343,-1.942890293094024e-16,0.06533470049470362,0,True,-0.030541647195285595
2012-09-30,rev_orth,diag,43,0.005067023127541287,0.31699075395235904,0.05000000000000001,1.463872975936842,-2.7755575615628914e-17,0.10028677297470871,1,True,-0.018199029006444208
2012-10-31,rev_orth,mv,44,0.004535263568137481,0.3839001300010501,0.05,3.8086243433953992,-2.7755575615628914e-17,0.06474696590788181,0,True,-0.006311348969404349
2012-10-31,rev_orth,diag,44,0.004535263568137481,0.309971910195642,0.05000000000000001,1.5438095933969644,-1.3877787807814457e-17,0.0735022164500035,0,True,-0.003990829607040331
2012-11-30,rev_orth,mv,44,0.0042254486546174025,0.4824207588835692,0.049999999999999996,4.66559330516123,1.3183898417423734e-16,0.09840087637086864,0,True,0.009091085216297274
2012-11-30,rev_orth,diag,44,0.0042254486546174025,0.32170395982601935,0.049999999999999996,1.630327800937762,7.632783294297951e-17,0.07322147951491374,0,True,-0.0008766280900127691
2012-12-31,rev_orth,mv,44,0.0043272737539812554,0.4236311285571867,0.050000000000000024,4.014437938645709,-1.97758476261356e-16,0.09129702689182957,0,True,-0.004847298931510062
2012-12-31,rev_orth,diag,44,0.0043272737539812554,0.3610389284801214,0.05000000000000002,1.38429406348769,-3.642919299551295e-17,0.1317167226178148,1,True,0.002276120292077318
2013-01-31,rev_orth,mv,45,0.004336207775557274,0.4608480054480671,0.04999999999999999,5.0515795480765,-9.215718466126788e-17,0.06146324182737827,0,True,-0.003771093884763769
2013-01-31,rev_orth,diag,45,0.004336207775557274,0.2791815333236171,0.05000000000000001,2.0205066495596307,-9.8879238130678e-17,0.062112863840414374,0,True,0.011161863793959639
2013-02-28,rev_orth,mv,46,0.004803107403373908,0.5080216239065842,0.05,4.770916420215896,-3.608224830031759e-16,0.07436529696882951,0,True,-0.01428699359967438
2013-02-28,rev_orth,diag,46,0.004803107403373908,0.37947382615517056,0.049999999999999996,1.6036322199040534,-6.895525817007808e-17,0.10547296610598418,1,True,-0.0011990266838454707
2013-03-31,rev_orth,mv,45,0.00485038965145717,0.5167106231411996,0.05000000000000006,4.786380461719294,8.326672684688674e-17,0.1000000027928739,1,True,0.005354662873193427
2013-03-31,rev_orth,diag,45,0.00485038965145717,0.2948125834102365,0.05,1.722604569289592,-8.326672684688674e-17,0.09146707732246054,0,True,0.012353867244223904
2013-04-30,rev_orth,mv,45,0.005093959399743794,0.4578742360615984,0.05000000000000002,4.204386524113807,2.7755575615628914e-17,0.07479579739855663,0,True,0.01449578854250611
2013-04-30,rev_orth,diag,45,0.005093959399743794,0.41423390271222527,0.05000000000000002,1.3698334069185971,3.8163916471489756e-17,0.09555310308814384,0,True,0.0010360400732912797
2013-05-31,rev_orth,mv,44,0.005063088864840316,0.4301519800039168,0.04999999999999992,5.1788494512163314,-1.3877787807814457e-16,0.061946974182267,0,True,0.00887929726943244
2013-05-31,rev_orth,diag,44,0.005063088864840316,0.26219913541666073,0.05000000000000002,2.115152035379037,2.7755575615628914e-17,0.07088989360868188,0,True,0.013371136357023394
2013-06-30,rev_orth,mv,44,0.0056536003778005625,0.5293104181439421,0.049999999999999954,5.054661897383014,-1.1579279202145187e-16,0.08798312882962676,0,True,-0.018614875050414554
2013-06-30,rev_orth,diag,44,0.0056536003778005625,0.4639375084612214,0.04999999999999999,1.4802976492342073,7.28583859910259e-17,0.08051527130921166,0,True,-0.005873513986410493
2013-07-31,rev_orth,mv,44,0.004991785089865983,0.44455237575333123,0.05000000000000005,4.647446618623596,1.249000902703301e-16,0.07681083902848536,0,True,-0.02316020328035116
2013-07-31,rev_orth,diag,44,0.004991785089865983,0.2948801948527245,0.049999999999999996,1.7731116889145497,7.632783294297951e-17,0.06911777985026613,0,True,-0.008551759378342343
2013-08-31,rev_orth,mv,45,0.0043949632343677795,0.4058112420863336,0.05000000000000003,4.348755755244582,-4.85722573273506e-17,0.08186429948982327,0,True,0.008843023018940343
2013-08-31,rev_orth,diag,45,0.0043949632343677795,0.22311075992350524,0.05,2.157515718364343,0.0,0.08139877568128083,0,True,-0.0010165692482188963
2013-09-30,rev_orth,mv,44,0.004325886047835296,0.38446873493922135,0.050000000000000024,4.125298359682122,5.204170427930421e-17,0.07287234836985272,0,True,-0.017711837377896788
2013-09-30,rev_orth,diag,44,0.004325886047835296,0.17137255727104242,0.049999999999999996,2.110892119414358,-4.163336342344337e-17,0.09455608108925717,0,True,-0.014656087105834345
2013-10-31,rev_orth,mv,44,0.0035035752340946283,0.4108550314681783,0.04999999999999997,4.360300134426128,-6.938893903907228e-18,0.08725451298891108,0,True,0.010725142148694416
2013-10-31,rev_orth,diag,44,0.0035035752340946283,0.22339857926948692,0.05000000000000001,1.9812434469295712,9.454242944073599e-17,0.10219257778993904,1,True,0.0106362169595928
2013-11-30,rev_orth,mv,44,0.00401121389566987,0.4579107829485474,0.04999999999999998,4.058917191185287,2.7755575615628914e-17,0.06770749281993349,0,True,0.005099742844934153
2013-11-30,rev_orth,diag,44,0.00401121389566987,0.20649493044778955,0.05000000000000002,2.494872088851428,-9.71445146547012e-17,0.0644669138465002,0,True,-0.0023642593754669788
2013-12-31,rev_orth,mv,45,0.0035053336079363825,0.3380513566551953,0.050000000000000024,4.240776981536038,0.0,0.08850978604560708,0,True,0.02452392522379849
2013-12-31,rev_orth,diag,45,0.0035053336079363825,0.22391473913998988,0.05,1.834734215986057,1.0755285551056204e-16,0.09030523532699737,0,True,0.01775052528955413
2014-01-31,rev_orth,mv,45,0.004183954310932279,0.4000508569527273,0.05000000000000002,4.20962111373041,-2.3906657903305373e-17,0.06510337913361655,0,True,-0.030526068247803673
2014-01-31,rev_orth,diag,45,0.004183954310932279,0.26762761776217364,0.05000000000000002,1.8667256281357376,4.163336342344337e-17,0.09638704642080369,0,True,-0.016303389671321666
2014-02-28,rev_orth,mv,45,0.003239445458839265,0.2713819962283587,0.049999999999999996,5.180968628752722,-4.163336342344337e-17,0.053723055607325175,0,True,0.008347125381752307
2014-02-28,rev_orth,diag,45,0.003239445458839265,0.15653344467239194,0.050000000000000024,2.3175408121692676,-8.326672684688674e-17,0.08506429156345495,0,True,0.004259522904772542
2014-03-31,rev_orth,mv,45,0.003336721050394849,0.23848742344201562,0.049999999999999996,3.7826259548216727,3.65376132127615e-17,0.10000000529207322,1,True,-0.00379261462675539
2014-03-31,rev_orth,diag,45,0.003336721050394849,0.1793275935042796,0.05,1.7457763922202776,1.2761059570154387e-16,0.13356483221387516,1,True,0.008650965709866844
2014-04-30,rev_orth,mv,46,0.003984099437471677,0.395622853337078,0.05000000000000003,4.606301161068468,-2.7755575615628914e-17,0.10000000211116637,1,True,0.003043685657453023
2014-04-30,rev_orth,diag,46,0.003984099437471677,0.38522825556862483,0.04999999999999999,1.395704855624609,6.765421556309548e-17,0.09870989642591782,0,True,0.005692650851611191
2014-05-31,rev_orth,mv,46,0.004700419534951351,0.406905213909507,0.05000000000000001,4.38759705851449,-1.1102230246251565e-16,0.04761340428877375,0,True,0.009311813518237462
2014-05-31,rev_orth,diag,46,0.004700419534951351,0.33236441997406646,0.05,1.9315796818224096,1.3877787807814457e-17,0.0757827489349888,0,True,0.0052907807782807915
2014-06-30,rev_orth,mv,46,0.00490427041406805,0.5169394954979467,0.04999999999999998,4.751578897430806,7.632783294297951e-17,0.09122794875963947,0,True,0.010175384292522611
2014-06-30,rev_orth,diag,46,0.00490427041406805,0.3175995931383744,0.049999999999999996,1.9341517641720662,4.163336342344337e-17,0.09446845842640009,0,True,0.00846360761519114
2014-07-31,rev_orth,mv,45,0.005217956599174506,0.5605076483025623,0.049999999999999996,5.076205088748313,2.0816681711721685e-17,0.05967310052074365,0,True,-0.0003819539679056035
2014-07-31,rev_orth,diag,45,0.005217956599174506,0.3290215555947821,0.05000000000000001,1.9335736420468035,3.469446951953614e-18,0.0765116665316656,0,True,0.006510917461868616
2014-08-31,rev_orth,mv,45,0.005463802257132304,0.4388603399317362,0.049999999999999996,3.9893912772579543,-2.0816681711721685e-17,0.07157428012997603,0,True,0.023636735384749436
2014-08-31,rev_orth,diag,45,0.005463802257132304,0.38834516021508647,0.04999999999999998,1.4955195671081793,-1.3877787807814457e-17,0.11273418028571373,1,True,0.02303214638101805
2014-09-30,rev_orth,mv,46,0.006411155662255895,0.6521880468634322,0.05,5.4265231297988095,-2.636779683484747e-16,0.08461232200527898,0,True,0.04171764329852907
2014-09-30,rev_orth,diag,46,0.006411155662255895,0.47494441169098217,0.05,1.694511438508228,6.765421556309548e-17,0.0880398497522818,0,True,0.025564395198921543
2014-10-31,rev_orth,mv,46,0.006780881229379488,0.6328702310225581,0.05,3.9536993796535858,-1.1102230246251565e-16,0.07509274928230421,0,True,0.009668550893884797
2014-10-31,rev_orth,diag,46,0.006780881229379488,0.39354397537869956,0.049999999999999996,2.245522042117935,6.938893903907228e-17,0.07543031573032112,0,True,0.032640652002246064
2014-11-30,rev_orth,mv,45,0.0072230967810301624,0.6328634978548594,0.049999999999999996,4.933648815200031,1.6653345369377348e-16,0.07163814180199403,0,True,0.026699934549510716
2014-11-30,rev_orth,diag,45,0.0072230967810301624,0.5238491708101859,0.05,1.8105106310088857,1.457167719820518e-16,0.08719537426295722,0,True,0.019416272050976614
2014-12-31,rev_orth,mv,46,0.007858823880784939,0.7036720537869801,0.04999999999999999,4.112747693316007,1.6653345369377348e-16,0.08055907190078421,0,True,0.013979306480700575
2014-12-31,rev_orth,diag,46,0.007858823880784939,0.5704489807150284,0.04999999999999999,1.7086715019139092,2.7755575615628914e-17,0.07847178064627297,0,True,0.0017632175224664137
2015-01-31,rev_orth,mv,45,0.007706627555498523,0.7940426195413495,0.05,4.678469955717912,2.7755575615628914e-17,0.09999999986143115,1,True,0.020326316047724714
2015-01-31,rev_orth,diag,45,0.007706627555498523,0.42177353415652985,0.05,2.1453146104617655,7.632783294297951e-17,0.10980676353292287,1,True,0.016265087382100134
2015-02-28,rev_orth,mv,46,0.008169222928785932,0.706912613936331,0.050000000000000024,4.524538177707608,-1.1102230246251565e-16,0.07560862548374502,0,True,-0.02535911895996595
2015-02-28,rev_orth,diag,46,0.008169222928785932,0.5852494124993294,0.05,1.8918636112402212,-8.326672684688674e-17,0.06711165822603339,0,True,-0.00649651271092242
2015-03-31,rev_orth,mv,46,0.008441213097191104,0.8826377506465916,0.05000000000000005,4.78591642188776,6.938893903907228e-17,0.05721863307503422,0,True,0.010314861223684798
2015-03-31,rev_orth,diag,46,0.008441213097191104,0.6418261067338772,0.049999999999999996,1.600706911347005,2.5153490401663703e-17,0.07285188042029636,0,True,-0.0032101448611144587
2015-04-30,rev_orth,mv,46,0.00827507874545391,0.6391169118149842,0.04999999999999999,3.520034779286631,5.551115123125783e-17,0.09177253096508158,0,True,0.01122447470367549
2015-04-30,rev_orth,diag,46,0.00827507874545391,0.5454970300093109,0.049999999999999996,2.260014065707237,1.1102230246251565e-16,0.10114422156542653,1,True,0.0011863941207220232
2015-05-31,rev_orth,mv,46,0.008448553146802837,0.8558052588507844,0.04999999999999996,5.126977454787387,1.6653345369377348e-16,0.07159043520112368,0,True,-0.0027173930418349043
2015-05-31,rev_orth,diag,46,0.008448553146802837,0.5994186139471852,0.05000000000000002,2.2599097991129233,6.938893903907228e-17,0.08454887443092533,0,True,0.0005549544394650557
2015-06-30,rev_orth,mv,46,0.008558050124853386,0.9505222696619825,0.050000000000000024,4.5299855060795124,3.469446951953614e-17,0.09379620504140036,0,True,-0.017784824254587772
2015-06-30,rev_orth,diag,46,0.008558050124853386,0.4662818526493974,0.05000000000000002,2.121228578932573,1.457167719820518e-16,0.13882170388254716,1,True,0.0035781113592701893
2015-07-31,rev_orth,mv,45,0.008926275404115084,0.7701285975476325,0.050000000000000024,4.174554001719919,-4.85722573273506e-17,0.07946399215217204,0,True,0.0033915087679855377
2015-07-31,rev_orth,diag,45,0.008926275404115084,0.5136226780359341,0.05000000000000002,1.8501929266748134,-9.107298248878237e-17,0.08397063697068301,0,True,0.007621971239669924
2015-08-31,rev_orth,mv,44,0.009050219346446621,0.7977318714026995,0.05000000000000001,5.4928890316762295,-1.6653345369377348e-16,0.07026034407568041,0,True,-0.020734539240225634
2015-08-31,rev_orth,diag,44,0.009050219346446621,0.49145622726366706,0.05,2.175595584749356,-6.938893903907228e-17,0.12392204109406045,1,True,-0.016328287741451064
2015-09-30,rev_orth,mv,45,0.008552795101147885,0.6238217592566803,0.049999999999999975,4.317907540646396,-3.0531133177191805e-16,0.08663646793446111,0,True,-0.07834510543231268
2015-09-30,rev_orth,diag,45,0.008552795101147885,0.46060269120644787,0.05,1.7854731135592217,-9.367506770274758e-17,0.08318000483929519,0,True,-0.022889462961161934
2015-10-31,rev_orth,mv,45,0.008342521379549536,0.7065878274324723,0.04999999999999998,4.764168674834456,2.0816681711721685e-16,0.0852011715560853,0,True,-0.0126963521603575
2015-10-31,rev_orth,diag,45,0.008342521379549536,0.45490218701544327,0.050000000000000024,2.265413490441167,-5.551115123125783e-17,0.08688196020593159,0,True,-0.008014681461782422
2015-11-30,rev_orth,mv,46,0.008020494730131118,0.8981810106890121,0.05000000000000003,6.061024327042991,2.3592239273284576e-16,0.06464046653059094,0,True,-0.0030884308505780044
2015-11-30,rev_orth,diag,46,0.008020494730131118,0.5878804449941175,0.05,2.000701444993499,1.5016200088924236e-17,0.07152102090346127,0,True,-0.004920104066308533
2015-12-31,rev_orth,mv,45,0.008014668473200004,0.6653761413344534,0.04999999999999998,4.995582178802856,0.0,0.09916192962790675,0,True,0.004361594659573629
2015-12-31,rev_orth,diag,45,0.008014668473200004,0.3793528830098686,0.050000000000000024,2.6329726020557125,-1.3877787807814457e-17,0.10001510198410335,1,True,-0.02504566493023623
2016-01-31,rev_orth,mv,44,0.007254471825990166,0.5894571247659285,0.049999999999999996,4.29375628464889,1.1102230246251565e-16,0.1000000017691491,1,True,-0.018807084659981894
2016-01-31,rev_orth,diag,44,0.007254471825990166,0.4322316218227418,0.04999999999999999,1.7919839783761036,1.0321604682062002e-16,0.098908484222294,0,True,-0.005126338720301656
2016-02-29,rev_orth,mv,45,0.006786494914558221,0.7473956883559646,0.05,5.4234071571163405,1.6653345369377348e-16,0.09417603616581248,0,True,-0.02182461672226516
2016-02-29,rev_orth,diag,45,0.006786494914558221,0.40044868892741003,0.05,2.628750148116168,9.540979117872439e-17,0.05431972684764867,0,True,-0.017628107900535844
2016-03-31,rev_orth,mv,44,0.006347728208999438,0.5246125735321515,0.05000000000000002,4.321854466275699,2.7755575615628914e-17,0.08387295816975993,0,True,-0.004252018300724428
2016-03-31,rev_orth,diag,44,0.006347728208999438,0.3951438666037177,0.05,1.7645511660359798,1.734723475976807e-17,0.10841921122968712,1,True,0.003984468464377635
2016-04-30,rev_orth,mv,44,0.006710035136265456,0.6418450750938463,0.04999999999999997,4.5174694166919,2.7755575615628914e-17,0.09739118345724347,0,True,-0.040170312134432486
2016-04-30,rev_orth,diag,44,0.006710035136265456,0.3491737377204671,0.04999999999999999,2.517937577842475,2.7755575615628914e-17,0.08475578027958539,0,True,-0.02016958529688162
2016-05-31,rev_orth,mv,44,0.00604571157855104,0.45822984965741637,0.05000000000000001,3.4836953474823633,-7.28583859910259e-17,0.08161892193029796,0,True,0.01109514314930802
2016-05-31,rev_orth,diag,44,0.00604571157855104,0.5029336160991574,0.05000000000000001,1.7229886754873645,-8.326672684688674e-17,0.08125880783801592,0,True,0.007661598812707334
2016-06-30,rev_orth,mv,44,0.006223340285435549,0.6781656223693175,0.05000000000000001,4.310822843152014,-2.7755575615628914e-17,0.096223709586158,0,True,0.010873828123290878
2016-06-30,rev_orth,diag,44,0.006223340285435549,0.34845938762160217,0.05,2.3755751228588715,8.500145032286355e-17,0.10919785210111069,1,True,0.009902279808303553
2016-07-31,rev_orth,mv,45,0.006279963816679757,0.4398128191880955,0.05,4.732961998794573,8.326672684688674e-17,0.06167048135527692,0,True,-0.036415203436370475
2016-07-31,rev_orth,diag,45,0.006279963816679757,0.3388290356212741,0.050000000000000024,2.069618456838272,-7.979727989493313e-17,0.07612124033285096,0,True,-0.036626683046417044
2016-08-31,rev_orth,mv,44,0.005147634218524913,0.54650130751432,0.050000000000000086,5.377778388548602,-1.942890293094024e-16,0.06515327643787326,0,True,-0.011316010299463684
2016-08-31,rev_orth,diag,44,0.005147634218524913,0.3815045707686907,0.04999999999999998,1.9387546070304165,1.205632815803881e-16,0.07621320532706062,0,True,0.010622366316813122
2016-09-30,rev_orth,mv,44,0.005402623846216603,0.6985338472160941,0.05,6.240996863177026,1.5265566588595902e-16,0.08978730412389896,0,True,0.029141046907313898
2016-09-30,rev_orth,diag,44,0.005402623846216603,0.32965572052044245,0.05000000000000002,2.2573262312825233,-7.979727989493313e-17,0.08449596231343577,0,True,0.01793443210039744
2016-10-31,rev_orth,mv,44,0.0056949437041801925,0.4651634680954783,0.04999999999999999,4.547388283563348,6.938893903907228e-17,0.06964875261557638,0,True,-0.05408800909073708
2016-10-31,rev_orth,diag,44,0.0056949437041801925,0.47717337707704405,0.05,1.8268647845796455,1.0408340855860843e-17,0.06417518524918377,0,True,-0.023048854934800092
2016-11-30,rev_orth,mv,45,0.005242074961137508,0.4432832881919438,0.04999999999999998,4.00998099196294,-5.551115123125783e-17,0.10000000000844401,1,True,0.007988499755333838
2016-11-30,rev_orth,diag,45,0.005242074961137508,0.395622711019755,0.05,2.0932443380861407,1.3877787807814457e-17,0.09579691905303488,0,True,0.0032371218023347337
2016-12-31,rev_orth,mv,45,0.005679043970813236,0.7783913370110914,0.05000000000000001,6.282982712174215,7.632783294297951e-17,0.07541756365661105,0,True,0.003098357130561208
2016-12-31,rev_orth,diag,45,0.005679043970813236,0.3595196732398412,0.04999999999999999,1.860657584667623,3.469446951953614e-18,0.12061555216290132,1,True,-0.00866308490710878
2017-01-31,rev_orth,mv,44,0.0050694627493886825,0.5607070613111198,0.04999999999999997,4.896328423887111,-1.1102230246251565e-16,0.10000000160654754,1,True,-5.887445504682827e-05
2017-01-31,rev_orth,diag,44,0.0050694627493886825,0.328776368999638,0.05,1.7523423827556797,4.163336342344337e-17,0.08961695145161096,0,True,0.004448875268460636
2017-02-28,rev_orth,mv,44,0.005063434303870254,0.5339800514927673,0.04999999999999998,5.173736295591112,-1.6653345369377348e-16,0.07678268983975607,0,True,0.0012301853918667365
2017-02-28,rev_orth,diag,44,0.005063434303870254,0.41567500024594073,0.049999999999999996,1.8153996748008319,1.2663481374630692e-16,0.08512078979072714,0,True,-0.00038867541989681903
2017-03-31,rev_orth,mv,44,0.005127914475096428,0.47792838369724966,0.05000000000000005,5.374758673367741,3.885780586188048e-16,0.10000000118730692,1,True,-0.014609361583561204
2017-03-31,rev_orth,diag,44,0.005127914475096428,0.2555579954494198,0.04999999999999999,2.2714055945596647,-8.326672684688674e-17,0.11156631081912219,2,True,-0.004867295593422649
2017-04-30,rev_orth,mv,46,0.00515563768195059,0.5492283403745171,0.04999999999999997,3.8011828718480194,-5.551115123125783e-17,0.10000000014567076,1,True,-0.005347821076343217
2017-04-30,rev_orth,diag,46,0.00515563768195059,0.2846028539352813,0.05,2.657585651584693,-6.245004513516506e-17,0.06669663463225899,0,True,-0.010845527986486995
2017-05-31,rev_orth,mv,46,0.0047311550269994295,0.49545976728757557,0.04999999999999997,5.739489970439309,-1.942890293094024e-16,0.10000000112107425,1,True,0.033450302011989265
2017-05-31,rev_orth,diag,46,0.0047311550269994295,0.3229444592846652,0.05,2.414303534337882,-4.163336342344337e-17,0.0847316023613839,0,True,0.004885395595572253
2017-06-30,rev_orth,mv,46,0.004887840878783694,0.5286932546182669,0.04999999999999999,5.797928210290642,2.7755575615628914e-17,0.07614234607704036,0,True,-0.000835753457507123
2017-06-30,rev_orth,diag,46,0.004887840878783694,0.4141670505991947,0.05000000000000001,1.661440187589906,4.163336342344337e-17,0.06489310329144582,0,True,-0.014793750077080775
2017-07-31,rev_orth,mv,46,0.004505585063588109,0.3905235874493851,0.050000000000000024,4.486388835760272,-2.7755575615628914e-17,0.100000001230635,1,True,0.003236452272359335
2017-07-31,rev_orth,diag,46,0.004505585063588109,0.41131001176927195,0.05000000000000001,1.4248915929843593,6.938893903907228e-18,0.07668383293472723,0,True,0.010913323116522725
2017-08-31,rev_orth,mv,46,0.004860630887810736,0.5380793666381186,0.05,5.53685299496492,-1.1102230246251565e-16,0.10000000256212012,1,True,0.03389593841641896
2017-08-31,rev_orth,diag,46,0.004860630887810736,0.39714214819135235,0.05,1.930061518391077,7.632783294297951e-17,0.12218111764209132,1,True,0.0021807348784387954
2017-09-30,rev_orth,mv,45,0.004829509099680342,0.5527474777884547,0.04999999999999997,5.116081779334679,-6.938893903907228e-17,0.08927569354957239,0,True,-0.011456963418093472
2017-09-30,rev_orth,diag,45,0.004829509099680342,0.32398878701364947,0.05000000000000001,2.035629200334201,5.204170427930421e-17,0.11296646573422267,1,True,0.008938118461558018
2017-10-31,rev_orth,mv,45,0.00489902607537932,0.4930315104525305,0.05,4.2106625302533605,-6.938893903907228e-17,0.09322551689023462,0,True,-0.019354261386976587
2017-10-31,rev_orth,diag,45,0.00489902607537932,0.3369662936997613,0.05000000000000002,2.165092229701611,0.0,0.07249523297041784,0,True,-0.023802457184959793
2017-11-30,rev_orth,mv,45,0.004148721343208101,0.32400203226903984,0.05,4.137614632513472,0.0,0.08426673537975078,0,True,-0.000595706154956231
2017-11-30,rev_orth,diag,45,0.004148721343208101,0.2594535626879446,0.04999999999999999,2.23498218619792,-3.469446951953614e-17,0.07480340750351831,0,True,0.013826640478228047
2017-12-31,rev_orth,mv,46,0.004458603714613057,0.5321514069880069,0.049999999999999996,5.360985000579101,-1.3877787807814457e-17,0.09916855898091839,0,True,0.040812220295781
2017-12-31,rev_orth,diag,46,0.004458603714613057,0.2427987568344199,0.05,2.2560754860940335,-2.42861286636753e-17,0.11315336743636634,1,True,0.015446185096400888
2018-01-31,rev_orth,mv,46,0.004778137199120355,0.48278238585270955,0.04999999999999998,4.103493007021858,-1.1622647289044608e-16,0.10000000057072884,1,True,0.003042381962587109
2018-01-31,rev_orth,diag,46,0.004778137199120355,0.3557150661325177,0.05000000000000002,1.8076976589268914,-1.0408340855860843e-16,0.08639524138764659,0,True,-0.02123416674860224
2018-02-28,rev_orth,mv,46,0.003980841183181551,0.4079844417627799,0.05000000000000002,4.314561000617735,9.71445146547012e-17,0.08768613318759011,0,True,-0.03882630122818952
2018-02-28,rev_orth,diag,46,0.003980841183181551,0.31367945600058744,0.050000000000000024,2.1768186309211446,-2.0816681711721685e-17,0.06779513011967064,0,True,-0.018392032750509605
2018-03-31,rev_orth,mv,46,0.0032235007747277366,0.2766348027421725,0.049999999999999975,4.431399529392667,-2.0686577451023425e-16,0.08297353982602167,0,True,0.021827124060350395
2018-03-31,rev_orth,diag,46,0.0032235007747277366,0.2533035064161905,0.05,1.5193919906416287,0.0,0.08078766352955458,0,True,0.006117891478217119
2018-04-30,rev_orth,mv,46,0.0034053817699907615,0.3694422860691836,0.05,4.684474651870339,0.0,0.08132611958896269,0,True,0.007232444243402794
2018-04-30,rev_orth,diag,46,0.0034053817699907615,0.15442821441308693,0.05000000000000002,2.6107390815113845,-1.1449174941446927e-16,0.06409727822355024,0,True,0.019996193086603515
2018-05-31,rev_orth,mv,45,0.0038395140139931656,0.33477663287152215,0.05000000000000004,4.702106934179824,-4.163336342344337e-17,0.07627262699866524,0,True,-0.03615754828596179
2018-05-31,rev_orth,diag,45,0.0038395140139931656,0.29905321868352197,0.05,1.9062695201980533,4.5102810375396984e-17,0.09921156518401256,0,True,-0.035015974183420284
2018-06-30,rev_orth,mv,45,0.002558372536980747,0.23869322347178276,0.05000000000000005,4.347284119223518,-6.938893903907228e-17,0.08754783513385832,0,True,0.035858041840399896
2018-06-30,rev_orth,diag,45,0.002558372536980747,0.14257647693023853,0.05000000000000001,2.4250907532247306,4.163336342344337e-17,0.09569558887478344,0,True,0.03690806530709329
2018-07-31,rev_orth,mv,45,0.003118037597486164,0.2618967205472897,0.04999999999999999,4.162197176692323,6.938893903907228e-17,0.09554558545077346,0,True,0.03884009679064168
2018-07-31,rev_orth,diag,45,0.003118037597486164,0.26782543394909725,0.05000000000000001,1.6113046706919598,-6.938893903907228e-17,0.05765339192145138,0,True,0.011040961440056608
2018-08-31,rev_orth,mv,46,0.0033344176047446668,0.2702987828545707,0.05000000000000004,4.566889263242335,-1.3877787807814457e-16,0.06785490973157149,0,True,0.023316105106294352
2018-08-31,rev_orth,diag,46,0.0033344176047446668,0.30804569956963945,0.05,1.6139330366271845,-7.979727989493313e-17,0.0539623388780153,0,True,0.012359641227301179
2018-09-30,rev_orth,mv,46,0.0037577237958314183,0.2607924155602844,0.05,4.110058248042705,5.551115123125783e-17,0.09999999805665256,1,True,-0.0042339306026950106
2018-09-30,rev_orth,diag,46,0.0037577237958314183,0.23060375702378974,0.05000000000000002,1.8154213078404517,-1.3877787807814457e-17,0.09133842176676693,0,True,-0.017601138862498707
2018-10-31,rev_orth,mv,46,0.0034769395058165476,0.29716276278641496,0.04999999999999999,4.279366233979148,-2.914335439641036e-16,0.10000000000263731,1,True,0.00533127845814329
2018-10-31,rev_orth,diag,46,0.0034769395058165476,0.27084821239931284,0.05000000000000002,1.707219577394268,2.7755575615628914e-17,0.06551521246122712,0,True,0.023889483926982515
2018-11-30,rev_orth,mv,46,0.0038002970049018057,0.3245890155273201,0.05000000000000002,4.769798843559346,1.444157293750692e-16,0.09247106568788312,0,True,0.03895034042210021
2018-11-30,rev_orth,diag,46,0.0038002970049018057,0.36483280962995424,0.05000000000000001,1.5946640141957003,1.3877787807814457e-17,0.06426112501089971,0,True,0.013633237895644126
2018-12-31,rev_orth,mv,46,0.0043363035969212855,0.41682615052482347,0.05000000000000002,4.23781707930818,4.163336342344337e-17,0.06830231309995939,0,True,0.009311527544234538
2018-12-31,rev_orth,diag,46,0.0043363035969212855,0.2843511269869163,0.05000000000000002,2.0193355379044293,-4.85722573273506e-17,0.07690141139066338,0,True,-0.0007309315828021103
2019-01-31,rev_orth,mv,46,0.004323710385173497,0.40550037203959277,0.05000000000000001,4.73287119573833,-1.1102230246251565e-16,0.1000000010599247,1,True,-0.03505972506994377
2019-01-31,rev_orth,diag,46,0.004323710385173497,0.22417340150817897,0.05000000000000001,2.456480161552864,5.898059818321144e-17,0.09662433373605041,0,True,0.003284894059031755
2019-02-28,rev_orth,mv,46,0.00447629899929831,0.36691134070376413,0.049999999999999975,4.581438984901496,-1.3877787807814457e-17,0.07795942634487263,0,True,-0.019262535215380166
2019-02-28,rev_orth,diag,46,0.00447629899929831,0.26615331122077485,0.04999999999999999,2.1120811892201887,2.7755575615628914e-17,0.10890118703492445,1,True,-0.030931372843303967
2019-03-31,rev_orth,mv,46,0.0040554800918886184,0.40587044539511874,0.04999999999999995,4.692253576723739,-3.469446951953614e-17,0.07508198651711111,0,True,-0.03444207231652571
2019-03-31,rev_orth,diag,46,0.0040554800918886184,0.2579034555496608,0.049999999999999996,1.884882659893317,1.1102230246251565e-16,0.08822045158725966,0,True,-0.027783304193881756
2019-04-30,rev_orth,mv,46,0.0032910022144479367,0.3591685996754277,0.050000000000000024,5.046872594020728,1.214306433183765e-17,0.10000000051502402,1,True,0.026764409105482945
2019-04-30,rev_orth,diag,46,0.0032910022144479367,0.2233838617920595,0.04999999999999999,2.0688643607547563,-5.204170427930421e-18,0.09136656666607072,0,True,0.04480481192353734
2019-05-31,rev_orth,mv,46,0.004159734629761087,0.5356659653886781,0.05000000000000004,5.545930507574804,-1.942890293094024e-16,0.09435914720291748,0,True,-0.015986493898791088
2019-05-31,rev_orth,diag,46,0.004159734629761087,0.23993541687764708,0.05,2.45869360594307,2.7755575615628914e-17,0.07574061998966433,0,True,-0.014222804142741756
2019-06-30,rev_orth,mv,47,0.003694505503228461,0.44546674519510293,0.04999999999999999,5.080190460331158,-3.0531133177191805e-16,0.09039619300036228,0,True,0.029369865058506323
2019-06-30,rev_orth,diag,47,0.003694505503228461,0.2118981969150537,0.05,2.544059044155778,1.1102230246251565e-16,0.1024075838709108,1,True,-0.00028169234663530515
2019-07-31,rev_orth,mv,47,0.0036830678014024773,0.3403341424712961,0.05,4.565437992637275,1.0408340855860843e-17,0.0805592113365331,0,True,-0.023597529687417382
2019-07-31,rev_orth,diag,47,0.0036830678014024773,0.21181810779246402,0.05000000000000001,2.1806024728620406,-9.540979117872439e-17,0.11538314780786442,1,True,0.009189379400671223
2019-08-31,rev_orth,mv,47,0.004258090206435355,0.42840663509908433,0.04999999999999999,5.110586340537104,-1.3183898417423734e-16,0.09445394797484283,0,True,-0.0005610654065284056
2019-08-31,rev_orth,diag,47,0.004258090206435355,0.2872841955061387,0.05000000000000003,2.041787283882797,-1.0842021724855044e-17,0.09985647585233579,0,True,-0.005350038203271983
2019-09-30,rev_orth,mv,47,0.003926099976632808,0.4140361080723344,0.050000000000000086,5.710640372772085,1.1102230246251565e-16,0.09050499887796765,0,True,0.029357139452750952
2019-09-30,rev_orth,diag,47,0.003926099976632808,0.22106697236994063,0.05,2.200863295391937,-3.469446951953614e-18,0.10401169977135086,1,True,0.021921981660408266
2019-10-31,rev_orth,mv,47,0.0044884753549801065,0.4191107700877168,0.05,4.2306481358305925,-3.8163916471489756e-17,0.08713349606926886,0,True,0.0009827641277732504
2019-10-31,rev_orth,diag,47,0.0044884753549801065,0.37236738240488526,0.05000000000000002,1.7046428495914565,6.591949208711867e-17,0.08142776863246852,0,True,0.0023058424621140764
2019-11-30,rev_orth,mv,46,0.0045524311416269905,0.4908580668850078,0.05000000000000002,4.857331203196393,4.163336342344337e-17,0.09999999953771344,1,True,0.004748227401822895
2019-11-30,rev_orth,diag,46,0.0045524311416269905,0.30388708914262974,0.049999999999999996,2.3412761331497363,1.3877787807814457e-17,0.08966940940865391,0,True,0.0010360895801716612
2019-12-31,rev_orth,mv,45,0.00445943335339681,0.4004268594260825,0.050000000000000024,4.787029043400714,-1.942890293094024e-16,0.1000000010287166,1,True,0.005176858840344223
2019-12-31,rev_orth,diag,45,0.00445943335339681,0.462608883369314,0.049999999999999996,1.4159145488213245,-9.367506770274758e-17,0.08961626951338121,0,True,0.014060460343475089
2020-01-31,rev_orth,mv,45,0.00489332283857396,0.38049576687409814,0.04999999999999995,4.1887289243223575,2.498001805406602e-16,0.09999999999759901,1,True,0.026259847966102
2020-01-31,rev_orth,diag,45,0.00489332283857396,0.3528571625744689,0.05,1.6052649342781233,-2.0816681711721685e-17,0.09550260725570324,0,True,0.017124582330944025
2020-02-29,rev_orth,mv,46,0.0054387705968532716,0.48776921396117684,0.05,4.737955653747877,-8.673617379884035e-18,0.09047784526558757,0,True,0.039914624517858974
2020-02-29,rev_orth,diag,46,0.0054387705968532716,0.41577347839629186,0.04999999999999999,1.7643231813793596,-5.204170427930421e-18,0.08489276789031747,0,True,0.04358431112876322
2020-03-31,rev_orth,mv,45,0.005592044266101076,0.5404782308032882,0.05000000000000002,4.499190977584551,-1.3877787807814457e-17,0.10000000059387308,1,True,-0.02992380814585423
2020-03-31,rev_orth,diag,45,0.005592044266101076,0.45643292704382876,0.05,1.7108058622357867,-6.938893903907228e-17,0.07618958312132948,0,True,-0.004911401437036532
2020-04-30,rev_orth,mv,46,0.005717122058906969,0.5891845527422226,0.04999999999999996,4.662137131155994,1.5352302762394743e-16,0.08901021882046166,0,True,-0.0431193740111653
2020-04-30,rev_orth,diag,46,0.005717122058906969,0.3628323215080938,0.05,2.1723530125979433,1.3877787807814457e-17,0.07078341798681381,0,True,-0.024779565103366503
2020-05-31,rev_orth,mv,45,0.005108724689564142,0.44980171787186746,0.050000000000000024,4.432559315011502,-1.3183898417423734e-16,0.07807568045260498,0,True,0.007456875761000524
2020-05-31,rev_orth,diag,45,0.005108724689564142,0.30983475453211345,0.05,2.214797294133224,-6.938893903907228e-17,0.07488541013162268,0,True,0.010958340688546094
2020-06-30,rev_orth,mv,45,0.005237446623875917,0.5735341494114036,0.050000000000000024,4.79976466390764,2.914335439641036e-16,0.08617576534797593,0,True,-0.02203996562232596
2020-06-30,rev_orth,diag,45,0.005237446623875917,0.4087951228026779,0.05000000000000001,1.7045275479327084,-2.0469737016526324e-16,0.09564802476796273,0,True,0.007061885463928306
2020-07-31,rev_orth,mv,45,0.005321959261041231,0.6190816240484521,0.04999999999999999,5.226760474105738,-8.326672684688674e-17,0.10000000166161725,1,True,-0.036954720579157864
2020-07-31,rev_orth,diag,45,0.005321959261041231,0.2661818586325927,0.05000000000000002,2.37864988643178,0.0,0.10034271722065048,1,True,-0.011440684980116297
2020-08-31,rev_orth,mv,45,0.005140408388053754,0.4460610367289267,0.05,4.55242813662753,-5.551115123125783e-17,0.10000000000650476,1,True,-0.02524752879089175
2020-08-31,rev_orth,diag,45,0.005140408388053754,0.3730240475821268,0.05000000000000002,1.6890768658131394,-9.71445146547012e-17,0.07019007542965665,0,True,0.0036460564531252473
2020-09-30,rev_orth,mv,45,0.0053542155344825015,0.4924084837640837,0.050000000000000024,4.5410183412059135,-1.1102230246251565e-16,0.10000000061690396,1,True,0.024936406149808545
2020-09-30,rev_orth,diag,45,0.0053542155344825015,0.21797067088367916,0.05,2.430771422820751,5.551115123125783e-17,0.12061125385463976,1,True,0.015261599754101275
2020-10-31,rev_orth,mv,45,0.005649944983839448,0.5652657972239947,0.050000000000000065,4.873826306383465,-1.1102230246251565e-16,0.10000000027991626,1,True,-0.03749363767311499
2020-10-31,rev_orth,diag,45,0.005649944983839448,0.4315403860780695,0.04999999999999999,1.6789745598255432,-2.7755575615628914e-17,0.0865713533767344,0,True,0.008409148788188943
2020-11-30,rev_orth,mv,45,0.005895407776857391,0.5617784569586028,0.04999999999999998,5.341743968837507,9.71445146547012e-17,0.0686131835206298,0,True,-0.005205759217136068
2020-11-30,rev_orth,diag,45,0.005895407776857391,0.40318321801959034,0.04999999999999999,1.9654940551389735,-8.326672684688674e-17,0.11646167330417247,1,True,-0.01738038267613703
2020-12-31,rev_orth,mv,45,0.005566868838082061,0.5694615957438365,0.05,5.168898961186539,0.0,0.1000000025115371,1,True,0.04141054966355769
2020-12-31,rev_orth,diag,45,0.005566868838082061,0.41986717008997354,0.05000000000000001,1.624194528533342,2.42861286636753e-17,0.09310924467900024,0,True,0.016164836644413882
2021-01-31,rev_orth,mv,45,0.005992103913291761,0.5488869253110442,0.049999999999999996,4.418107033364636,-2.7755575615628914e-17,0.09109982483870253,0,True,0.002294212464162984
2021-01-31,rev_orth,diag,45,0.005992103913291761,0.432857706623113,0.05000000000000002,1.5567588860249313,-1.734723475976807e-17,0.0986849950391649,0,True,0.006592655867975425
2021-02-28,rev_orth,mv,45,0.005967310972984616,0.5977428325698817,0.05000000000000001,4.304413279135285,1.1427490897997217e-16,0.08630391662949503,0,True,0.03910566625280446
2021-02-28,rev_orth,diag,45,0.005967310972984616,0.49322287052837216,0.05,1.8715604553402427,1.1180834903756764e-16,0.052909532191887675,0,True,0.016072700094481564
2021-03-31,rev_orth,mv,44,0.00605677750052663,0.6306780062006454,0.05000000000000002,4.263663102200757,3.469446951953614e-18,0.07504454413230428,0,True,0.014008067921955341
2021-03-31,rev_orth,diag,44,0.00605677750052663,0.363275567920769,0.05000000000000001,1.7922375353471123,1.3877787807814457e-17,0.10953010937093416,1,True,0.015103571283232652
2021-04-30,rev_orth,mv,44,0.0065904306846967225,0.6026671116627814,0.04999999999999997,4.753525390988756,-9.71445146547012e-17,0.09863771252283682,0,True,0.005464076899575636
2021-04-30,rev_orth,diag,44,0.0065904306846967225,0.4757515191630667,0.05,1.4337898131407023,-1.734723475976807e-17,0.1280500896517328,1,True,0.010349383924244955
2021-05-31,rev_orth,mv,45,0.006851232958515821,0.6504268081953004,0.05000000000000002,4.6876870097431445,-5.551115123125783e-17,0.05935697819237844,0,True,-0.008232527281366187
2021-05-31,rev_orth,diag,45,0.006851232958515821,0.6385780616866039,0.05000000000000002,1.5313997127153316,9.71445146547012e-17,0.06362033647481166,0,True,-0.015420411129970822
2021-06-30,rev_orth,mv,45,0.0064194677561297655,0.6273108734903626,0.049999999999999954,4.100971167907502,0.0,0.08202115437818969,0,True,-0.013210488368119411
2021-06-30,rev_orth,diag,45,0.0064194677561297655,0.47512833724137377,0.049999999999999996,1.6414850397683234,-1.0408340855860843e-17,0.07896191233181875,0,True,-0.007844342969809744
2021-07-31,rev_orth,mv,45,0.00627801404997606,0.5865779138398699,0.04999999999999998,4.822267427198072,2.636779683484747e-16,0.06485779316837072,0,True,0.015648055182720423
2021-07-31,rev_orth,diag,45,0.00627801404997606,0.38528394257285276,0.05,1.561855229818923,-5.551115123125783e-17,0.09871198845494182,0,True,0.005382190086673475
2021-08-31,rev_orth,mv,44,0.0061696228827117115,0.65642474319697,0.049999999999999975,4.8981839633788695,7.632783294297951e-17,0.10000000189664947,1,True,-0.006704660899487567
2021-08-31,rev_orth,diag,44,0.0061696228827117115,0.39756715893304484,0.049999999999999996,1.9372497159679878,-4.163336342344337e-17,0.0683135431955137,0,True,-0.007983316266882784
2021-09-30,rev_orth,mv,44,0.006111392630761058,0.656171535338046,0.04999999999999998,4.29798736472303,1.3877787807814457e-16,0.10000000116212122,1,True,-0.018793094360606222
2021-09-30,rev_orth,diag,44,0.006111392630761058,0.3610204046330268,0.050000000000000024,1.9310523154464319,-2.211772431870429e-17,0.0944385498515032,0,True,0.0016283438090576583
2021-10-31,rev_orth,mv,44,0.006171205373480418,0.6113069394040386,0.05,4.840438663091724,1.5265566588595902e-16,0.10000000250937198,1,True,-0.04115969255611843
2021-10-31,rev_orth,diag,44,0.006171205373480418,0.42239815361394567,0.04999999999999999,1.6749225100871787,5.551115123125783e-17,0.06375821386575053,0,True,-0.024043167643851084
2021-11-30,rev_orth,mv,44,0.005447075775801012,0.5921294251058928,0.050000000000000044,5.279869689429049,-7.632783294297951e-17,0.09755154389094843,0,True,0.039999410780036784
2021-11-30,rev_orth,diag,44,0.005447075775801012,0.36229180869586985,0.05000000000000001,1.6773404076109608,-4.9873299934333204e-18,0.0851761695711963,0,True,0.01210962098367488
2021-12-31,rev_orth,mv,44,0.0051700718122972235,0.5294092692197381,0.05000000000000002,4.844334048598724,-2.7755575615628914e-17,0.08503817869629457,0,True,-0.009969690797923755
2021-12-31,rev_orth,diag,44,0.0051700718122972235,0.39922982773314536,0.04999999999999999,1.5608720392305442,3.469446951953614e-17,0.09795607783468083,0,True,-0.008112606318651848
2022-01-31,rev_orth,mv,44,0.005007007587551891,0.5033416636599547,0.05,4.949614311652781,-1.7867651802561113e-16,0.10000000335541215,1,True,-0.06426134525589353
2022-01-31,rev_orth,diag,44,0.005007007587551891,0.35575535963233773,0.049999999999999996,1.3593514636428747,-2.5153490401663703e-17,0.10043044333536798,1,True,-0.020938191569701926
2022-02-28,rev_orth,mv,46,0.004436848485125801,0.44969237559613356,0.04999999999999992,5.590635016512375,1.1796119636642288e-16,0.07920334173027672,0,True,0.04101699921420518
2022-02-28,rev_orth,diag,46,0.004436848485125801,0.37649901637658056,0.05,1.3619054540135596,-1.3877787807814457e-17,0.06986699983825574,0,True,-0.0004410323700769996
2022-03-31,rev_orth,mv,47,0.004523282044714387,0.3504218672894469,0.05000000000000003,4.14305840449708,-1.5265566588595902e-16,0.06831395842808921,0,True,0.034034209668585266
2022-03-31,rev_orth,diag,47,0.004523282044714387,0.21708602094600377,0.05,1.9634268986329595,-6.938893903907228e-18,0.07473686422218988,0,True,0.010591524582318108
2022-04-30,rev_orth,mv,46,0.004710036028852102,0.44121214700980615,0.05,4.379717712986137,-5.551115123125783e-17,0.08548256057504283,0,True,0.012412057754683507
2022-04-30,rev_orth,diag,46,0.004710036028852102,0.3404153051236898,0.05,1.2707021777329384,-9.71445146547012e-17,0.1228838468570455,1,True,-0.0019198681535095136
2022-05-31,rev_orth,mv,46,0.004575625514506238,0.4924668692521171,0.05,4.995473227088784,3.3306690738754696e-16,0.08554518622114951,0,True,-0.05299337048682621
2022-05-31,rev_orth,diag,46,0.004575625514506238,0.3943252859513627,0.05,1.5418191597300954,-6.938893903907228e-18,0.06707327723754132,0,True,-0.029200170973747233
2022-06-30,rev_orth,mv,46,0.003800518497272241,0.4092819645728263,0.04999999999999998,4.814559526169253,-1.6653345369377348e-16,0.09999999959858163,1,True,0.0653266486699083
2022-06-30,rev_orth,diag,46,0.003800518497272241,0.19449272594496442,0.05000000000000001,2.230139300555057,5.551115123125783e-17,0.06886445822031854,0,True,0.016869471814802767
2022-07-31,rev_orth,mv,46,0.004058629929425834,0.4639932710248433,0.04999999999999999,4.549935797273556,-6.245004513516506e-17,0.10000000138750853,1,True,-0.030044745182506147
2022-07-31,rev_orth,diag,46,0.004058629929425834,0.2081684190371114,0.049999999999999996,1.6388572005816842,2.7755575615628914e-17,0.11084979974838909,1,True,-0.009363365403069639
2022-08-31,rev_orth,mv,46,0.0038575062149945956,0.33122161596404187,0.05000000000000002,4.858162345075405,-2.0903417885520525e-16,0.10000000320895626,1,True,0.007939849744918206
2022-08-31,rev_orth,diag,46,0.0038575062149945956,0.3793195367825807,0.05,1.3300797075643211,2.42861286636753e-17,0.06876469349259273,0,True,-0.0023825796159049916
2022-09-30,rev_orth,mv,45,0.0038499270250420183,0.4234393465557648,0.04999999999999997,5.238772291079742,1.6653345369377348e-16,0.06855572127769645,0,True,-0.030165262649288135
2022-09-30,rev_orth,diag,45,0.0038499270250420183,0.23930400116555287,0.05,1.9457587497160862,1.700029006457271e-16,0.07150805535888793,0,True,0.0017172044720011794
2022-10-31,rev_orth,mv,46,0.0036605233580466784,0.38288442152622737,0.050000000000000044,4.39716576617119,0.0,0.09999999851645809,1,True,-0.02129678301446669
2022-10-31,rev_orth,diag,46,0.0036605233580466784,0.27682575343496263,0.05,1.6417161475311723,6.245004513516506e-17,0.06755649711408389,0,True,-0.03153224219293285
2022-11-30,rev_orth,mv,46,0.0029360190687716115,0.39209369068262817,0.04999999999999998,5.677585091155851,8.326672684688674e-17,0.08061162162356213,0,True,-0.020438620263991535
2022-11-30,rev_orth,diag,46,0.0029360190687716115,0.19379668357698734,0.049999999999999954,1.9523941746786564,6.938893903907228e-17,0.08514840713759515,0,True,-0.0038339042370100574
2022-12-31,rev_orth,mv,46,0.0028535276096762637,0.39038626636154017,0.04999999999999995,4.865673018653439,6.938893903907228e-17,0.10000000195458451,1,True,-0.01912568816124301
2022-12-31,rev_orth,diag,46,0.0028535276096762637,0.167426427029203,0.05,2.3405147602068173,-6.591949208711867e-17,0.08178395058961274,0,True,-0.037753088095531
2023-01-31,rev_orth,mv,46,0.0021520939613943082,0.16357129580072327,0.05000000000000001,4.0465436345432915,2.42861286636753e-17,0.10000000270014817,1,True,-0.03433393810298183
2023-01-31,rev_orth,diag,46,0.0021520939613943082,0.1584666996336204,0.050000000000000024,1.4371309900425426,-3.8163916471489756e-17,0.09790424543298328,0,True,-0.021535552350402443
2023-02-28,rev_orth,mv,46,0.001482765280588586,0.15584135343627153,0.049999999999999975,4.492142281862619,0.0,0.0644183125785138,0,True,-0.055093825322009286
2023-02-28,rev_orth,diag,46,0.001482765280588586,0.1050547946769281,0.05000000000000002,1.868064791772645,1.942890293094024e-16,0.07132928939293529,0,True,-0.004013173902812333
2023-03-31,rev_orth,mv,46,0.0017228466329639752,0.21866887087993078,0.04999999999999998,5.445013105090888,-2.636779683484747e-16,0.07465070620703947,0,True,-0.010084914143280749
2023-03-31,rev_orth,diag,46,0.0017228466329639752,0.1359755178848396,0.05,1.5611133470539238,6.938893903907228e-18,0.05836037698509787,0,True,-0.009874656274850386
2023-04-30,rev_orth,mv,46,0.0014597701392385094,0.1633714002844617,0.05000000000000001,3.9065622872849257,3.625572064791527e-16,0.0570309644107159,0,True,-0.016891321374005
2023-04-30,rev_orth,diag,46,0.0014597701392385094,0.09114060541982938,0.05000000000000001,1.7511907930816488,-7.632783294297951e-17,0.08723337239833527,0,True,-0.041743624594638214
2023-05-31,rev_orth,mv,45,0.0007365173576208777,0.09543194929244717,0.05000000000000016,4.5429816602786826,-4.163336342344337e-17,0.08074481157019515,0,True,0.016280583471831808
2023-05-31,rev_orth,diag,45,0.0007365173576208777,0.04092371699292557,0.05000000000000001,2.257650229502709,0.0,0.06673560455046368,0,True,0.012950810585272093
2023-06-30,rev_orth,mv,46,0.0007740764415795328,0.07214251335690681,0.049999999999999996,4.016746813244674,-5.551115123125783e-17,0.07462358044388291,0,True,0.007061513235454158
2023-06-30,rev_orth,diag,46,0.0007740764415795328,0.049562124012304934,0.04999999999999999,1.5417052980144923,6.938893903907228e-18,0.08145612056549233,0,True,-0.0065192536467520365
2023-07-31,rev_orth,mv,46,0.0004887397057128426,0.04534884460883768,0.05000000000000004,4.530163600763865,-5.551115123125783e-17,0.0923626034419903,0,True,-0.003119219593223829
2023-07-31,rev_orth,diag,46,0.0004887397057128426,0.043007901211481916,0.05,1.1417192859555207,7.979727989493313e-17,0.06477229048546651,0,True,-0.00012910392392543433
2023-08-31,rev_orth,mv,47,0.0003931096683771369,0.04688452322058723,0.05000000000000007,6.697295038225498,0.0,0.0770585602562729,0,True,-0.017962581703193335
2023-08-31,rev_orth,diag,47,0.0003931096683771369,0.0422234884994013,0.04999999999999999,1.2283237752079157,4.163336342344337e-17,0.07306312749458352,0,True,-0.010823166693178544
2023-09-30,rev_orth,mv,47,0.00033506698580009506,0.039973484985516824,0.05,4.565774848259729,-1.1102230246251565e-16,0.08022905068662431,0,True,0.05573951968514166
2023-09-30,rev_orth,diag,47,0.00033506698580009506,0.025907027356227793,0.05000000000000001,1.606709003802476,-3.469446951953614e-17,0.08121372860570575,0,True,-0.004677823422449162
2023-10-31,rev_orth,mv,47,0.00018812154047861347,0.026268816857318474,0.05000000000000015,5.97774861450323,-1.1796119636642288e-16,0.08443969707428393,0,True,-0.05394869799224157
2023-10-31,rev_orth,diag,47,0.00018812154047861347,0.015099598260930599,0.049999999999999996,1.4539126429301805,-9.86623976961809e-17,0.06335519313072693,0,True,-0.016177523295890294
2023-11-30,rev_orth,mv,46,-0.00030236048694246237,0.03443210590721311,0.04999999999999992,5.635946488552401,8.326672684688674e-17,0.06395481669582319,0,True,0.002199001369275538
2023-11-30,rev_orth,diag,46,-0.00030236048694246237,0.02052602847061179,0.05,1.8045253582469378,-4.163336342344337e-17,0.08735535568938256,0,True,0.009251861395501238
2023-12-31,rev_orth,mv,46,-0.0005641131566298639,0.07346849282123934,0.05000000000000004,5.260431868487546,-5.551115123125783e-17,0.07755791653804894,0,True,0.010712226868470218
2023-12-31,rev_orth,diag,46,-0.0005641131566298639,0.04515868035829832,0.05000000000000002,1.6477209309015792,-7.632783294297951e-17,0.07776454900864936,0,True,-0.007181214216870585
2024-01-31,rev_orth,mv,46,-0.0005356292586209076,0.05240794927306766,0.04999999999999999,4.431078509025457,2.7755575615628914e-17,0.10000001761567193,1,True,0.024427771671048485
2024-01-31,rev_orth,diag,46,-0.0005356292586209076,0.03428231351028852,0.05000000000000002,1.3978045795963419,-2.949029909160572e-17,0.1233376096472497,1,True,0.005297151694590394
2024-02-29,rev_orth,mv,46,-0.0008407397273649976,0.08350375507253444,0.04999999999999993,5.391056821119805,-2.7755575615628914e-17,0.06436202867159989,0,True,0.027555026264787442
2024-02-29,rev_orth,diag,46,-0.0008407397273649976,0.06053221182708959,0.05,1.5918109447858106,-2.7755575615628914e-17,0.05348352882841924,0,True,0.0025124491194555873
2024-03-31,rev_orth,mv,46,-0.0007968294402812699,0.09117283800189124,0.050000000000000024,4.240255884486801,1.3877787807814457e-17,0.08015455589602134,0,True,0.007372945582540966
2024-03-31,rev_orth,diag,46,-0.0007968294402812699,0.0508923788101069,0.05000000000000001,1.3708162296799005,1.1102230246251565e-16,0.05454751019893019,0,True,0.012189136566618266
2024-04-30,rev_orth,mv,46,-0.0011175242517607697,0.14491083256644727,0.05,4.881854642123996,-1.3877787807814457e-17,0.10000000367317427,1,True,-0.014668836353570478
2024-04-30,rev_orth,diag,46,-0.0011175242517607697,0.05735041067924327,0.05000000000000002,2.0033491275401696,-4.85722573273506e-17,0.08906586191731557,0,True,-0.002171718222015245
2024-05-31,rev_orth,mv,45,-0.0008696473832326893,0.10193068084398317,0.050000000000000024,4.455012722447782,0.0,0.07437392904430946,0,True,-0.0198610947691075
2024-05-31,rev_orth,diag,45,-0.0008696473832326893,0.06449017012927959,0.05000000000000001,1.6235727738271541,2.7755575615628914e-17,0.05652267421592155,0,True,-0.02480980307178544
2024-06-30,rev_orth,mv,46,-0.000348598873415684,0.03814910981372248,0.05000000000000006,4.250774688524469,2.690989792109022e-16,0.09484032603433398,0,True,-0.013606691678556956
2024-06-30,rev_orth,diag,46,-0.000348598873415684,0.02533281825833326,0.05,1.1964910765135481,-3.122502256758253e-17,0.10468415508387566,1,True,0.01886808659364794
2024-07-31,rev_orth,mv,46,-0.0007012482308445414,0.09011908830767117,0.049999999999999954,5.304146569374885,2.3592239273284576e-16,0.10000001122078034,1,True,0.01964486912742317
2024-07-31,rev_orth,diag,46,-0.0007012482308445414,0.04062921393905413,0.049999999999999996,1.9139950914654231,-2.7755575615628914e-17,0.10162135663548878,1,True,-0.0033844929238983864
2024-08-31,rev_orth,mv,46,-0.0004859348283662453,0.04284716163167314,0.04999999999999999,3.8247646803778075,8.326672684688674e-17,0.060377840138365266,0,True,0.01752857646641372
2024-08-31,rev_orth,diag,46,-0.0004859348283662453,0.040011953769026,0.05,1.4332111516350583,1.3877787807814457e-17,0.07695429504021205,0,True,0.012229635802933035
2024-09-30,rev_orth,mv,46,-0.0007190388752659354,0.05848531387328429,0.05000000000000002,4.488858473530766,8.326672684688674e-17,0.10000002135143574,1,True,0.02961007235039208
2024-09-30,rev_orth,diag,46,-0.0007190388752659354,0.049794430360989,0.05,1.4417294838183072,6.938893903907228e-17,0.10238256766715767,1,True,0.006147425930232662
2024-10-31,rev_orth,mv,46,-0.0008000209690890073,0.09208078511243639,0.05000000000000006,4.5491294052122,-1.1102230246251565e-16,0.10000000000250218,2,True,-0.01225047369885042
2024-10-31,rev_orth,diag,46,-0.0008000209690890073,0.04912974887458798,0.05,1.699994041455996,-2.0166160408230382e-17,0.10541036530951726,1,True,-0.008392849828012746
2024-11-30,rev_orth,mv,45,-0.0007432542855925717,0.08706284213100672,0.04999999999999996,5.137642092087041,-2.498001805406602e-16,0.053717890690031043,0,True,-0.03398089893858718
2024-11-30,rev_orth,diag,45,-0.0007432542855925717,0.05787735426123805,0.04999999999999999,1.5882210162771095,-5.551115123125783e-17,0.1053027750870313,1,True,-0.035471290397495164
2024-12-31,rev_orth,mv,45,6.302967769237808e-05,0.00789874117349262,0.04999999999999998,4.773680233702992,2.7755575615628914e-17,0.10000000022751149,1,True,0.002532555606902293
2024-12-31,rev_orth,diag,45,6.302967769237808e-05,0.003763385702597589,0.049999999999999996,1.8614865498759592,6.938893903907228e-17,0.06807996845329196,0,True,-0.007847858334545103
2025-01-31,rev_orth,mv,45,0.00012328483929380425,0.011546876081210113,0.05000000000000002,4.335779116506559,1.3877787807814457e-17,0.08763455416325999,0,True,0.010370195467714808
2025-01-31,rev_orth,diag,45,0.00012328483929380425,0.00833641506898871,0.04999999999999998,1.4013728012886193,9.020562075079397e-17,0.11102124904360354,1,True,-0.0063679126877031565
2025-02-28,rev_orth,mv,44,-0.00020334993827143865,0.02181037537021551,0.05000000000000004,4.527760661396998,-1.6653345369377348e-16,0.09999996729827647,1,True,0.05800094620714173
2025-02-28,rev_orth,diag,44,-0.00020334993827143865,0.015602939710562624,0.05000000000000002,1.7663468300427174,4.163336342344337e-17,0.07039881085151169,0,True,0.029773386561473054
2025-03-31,rev_orth,mv,45,-0.0009257794535890356,0.09810216760520804,0.05000000000000002,4.1622296997595924,1.457167719820518e-16,0.07932253978908806,0,True,0.060644020840843714
2025-03-31,rev_orth,diag,45,-0.0009257794535890356,0.05923031021003405,0.05,1.3791502062709364,5.377642775528102e-17,0.07631389894846824,0,True,0.013847210024415935
2025-04-30,rev_orth,mv,44,-0.0012566532288646817,0.1439240256045701,0.05000000000000005,4.037144259491547,5.594483210025203e-17,0.09883445900548818,0,True,-0.005276853232586513
2025-04-30,rev_orth,diag,44,-0.0012566532288646817,0.0761543349315676,0.05,1.439740778502446,4.163336342344337e-17,0.10419369925855793,2,True,-0.000897261675147143
2025-05-31,rev_orth,mv,44,-0.0015907161878145957,0.1582332887854155,0.04999999999999998,3.7751753576517384,3.8163916471489756e-17,0.08191691924041021,0,True,-0.06873668219871114
2025-05-31,rev_orth,diag,44,-0.0015907161878145957,0.11094759219126206,0.049999999999999996,1.591288586736986,1.3877787807814457e-17,0.09907257445974496,0,True,-0.04147170029736522
2025-06-30,rev_orth,mv,45,-0.0008048320872493528,0.0718924566900318,0.04999999999999999,3.6588702188184437,7.632783294297951e-17,0.10000001659890806,1,True,-0.01825132785370394
2025-06-30,rev_orth,diag,45,-0.0008048320872493528,0.06779412287611225,0.05,1.0984348135271018,-2.7755575615628914e-17,0.09252010137452248,0,True,-0.011026832321672805
2025-07-31,rev_orth,mv,46,-0.0003203553619875502,0.03534310220475206,0.05000000000000004,4.892744975842997,1.6653345369377348e-16,0.10000003417566364,1,True,0.02854186025054663
2025-07-31,rev_orth,diag,46,-0.0003203553619875502,0.02260436583698949,0.05,1.557671566810344,-1.8041124150158794e-16,0.08086977285676875,0,True,0.0026644964836369444
2025-08-31,rev_orth,mv,46,-0.0003486978794673011,0.03278529095713771,0.04999999999999999,3.866092315166064,0.0,0.07771725258593737,0,True,0.0067081198743092285
2025-08-31,rev_orth,diag,46,-0.0003486978794673011,0.026058784673398682,0.050000000000000024,1.4012083189285345,1.1102230246251565e-16,0.09630999196686824,0,True,0.019059892642411248
2025-09-30,rev_orth,mv,46,-0.00036125359088220056,0.038310253563770255,0.04999999999999999,4.37233691139354,1.1796119636642288e-16,0.10000001673901532,1,True,0.017745427387690058
2025-09-30,rev_orth,diag,46,-0.00036125359088220056,0.019382901029237783,0.05,1.6419538702951202,3.469446951953614e-17,0.09639451437871299,0,True,0.016792853210592894
2025-10-31,rev_orth,mv,46,-0.00045712355579278043,0.054981931872425414,0.05,4.742243456129621,-6.938893903907228e-17,0.06966121751523324,0,True,0.01642768490566579
2025-10-31,rev_orth,diag,46,-0.00045712355579278043,0.025241926979497648,0.05000000000000001,2.0226878072639694,8.326672684688674e-17,0.09371074297577625,0,True,-0.00796451905523413
2025-11-30,rev_orth,mv,46,-0.00011146071419899537,0.011109913152371548,0.05,3.9401184581563062,5.551115123125783e-17,0.0685778245126983,0,True,-0.027980802962092703
2025-11-30,rev_orth,diag,46,-0.00011146071419899537,0.006292340704239967,0.05,2.0517679728618003,-9.71445146547012e-17,0.05484447079188653,0,True,0.0014148172090687004
2025-12-31,rev_orth,mv,46,-0.00022490482531524778,0.029242237982319463,0.05000000000000002,4.903245273511083,-2.7755575615628914e-16,0.07293579601480744,0,True,-0.023727294639410652
2025-12-31,rev_orth,diag,46,-0.00022490482531524778,0.014184321215773187,0.05000000000000002,1.9248372164370353,4.163336342344337e-17,0.08575370634627162,0,True,0.023263552858819522
1995-01-31,blend,mv,48,0.054087873026348425,4.044794643912614,0.05,4.360979581323836,0.0,0.0684026403591369,0,True,0.03162917595387785
1995-01-31,blend,diag,48,0.054087873026348425,5.3499146257669645,0.05,1.6428490844325858,5.551115123125783e-17,0.05643142640069259,0,True,0.013544732268012154
1995-02-28,blend,mv,48,0.056546260472275886,4.2508937543864524,0.04999999999999999,4.276981260361822,1.1102230246251565e-16,0.07224291052788227,0,True,-0.020652169381092676
1995-02-28,blend,diag,48,0.056546260472275886,5.791137328339939,0.049999999999999996,1.494935792467177,-2.7755575615628914e-17,0.05302931294387847,0,True,0.004051662944304944
1995-03-31,blend,mv,48,0.05925347274848856,4.531545371228131,0.05,3.988128661862075,1.6653345369377348e-16,0.058336369162559874,0,True,0.04882293889206182
1995-03-31,blend,diag,48,0.05925347274848856,5.763163727629374,0.05000000000000002,1.7432499811769868,9.71445146547012e-17,0.04698321034578734,0,True,0.029927018011312093
1995-04-30,blend,mv,48,0.06541203233784565,4.375691763854159,0.05000000000000001,3.938805103292694,-1.1102230246251565e-16,0.07489555909183901,0,True,0.01031284037783406
1995-04-30,blend,diag,48,0.06541203233784565,6.5108090288901606,0.05000000000000002,1.6475495766954646,5.551115123125783e-17,0.05382300647605796,0,True,-0.0026781820267345467
1995-05-31,blend,mv,48,0.06296010882453382,4.207259484902906,0.049999999999999996,4.1956044832858606,-5.551115123125783e-17,0.06561978506508463,0,True,0.023992502084230195
1995-05-31,blend,diag,48,0.06296010882453382,6.216180374482568,0.049999999999999996,1.731933310365731,4.163336342344337e-17,0.056428695466745206,0,True,0.019857100761183626
1995-06-30,blend,mv,47,0.06540769724031366,4.071066254043955,0.05,3.3616364556258627,4.163336342344337e-17,0.06340056278672927,0,True,0.009224480513279051
1995-06-30,blend,diag,47,0.06540769724031366,6.246107237199919,0.05,1.6639168209015218,-4.163336342344337e-17,0.06097143809759583,0,True,-0.0004687232248536011
1995-07-31,blend,mv,47,0.06291426636160682,3.8504679803029966,0.05000000000000002,3.75338541238665,-1.6653345369377348e-16,0.07623785405991142,0,True,-0.01220410056172601
1995-07-31,blend,diag,47,0.06291426636160682,6.288179401882356,0.05000000000000001,1.44302001910568,-2.42861286636753e-17,0.07253234093561552,0,True,-0.002697178514467464
1995-08-31,blend,mv,47,0.0607188099442915,3.7309136439377344,0.04999999999999998,3.6107854037644938,-8.326672684688674e-17,0.0631602989428065,0,True,0.027487891235048897
1995-08-31,blend,diag,47,0.0607188099442915,5.9055101231275,0.04999999999999999,1.4962569674965276,1.734723475976807e-17,0.08334961724108479,0,True,0.014966563083953468
1995-09-30,blend,mv,47,0.06368368264602224,3.7728052365881712,0.049999999999999996,3.429409315783326,-5.551115123125783e-17,0.07518122540712616,0,True,0.025208308084895083
1995-09-30,blend,diag,47,0.06368368264602224,6.149063217014918,0.05,1.5450278290663793,4.163336342344337e-17,0.0717404813314302,0,True,0.033982053788710026
1995-10-31,blend,mv,47,0.06984579762670302,3.9301767889120773,0.05,2.880881636725838,3.0531133177191805e-16,0.08724050250174414,0,True,-0.03052896837373862
1995-10-31,blend,diag,47,0.06984579762670302,7.343107175793502,0.049999999999999996,1.492852759451368,-6.938893903907228e-18,0.057050601231311844,0,True,-0.02122057923071406
1995-11-30,blend,mv,46,0.06470571742834566,3.540617294064699,0.05000000000000001,3.350989688435741,-2.7755575615628914e-17,0.08426194228043456,0,True,-0.009921661274504926
1995-11-30,blend,diag,46,0.06470571742834566,6.982459786155952,0.049999999999999996,1.389566527589564,-1.3877787807814457e-17,0.060658693136029486,0,True,0.0004129663115018077
1995-12-31,blend,mv,47,0.06359632016624431,3.596647640609728,0.04999999999999999,3.4330660973952107,-1.3877787807814457e-17,0.0708910848916163,0,True,0.010989587594239294
1995-12-31,blend,diag,47,0.06359632016624431,6.908124415673787,0.05,1.584008696621145,3.469446951953614e-17,0.05773618442675117,0,True,0.004357233399568624
1996-01-31,blend,mv,47,0.06415850063492506,3.8941390515122873,0.05000000000000002,3.3852472272919156,1.3877787807814457e-17,0.07031113810719443,0,True,0.01609507292619061
1996-01-31,blend,diag,47,0.06415850063492506,6.717449117024836,0.05,1.5786254644971782,1.3877787807814457e-17,0.06545332791640217,0,True,-0.0006983996436440466
1996-02-29,blend,mv,47,0.06329545729369669,3.899706826209906,0.05,3.2068116709023182,-1.3877787807814457e-16,0.08732844815510332,0,True,-0.02150380247268191
1996-02-29,blend,diag,47,0.06329545729369669,6.537927913384485,0.05000000000000002,1.5801602899855434,4.163336342344337e-17,0.060811004124437094,0,True,-0.025755284094751824
1996-03-31,blend,mv,47,0.05725066156733614,3.5889538823793714,0.05,3.4590265859835534,9.71445146547012e-17,0.06164776672751387,0,True,-0.020452072081578457
1996-03-31,blend,diag,47,0.05725066156733614,6.030326499556878,0.05,1.6113150123735271,3.469446951953614e-17,0.05348044965061816,0,True,-0.01198244141196147
1996-04-30,blend,mv,47,0.05259871961861218,3.6232738894901453,0.04999999999999998,3.8761023596822737,6.938893903907228e-17,0.06505670677696192,0,True,-0.0013144602566819278
1996-04-30,blend,diag,47,0.05259871961861218,5.4381141728605,0.05,1.6164169199521363,-5.551115123125783e-17,0.059261639443218814,0,True,-0.00034596980367834534
1996-05-31,blend,mv,47,0.05183816389647722,3.707532658715216,0.04999999999999999,4.295945637712883,-1.249000902703301e-16,0.07140381124080442,0,True,0.0054473134809405474
1996-05-31,blend,diag,47,0.05183816389647722,4.859782662421292,0.05000000000000001,1.8285598695111593,-4.163336342344337e-17,0.07938346832527807,0,True,0.0029976461754222467
1996-06-30,blend,mv,47,0.052029940928661325,4.172971120408214,0.05000000000000002,4.338577326642697,1.1796119636642288e-16,0.07285677951545472,0,True,0.01226191668652917
1996-06-30,blend,diag,47,0.052029940928661325,5.003298585875838,0.050000000000000024,1.8902023601776279,3.469446951953614e-17,0.08677252432470921,0,True,0.008239346579730222
1996-07-31,blend,mv,47,0.053542944650466315,3.551686300988315,0.05000000000000002,4.819655271996647,4.163336342344337e-17,0.07978922619354491,0,True,-0.006948542985616284
1996-07-31,blend,diag,47,0.053542944650466315,6.472307204731691,0.05,1.4306241647009952,7.632783294297951e-17,0.07539603111148756,0,True,-0.002267628069550713
1996-08-31,blend,mv,48,0.05115546511139221,3.2637052270448823,0.05,4.19583119635951,-1.1102230246251565e-16,0.06148702803347665,0,True,-0.017871356834902673
1996-08-31,blend,diag,48,0.05115546511139221,5.9447244658848915,0.05,1.4952999629960557,2.7755575615628914e-17,0.061800465981081666,0,True,0.004790468591981307
1996-09-30,blend,mv,48,0.052480850282085136,3.780273811813246,0.04999999999999998,3.8763426139752655,-2.220446049250313e-16,0.07535874985619026,0,True,0.0037931451286107466
1996-09-30,blend,diag,48,0.052480850282085136,4.828893781109551,0.05000000000000001,1.8883087354222399,-5.551115123125783e-17,0.056822016337872,0,True,0.008315415557987432
1996-10-31,blend,mv,48,0.052193445243034396,3.4557085741568803,0.05000000000000001,3.3480774752375337,-5.551115123125783e-17,0.07660358556271772,0,True,-0.013791339574239347
1996-10-31,blend,diag,48,0.052193445243034396,4.520652735828081,0.05000000000000001,2.0712557958096696,5.551115123125783e-17,0.062021234265924666,0,True,-0.01866072668633658
1996-11-30,blend,mv,48,0.04919516299895652,3.3535898842901255,0.05,3.461452979754384,-1.1102230246251565e-16,0.07357973129781938,0,True,0.008660779934750737
1996-11-30,blend,diag,48,0.04919516299895652,4.4750276325138785,0.05,1.898320785881686,-6.938893903907228e-17,0.06322221160159827,0,True,0.012917336672731072
1996-12-31,blend,mv,48,0.05017713800072689,3.6000176215648625,0.05,3.56343329911051,-1.1102230246251565e-16,0.07274773173418783,0,True,0.027695875378934493
1996-12-31,blend,diag,48,0.05017713800072689,4.3234862072949864,0.05000000000000001,1.9724998048766227,-1.3877787807814457e-17,0.050231165815433694,0,True,0.026531181661659856
1997-01-31,blend,mv,48,0.053419244834382394,3.6552625806277006,0.05,4.045027386662705,0.0,0.06732411394187916,0,True,-0.03662247933214917
1997-01-31,blend,diag,48,0.053419244834382394,4.928050441239843,0.05,1.7209398505462068,4.85722573273506e-17,0.05016110391603665,0,True,-0.01339493459559123
1997-02-28,blend,mv,47,0.05217266354218764,3.529666758795771,0.05000000000000002,3.888054857347714,1.6653345369377348e-16,0.06758045796592453,0,True,0.0038851120966437547
1997-02-28,blend,diag,47,0.05217266354218764,4.883508227873787,0.05,1.6168068561554445,-7.632783294297951e-17,0.061543561011487925,0,True,0.002602998545215949
1997-03-31,blend,mv,48,0.05168567552862347,3.664338749042422,0.05000000000000001,4.376832099604885,0.0,0.06896233824357624,0,True,0.003544668068246104
1997-03-31,blend,diag,48,0.05168567552862347,5.013505782894955,0.049999999999999996,1.8055341686061208,2.0816681711721685e-17,0.05722294582653101,0,True,0.017862373311452396
1997-04-30,blend,mv,48,0.05358839844302485,3.8142999762076157,0.049999999999999996,4.034594765862686,2.220446049250313e-16,0.07670790907428421,0,True,0.003592238197305711
1997-04-30,blend,diag,48,0.05358839844302485,5.237459738194445,0.05,1.7566767707968636,1.3877787807814457e-16,0.054799985451297,0,True,-0.007229544736084647
1997-05-31,blend,mv,48,0.051201770149364334,3.602964560516911,0.049999999999999996,4.065658862874419,-1.6653345369377348e-16,0.05842424923861298,0,True,0.024646231172401004
1997-05-31,blend,diag,48,0.051201770149364334,4.960996068432267,0.049999999999999996,1.7138161937012464,-1.1102230246251565e-16,0.06829206967601012,0,True,0.013590588048955259
1997-06-30,blend,mv,47,0.05227316526826235,3.387016612391485,0.04999999999999999,3.3385608609738067,-1.3877787807814457e-17,0.06561391278318943,0,True,0.04595228143765889
1997-06-30,blend,diag,47,0.05227316526826235,4.919396215488027,0.05,1.8943873950044594,1.734723475976807e-17,0.052322344287234195,0,True,0.05585895640533492
1997-07-31,blend,mv,47,0.05730572471265549,3.9587092915568656,0.05,3.83131724524383,-1.1102230246251565e-16,0.06100651805154011,0,True,-0.02787014479284994
1997-07-31,blend,diag,47,0.05730572471265549,5.701995703950119,0.05,1.712257402173356,-4.85722573273506e-17,0.07218797444959639,0,True,-0.03519921391182782
1997-08-31,blend,mv,46,0.05117386178136091,3.1339373936962787,0.05,3.4041711897862306,-8.326672684688674e-17,0.08908939747918783,0,True,-0.004051436657440487
1997-08-31,blend,diag,46,0.05117386178136091,5.732673953954941,0.05,1.340956885423168,-3.469446951953614e-17,0.06498321657396619,0,True,0.006554661160004208
1997-09-30,blend,mv,46,0.05078185748529528,3.354520199419289,0.05,4.126549458012672,-6.938893903907228e-17,0.09089132456157072,0,True,0.01779534034756022
1997-09-30,blend,diag,46,0.05078185748529528,5.35974012609088,0.05000000000000001,1.5256900209340227,-4.5102810375396984e-17,0.07056353829081069,0,True,0.007557153402903538
1997-10-31,blend,mv,47,0.051853958303103125,3.603583308845247,0.05,3.708015509739035,-3.0531133177191805e-16,0.0933065178094625,0,True,-0.010346535792279402
1997-10-31,blend,diag,47,0.051853958303103125,5.229558080294039,0.04999999999999999,1.6937622592390964,4.163336342344337e-17,0.0938526968253456,0,True,0.004181933516631161
1997-11-30,blend,mv,47,0.05140442252136385,3.7316333124955863,0.05000000000000002,3.6986620503358525,-5.551115123125783e-17,0.08762212930423141,0,True,-0.017245455931017575
1997-11-30,blend,diag,47,0.05140442252136385,4.995213549912653,0.05,1.6045210567510435,-2.7755575615628914e-17,0.08521776227233935,0,True,0.028698924263066274
1997-12-31,blend,mv,47,0.05335614187726634,3.9528831083400693,0.05,4.136157118542407,-2.7755575615628914e-17,0.0758339453936156,0,True,0.02268955141712809
1997-12-31,blend,diag,47,0.05335614187726634,6.048160186488223,0.05,1.4041324519989806,1.3877787807814457e-17,0.08603434791175885,0,True,0.0033532872981440797
1998-01-31,blend,mv,47,0.05364413757987394,3.547711618744407,0.05,3.770205541104552,5.551115123125783e-17,0.08974890166783592,0,True,0.0026299196642573
1998-01-31,blend,diag,47,0.05364413757987394,6.7108642489307995,0.05000000000000001,1.2818811718476857,2.7755575615628914e-17,0.06781245636823478,0,True,-0.005641700595582762
1998-02-28,blend,mv,47,0.051597404288593024,3.200845050581924,0.05,3.5435830611389862,-2.7755575615628914e-17,0.06759135406734218,0,True,0.02665691387162609
1998-02-28,blend,diag,47,0.051597404288593024,5.742367927604871,0.05000000000000002,1.423140355169432,6.245004513516506e-17,0.04798923569771944,0,True,0.003995482621358796
1998-03-31,blend,mv,47,0.05240658707441143,3.792817375357044,0.05000000000000002,3.933698502592293,4.3021142204224816e-16,0.08118684107021555,0,True,-0.030797732370704697
1998-03-31,blend,diag,47,0.05240658707441143,5.624889124505207,0.05,1.5163222703208754,6.245004513516506e-17,0.06016471623231569,0,True,-0.014922216440603611
1998-04-30,blend,mv,47,0.04975844496294114,3.6096911024909195,0.04999999999999999,3.9546759101873996,-5.0306980803327406e-17,0.07504912874332549,0,True,0.024790838220151955
1998-04-30,blend,diag,47,0.04975844496294114,5.483281920741223,0.05,1.5059670174137858,-1.734723475976807e-17,0.06603872786565486,0,True,0.021102812023017177
1998-05-31,blend,mv,47,0.05192621666502311,3.7179381610545135,0.05000000000000002,4.4496937599358555,9.367506770274758e-17,0.05679209237318409,0,True,0.047540470132821935
1998-05-31,blend,diag,47,0.05192621666502311,5.624952651395669,0.05,1.461555232680916,6.938893903907228e-18,0.07504199641685132,0,True,0.0632599705566162
1998-06-30,blend,mv,47,0.05795703629071275,3.8087016015586683,0.05,4.10788706618147,-2.862293735361732e-17,0.06611246994470253,0,True,0.017165142579019212
1998-06-30,blend,diag,47,0.05795703629071275,7.205550755491845,0.05000000000000001,1.2175379673949445,1.734723475976807e-18,0.06672118438031521,0,True,0.022757143953877602
1998-07-31,blend,mv,47,0.06158747404026291,3.572743667549463,0.05,4.3566631452054985,3.469446951953614e-17,0.05863050386531867,0,True,-0.02935028611242696
1998-07-31,blend,diag,47,0.06158747404026291,8.669568585156075,0.05000000000000002,1.1377344186676128,1.3877787807814457e-17,0.05671903018749393,0,True,0.01109224662008706
1998-08-31,blend,mv,47,0.062209865574193876,3.3923747169722573,0.05,3.5401517966660365,4.445228907190568e-17,0.07958569468903616,0,True,-0.015955584672690752
1998-08-31,blend,diag,47,0.062209865574193876,8.728857599739547,0.049999999999999996,1.1552556876266606,1.3010426069826053e-17,0.053501255030181605,0,True,-0.024728271499539652
1998-09-30,blend,mv,48,0.06065602057073767,3.835885288147637,0.04999999999999999,4.118382629395791,2.220446049250313e-16,0.07240647112487565,0,True,-0.06308110831113387
1998-09-30,blend,diag,48,0.06065602057073767,8.280605077925431,0.05000000000000002,1.122724018830176,-1.3877787807814457e-17,0.05434338486373394,0,True,-0.007172635565299576
1998-10-31,blend,mv,48,0.0599160300185618,3.4203915034377346,0.04999999999999998,3.6523824971538548,-5.551115123125783e-17,0.0671753183815897,0,True,0.0380113930961659
1998-10-31,blend,diag,48,0.0599160300185618,7.911776077466827,0.05,1.1715164607725645,-6.245004513516506e-17,0.05105059390248426,0,True,0.008034394035796413
1998-11-30,blend,mv,48,0.06095656526326826,3.4244166500133404,0.049999999999999996,3.217339381494207,-2.7755575615628914e-17,0.06438984912815374,0,True,0.022703972261578255
1998-11-30,blend,diag,48,0.06095656526326826,7.3918160381621965,0.049999999999999996,1.2889248041767014,0.0,0.046803084586475585,0,True,0.04772216853073931
1998-12-31,blend,mv,48,0.06514296589551427,3.962697541221803,0.049999999999999996,3.9207298907159185,-2.220446049250313e-16,0.0518783424333645,0,True,0.05602712458551417
1998-12-31,blend,diag,48,0.06514296589551427,8.241063409211419,0.049999999999999996,1.1170744162979065,2.7755575615628914e-17,0.05861030330412675,0,True,0.03804029936152563
1999-01-31,blend,mv,47,0.06751698589174555,3.908516104951945,0.05000000000000002,3.643684626123604,-9.540979117872439e-17,0.05885674142143735,0,True,-0.023200364730695547
1999-01-31,blend,diag,47,0.06751698589174555,8.991255302816132,0.05,1.013045552110615,-4.7271214720367993e-17,0.0675300168423287,0,True,-0.0030832890647829662
1999-02-28,blend,mv,47,0.0665517238446351,4.005722802098304,0.04999999999999996,4.048297364094112,-1.3877787807814457e-17,0.060864864913562244,0,True,-0.033486164686707426
1999-02-28,blend,diag,47,0.0665517238446351,8.957653058008077,0.05,0.9060392683268558,3.0791341698588326e-17,0.060345637574066587,0,True,0.016444484367912456
1999-03-31,blend,mv,47,0.06941887199469776,4.179404777409723,0.04999999999999999,3.940101074462773,2.0816681711721685e-17,0.06030026167802384,0,True,-0.011205406653546758
1999-03-31,blend,diag,47,0.06941887199469776,8.954257648219937,0.05,0.9837340973350044,2.42861286636753e-17,0.0706404603733289,0,True,-0.06373572060021353
1999-04-30,blend,mv,47,0.06352120633122076,3.924878451172217,0.05000000000000003,3.6955836175589036,-7.979727989493313e-17,0.08340676831851485,0,True,0.03118168838703803
1999-04-30,blend,diag,47,0.06352120633122076,9.388704194129,0.04999999999999999,0.861514930391597,3.2959746043559335e-17,0.05958409580126916,0,True,-0.006517207744791815
1999-05-31,blend,mv,47,0.06180804041305594,4.222501667249508,0.05,3.7103083105134447,1.6653345369377348e-16,0.05793526664039421,0,True,0.055733966966322365
1999-05-31,blend,diag,47,0.06180804041305594,7.533485606821781,0.05,0.9705894544686533,3.469446951953614e-18,0.057537972243030415,0,True,0.024265760629739536
1999-06-30,blend,mv,47,0.06450769525813747,4.348753743012394,0.04999999999999999,3.2114846654795937,-1.0733601507606494e-16,0.06591957163492936,0,True,0.00783941345401807
1999-06-30,blend,diag,47,0.06450769525813747,7.3105829192461425,0.049999999999999996,1.056563141768953,-9.150666335777657e-17,0.06044245641365335,0,True,0.012659157431878497
1999-07-31,blend,mv,47,0.06646346380761207,4.370775067090646,0.05000000000000004,3.4538752506285118,-4.163336342344337e-17,0.0700884392537294,0,True,0.005159520434184568
1999-07-31,blend,diag,47,0.06646346380761207,7.760340047461882,0.05000000000000001,1.0685770985837062,3.469446951953614e-18,0.048489155744387884,0,True,0.0161811287064748
1999-08-31,blend,mv,47,0.0678472710362166,3.8866761476126443,0.05000000000000002,2.956352798072231,1.1102230246251565e-16,0.04996787615262033,0,True,0.02475211761960149
1999-08-31,blend,diag,47,0.0678472710362166,8.183352292490019,0.050000000000000024,0.9811520736371109,-1.734723475976807e-17,0.06083480678617359,0,True,0.02670526773506655
1999-09-30,blend,mv,47,0.07170643089717249,4.40709609003596,0.05,3.5520974451791707,2.7755575615628914e-17,0.07461129481833809,0,True,0.05942079174357862
1999-09-30,blend,diag,47,0.07170643089717249,8.409301562231562,0.05000000000000001,0.9978528841407796,-2.0816681711721685e-17,0.06391040052583499,0,True,0.022730991106188106
1999-10-31,blend,mv,47,0.07263735899329718,4.26674954635307,0.05000000000000001,3.8689189567580087,5.551115123125783e-17,0.07400205544352091,0,True,0.012044651095357116
1999-10-31,blend,diag,47,0.07263735899329718,9.104739787686643,0.05,0.9246446809170643,-2.42861286636753e-17,0.057760958023992774,0,True,0.021476920393303837
1999-11-30,blend,mv,46,0.07433354848880275,4.374593966417792,0.04999999999999998,3.7277963719209897,-1.3877787807814457e-16,0.07233714787128587,0,True,0.02190619668194804
1999-11-30,blend,diag,46,0.07433354848880275,8.858200020458469,0.05,0.9142244027891306,-2.0816681711721685e-17,0.058060878536654814,0,True,0.04977138008165353
1999-12-31,blend,mv,47,0.07789788046238985,4.592649330961526,0.05000000000000001,3.801693169171656,0.0,0.08980060376584438,0,True,0.002703141485043762
1999-12-31,blend,diag,47,0.07789788046238985,9.849170319694245,0.05,0.8871447875005511,-6.245004513516506e-17,0.06054431398877747,0,True,0.0011238342961240756
2000-01-31,blend,mv,47,0.07735087453593407,4.649684416595801,0.04999999999999998,4.070505264639727,-1.5265566588595902e-16,0.0871986394173005,0,True,0.05527906948296353
2000-01-31,blend,diag,47,0.07735087453593407,10.285541107711273,0.05,0.9107180783126702,-3.469446951953614e-17,0.0570071837871537,0,True,0.05777343662094766
2000-02-29,blend,mv,47,0.08006307631288269,4.7314612436488686,0.04999999999999998,3.408589118095523,-9.71445146547012e-17,0.1000000001266699,1,True,0.090939682043801
2000-02-29,blend,diag,47,0.08006307631288269,11.535475227267256,0.049999999999999996,0.7175716735825657,-1.9081958235744878e-17,0.06282356495006984,0,True,-0.015775917171282936
2000-03-31,blend,mv,47,0.07814338154411798,4.562479438535544,0.04999999999999999,3.765969701880594,1.1102230246251565e-16,0.100000000002084,2,True,-0.04953804162423422
2000-03-31,blend,diag,47,0.07814338154411798,12.2597539548614,0.05,0.6125577243483139,-3.642919299551295e-17,0.08787343874617454,0,True,-0.021100639321997947
2000-04-30,blend,mv,45,0.07403378827448147,4.284617551163965,0.05000000000000002,3.501271224686624,1.3877787807814457e-16,0.09210129592232545,0,True,-0.044594805585261695
2000-04-30,blend,diag,45,0.07403378827448147,10.700283798628282,0.05,0.6512618438644966,2.42861286636753e-17,0.07613782880122749,0,True,-0.019702536973241876
2000-05-31,blend,mv,45,0.07106201253709005,4.627611083813418,0.04999999999999999,4.397746743423243,-4.163336342344337e-17,0.07598248892933718,0,True,0.026161822777707545
2000-05-31,blend,diag,45,0.07106201253709005,10.046480607934951,0.04999999999999999,0.6914335291148525,-1.9081958235744878e-17,0.06837552601951738,0,True,0.03297179713619858
2000-06-30,blend,mv,45,0.0732118300072808,5.046178912300183,0.04999999999999998,4.103560259767242,1.3877787807814457e-17,0.07956442421176847,0,True,-0.00603808432462884
2000-06-30,blend,diag,45,0.0732118300072808,9.635877242462863,0.04999999999999998,0.7817922171643369,5.551115123125783e-17,0.06152676049070645,0,True,-0.02271683298601621
2000-07-31,blend,mv,45,0.06993718104377906,4.065243269153214,0.05000000000000004,3.615576005931649,3.469446951953614e-17,0.09315313258355672,0,True,0.051684949498166044
2000-07-31,blend,diag,45,0.06993718104377906,10.351583313019649,0.05000000000000001,0.7030069571431753,2.5153490401663703e-17,0.060195680798477154,0,True,0.02786691128643062
2000-08-31,blend,mv,45,0.07293032037534641,4.778276436692709,0.05000000000000001,3.380147362234347,4.85722573273506e-17,0.09085081860377295,0,True,0.015049477949954529
2000-08-31,blend,diag,45,0.07293032037534641,9.263713761182709,0.05,0.8340327068996822,-4.163336342344337e-17,0.0539553818456419,0,True,-0.016751876784605782
2000-09-30,blend,mv,45,0.07171723044240744,4.6662075936277585,0.05,3.599759145052571,6.938893903907228e-17,0.07617280690003356,0,True,0.007026493879322449
2000-09-30,blend,diag,45,0.07171723044240744,9.152812888676056,0.049999999999999996,0.8196998320388217,-2.0816681711721685e-17,0.0565590243295096,0,True,-0.028081344656546946
2000-10-31,blend,mv,45,0.06790526469896914,4.659188666304817,0.05000000000000001,3.5366183074232342,3.469446951953614e-18,0.07160086830982744,0,True,-0.012294056872388034
2000-10-31,blend,diag,45,0.06790526469896914,7.817572422138778,0.05000000000000001,0.9281274992621735,5.204170427930421e-17,0.06655473616383702,0,True,-0.027872328306841797
2000-11-30,blend,mv,45,0.06503663470557737,4.69231279002712,0.050000000000000024,3.3117962623148562,-4.163336342344337e-17,0.08923373019173257,0,True,-0.009409300658211642
2000-11-30,blend,diag,45,0.06503663470557737,5.774176680231241,0.05,1.165922403538229,0.0,0.06278970774413263,0,True,-0.0035894874941984995
2000-12-31,blend,mv,45,0.0643722127990759,4.420046296672063,0.050000000000000024,3.6548236339434648,-1.249000902703301e-16,0.07196700854321546,0,True,-0.048963056447873264
2000-12-31,blend,diag,45,0.0643722127990759,8.300276422103694,0.05,0.819690760413671,2.0816681711721685e-17,0.05466535556005034,0,True,-0.05451176049474915
2001-01-31,blend,mv,45,0.0587312327464299,3.8045315374660063,0.050000000000000024,3.4758632273179133,1.3877787807814457e-17,0.07415581443461071,0,True,-0.009312938093953312
2001-01-31,blend,diag,45,0.0587312327464299,9.086145058036857,0.05,0.6239319854172264,-4.7704895589362195e-18,0.05922463619888339,0,True,0.026104411939607757
2001-02-28,blend,mv,44,0.06143981244018464,4.015548023035979,0.04999999999999999,3.2829594430150513,-9.71445146547012e-17,0.06588076391586785,0,True,0.015775607253872757
2001-02-28,blend,diag,44,0.06143981244018464,9.810255543143697,0.05,0.5695546894434963,-2.097931203759451e-17,0.06458113486759219,0,True,0.012476578531270816
2001-03-31,blend,mv,45,0.06327278425825958,4.210499639002633,0.04999999999999997,4.155529832425052,-6.938893903907228e-17,0.09265165885852004,0,True,0.05523406910828892
2001-03-31,blend,diag,45,0.06327278425825958,11.797659071410136,0.05,0.4712545163400468,9.540979117872439e-18,0.05620747351593864,0,True,-0.013176459008896024
2001-04-30,blend,mv,45,0.059652185213420986,3.5731536781957285,0.05,3.650789837113614,-1.5265566588595902e-16,0.09864730849719033,0,True,0.0058227536899578105
2001-04-30,blend,diag,45,0.059652185213420986,11.206829390922714,0.05,0.49236853661178315,8.023096076392733e-18,0.05094700949236434,0,True,0.006102593853588902
2001-05-31,blend,mv,45,0.06060859061742601,4.162408414525746,0.05000000000000002,3.0347863812974443,-1.249000902703301e-16,0.04817591546403407,0,True,-0.022747066633082548
2001-05-31,blend,diag,45,0.06060859061742601,9.717039165023559,0.049999999999999996,0.5424584331143782,-6.418476861114186e-17,0.07455474671546179,0,True,0.007148450921974871
2001-06-30,blend,mv,45,0.061019216197774465,3.916940681468078,0.04999999999999999,3.502261735069323,-2.7755575615628914e-17,0.09761956888530532,0,True,0.022344808486030647
2001-06-30,blend,diag,45,0.061019216197774465,10.764575144471529,0.05,0.5324304579666331,9.540979117872439e-18,0.05091968826555057,0,True,0.01190690393460352
2001-07-31,blend,mv,45,0.06380985957187103,3.8783983138060982,0.05,2.921156878535673,8.326672684688674e-17,0.09999999999325268,1,True,-0.01913150650122831
2001-07-31,blend,diag,45,0.06380985957187103,10.741247549465086,0.05,0.5253844230599364,-9.540979117872439e-18,0.07013279572331038,0,True,0.008814651477512548
2001-08-31,blend,mv,44,0.06557407074136228,3.6199340350160445,0.050000000000000024,3.3589395724314888,9.71445146547012e-17,0.08546548061612888,0,True,0.053618557362802174
2001-08-31,blend,diag,44,0.06557407074136228,11.843249410966791,0.049999999999999996,0.49221194384132433,1.0408340855860843e-17,0.05343042161632723,0,True,0.01645416385847
2001-09-30,blend,mv,43,0.0676467989288799,3.310840103498588,0.05,3.1900579038837606,-9.71445146547012e-17,0.08473763932244859,0,True,-0.023224559597248323
2001-09-30,blend,diag,43,0.0676467989288799,11.574609643152161,0.05000000000000001,0.518918267038009,-6.591949208711867e-17,0.05709233881445625,0,True,-0.009788765243106252
2001-10-31,blend,mv,43,0.0658325111311241,3.8882089297844513,0.05000000000000002,3.5160914633517857,-8.326672684688674e-17,0.05265385488543025,0,True,-0.021200119309152176
2001-10-31,blend,diag,43,0.0658325111311241,9.583817122008998,0.05,0.5214476058339416,1.9081958235744878e-17,0.0638114898753704,0,True,-0.024138707914859045
2001-11-30,blend,mv,43,0.06089065822860294,4.09289332746526,0.05000000000000003,3.453810750139373,4.163336342344337e-17,0.05571724828159288,0,True,0.02855224829756735
2001-11-30,blend,diag,43,0.06089065822860294,7.835616512767781,0.05,0.6125096697473649,-2.42861286636753e-17,0.0815920633411995,0,True,0.011725869489604869
2001-12-31,blend,mv,42,0.06257690228181209,4.173741029432407,0.04999999999999999,3.0319426147745836,-1.6653345369377348e-16,0.05472188405749396,0,True,0.0448790225433977
2001-12-31,blend,diag,42,0.06257690228181209,6.902052131326896,0.05,0.7369162173582946,3.469446951953614e-18,0.08581992011767987,0,True,0.01635622345922069
2002-01-31,blend,mv,43,0.06504472318757168,4.05943701612791,0.05,3.2960019160997205,-9.020562075079397e-17,0.054083908638028706,0,True,-0.005671742129023438
2002-01-31,blend,diag,43,0.06504472318757168,9.639537744708107,0.05000000000000002,0.5853483444480388,-3.469446951953614e-18,0.06307652474776526,0,True,0.016922626903135854
2002-02-28,blend,mv,43,0.06676758412452365,5.001867049706321,0.049999999999999975,3.38115180563147,4.163336342344337e-17,0.053565872653030464,0,True,0.04868967980664215
2002-02-28,blend,diag,43,0.06676758412452365,7.4428137092333255,0.05000000000000001,0.8685239187183552,-3.469446951953614e-17,0.05716279164790183,0,True,0.0011325730157186284
2002-03-31,blend,mv,43,0.06643025386582538,4.939220170633434,0.04999999999999998,3.1946062886863067,1.0408340855860843e-17,0.05877130633590516,0,True,0.03411813486612388
2002-03-31,blend,diag,43,0.06643025386582538,6.940626346783554,0.049999999999999996,0.7829776904084714,6.938893903907228e-18,0.07120170618089744,0,True,0.03542764289235404
2002-04-30,blend,mv,42,0.07062683921100595,4.949512083725192,0.049999999999999975,3.33456918811412,-1.5612511283791264e-16,0.061920424459586995,0,True,-0.012968853213693813
2002-04-30,blend,diag,42,0.07062683921100595,8.36780585652398,0.05,0.6703182829835359,2.7755575615628914e-17,0.07649659585179583,0,True,0.005881967546358843
2002-05-31,blend,mv,42,0.07123920953873918,4.580307673394736,0.049999999999999996,3.1462112973941596,3.8163916471489756e-17,0.05977679742763619,0,True,-0.01700250539581646
2002-05-31,blend,diag,42,0.07123920953873918,9.049208307183259,0.05,0.6914780349328481,-1.3877787807814457e-17,0.06537542090488437,0,True,0.012488810473703349
2002-06-30,blend,mv,42,0.07339007609323903,4.689185872846044,0.05000000000000004,3.1798335359550562,-1.457167719820518e-16,0.05449546838330445,0,True,-0.010974501707713606
2002-06-30,blend,diag,42,0.07339007609323903,9.12249815482074,0.05,0.630855034040648,-4.163336342344337e-17,0.06211216197014805,0,True,-0.010761205015487442
2002-07-31,blend,mv,42,0.07195274960480391,4.499612190327531,0.04999999999999998,3.1966485835596896,4.5102810375396984e-17,0.06441804899750316,0,True,0.05890766540707104
2002-07-31,blend,diag,42,0.07195274960480391,9.482484172869142,0.05000000000000002,0.629450739004432,-1.0408340855860843e-17,0.067560530287856,0,True,0.013027719701982672
2002-08-31,blend,mv,42,0.07348223516321539,5.0799848125439935,0.04999999999999999,3.1499904950919944,3.9898639947466563e-17,0.055982304720242515,0,True,0.07910849862565411
2002-08-31,blend,diag,42,0.07348223516321539,10.072868611567536,0.04999999999999999,0.616330671944729,-2.42861286636753e-17,0.06951361351556806,0,True,0.016595319494117387
2002-09-30,blend,mv,42,0.07649857976968909,5.426394144867042,0.050000000000000024,2.382755003388446,-2.2551405187698492e-17,0.09428118489354137,0,True,-0.012121680393296235
2002-09-30,blend,diag,42,0.07649857976968909,8.995566859181668,0.049999999999999996,0.7955315077286019,1.0408340855860843e-17,0.07429902741995655,0,True,-0.022764723057317877
2002-10-31,blend,mv,42,0.07366449224965758,4.931117684413689,0.05000000000000004,2.5256473892924785,4.683753385137379e-17,0.06602439792569748,0,True,-0.04053853150538554
2002-10-31,blend,diag,42,0.07366449224965758,9.716033485177773,0.04999999999999999,0.6157115625464729,-3.469446951953614e-17,0.05878174960964585,0,True,-0.026733468804667336
2002-11-30,blend,mv,42,0.06978338771748732,4.536542114869949,0.04999999999999998,2.392603306716412,-6.591949208711867e-17,0.07514875798053684,0,True,0.024403666174884625
2002-11-30,blend,diag,42,0.06978338771748732,8.82835617112665,0.04999999999999999,0.6196957034032566,4.163336342344337e-17,0.05082496436139037,0,True,0.02059660368042519
2002-12-31,blend,mv,43,0.07256551349920026,5.820900645790941,0.04999999999999995,2.8490674293149993,-6.938893903907228e-17,0.07209284071565204,0,True,-0.0045280750733145
2002-12-31,blend,diag,43,0.07256551349920026,7.9997402415794365,0.05,0.7879373767350862,-1.3877787807814457e-17,0.06403502226171406,0,True,-0.004496837096015038
2003-01-31,blend,mv,43,0.07138594807393589,5.339405921321352,0.04999999999999998,2.906085563598461,-7.632783294297951e-17,0.08497111583824839,0,True,0.015210071604431035
2003-01-31,blend,diag,43,0.07138594807393589,9.206989104991807,0.049999999999999996,0.6298009588177277,0.0,0.05187759240101363,0,True,-0.0050845712043679474
2003-02-28,blend,mv,42,0.06960625044782937,6.147584494215986,0.049999999999999996,2.8351619289273513,1.7954387976359953e-16,0.08638947462983916,0,True,-0.027203358597372128
2003-02-28,blend,diag,42,0.06960625044782937,7.829893250394178,0.05,0.7606832954692899,6.938893903907228e-18,0.053209464017993334,0,True,-0.0035642872660369947
2003-03-31,blend,mv,42,0.06956779728778163,6.454783895258679,0.04999999999999999,3.064756975241391,-3.469446951953614e-17,0.09157150568991287,0,True,0.004487926047255069
2003-03-31,blend,diag,42,0.06956779728778163,7.930566085676403,0.05,0.8442599827688388,3.469446951953614e-17,0.05684818804906535,0,True,-0.016639644380690967
2003-04-30,blend,mv,41,0.06608626123786644,6.420074424634712,0.05,3.042341849015327,-7.632783294297951e-17,0.09390593727244725,0,True,-0.02925722811983792
2003-04-30,blend,diag,41,0.06608626123786644,6.249915141143044,0.05,1.02932621521515,-3.122502256758253e-17,0.06331248657628083,0,True,-0.020523056682654153
2003-05-31,blend,mv,42,0.06326468551976391,6.3858971538278535,0.04999999999999998,2.9982749695833557,-2.42861286636753e-17,0.10000000010080322,1,True,0.014969037627907337
2003-05-31,blend,diag,42,0.06326468551976391,4.928297515119483,0.05000000000000001,1.3179079081821783,1.0408340855860843e-17,0.060216660242394825,0,True,-0.006113441514630615
2003-06-30,blend,mv,42,0.062069385268891324,6.2926035920414165,0.05,3.167334584692919,9.71445146547012e-17,0.07980419326124616,0,True,0.020440562112706024
2003-06-30,blend,diag,42,0.062069385268891324,5.049380443104026,0.049999999999999996,1.1452897532424433,-4.85722573273506e-17,0.05916516890439054,0,True,-0.008789221386994249
2003-07-31,blend,mv,43,0.0611535390213618,5.976723701427736,0.05000000000000001,2.9450154460626052,0.0,0.08027570101318435,0,True,-0.02616229368816232
2003-07-31,blend,diag,43,0.0611535390213618,5.919403553081583,0.04999999999999999,0.9039318365510266,3.8163916471489756e-17,0.07917343224764647,0,True,-0.001598103090923283
2003-08-31,blend,mv,43,0.06016549238152516,4.93308779093661,0.05000000000000001,2.939025950732568,7.632783294297951e-17,0.06640591840509419,0,True,0.011219936754468458
2003-08-31,blend,diag,43,0.06016549238152516,7.435298580390386,0.05,0.7762070323219095,-3.122502256758253e-17,0.06410353397524358,0,True,0.003660684646576906
2003-09-30,blend,mv,42,0.06012460637953332,3.8602026713745667,0.05,2.668200639390596,1.0408340855860843e-17,0.07988934223218497,0,True,0.021497387386502982
2003-09-30,blend,diag,42,0.06012460637953332,9.569558880648628,0.05000000000000001,0.5303926184182729,1.6750923564901044e-17,0.055904522380220666,0,True,0.017467693088913678
2003-10-31,blend,mv,42,0.06318798499545593,4.37409579043019,0.04999999999999998,2.5974101098388194,-8.500145032286355e-17,0.06059456798352825,0,True,0.010696134703903364
2003-10-31,blend,diag,42,0.06318798499545593,7.301082986386567,0.05,0.8047382318924718,2.6020852139652106e-18,0.08412714600713128,0,True,0.012352655072539525
2003-11-30,blend,mv,41,0.06518504889020733,4.582667024266519,0.049999999999999996,2.476253972795894,-5.898059818321144e-17,0.06650655674781662,0,True,-0.04398130058444219
2003-11-30,blend,diag,41,0.06518504889020733,6.032867817654822,0.05000000000000001,0.8878124428835547,-2.0816681711721685e-17,0.10898806733234127,1,True,-0.017804993859215502
2003-12-31,blend,mv,41,0.06206568255601531,4.19295018912458,0.05000000000000002,2.599478334107225,-1.214306433183765e-16,0.09955129228441459,0,True,-0.011247667941012283
2003-12-31,blend,diag,41,0.06206568255601531,7.553804345404172,0.05,0.7528153451804901,1.734723475976807e-18,0.09408359562189014,0,True,-0.006905742498603446
2004-01-31,blend,mv,41,0.060998800602238334,3.7509774901633945,0.05,2.866856740315741,1.0408340855860843e-17,0.07530727079512901,0,True,0.036040105966264856
2004-01-31,blend,diag,41,0.060998800602238334,8.187402003282688,0.05,0.6977383680324465,5.0306980803327406e-17,0.07776346789339923,0,True,0.0018905799979219836
2004-02-29,blend,mv,43,0.06026931099640812,3.774269232988855,0.04999999999999999,2.883104291833042,-6.245004513516506e-17,0.08848334043334814,0,True,0.011858158845092786
2004-02-29,blend,diag,43,0.06026931099640812,8.00834175621443,0.05,0.763217894334548,-1.5178830414797062e-17,0.07910011233607801,0,True,0.00012884775515614253
2004-03-31,blend,mv,42,0.06007556876692511,3.8268436142232067,0.05,2.8418534421378787,-1.249000902703301e-16,0.08666411539647513,0,True,-0.020452350053307405
2004-03-31,blend,diag,42,0.06007556876692511,7.492178014100399,0.049999999999999996,0.7519712481765254,-2.7755575615628914e-17,0.09538288490347945,0,True,-0.02979263179805708
2004-04-30,blend,mv,42,0.05640375143644565,3.640439880217362,0.05000000000000002,2.9120288153080924,-1.942890293094024e-16,0.08158055776865877,0,True,0.00016510428701765997
2004-04-30,blend,diag,42,0.05640375143644565,6.2156561480830534,0.05000000000000002,0.8433803254632655,5.551115123125783e-17,0.08881779346494927,0,True,0.00666591465475716
2004-05-31,blend,mv,43,0.05720412818379887,4.712487023298823,0.05,3.1336605141300997,-1.3877787807814457e-17,0.062426781720518104,0,True,-0.010505347247772667
2004-05-31,blend,diag,43,0.05720412818379887,4.536304699825647,0.049999999999999996,1.405212709615211,-6.938893903907228e-18,0.06414587356600382,0,True,0.006811801300332388
2004-06-30,blend,mv,43,0.05754385603365902,5.159595142183098,0.049999999999999996,2.8977016714101875,9.020562075079397e-17,0.07159381403338301,0,True,-0.017343027047723412
2004-06-30,blend,diag,43,0.05754385603365902,4.817356272823498,0.05,1.2486101639792442,2.7755575615628914e-17,0.06066541268294476,0,True,-0.011059566286286964
2004-07-31,blend,mv,42,0.056620357211050625,4.97428784696075,0.05000000000000001,2.767517478676181,-2.0122792321330962e-16,0.09298412539349481,0,True,-0.020783772772785855
2004-07-31,blend,diag,42,0.056620357211050625,4.368836736947775,0.05000000000000002,1.3309269184910035,3.642919299551295e-17,0.055665711837557114,0,True,-0.004222428455688896
2004-08-31,blend,mv,43,0.05523360323303566,4.73746381938095,0.05,2.8254875694217785,2.0816681711721685e-17,0.09999999991691702,1,True,0.03397049909737496
2004-08-31,blend,diag,43,0.05523360323303566,5.039810291396932,0.050000000000000024,1.2136948131931402,1.0473392986209973e-16,0.0628793082442024,0,True,0.017617386188568333
2004-09-30,blend,mv,43,0.05619870522891521,4.661819391696859,0.05000000000000003,3.041349334605941,4.163336342344337e-17,0.09999999985634465,1,True,-0.045407315893194015
2004-09-30,blend,diag,43,0.05619870522891521,5.8215084120230465,0.05000000000000002,1.056123402524663,4.163336342344337e-17,0.0686108060485215,0,True,-0.016536452536219992
2004-10-31,blend,mv,43,0.05362097011229198,4.024191386177297,0.04999999999999999,2.614075089435813,-4.5102810375396984e-17,0.10000000000991592,1,True,0.016478106525608438
2004-10-31,blend,diag,43,0.05362097011229198,5.542148110400411,0.05,1.0366585807708646,2.42861286636753e-17,0.09493206013745326,0,True,0.014619831406870946
2004-11-30,blend,mv,43,0.0554416091478005,4.299272612179305,0.05,2.700225051299147,-2.2551405187698492e-17,0.09065793791476921,0,True,-0.011033351590314919
2004-11-30,blend,diag,43,0.0554416091478005,5.075098872980696,0.05,1.1373128507685752,5.0306980803327406e-17,0.09871538659796007,0,True,-0.0014869249779665902
2004-12-31,blend,mv,42,0.0548361609097547,4.3276268681180445,0.05,2.6189255806597482,7.19910242530375e-17,0.10000000000966726,1,True,0.038191366450617124
2004-12-31,blend,diag,42,0.0548361609097547,5.385643681880847,0.05,1.08358763591109,-1.3010426069826053e-18,0.08271897984020886,0,True,0.02216901007413969
2005-01-31,blend,mv,42,0.057138109039465666,3.893660855066343,0.05000000000000001,2.7078909148009918,4.85722573273506e-17,0.07184173170893425,0,True,0.026355875112503948
2005-01-31,blend,diag,42,0.057138109039465666,6.157640374208333,0.05,1.049629620683248,-6.071532165918825e-17,0.0874027928061862,0,True,0.02792749269066436
2005-02-28,blend,mv,43,0.05886932070099663,4.290955496589353,0.05,2.8355774702662044,-4.85722573273506e-17,0.0748756387776944,0,True,-0.010135360079968687
2005-02-28,blend,diag,43,0.05886932070099663,5.682316861394258,0.049999999999999996,1.0184568378108645,5.129631528572043e-17,0.09837140860645299,0,True,-0.002467568859619257
2005-03-31,blend,mv,43,0.058420973624457785,3.710660653877556,0.04999999999999999,2.5933964543484342,3.122502256758253e-17,0.08945637243027149,0,True,0.00768845530220428
2005-03-31,blend,diag,43,0.058420973624457785,5.930715510217329,0.05000000000000001,0.9885991780335411,-2.168404344971009e-18,0.08791555841475326,0,True,-0.005119539197157302
2005-04-30,blend,mv,43,0.0576837532559473,3.648906101331537,0.05,2.9063388200335587,2.0816681711721685e-17,0.0685853514418762,0,True,0.002094056281467767
2005-04-30,blend,diag,43,0.0576837532559473,6.035484618687393,0.05000000000000001,1.021884877756674,1.734723475976807e-18,0.08316858452929288,0,True,0.006314711734259364
2005-05-31,blend,mv,43,0.057608681651570806,3.9292996954225687,0.05000000000000001,3.0530156247286846,-6.245004513516506e-17,0.06295752240605532,0,True,-0.004663425814325661
2005-05-31,blend,diag,43,0.057608681651570806,5.729229810174372,0.049999999999999996,1.0399190420557014,-4.85722573273506e-17,0.10220737392710719,1,True,0.015069622669164732
2005-06-30,blend,mv,43,0.058367426302981175,4.07978067941604,0.04999999999999999,3.198279339038395,5.204170427930421e-17,0.06373095069162364,0,True,-0.016482414637475948
2005-06-30,blend,diag,43,0.058367426302981175,5.688794586889072,0.05,1.0234914373056814,5.767955557622884e-17,0.12246294332221194,1,True,-0.00023200334534855706
2005-07-31,blend,mv,44,0.05779664964253193,4.019474722629705,0.050000000000000024,3.11658812220406,-6.938893903907228e-18,0.08096237713605348,0,True,-0.010257734186951169
2005-07-31,blend,diag,44,0.05779664964253193,5.458935759412917,0.05,0.9831185911279444,2.0816681711721685e-17,0.12851667552789306,1,True,0.002400371032630875
2005-08-31,blend,mv,43,0.05728858941179699,3.727474796633026,0.05000000000000002,2.7183890962106774,2.2898349882893854e-16,0.08136083389062243,0,True,-0.017178559182877043
2005-08-31,blend,diag,43,0.05728858941179699,4.939523232742388,0.05000000000000001,1.0252402221403711,-6.591949208711867e-17,0.10381326589855168,1,True,0.01278074314717098
2005-09-30,blend,mv,42,0.058409050946632096,3.709317537033875,0.05,2.4613971072728753,-1.3357370765021415e-16,0.0704813462479754,0,True,-0.01517590034381161
2005-09-30,blend,diag,42,0.058409050946632096,4.810509960334877,0.05000000000000001,1.1045532567214316,3.122502256758253e-17,0.08649791179851396,0,True,-0.02610946899416332
2005-10-31,blend,mv,43,0.056566427121745734,3.379478024040885,0.049999999999999996,2.5262978418044684,9.107298248878237e-17,0.06193309414740691,0,True,-0.009113477581728674
2005-10-31,blend,diag,43,0.056566427121745734,5.347206296620099,0.05000000000000001,1.0388743130427867,-6.245004513516506e-17,0.07174956545539157,0,True,-0.0013650587475311636
2005-11-30,blend,mv,43,0.05622777385321978,3.8479268406331446,0.04999999999999998,2.3835458848351174,6.505213034913027e-17,0.07220478017943187,0,True,-0.0021967299055386754
2005-11-30,blend,diag,43,0.05622777385321978,4.871963834172422,0.05000000000000001,1.1168084390958513,8.500145032286355e-17,0.0693166900288206,0,True,0.0036935444103732215
2005-12-31,blend,mv,44,0.057076649551980524,3.639194318759925,0.05,2.236708187411946,-3.469446951953614e-18,0.0831008558676369,0,True,0.019002719250983135
2005-12-31,blend,diag,44,0.057076649551980524,5.382495568574478,0.04999999999999999,1.094808565556832,4.85722573273506e-17,0.07635768201378047,0,True,0.03818049032656396
2006-01-31,blend,mv,45,0.058815064872517316,4.072815601098503,0.05000000000000002,2.3422679201838172,5.551115123125783e-17,0.08022783303321397,0,True,-0.008800525111365679
2006-01-31,blend,diag,45,0.058815064872517316,6.219605882184392,0.05,1.0099922480119847,2.0816681711721685e-17,0.07448619135632364,0,True,-0.01806693766863163
2006-02-28,blend,mv,43,0.05737575193527209,3.5178205857495213,0.05,2.34351665475185,-5.551115123125783e-17,0.06429383888865922,0,True,0.0016150231110091077
2006-02-28,blend,diag,43,0.05737575193527209,6.658547709784852,0.049999999999999996,0.9318364783373062,1.3877787807814457e-17,0.07895927736128361,0,True,0.012696006016849625
2006-03-31,blend,mv,45,0.05851072048020715,4.0129755931249935,0.05000000000000002,2.3077820185327544,-3.469446951953614e-17,0.06701518160938269,0,True,0.02841685131966617
2006-03-31,blend,diag,45,0.05851072048020715,6.679488970225505,0.05,1.057000290886331,2.42861286636753e-17,0.06725477020757202,0,True,0.021483506499837265
2006-04-30,blend,mv,45,0.060099790870771816,3.7133426280808584,0.04999999999999999,2.601543376062969,1.1102230246251565e-16,0.06316303620535015,0,True,-0.030435118813110378
2006-04-30,blend,diag,45,0.060099790870771816,7.99395535217962,0.05,0.8535077594165863,-3.469446951953614e-17,0.08042468061287307,0,True,-0.01855590789447736
2006-05-31,blend,mv,46,0.0570864341148182,3.5048396288671406,0.04999999999999999,2.5706200791402467,3.8163916471489756e-17,0.0655828826929786,0,True,0.010901571724529633
2006-05-31,blend,diag,46,0.0570864341148182,7.515938341332371,0.05000000000000002,0.7604510169250867,1.6306400674181987e-16,0.08934028320482594,0,True,0.0003508073229994635
2006-06-30,blend,mv,47,0.056606933901385534,3.807566304432377,0.050000000000000024,2.497227368663227,-3.9898639947466563e-17,0.08745637975775845,0,True,-0.02546046801622385
2006-06-30,blend,diag,47,0.056606933901385534,7.068091122445,0.05,0.8832191314160545,-7.892991815694472e-17,0.07209399929250589,0,True,-0.012381120243657078
2006-07-31,blend,mv,46,0.055315348676545834,3.974059203543017,0.05,2.5095388012526962,5.551115123125783e-17,0.09906875074705544,0,True,-0.03927924716080425
2006-07-31,blend,diag,46,0.055315348676545834,6.085932464535418,0.05000000000000001,0.9952602231801184,-6.591949208711867e-17,0.07240840448838112,0,True,-0.01375057191205692
2006-08-31,blend,mv,46,0.05296739233007177,3.7378368142397203,0.05,2.4168090487579814,3.8163916471489756e-17,0.10000000024732497,1,True,0.013846296929427356
2006-08-31,blend,diag,46,0.05296739233007177,5.051085314018411,0.04999999999999998,1.2001488442524098,6.158268339717665e-17,0.06897470928193401,0,True,-0.005756546930458047
2006-09-30,blend,mv,45,0.05246788162923079,4.30525070199733,0.05,2.7096593900478836,-1.5959455978986625e-16,0.08841687937261485,0,True,-0.007768310548918898
2006-09-30,blend,diag,45,0.05246788162923079,4.038295548528266,0.05000000000000001,1.361632975232263,1.0408340855860843e-17,0.07520496171465978,0,True,-0.003917153058736126
2006-10-31,blend,mv,45,0.051820767252782424,4.433376239494762,0.049999999999999996,2.8318408074487684,5.551115123125783e-17,0.08863464623082155,0,True,0.022033713966463336
2006-10-31,blend,diag,45,0.051820767252782424,3.962377793061376,0.05,1.3498258269254515,-6.505213034913027e-17,0.06917686978776093,0,True,0.0021408228552377367
2006-11-30,blend,mv,45,0.051375731690455353,4.132157639972149,0.05,2.8547777776580228,-2.0816681711721685e-17,0.07095497879985523,0,True,0.011246334471783406
2006-11-30,blend,diag,45,0.051375731690455353,4.027856782469538,0.05000000000000002,1.4227131229803096,-2.0816681711721685e-17,0.059261670290712415,0,True,0.0020676287571641896
2006-12-31,blend,mv,46,0.05119858532627994,4.523989925473152,0.04999999999999998,2.8659621713437113,-6.938893903907228e-18,0.06555415807023081,0,True,0.035504498156828
2006-12-31,blend,diag,46,0.05119858532627994,4.232201179784921,0.05000000000000001,1.3944719854256429,-4.336808689942018e-17,0.06106834945320336,0,True,0.008103957443087359
2007-01-31,blend,mv,47,0.05164022602046503,4.540225005227085,0.04999999999999999,3.55039950593989,-1.3183898417423734e-16,0.07577465226353289,0,True,0.02549964035653202
2007-01-31,blend,diag,47,0.05164022602046503,4.861412522904054,0.05000000000000001,1.1240410024402452,-2.42861286636753e-17,0.0719152113968593,0,True,-0.00502895858353166
2007-02-28,blend,mv,47,0.050552609350208756,4.993404480927639,0.04999999999999999,3.6601789081396032,1.249000902703301e-16,0.06795402302749444,0,True,0.046918479328969455
2007-02-28,blend,diag,47,0.050552609350208756,3.808734590431626,0.049999999999999996,1.4065996470241255,-3.209238430557093e-17,0.070024653047533,0,True,0.022454610789222357
2007-03-31,blend,mv,46,0.05271257052439729,4.973721928421882,0.05,3.4605602237868776,-2.7755575615628914e-17,0.06392853826685158,0,True,-0.012518840336890514
2007-03-31,blend,diag,46,0.05271257052439729,4.030440959386966,0.04999999999999999,1.435858395004403,1.1449174941446927e-16,0.06531520691495721,0,True,-0.010243677374000615
2007-04-30,blend,mv,46,0.051626375092743836,4.85732185008671,0.049999999999999996,3.4009560960908725,-1.5265566588595902e-16,0.06935136350607865,0,True,0.0009974116378611156
2007-04-30,blend,diag,46,0.051626375092743836,4.073340373413587,0.05,1.28600536271964,-2.949029909160572e-17,0.06763797299626755,0,True,-0.006137470063915852
2007-05-31,blend,mv,46,0.05087411160951612,4.9042896531060585,0.05,3.360070093365635,9.71445146547012e-17,0.07497571341673633,0,True,-0.015460759925335032
2007-05-31,blend,diag,46,0.05087411160951612,3.370586376990352,0.05,1.495033491758935,-1.7694179454963432e-16,0.08247540958513265,0,True,0.003284416532761894
2007-06-30,blend,mv,47,0.05026922431608963,4.593885778423237,0.05000000000000002,3.120053024626909,4.85722573273506e-17,0.07736971372313442,0,True,0.019989099462147594
2007-06-30,blend,diag,47,0.05026922431608963,3.79874929586469,0.05,1.406766330527569,-9.367506770274758e-17,0.0911414939454442,0,True,0.012251228670523003
2007-07-31,blend,mv,47,0.05061711790022654,4.103959930207314,0.04999999999999998,3.1791521992175964,1.1796119636642288e-16,0.07713528210099352,0,True,-0.0031774350690733856
2007-07-31,blend,diag,47,0.05061711790022654,5.390532836051343,0.049999999999999996,1.0718389764775136,2.42861286636753e-17,0.07596832572476131,0,True,-0.00880529410455166
2007-08-31,blend,mv,48,0.049370716778837274,3.6781859990769736,0.05,2.949129115472123,8.326672684688674e-17,0.0754915966455393,0,True,0.011594673779267064
2007-08-31,blend,diag,48,0.049370716778837274,5.666221255592393,0.05000000000000001,1.0670773371386746,-5.551115123125783e-17,0.06662902673221582,0,True,0.013840252186795528
2007-09-30,blend,mv,48,0.05005903440658766,3.8265404300200143,0.04999999999999999,3.2632666707197777,-2.7755575615628914e-17,0.08582310219539184,0,True,-0.002273962088573646
2007-09-30,blend,diag,48,0.05005903440658766,5.613313352470338,0.05,1.0927130149523476,3.469446951953614e-17,0.07095166848891395,0,True,0.010382481509175676
2007-10-31,blend,mv,48,0.050243718256660436,3.474481018141618,0.049999999999999996,2.990639824339591,-5.551115123125783e-17,0.0720158283760818,0,True,-0.03102987172082055
2007-10-31,blend,diag,48,0.050243718256660436,5.173516453818943,0.05,1.25196110253949,-2.7755575615628914e-17,0.06638534737050386,0,True,0.0028677621258769576
2007-11-30,blend,mv,48,0.050332838870429684,3.2761745531885804,0.04999999999999999,2.7403672236615524,1.3877787807814457e-16,0.07472847794393796,0,True,-0.010844894485145747
2007-11-30,blend,diag,48,0.050332838870429684,5.249212601630566,0.05,1.2843700005334526,-2.0816681711721685e-17,0.06374611300537524,0,True,0.022118909941690107
2007-12-31,blend,mv,48,0.0519057790638708,3.416744189970682,0.049999999999999996,2.586704409979938,-5.551115123125783e-17,0.07797521265351129,0,True,-0.018887197277473095
2007-12-31,blend,diag,48,0.0519057790638708,5.953099223600183,0.05,1.2033988961292428,-9.71445146547012e-17,0.06526536271811072,0,True,-0.027611811508654594
2008-01-31,blend,mv,48,0.049742157923200615,3.066389730521294,0.049999999999999996,2.6567176070382965,0.0,0.07326533790886369,0,True,0.05302161866856428
2008-01-31,blend,diag,48,0.049742157923200615,6.488198351434546,0.05,1.072154855594839,2.7755575615628914e-17,0.05430028227976847,0,True,0.05270778069401166
2008-02-29,blend,mv,48,0.05305579183488801,3.2221568189581005,0.05,2.9110700429910286,1.1102230246251565e-16,0.06713112860190115,0,True,-0.020178062742973745
2008-02-29,blend,diag,48,0.05305579183488801,6.780572658739213,0.05,1.0555072952586018,-1.3877787807814457e-17,0.06346459703230141,0,True,-0.007102125496843756
2008-03-31,blend,mv,48,0.05200722437283065,2.967709329288042,0.049999999999999996,3.106273112982276,5.551115123125783e-17,0.07158081218562874,0,True,0.01846923020232226
2008-03-31,blend,diag,48,0.05200722437283065,7.103575795508538,0.05,0.9787265244281715,-8.326672684688674e-17,0.05725297754042774,0,True,0.013836865877694015
2008-04-30,blend,mv,48,0.05242900371220608,3.1945365735384157,0.05000000000000002,3.335043176622946,-1.942890293094024e-16,0.06803159663215137,0,True,0.03812279026930098
2008-04-30,blend,diag,48,0.05242900371220608,7.2409763467985355,0.049999999999999996,1.0519275927314913,-2.7755575615628914e-17,0.06532149543919193,0,True,0.02310163550652784
2008-05-31,blend,mv,48,0.05395992253691588,3.189350883518097,0.049999999999999996,2.80006706397538,-8.326672684688674e-17,0.08707913077639672,0,True,0.05386263134645119
2008-05-31,blend,diag,48,0.05395992253691588,7.450250547524944,0.05000000000000001,1.0523504798897028,5.551115123125783e-17,0.06798241922394375,0,True,0.049891737890662126
2008-06-30,blend,mv,48,0.05651523134304216,2.979835529907877,0.049999999999999996,2.856863347880339,-1.6653345369377348e-16,0.09099254444759203,0,True,-0.04072238177073147
2008-06-30,blend,diag,48,0.05651523134304216,8.04012878587312,0.05,0.9381870284148188,-2.7755575615628914e-17,0.0693867312209718,0,True,-0.02192093103081403
2008-07-31,blend,mv,48,0.05528758354760294,2.517238680648804,0.049999999999999996,2.775312531323425,9.71445146547012e-17,0.07649388182746417,0,True,-0.007403354253288962
2008-07-31,blend,diag,48,0.05528758354760294,7.58334749496356,0.05,0.8245241590198855,2.7755575615628914e-17,0.05961616964029821,0,True,-0.020372868247449945
2008-08-31,blend,mv,47,0.052956684866198644,2.7920433746301137,0.04999999999999999,2.6994183777511,1.942890293094024e-16,0.07794347675354152,0,True,-0.048404131079355435
2008-08-31,blend,diag,47,0.052956684866198644,7.010373568125706,0.05,0.8865516666087704,1.0321604682062002e-16,0.06559856318238816,0,True,-0.03367203553465771
2008-09-30,blend,mv,47,0.051376029651366305,3.0853454657106862,0.05000000000000002,2.3249343437936676,-4.85722573273506e-17,0.07056757743077657,0,True,0.043225124303721815
2008-09-30,blend,diag,47,0.051376029651366305,6.103029597006167,0.04999999999999998,0.9570387790626044,2.42861286636753e-17,0.06944406936656576,0,True,0.02937689368993928
2008-10-31,blend,mv,47,0.05241657857498383,2.9866893030639496,0.05000000000000002,2.575533613022587,1.1796119636642288e-16,0.05227185915921833,0,True,-0.02518424206995081
2008-10-31,blend,diag,47,0.05241657857498383,7.000381413186465,0.05,0.9166782074938997,1.734723475976807e-18,0.06892385573618813,0,True,0.016590659526271995
2008-11-30,blend,mv,47,0.052721882900544574,2.668404864186485,0.04999999999999998,2.534595344729471,-4.2327252813834093e-16,0.06558590644398496,0,True,-0.07443881682858343
2008-11-30,blend,diag,47,0.052721882900544574,7.80545027172503,0.049999999999999996,0.843363322241713,3.491130995403324e-17,0.054968191344326116,0,True,-0.013958936510408004
2008-12-31,blend,mv,47,0.051569116513622726,2.3519251950113937,0.05000000000000002,2.64931426261367,3.469446951953614e-16,0.06651580015270694,0,True,0.030992317679312365
2008-12-31,blend,diag,47,0.051569116513622726,8.267079354929916,0.05000000000000002,0.7776992516207134,2.6020852139652106e-17,0.05329227418083102,0,True,0.017096793718906458
2009-01-31,blend,mv,44,0.052591866662961,2.521930713157837,0.05,2.3933768945163774,9.71445146547012e-17,0.07802656625636349,0,True,-0.003260822683266435
2009-01-31,blend,diag,44,0.052591866662961,7.456238163201797,0.04999999999999999,0.8159733889480522,-3.469446951953614e-17,0.0652991023749593,0,True,0.012220036131115589
2009-02-28,blend,mv,45,0.05318359140365289,2.443671301810504,0.050000000000000024,2.3002486725615237,-1.942890293094024e-16,0.07278489708932015,0,True,8.886301494425674e-06
2009-02-28,blend,diag,45,0.05318359140365289,7.83915542616864,0.05,0.8165649031558663,-4.85722573273506e-17,0.051843095067760206,0,True,-0.025528763622099278
2009-03-31,blend,mv,46,0.051036221604286613,2.3684854295537514,0.05000000000000002,2.5029684716487517,2.498001805406602e-16,0.07474683817625685,0,True,-0.09629891540394458
2009-03-31,blend,diag,46,0.051036221604286613,7.328874204016406,0.05000000000000002,0.8474828761174308,3.469446951953614e-18,0.054499540591723655,0,True,-0.1089684738038382
2009-04-30,blend,mv,46,0.04732458366194166,2.574983624999808,0.049999999999999864,2.712016849214524,-1.734723475976807e-16,0.09780803997251365,0,True,-0.021107550449947853
2009-04-30,blend,diag,46,0.04732458366194166,8.599687617977757,0.05,0.5938406158593076,0.0,0.0511344552319511,0,True,-0.005791485252177828
2009-05-31,blend,mv,45,0.04672371011897182,2.7292153617745507,0.05000000000000001,2.5203576477357994,2.0816681711721685e-16,0.0804258065451224,0,True,-0.008019962775114194
2009-05-31,blend,diag,45,0.04672371011897182,7.4922332725222285,0.04999999999999999,0.6609412235703843,0.0,0.0629188936212647,0,True,0.010516688998559153
2009-06-30,blend,mv,46,0.04792896037953652,2.9075897119341567,0.05,2.908652955623741,2.7755575615628914e-16,0.05340798158728999,0,True,-0.022071674978255285
2009-06-30,blend,diag,46,0.04792896037953652,7.45399628325041,0.05,0.679152513108302,1.214306433183765e-17,0.07311535677560817,0,True,-0.021090319452910757
2009-07-31,blend,mv,46,0.04573299639858762,2.8074076875596297,0.05,2.9900811150160194,-1.8041124150158794e-16,0.05993530005258353,0,True,-0.010853555789450561
2009-07-31,blend,diag,46,0.04573299639858762,7.0595083304216555,0.05000000000000002,0.7027660299360212,1.734723475976807e-17,0.05952342936610368,0,True,-0.010203773948631667
2009-08-31,blend,mv,45,0.04402695438746517,2.985817338184791,0.049999999999999996,2.918222975317788,8.326672684688674e-17,0.07214528185018507,0,True,-0.0021926728889359523
2009-08-31,blend,diag,45,0.04402695438746517,5.993861249660718,0.05,0.7568908591155484,4.5102810375396984e-17,0.058947714245524155,0,True,-0.006283202693828874
2009-09-30,blend,mv,44,0.04295442106764155,3.478678788099002,0.05000000000000004,2.9775913345148624,2.7755575615628914e-16,0.07767918603149677,0,True,0.02716892918177905
2009-09-30,blend,diag,44,0.04295442106764155,3.9244190345840417,0.05,1.0938179219477504,0.0,0.06829969859316028,0,True,0.013268877879753026
2009-10-31,blend,mv,44,0.0439653005525015,3.149887149532267,0.04999999999999998,2.833448868417972,-6.591949208711867e-17,0.07565564862672366,0,True,0.023132695967158688
2009-10-31,blend,diag,44,0.0439653005525015,5.096811507611486,0.05000000000000001,0.7751856594637717,-2.7755575615628914e-17,0.07507272483265687,0,True,0.0029055191414709787
2009-11-30,blend,mv,44,0.043782941294609974,3.1020949229951653,0.05,3.031959058058813,-3.469446951953614e-17,0.06942564625836858,0,True,-0.030445101495792826
2009-11-30,blend,diag,44,0.043782941294609974,5.749298042795831,0.05000000000000001,0.794298085595823,-1.3877787807814457e-17,0.06492114399731826,0,True,0.0035341664504195762
2009-12-31,blend,mv,44,0.0443675713048504,3.3475160204996537,0.04999999999999999,2.8507097462908804,2.7755575615628914e-17,0.06348534270138152,0,True,-0.014414590900442975
2009-12-31,blend,diag,44,0.0443675713048504,5.56032936918415,0.05,0.7932756579330191,2.0816681711721685e-17,0.06481469392664932,0,True,-0.017199493982311836
2010-01-31,blend,mv,43,0.04275794398181738,2.755255263740257,0.04999999999999998,2.3836434382600946,1.249000902703301e-16,0.09321088492447971,0,True,0.031553597995587636
2010-01-31,blend,diag,43,0.04275794398181738,6.215166349691397,0.05000000000000001,0.6923259941254514,5.551115123125783e-17,0.05518656754821576,0,True,0.013202448003905198
2010-02-28,blend,mv,47,0.04453568002075473,2.532523750307011,0.04999999999999999,2.8326072061078276,3.9898639947466563e-16,0.08739683361212135,0,True,0.006246308965285013
2010-02-28,blend,diag,47,0.04453568002075473,8.155179730326685,0.049999999999999996,0.5957824167187066,-1.6317242695906842e-17,0.05273283641550612,0,True,0.009256705630373457
2010-03-31,blend,mv,47,0.04609963354151872,3.0492151484624443,0.05000000000000001,2.9955927665434996,-1.5265566588595902e-16,0.08464142244116453,0,True,-0.019613020941309404
2010-03-31,blend,diag,47,0.04609963354151872,7.932862694626245,0.05,0.5846274884430427,-5.637851296924623e-18,0.05749475807606237,0,True,0.011652406961774728
2010-04-30,blend,mv,48,0.046869730183256554,4.064120432927423,0.04999999999999999,2.4934011066252837,-5.551115123125783e-17,0.06038317721702729,0,True,0.0018093331923186504
2010-04-30,blend,diag,48,0.046869730183256554,5.8577216420200005,0.05,0.7933309379416713,-5.551115123125783e-17,0.06053348112269615,0,True,-0.0019415751653389726
2010-05-31,blend,mv,48,0.0460451904188685,3.192731257523427,0.049999999999999996,2.6694528977332332,5.551115123125783e-17,0.057819629381427616,0,True,-0.009115237227930346
2010-05-31,blend,diag,48,0.0460451904188685,7.1452591344910905,0.05000000000000001,0.6722461142733905,5.551115123125783e-17,0.06278601514014785,0,True,-0.014348168164598225
2010-06-30,blend,mv,48,0.044432899980550444,2.8906733780864804,0.050000000000000024,2.52296222604602,0.0,0.07051910788445555,0,True,-0.017045944531424356
2010-06-30,blend,diag,48,0.044432899980550444,6.791000434492421,0.05,0.7145268310126048,2.7755575615628914e-17,0.05413967060199014,0,True,0.007967711869424975
2010-07-31,blend,mv,48,0.04535616197495243,3.682359141492382,0.049999999999999996,3.03035770411392,-5.551115123125783e-17,0.05455016728974685,0,True,0.027953919316272453
2010-07-31,blend,diag,48,0.04535616197495243,4.3002580701207185,0.05000000000000001,1.0428015168528486,-1.3877787807814457e-17,0.06132467483232323,0,True,0.01657681862502989
2010-08-31,blend,mv,47,0.04579485180035475,3.6624313011694625,0.050000000000000024,3.0789802304243157,-1.0408340855860843e-17,0.04396919264472053,0,True,0.027154595627160084
2010-08-31,blend,diag,47,0.04579485180035475,4.311226088317004,0.049999999999999996,1.2156576391007643,1.5612511283791264e-17,0.05819088384939735,0,True,0.019120853562722473
2010-09-30,blend,mv,47,0.046520810311007285,3.6453398138304762,0.05,2.796334036594372,-1.3877787807814457e-17,0.07393941156849002,0,True,-0.0038724841121077864
2010-09-30,blend,diag,47,0.046520810311007285,3.9002029810535275,0.05,1.2280047487848689,6.938893903907228e-18,0.06961927077114065,0,True,0.009257661356349095
2010-10-31,blend,mv,47,0.04705796727950588,3.508073628704201,0.04999999999999999,2.411029859986431,-2.7755575615628914e-17,0.09693039630331636,0,True,-0.002405174399425593
2010-10-31,blend,diag,47,0.04705796727950588,5.014978708624909,0.04999999999999998,1.0049474382044785,8.890457814381136e-18,0.059539012776038416,0,True,0.013356503105802784
2010-11-30,blend,mv,47,0.04789104153090368,3.448720325901858,0.05000000000000002,2.6614926833311836,-1.9081958235744878e-16,0.08901337596554544,0,True,-0.052711187494306894
2010-11-30,blend,diag,47,0.04789104153090368,5.487057424433817,0.049999999999999996,0.9341617090621663,-6.938893903907228e-18,0.06307988373044346,0,True,-0.022232124701773034
2010-12-31,blend,mv,46,0.046272095609151624,3.0486108758853203,0.050000000000000024,2.9636423115392665,1.0755285551056204e-16,0.06968965474126958,0,True,-0.02448961172910026
2010-12-31,blend,diag,46,0.046272095609151624,5.143212820057224,0.049999999999999996,1.0275487188726073,-1.474514954580286e-17,0.06165782569701578,0,True,-0.0118435664632183
2011-01-31,blend,mv,47,0.04526692647066473,3.0106381008067293,0.05000000000000004,3.217354604597911,-6.938893903907228e-17,0.06591724678554339,0,True,-0.01715573871221092
2011-01-31,blend,diag,47,0.04526692647066473,6.236443275752492,0.05,0.8428507832049962,0.0,0.050218338113840535,0,True,0.0010986461635549291
2011-02-28,blend,mv,47,0.0455743071074094,3.376948996403746,0.05000000000000002,3.1403112082834186,9.020562075079397e-17,0.06530768187283138,0,True,0.018523152981820994
2011-02-28,blend,diag,47,0.0455743071074094,6.1456689780013685,0.05000000000000002,0.8189928597318666,6.245004513516506e-17,0.06800240028671317,0,True,0.012989497263426754
2011-03-31,blend,mv,47,0.04651460211689353,3.3851864599771586,0.05,3.220123465353978,6.938893903907228e-18,0.06218473876908513,0,True,0.004735407161530016
2011-03-31,blend,diag,47,0.04651460211689353,5.763327428413247,0.04999999999999999,0.9232707182612975,1.734723475976807e-18,0.07351897677242089,0,True,-0.002567780217174716
2011-04-30,blend,mv,46,0.04634579666059337,3.406181851480651,0.05000000000000002,3.4433069204515587,-1.1102230246251565e-16,0.058291193549736185,0,True,0.004855296695588033
2011-04-30,blend,diag,46,0.04634579666059337,5.5017882643242455,0.05,0.8767169793690892,1.9081958235744878e-17,0.08180369698681296,0,True,-0.0108664266263531
2011-05-31,blend,mv,47,0.04508258657035564,3.1562712045249177,0.05000000000000002,3.2613856715538754,-1.3877787807814457e-16,0.05918684642917908,0,True,0.02082094100389611
2011-05-31,blend,diag,47,0.04508258657035564,5.770033807240093,0.05,0.856679257587091,-3.122502256758253e-17,0.0820244751225053,0,True,0.006366053073339368
2011-06-30,blend,mv,45,0.04582281513021769,3.189161198479983,0.050000000000000044,3.1770051130319295,9.71445146547012e-17,0.07497499449345207,0,True,-0.028673231907784858
2011-06-30,blend,diag,45,0.04582281513021769,5.946178170253533,0.05,0.8440618484437205,-6.245004513516506e-17,0.05707585945105387,0,True,-0.0017005267185730877
2011-07-31,blend,mv,45,0.044970104420063384,3.421727396890385,0.04999999999999999,3.301687472023848,2.7755575615628914e-17,0.0558276823851456,0,True,-0.003530106205496207
2011-07-31,blend,diag,45,0.044970104420063384,4.585271771836126,0.049999999999999996,1.0772987400431229,6.938893903907228e-18,0.06453109638221657,0,True,-0.005937215433549707
2011-08-31,blend,mv,45,0.04438036121367605,3.233701134831819,0.04999999999999996,3.1346484700096213,-2.8102520310824275e-16,0.05222591147936198,0,True,-0.027449859952829916
2011-08-31,blend,diag,45,0.04438036121367605,4.8205049373216,0.05,0.945893256262546,-2.7755575615628914e-17,0.07096222991027737,0,True,-0.03325095327762207
2011-09-30,blend,mv,45,0.04260750460596802,3.300745350452252,0.04999999999999997,2.919488624411667,-5.551115123125783e-17,0.058999084891033185,0,True,0.014225965929888314
2011-09-30,blend,diag,45,0.04260750460596802,3.163034305168212,0.05000000000000001,1.4721939391172498,-9.020562075079397e-17,0.06451418177629202,0,True,-0.001093549122952671
2011-10-31,blend,mv,44,0.04201416947557398,2.8596226366596165,0.04999999999999997,3.3129039810211753,-1.249000902703301e-16,0.06361831719878995,0,True,0.000252237422866604
2011-10-31,blend,diag,44,0.04201416947557398,6.302870056275821,0.05,0.7302632718852329,4.336808689942018e-19,0.06423783216588812,0,True,0.005197145028396904
2011-11-30,blend,mv,45,0.042803301413219995,3.7199272085558186,0.050000000000000024,3.278116504621139,-2.7755575615628914e-17,0.0618376437083298,0,True,-0.0027823832410774135
2011-11-30,blend,diag,45,0.042803301413219995,4.661552111824988,0.05000000000000002,0.9947866267884303,-5.204170427930421e-18,0.06814878229874773,0,True,0.014438058512098315
2011-12-31,blend,mv,45,0.043918290094037964,3.4888560996998677,0.05,3.0839411757274204,-4.163336342344337e-17,0.05201576128001349,0,True,-0.01794093817217686
2011-12-31,blend,diag,45,0.043918290094037964,5.299034187370661,0.049999999999999996,0.8488549311890132,-6.418476861114186e-17,0.07342428329556482,0,True,-0.025592803238512037
2012-01-31,blend,mv,45,0.041696796590916956,2.9772334012089376,0.05,3.168582156355886,6.938893903907228e-17,0.06119186745563634,0,True,0.011098026716154948
2012-01-31,blend,diag,45,0.041696796590916956,6.235480717795827,0.04999999999999999,0.7405499012391782,-7.632783294297951e-17,0.07285611195621004,0,True,0.0012291748033537173
2012-02-29,blend,mv,45,0.04147630435772866,3.06112607922491,0.04999999999999999,3.206710402284215,6.938893903907228e-17,0.07733234603410348,0,True,0.00977135254678824
2012-02-29,blend,diag,45,0.04147630435772866,5.527680757250744,0.05,0.8423383577112306,4.163336342344337e-17,0.07688363765782523,0,True,0.009376739728617559
2012-03-31,blend,mv,45,0.04213051032770313,2.924690182792607,0.05,3.2996652764453205,-1.942890293094024e-16,0.07974167489558055,0,True,0.004141555528262284
2012-03-31,blend,diag,45,0.04213051032770313,5.890934739194352,0.05000000000000001,0.7780811488372807,7.632783294297951e-17,0.08055928450559237,0,True,0.008824870814590251
2012-04-30,blend,mv,45,0.04311119229042581,2.969334570633602,0.05000000000000002,3.2852646632380917,0.0,0.07470381480631481,0,True,0.014054492039127092
2012-04-30,blend,diag,45,0.04311119229042581,5.877951307086047,0.05,0.7918575750763682,6.331740687315346e-17,0.08353674996642489,0,True,0.023037938221380384
2012-05-31,blend,mv,45,0.04457314441248138,3.3669354002834506,0.04999999999999998,3.0721415122225575,-1.8041124150158794e-16,0.08960795893208957,0,True,-0.022766929022354183
2012-05-31,blend,diag,45,0.04457314441248138,5.638866425075438,0.05,0.8478223510126911,-7.849623728795052e-17,0.07355165654631228,0,True,-0.013263204440438076
2012-06-30,blend,mv,45,0.04390931670640678,3.0001983832402854,0.05000000000000002,3.0181472079627794,-8.326672684688674e-17,0.09999999999303184,1,True,0.05259054512525374
2012-06-30,blend,diag,45,0.04390931670640678,6.641613161822641,0.05,0.7223558360875781,-4.7704895589362195e-17,0.06281421622781468,0,True,0.015607420723915138
2012-07-31,blend,mv,45,0.045334548876512844,3.00469674736628,0.05000000000000002,3.0081458835118684,4.85722573273506e-17,0.09210210173246117,0,True,-0.009389907482599357
2012-07-31,blend,diag,45,0.045334548876512844,6.943409117644893,0.05,0.7248647219764501,-2.2551405187698492e-17,0.06086329388707835,0,True,-0.009947865461617916
2012-08-31,blend,mv,44,0.04412657969322697,3.237866308066349,0.049999999999999996,2.8952830580529416,4.85722573273506e-17,0.09088195877301808,0,True,-0.004726033844526829
2012-08-31,blend,diag,44,0.04412657969322697,5.88460200388107,0.05000000000000001,0.7776395271519114,-3.8163916471489756e-17,0.06902618032139851,0,True,-0.009466444055353391
2012-09-30,blend,mv,43,0.043543071172871164,3.6774599034898294,0.049999999999999975,2.8241280170537975,-1.734723475976807e-16,0.07958127046609975,0,True,-0.035527660038883996
2012-09-30,blend,diag,43,0.043543071172871164,3.8563651845867533,0.049999999999999996,1.1715071770741992,-1.6002824065886045e-16,0.06452494030783129,0,True,-0.011470280432992067
2012-10-31,blend,mv,44,0.0434718045682847,3.4322786081812793,0.05,3.103889501818543,4.163336342344337e-17,0.07388709233967297,0,True,-0.0002317941359766481
2012-10-31,blend,diag,44,0.0434718045682847,4.566423274160538,0.05,1.0120810020308313,3.8163916471489756e-17,0.06947764135892699,0,True,0.00506292367296235
2012-11-30,blend,mv,44,0.042884657017366254,3.3183960882958656,0.049999999999999975,2.9281034829723813,9.71445146547012e-17,0.0730235602429944,0,True,-0.009475094294026874
2012-11-30,blend,diag,44,0.042884657017366254,4.44182474595776,0.05,1.0794085798693231,-3.469446951953614e-18,0.05976252948997427,0,True,-0.003488721604183066
2012-12-31,blend,mv,44,0.042418122765825114,3.439293445616761,0.04999999999999999,2.941510854845979,-2.7755575615628914e-17,0.06985568460175359,0,True,0.04068821522589613
2012-12-31,blend,diag,44,0.042418122765825114,3.842845309871999,0.04999999999999999,1.1453576672218335,6.640738306473715e-17,0.06129559584065845,0,True,0.018026298198770798
2013-01-31,blend,mv,45,0.04300694497118328,3.1418865275452537,0.049999999999999996,3.254175823620357,-1.8041124150158794e-16,0.054467867173441625,0,True,0.005812574280450554
2013-01-31,blend,diag,45,0.04300694497118328,4.749378090757662,0.05,0.9963356824610642,-1.474514954580286e-17,0.06443084952572434,0,True,0.011447707109198117
2013-02-28,blend,mv,46,0.043821167490812836,3.1536153972454044,0.05,2.9570519383407774,8.326672684688674e-17,0.05379443656409823,0,True,0.007637880158080627
2013-02-28,blend,diag,46,0.043821167490812836,4.8468662025266935,0.05,1.0923323775330607,-1.9081958235744878e-17,0.05457892954491658,0,True,0.007818463031701736
2013-03-31,blend,mv,45,0.04472133183927363,3.2152129774716354,0.05,3.0601448075035944,5.637851296924623e-17,0.056959270500262414,0,True,0.021484962341373863
2013-03-31,blend,diag,45,0.04472133183927363,5.109756935292526,0.05000000000000002,1.0566713891147335,6.591949208711867e-17,0.06731683368751727,0,True,0.00989728010270967
2013-04-30,blend,mv,45,0.04439504584375699,3.0443208094575924,0.05,2.8065969654433434,3.9898639947466563e-17,0.0526450717334718,0,True,-0.01276067028128844
2013-04-30,blend,diag,45,0.04439504584375699,4.715456198694773,0.05,1.0736653283784687,2.7755575615628914e-17,0.06692262640381076,0,True,-0.002008185052002299
2013-05-31,blend,mv,44,0.0437704029749772,3.017993203809656,0.05000000000000003,2.4803105330253654,2.0816681711721685e-17,0.08530984306730373,0,True,0.018038617498813473
2013-05-31,blend,diag,44,0.0437704029749772,4.269188773090646,0.05,1.0914233564204363,7.806255641895632e-18,0.07664072795019998,0,True,0.019297191682779154
2013-06-30,blend,mv,44,0.04393065486558699,2.9794022572539895,0.05000000000000002,2.6910348610096735,1.1796119636642288e-16,0.09200757328544557,0,True,0.0119999776922513
2013-06-30,blend,diag,44,0.04393065486558699,4.6055899959717115,0.05000000000000001,1.0156870198385655,-3.9898639947466563e-17,0.06748604936653789,0,True,0.009130396773028834
2013-07-31,blend,mv,44,0.04468767274062499,2.8991601824290427,0.04999999999999998,2.40117854278671,-6.245004513516506e-17,0.066579754033043,0,True,0.0056201544186334365
2013-07-31,blend,diag,44,0.04468767274062499,4.865032054523799,0.05000000000000002,0.9539884963088905,4.2500725161431774e-17,0.07170717655598276,0,True,-0.008987066424428593
2013-08-31,blend,mv,45,0.04368609195382956,2.9302128821062077,0.05000000000000002,2.587964290040761,6.938893903907228e-17,0.06893015947652521,0,True,0.025182855562265325
2013-08-31,blend,diag,45,0.04368609195382956,4.753676365546463,0.05,1.039302934485677,1.5655879370690684e-16,0.07367100587823765,0,True,0.01900100867252343
2013-09-30,blend,mv,44,0.04464242003658784,3.01446169535473,0.05,2.3662072645203316,-9.71445146547012e-17,0.0732743504589325,0,True,-8.676079459423967e-05
2013-09-30,blend,diag,44,0.04464242003658784,4.505450519555146,0.05,1.1370677770716153,1.9081958235744878e-17,0.07387683102202093,0,True,0.00399943246022854
2013-10-31,blend,mv,44,0.04479439561074778,3.092011286715679,0.05000000000000003,2.592441263597717,-2.7755575615628914e-17,0.06648661325039172,0,True,0.012784469652825614
2013-10-31,blend,diag,44,0.04479439561074778,4.621183822008441,0.05000000000000001,1.0356246363746944,1.942890293094024e-16,0.08925559749266082,0,True,0.023904873584396105
2013-11-30,blend,mv,44,0.046468880592155704,3.2209653048679425,0.04999999999999999,2.75955765724718,1.5959455978986625e-16,0.06244669772661964,0,True,0.0023319232143325383
2013-11-30,blend,diag,44,0.046468880592155704,4.7715098618263445,0.05000000000000001,1.060641750111681,-1.734723475976807e-17,0.08408711843454884,0,True,0.0027164370549830723
2013-12-31,blend,mv,45,0.046428759729791845,3.157675879419605,0.05000000000000004,2.802930217589397,1.3183898417423734e-16,0.06929126074415208,0,True,0.012819913252595933
2013-12-31,blend,diag,45,0.046428759729791845,5.285968002495196,0.05,1.0426107756142688,3.209238430557093e-17,0.0804827019504598,0,True,0.0009707445896460287
2014-01-31,blend,mv,45,0.046716116088226976,3.2873081260266943,0.04999999999999998,2.9975896372016217,-6.418476861114186e-17,0.07099420317322123,0,True,0.04046973634965543
2014-01-31,blend,diag,45,0.046716116088226976,4.867939878789889,0.05,1.1332940317126379,-8.326672684688674e-17,0.07259367009873363,0,True,0.005697489349240517
2014-02-28,blend,mv,45,0.04745035214747596,3.266304410357917,0.05000000000000002,2.5234577807819383,1.0061396160665481e-16,0.08123338499982904,0,True,-0.0072597555211475736
2014-02-28,blend,diag,45,0.04745035214747596,4.53804188253038,0.05,1.1952544633794269,-2.7755575615628914e-17,0.07605786993076785,0,True,-0.008464709197870112
2014-03-31,blend,mv,45,0.04659752938940075,3.3229959000041536,0.050000000000000024,2.678918325011471,2.42861286636753e-17,0.07609959006368648,0,True,-0.004144078433199353
2014-03-31,blend,diag,45,0.04659752938940075,4.306871824559548,0.05,1.2541490749049127,-4.85722573273506e-17,0.07198440247092525,0,True,-0.01401172796571011
2014-04-30,blend,mv,46,0.04541507497159402,3.3944984794163213,0.05000000000000002,3.2243140021675942,1.0408340855860843e-16,0.06410109710462525,0,True,0.022585681810556264
2014-04-30,blend,diag,46,0.04541507497159402,4.570568898593562,0.05,1.237449664546456,-3.469446951953614e-17,0.07158263144516303,0,True,0.011961756887760225
2014-05-31,blend,mv,46,0.04598927294941359,3.562541480588023,0.05,3.1880196876955273,-4.163336342344337e-17,0.06929232428643131,0,True,0.0008439665312327262
2014-05-31,blend,diag,46,0.04598927294941359,3.5696865989082243,0.05,1.4678246194789561,1.0061396160665481e-16,0.08067391790930709,0,True,-0.012934378976800116
2014-06-30,blend,mv,46,0.04562644866121328,3.459468820149624,0.05000000000000004,3.5619415220291417,-4.163336342344337e-17,0.0741584571456177,0,True,0.03467322262014088
2014-06-30,blend,diag,46,0.04562644866121328,3.8914261023307737,0.05000000000000002,1.3348179895107166,0.0,0.07379666838039058,0,True,0.011236091383120482
2014-07-31,blend,mv,45,0.045975775724241275,3.6437742948482086,0.04999999999999998,3.8304702123818375,8.326672684688674e-17,0.06441150339169695,0,True,-0.017295702776655996
2014-07-31,blend,diag,45,0.045975775724241275,4.12748543653729,0.049999999999999996,1.2546562906892218,-6.938893903907228e-18,0.0773391565199235,0,True,-0.004507799157081107
2014-08-31,blend,mv,45,0.044976683105537846,3.403752097299003,0.04999999999999998,3.6332137728740803,2.0816681711721685e-17,0.06896897447288677,0,True,0.025115188718064035
2014-08-31,blend,diag,45,0.044976683105537846,3.6315568764146433,0.04999999999999999,1.4772495630814422,-6.938893903907228e-18,0.07098025969447926,0,True,0.016003905618689095
2014-09-30,blend,mv,46,0.04516260607777523,3.580870953904188,0.04999999999999999,3.725735847979368,3.469446951953614e-17,0.07517350341354143,0,True,-0.002210783407478516
2014-09-30,blend,diag,46,0.04516260607777523,3.455875363255632,0.05000000000000001,1.5786193921480898,-2.0816681711721685e-17,0.07521868189001282,0,True,0.009676123776201822
2014-10-31,blend,mv,46,0.045419439083313896,3.602336980890144,0.05,3.6799832039486526,-6.591949208711867e-17,0.060674254384304925,0,True,-0.01740067745918663
2014-10-31,blend,diag,46,0.045419439083313896,4.239737975246723,0.05,1.271581416008065,3.2959746043559335e-17,0.0682758990068679,0,True,0.0012215828375426417
2014-11-30,blend,mv,45,0.04537112103230554,3.61084182388904,0.049999999999999996,3.869942022351486,-4.85722573273506e-17,0.0648434806686112,0,True,0.0038558569183811597
2014-11-30,blend,diag,45,0.04537112103230554,4.783700732488648,0.05000000000000001,1.2094189128969823,-3.5561831257524545e-17,0.059515747170594206,0,True,0.00803455228102721
2014-12-31,blend,mv,46,0.0452466989285986,3.2307711023210715,0.05,3.984290425527746,-1.0408340855860843e-16,0.058278003089916,0,True,-0.0008110461618899216
2014-12-31,blend,diag,46,0.0452466989285986,6.1313318165050905,0.04999999999999998,0.9779565857170082,-5.160802341031001e-17,0.07020908270083503,0,True,0.0025567956949722388
2015-01-31,blend,mv,45,0.045883007855903116,3.133151780652703,0.05000000000000001,3.831898841988688,6.938893903907228e-18,0.05707233464365214,0,True,-0.0032560874752875944
2015-01-31,blend,diag,45,0.045883007855903116,6.693237870672759,0.05,0.9339722990865649,-4.336808689942018e-17,0.0677313067987574,0,True,-0.01005395313072545
2015-02-28,blend,mv,46,0.04516066729167658,2.738996413601923,0.05000000000000001,3.408762974921164,-9.194034422677078e-17,0.05313178900536176,0,True,0.023717043290581965
2015-02-28,blend,diag,46,0.04516066729167658,6.7466069439665475,0.05000000000000002,0.9199425128005129,-4.85722573273506e-17,0.059283391616704983,0,True,0.014722562190054623
2015-03-31,blend,mv,46,0.04597315997175684,2.9825015419141576,0.05,3.216393828259931,-1.682681771697503e-16,0.0589654965311472,0,True,-0.045780115219696944
2015-03-31,blend,diag,46,0.04597315997175684,6.102888790871715,0.05,1.0116004718765175,-2.2280354644577116e-17,0.06689965249794173,0,True,-0.030252263659219077
2015-04-30,blend,mv,46,0.04404680632476657,2.522452090511258,0.05000000000000002,3.4499033639026253,4.163336342344337e-17,0.06927757673708261,0,True,0.027839609497727683
2015-04-30,blend,diag,46,0.04404680632476657,6.550868955222958,0.05,0.9571203519323486,4.5102810375396984e-17,0.07862697357583696,0,True,0.02190096410556063
2015-05-31,blend,mv,46,0.045509931332338965,2.780217634639655,0.049999999999999975,3.6902638628585103,2.42861286636753e-17,0.07281306394504394,0,True,0.020216393684093528
2015-05-31,blend,diag,46,0.045509931332338965,6.298032300051216,0.05,1.0070069472718641,-7.806255641895632e-17,0.08003708888347587,0,True,0.022153865918459508
2015-06-30,blend,mv,46,0.04683626983099641,2.585386661604322,0.05000000000000004,3.941942642332167,-1.249000902703301e-16,0.0686075075397095,0,True,0.011307466257633203
2015-06-30,blend,diag,46,0.04683626983099641,7.0598484250173925,0.05000000000000002,0.9447313655927433,6.678685382510707e-17,0.07719899977427029,0,True,0.03652403049031007
2015-07-31,blend,mv,45,0.04826494615426565,2.9144427589161217,0.050000000000000024,3.866327504901729,1.5265566588595902e-16,0.06684048048614107,0,True,0.00695852388660005
2015-07-31,blend,diag,45,0.04826494615426565,6.643131809790917,0.05,1.0421338812607714,-8.066464163292153e-17,0.061656135293140575,0,True,-0.004915653707391003
2015-08-31,blend,mv,44,0.047502614893215465,2.6554027392360315,0.05000000000000003,4.0000339647953025,1.0408340855860843e-16,0.09158104825834257,0,True,-0.01803577414032227
2015-08-31,blend,diag,44,0.047502614893215465,7.318913337154751,0.04999999999999998,0.9190131047335413,7.35089072945172e-17,0.07353265797675476,0,True,0.01565076819989819
2015-09-30,blend,mv,45,0.04861235299052864,2.6830017991334643,0.05000000000000002,4.267270303363992,4.163336342344337e-17,0.0778228378644483,0,True,0.03450250512328043
2015-09-30,blend,diag,45,0.04861235299052864,8.542486057879378,0.05000000000000001,0.82448832582563,-8.673617379884035e-18,0.08353196259657539,0,True,-0.0006418232024555982
2015-10-31,blend,mv,45,0.047446635981178875,2.4609528265120106,0.05000000000000002,4.259190700317462,-8.326672684688674e-17,0.08753868816462407,0,True,0.00014020680578575768
2015-10-31,blend,diag,45,0.047446635981178875,7.984198565915218,0.05,0.8118623781234714,9.324138683375338e-17,0.07186429102863796,0,True,0.0014677676331799725
2015-11-30,blend,mv,46,0.0476318993807739,2.589126388101486,0.05,3.352265865420522,5.551115123125783e-17,0.10000000061242276,1,True,-0.011889106242314328
2015-11-30,blend,diag,46,0.0476318993807739,6.473729529010999,0.05000000000000001,0.9114629898235519,-6.245004513516506e-17,0.07764015019428205,0,True,0.011459119077027525
2015-12-31,blend,mv,45,0.04876297238241507,2.797946235011002,0.05,3.4687128095254995,-1.1796119636642288e-16,0.10000000045336281,1,True,0.0030409634262237705
2015-12-31,blend,diag,45,0.04876297238241507,6.7015968805381325,0.05000000000000001,1.009136365980873,-7.892991815694472e-17,0.08409452031461347,0,True,0.004040018497829433
2016-01-31,blend,mv,44,0.049221545150153624,3.330241625328815,0.05000000000000001,3.5549770946414148,1.3877787807814457e-17,0.08569166465483485,0,True,-0.04698930254494903
2016-01-31,blend,diag,44,0.049221545150153624,6.273916946164137,0.049999999999999996,1.2164758657039874,-1.491862189340054e-16,0.06067114513982359,0,True,-0.027017597482280286
2016-02-29,blend,mv,45,0.04812721067853033,2.770072170396484,0.05000000000000002,3.1975469634601352,2.3592239273284576e-16,0.08857506171758203,0,True,-0.0011935515308476043
2016-02-29,blend,diag,45,0.04812721067853033,7.401832886521681,0.05000000000000002,1.0343153125895999,-9.020562075079397e-17,0.048660606521331216,0,True,-0.015676982921864445
2016-03-31,blend,mv,44,0.046760055802834835,2.9682732090177044,0.04999999999999999,3.013452962600005,6.765421556309548e-17,0.0698138942373096,0,True,0.014700514557899945
2016-03-31,blend,diag,44,0.046760055802834835,6.08456876649693,0.05,1.0919851516117511,-6.938893903907228e-18,0.046228084098988535,0,True,-0.012785548848075465
2016-04-30,blend,mv,44,0.045474660276845776,2.9967221341312213,0.04999999999999999,3.1477072199802087,-3.469446951953614e-17,0.07008167177468516,0,True,-0.008384932916538057
2016-04-30,blend,diag,44,0.045474660276845776,5.96890385005704,0.05,1.2110743962966966,-5.551115123125783e-17,0.04292581441260625,0,True,0.004927776572800131
2016-05-31,blend,mv,44,0.04589746954245678,3.3798527290366533,0.05000000000000002,3.304698889342591,-6.938893903907228e-18,0.0795103152284637,0,True,0.03171853086783925
2016-05-31,blend,diag,44,0.04589746954245678,4.69214024644861,0.05,1.2597253501586712,5.551115123125783e-17,0.05172754339917846,0,True,0.03529042037351017
2016-06-30,blend,mv,44,0.04740783634310666,3.450268731596645,0.05000000000000002,3.3574359038825587,5.551115123125783e-17,0.07394320620852848,0,True,0.00914941166030374
2016-06-30,blend,diag,44,0.04740783634310666,4.700012640849436,0.049999999999999996,1.2757105820625032,6.938893903907228e-18,0.047661448384966054,0,True,-0.01093267874523665
2016-07-31,blend,mv,45,0.046281161945934984,2.582297218767674,0.049999999999999996,3.266706992032308,-2.7755575615628914e-17,0.09177874653639775,0,True,0.015192632505343192
2016-07-31,blend,diag,45,0.046281161945934984,4.509731824541118,0.049999999999999996,1.0499598979895315,6.938893903907228e-18,0.0521846098304068,0,True,-0.008360047975184156
2016-08-31,blend,mv,44,0.045617933501467894,2.3900808753232625,0.04999999999999998,3.199422364434557,5.551115123125783e-17,0.07592925935853793,0,True,0.0015308559422756063
2016-08-31,blend,diag,44,0.045617933501467894,3.7360874024206403,0.049999999999999996,1.101696961832831,7.28583859910259e-17,0.054375260127277336,0,True,0.003727028394561871
2016-09-30,blend,mv,44,0.0457546234071264,2.781186040261354,0.04999999999999999,3.1443613709055738,1.3877787807814457e-17,0.06461592605760952,0,True,0.005694410779880585
2016-09-30,blend,diag,44,0.0457546234071264,3.671938269604962,0.05,1.3307261882053105,-3.8163916471489756e-17,0.06674203913974792,0,True,-0.0036141613685783734
2016-10-31,blend,mv,44,0.045321405164894205,2.599694748140707,0.05,2.9140970448893775,-1.1796119636642288e-16,0.073764431647388,0,True,-0.046071821579291725
2016-10-31,blend,diag,44,0.045321405164894205,3.8059930723933633,0.049999999999999996,1.1035337432982932,-1.0755285551056204e-16,0.061010135675416396,0,True,-0.019902080372029368
2016-11-30,blend,mv,45,0.04437963645819194,2.5549508709025757,0.05000000000000002,3.3145696314121906,-1.1102230246251565e-16,0.06443015237081744,0,True,-0.0012358332537840838
2016-11-30,blend,diag,45,0.04437963645819194,4.048503955121513,0.049999999999999996,1.1378991460924022,-9.378348791999613e-17,0.06639287477933632,0,True,-0.006217012332825801
2016-12-31,blend,mv,45,0.043646681848417246,2.512571592771574,0.05000000000000002,3.3314877832188436,-2.7755575615628914e-17,0.061648572817500996,0,True,0.0184088463128848
2016-12-31,blend,diag,45,0.043646681848417246,5.711295590890129,0.05,0.8056910746408341,4.85722573273506e-17,0.06362878068334663,0,True,0.010509569839795578
2017-01-31,blend,mv,44,0.04440844371033258,2.674448198497077,0.04999999999999996,3.288081783444933,-5.551115123125783e-17,0.06274365698508226,0,True,-0.006287817886734208
2017-01-31,blend,diag,44,0.04440844371033258,6.578485302129356,0.05000000000000001,0.8265633393432493,-3.729655473350135e-17,0.05738171785760725,0,True,-0.006879529549658716
2017-02-28,blend,mv,44,0.04384483440805865,2.7548733134071957,0.04999999999999999,3.725671792492065,1.3877787807814457e-17,0.06352340348490565,0,True,-0.01765165804247213
2017-02-28,blend,diag,44,0.04384483440805865,6.659583953356425,0.05,0.8862466795324644,-6.938893903907228e-18,0.05760702636348605,0,True,-0.006908461174324431
2017-03-31,blend,mv,44,0.042756737916139806,2.810193097286296,0.05000000000000002,3.875752038575104,2.7755575615628914e-17,0.06576083162307544,0,True,0.04316654796906467
2017-03-31,blend,diag,44,0.042756737916139806,5.717036232274101,0.05,1.0422203383342425,-3.469446951953614e-17,0.0607350527546637,0,True,0.006289903049996164
2017-04-30,blend,mv,46,0.04322965151779574,3.1360128916477934,0.05,4.662984001720253,-6.938893903907228e-17,0.06018857321495915,0,True,0.030034490911219885
2017-04-30,blend,diag,46,0.04322965151779574,5.085185696932535,0.05,1.2242857814750612,-6.938893903907228e-18,0.08309536152453201,0,True,0.006653194975994076
2017-05-31,blend,mv,46,0.04306983848722312,3.3941893622279187,0.05,4.774641023822471,1.3877787807814457e-17,0.06129608638445465,0,True,-0.05596884319027087
2017-05-31,blend,diag,46,0.04306983848722312,4.948269469094162,0.04999999999999999,1.3543058892308346,2.7755575615628914e-17,0.06588501999564975,0,True,-0.005113490321213102
2017-06-30,blend,mv,46,0.04286656890885039,2.8638378641580786,0.05000000000000002,4.410801118009039,3.191891195797325e-16,0.06847186785880517,0,True,0.008654972678489997
2017-06-30,blend,diag,46,0.04286656890885039,5.279042665397014,0.049999999999999996,1.292958219702273,6.245004513516506e-17,0.05785819911079547,0,True,0.002467285784542339
2017-07-31,blend,mv,46,0.04285254106409905,3.0849496118761133,0.05,4.1994003866843865,7.979727989493313e-17,0.0707909603206748,0,True,0.019167752081796538
2017-07-31,blend,diag,46,0.04285254106409905,5.513123443168919,0.05000000000000001,1.233726540084105,-4.85722573273506e-17,0.049775432822893546,0,True,0.011797055129486457
2017-08-31,blend,mv,46,0.04352762357062233,3.3585053221242425,0.049999999999999996,4.674561353501045,-1.9081958235744878e-16,0.06047918306000848,0,True,-0.015806556484779057
2017-08-31,blend,diag,46,0.04352762357062233,4.818963828987266,0.049999999999999996,1.4139903739928068,-3.469446951953614e-17,0.07484439007502515,0,True,0.010107611316310878
2017-09-30,blend,mv,45,0.04422464608351772,2.800807687551644,0.05000000000000001,3.77584603497712,3.0531133177191805e-16,0.0597453810253549,0,True,0.031135595821804963
2017-09-30,blend,diag,45,0.04422464608351772,4.720315261639801,0.05000000000000001,1.5017146880574197,1.3877787807814457e-17,0.0820983291936648,0,True,0.029273536419448933
2017-10-31,blend,mv,45,0.04564111903860454,2.6812993362937823,0.05,3.7292285343241627,-1.0755285551056204e-16,0.09868587936393113,0,True,-0.010490822346719572
2017-10-31,blend,diag,45,0.04564111903860454,6.045743832799648,0.05,1.2041375212153917,-1.3877787807814457e-17,0.06120692674365543,0,True,-0.006950788219023019
2017-11-30,blend,mv,45,0.045156931242898664,2.562146830895814,0.05000000000000005,3.6850577664082564,-4.163336342344337e-17,0.08922752505241319,0,True,-0.00955971755921074
2017-11-30,blend,diag,45,0.045156931242898664,5.149924315975497,0.049999999999999996,1.4055230265187049,-4.85722573273506e-17,0.06155696074345686,0,True,-0.017494302168739907
2017-12-31,blend,mv,46,0.04370397802261622,2.723795750274592,0.04999999999999999,4.1962467918511965,2.220446049250313e-16,0.09632743990134626,0,True,0.00878431217892415
2017-12-31,blend,diag,46,0.04370397802261622,5.362328534274569,0.05000000000000001,1.3765544206208895,-6.938893903907228e-17,0.06355191634666138,0,True,0.022827623198236516
2018-01-31,blend,mv,46,0.04458307100284231,2.9213858539569935,0.05,3.7655447930002968,-8.326672684688674e-17,0.08176884217346168,0,True,0.0026463879740519706
2018-01-31,blend,diag,46,0.04458307100284231,4.952392965125652,0.05,1.4661529006859035,-6.938893903907228e-17,0.06303856878894266,0,True,0.010467085896657203
2018-02-28,blend,mv,46,0.04536303634315327,2.7713718731475154,0.05000000000000002,3.5651194692482004,1.1796119636642288e-16,0.0900390968977794,0,True,0.013330217296814238
2018-02-28,blend,diag,46,0.04536303634315327,4.981144883674502,0.049999999999999996,1.4421006821900682,-1.1102230246251565e-16,0.07023848511382559,0,True,0.0024965856971172974
2018-03-31,blend,mv,46,0.04533447019443346,2.6517856813575613,0.05,3.7845259393405404,-6.938893903907228e-17,0.08054258414866516,0,True,-0.04417616492304848
2018-03-31,blend,diag,46,0.04533447019443346,5.217372762018241,0.05,1.3949245455974413,-1.3877787807814457e-17,0.0838777873311754,0,True,0.00056969639762356
2018-04-30,blend,mv,46,0.04524785778864313,2.785324159174285,0.05000000000000001,2.9593139650727878,-1.5265566588595902e-16,0.07064074989967595,0,True,0.015032076332819104
2018-04-30,blend,diag,46,0.04524785778864313,5.059786891108043,0.049999999999999996,1.418250942709229,0.0,0.06188069485834375,0,True,0.021733197543647293
2018-05-31,blend,mv,45,0.04620617633645782,2.792804667881914,0.04999999999999999,2.9348936580369136,-1.942890293094024e-16,0.06868839874110572,0,True,0.001491025622202344
2018-05-31,blend,diag,45,0.04620617633645782,5.710892220351723,0.04999999999999999,1.2758186633331419,-1.1796119636642288e-16,0.04972990250405246,0,True,-0.00885400746188268
2018-06-30,blend,mv,45,0.04563676610394739,2.773908391477723,0.05000000000000002,3.098159405328719,-2.7755575615628914e-17,0.06873456896448508,0,True,-0.020713972128734368
2018-06-30,blend,diag,45,0.04563676610394739,5.820069456305862,0.05000000000000001,1.1938262549342955,4.163336342344337e-17,0.06309942449104079,0,True,-0.013732667913059155
2018-07-31,blend,mv,45,0.04491947381613787,2.899053940236435,0.050000000000000024,3.505824024413905,4.163336342344337e-17,0.08226806961551203,0,True,0.01679164086936533
2018-07-31,blend,diag,45,0.04491947381613787,4.8449428060651645,0.05,1.3558435777393683,-4.163336342344337e-17,0.06325633215278788,0,True,0.020593484304902567
2018-08-31,blend,mv,46,0.045496273074460705,3.018796992065361,0.05000000000000002,3.4782956204666147,6.938893903907228e-17,0.08682106603843488,0,True,0.023546097848878053
2018-08-31,blend,diag,46,0.045496273074460705,4.81929249399399,0.05000000000000002,1.377169728512551,2.7755575615628914e-17,0.06142558233902071,0,True,0.003699172211302635
2018-09-30,blend,mv,46,0.04551084886698339,2.8429834082578895,0.05000000000000001,3.6921818653667113,6.938893903907228e-17,0.10000000066988758,1,True,-0.059831784757612125
2018-09-30,blend,diag,46,0.04551084886698339,4.8344757564683665,0.050000000000000024,1.4255922256460942,-3.469446951953614e-17,0.07217663411131979,0,True,-0.023141933629121737
2018-10-31,blend,mv,46,0.04477526973076078,2.5810679719288414,0.05,3.43584020850761,-1.942890293094024e-16,0.08246829256013806,0,True,-0.011750680559872436
2018-10-31,blend,diag,46,0.04477526973076078,4.933735385063475,0.04999999999999999,1.4017664694369347,-1.3877787807814457e-17,0.06762564105375135,0,True,-0.02297473618854633
2018-11-30,blend,mv,46,0.04364569102619337,2.6688689996600954,0.05,3.6712369810267442,-2.7755575615628914e-17,0.06001955143102961,0,True,0.004800081451649048
2018-11-30,blend,diag,46,0.04364569102619337,5.208559535837557,0.049999999999999996,1.3402518701455366,-4.5102810375396984e-17,0.05329360337911422,0,True,0.0030779201046685655
2018-12-31,blend,mv,46,0.04406890984464788,2.6976337384750684,0.05,4.005493390157849,8.326672684688674e-17,0.07149611125719146,0,True,-0.02028829273014342
2018-12-31,blend,diag,46,0.04406890984464788,6.187556192098629,0.05,1.1863555331573885,-4.5102810375396984e-17,0.06101824328677156,0,True,-0.009602954447027271
2019-01-31,blend,mv,46,0.04336933456612917,2.7517163048858517,0.049999999999999996,4.30428716714063,-1.1102230246251565e-16,0.07681564325490892,0,True,0.03799777685483614
2019-01-31,blend,diag,46,0.04336933456612917,6.130153282709114,0.049999999999999996,1.1611893511199252,-2.905661822261152e-17,0.04820241220453571,0,True,0.0017187048408654434
2019-02-28,blend,mv,46,0.04345748393713701,2.9786182512978963,0.04999999999999998,4.01102539761613,1.1102230246251565e-16,0.06404652982138671,0,True,-0.032178742457188166
2019-02-28,blend,diag,46,0.04345748393713701,5.90825098198625,0.05,1.2054135206817094,-3.469446951953614e-17,0.05673556962951727,0,True,0.014424523228248746
2019-03-31,blend,mv,46,0.04416044533041077,2.9778245723618584,0.05,3.5322944921609976,1.942890293094024e-16,0.06818445711420618,0,True,-0.011176577237482534
2019-03-31,blend,diag,46,0.04416044533041077,5.546475354894316,0.049999999999999996,1.3191829831754904,2.168404344971009e-17,0.07201675070709934,0,True,-0.003890654584312999
2019-04-30,blend,mv,46,0.04391743907085675,2.611080824398978,0.05,3.47067265754086,-4.163336342344337e-17,0.08296657401366593,0,True,0.0006892403605867206
2019-04-30,blend,diag,46,0.04391743907085675,6.188556833450436,0.05000000000000001,1.1434677245840448,6.483528991463317e-17,0.08544293949662898,0,True,0.020039662348414172
2019-05-31,blend,mv,46,0.044610694250801324,2.581563673114862,0.050000000000000024,3.483896082088308,-8.326672684688674e-17,0.07352008233791618,0,True,-0.015335147915874111
2019-05-31,blend,diag,46,0.044610694250801324,6.829257655265986,0.049999999999999996,0.9739943194674684,-2.42861286636753e-17,0.07409963029662775,0,True,-0.018572861368890376
2019-06-30,blend,mv,47,0.04322517186612147,2.5656209740154723,0.04999999999999997,4.054828843232269,1.6653345369377348e-16,0.06937801890845427,0,True,0.06522881257824747
2019-06-30,blend,diag,47,0.04322517186612147,6.889377035245221,0.05,0.9836279711118199,4.163336342344337e-17,0.07004902881861323,0,True,0.013564385704469155
2019-07-31,blend,mv,47,0.043892250343396444,2.821898164126766,0.05000000000000002,4.255662636514845,-1.3877787807814457e-17,0.057130721529308634,0,True,0.06353002225458046
2019-07-31,blend,diag,47,0.043892250343396444,6.8277644990997715,0.05,1.0272628646126711,2.6020852139652106e-17,0.07675059713789072,0,True,0.030158911663548716
2019-08-31,blend,mv,47,0.04546847432880128,2.9920425109115865,0.05000000000000002,3.3231044376003958,9.71445146547012e-17,0.06600468648208188,0,True,0.011738936714857965
2019-08-31,blend,diag,47,0.04546847432880128,6.482053662124689,0.05000000000000001,0.9486918858561827,2.3527187142935446e-17,0.08217321180314176,0,True,-0.014009437607668495
2019-09-30,blend,mv,47,0.0444856571447585,2.7909919604956066,0.05,3.09267947258314,1.1102230246251565e-16,0.07651321501059634,0,True,0.006634378121547161
2019-09-30,blend,diag,47,0.0444856571447585,6.589957084088187,0.04999999999999999,0.9151964989761281,-1.3877787807814457e-17,0.07122287978092089,0,True,-0.007381099488338061
2019-10-31,blend,mv,47,0.04399341659724832,2.9015560779975207,0.05000000000000001,3.2669396674044515,1.1102230246251565e-16,0.06764070635294774,0,True,0.011034664153190555
2019-10-31,blend,diag,47,0.04399341659724832,5.115952035499816,0.05,1.2196599652290887,-3.8163916471489756e-17,0.057268332773534,0,True,0.0044228403161365
2019-11-30,blend,mv,46,0.043805605265672634,3.1829132695589006,0.05,3.6582450348228477,-6.938893903907228e-17,0.05524267558654173,0,True,0.0035386087110505443
2019-11-30,blend,diag,46,0.043805605265672634,3.8170465243489993,0.05,1.719757847615912,2.0816681711721685e-17,0.056080894752128484,0,True,-0.013063443348552216
2019-12-31,blend,mv,45,0.04312234083856747,2.8761562244648466,0.049999999999999996,3.14911139873272,-9.71445146547012e-17,0.07040322465308704,0,True,0.015454797815657837
2019-12-31,blend,diag,45,0.04312234083856747,3.7418993284056388,0.04999999999999999,1.6661489458710108,7.28583859910259e-17,0.05879483848981429,0,True,0.03610089820135044
2020-01-31,blend,mv,45,0.043827838362003005,3.477557336158689,0.04999999999999997,3.211952234179362,-2.7755575615628914e-17,0.07597613090726067,0,True,-0.021211431799656434
2020-01-31,blend,diag,45,0.043827838362003005,3.420646991064718,0.05,1.765245883720452,-3.8163916471489756e-17,0.07827755759246723,0,True,-0.0019302802629246516
2020-02-29,blend,mv,46,0.04374274680485606,2.683746083354313,0.04999999999999998,2.7388166582471922,0.0,0.07521596289891913,0,True,0.05498791717536882
2020-02-29,blend,diag,46,0.04374274680485606,5.179987855879748,0.049999999999999996,1.0510188766466144,2.949029909160572e-17,0.06029047728546402,0,True,0.04123029565590406
2020-03-31,blend,mv,45,0.04443028142861165,3.1843337832225695,0.05000000000000002,3.1765843808833596,-2.7755575615628914e-17,0.06669407080068071,0,True,0.04021704304463012
2020-03-31,blend,diag,45,0.04443028142861165,4.357955655814744,0.05,1.2441337411717723,-1.734723475976807e-18,0.062483749569874014,0,True,0.011022704789134852
2020-04-30,blend,mv,46,0.045123831449993684,2.9205128307213255,0.049999999999999996,3.080597593911524,-8.326672684688674e-17,0.0735886871847034,0,True,0.035098836464518036
2020-04-30,blend,diag,46,0.045123831449993684,6.589073905539102,0.05,0.7538003621422972,-6.418476861114186e-17,0.05198485956514483,0,True,-0.005375326488748311
2020-05-31,blend,mv,45,0.04432078202113973,2.84303869080057,0.050000000000000024,2.92134058705445,8.326672684688674e-17,0.07456716407823412,0,True,0.001292964738218243
2020-05-31,blend,diag,45,0.04432078202113973,5.006900334502651,0.05,0.9422194569719097,1.3877787807814457e-17,0.08024223268443735,0,True,0.007225921237276527
2020-06-30,blend,mv,45,0.04436467729230026,3.0087831506266776,0.049999999999999975,2.9379712085048353,5.551115123125783e-17,0.07019307155436469,0,True,0.01654793046259321
2020-06-30,blend,diag,45,0.04436467729230026,5.096707920382042,0.05000000000000001,0.9540257313099118,6.938893903907228e-18,0.07434935999976586,0,True,0.027733603835412183
2020-07-31,blend,mv,45,0.045284015835092936,3.010496252064572,0.04999999999999997,3.0897279768145034,-2.7755575615628914e-17,0.061331290143088045,0,True,0.08445273954121096
2020-07-31,blend,diag,45,0.045284015835092936,4.718653713744418,0.05000000000000001,1.0877813188990844,-1.3877787807814457e-17,0.07274698948319915,0,True,0.03143602597299382
2020-08-31,blend,mv,45,0.04525970962399905,2.9361800605113757,0.049999999999999996,3.3682177868925494,-1.1102230246251565e-16,0.05622627784181313,0,True,-0.011996360845767546
2020-08-31,blend,diag,45,0.04525970962399905,4.628637674516247,0.05,1.0849356845665314,7.979727989493313e-17,0.07264093846989104,0,True,-0.0065326189912428305
2020-09-30,blend,mv,45,0.044868714905024795,2.6445742032510378,0.049999999999999996,3.146212742405124,-1.3877787807814457e-16,0.05791601285144346,0,True,-0.02539547308332105
2020-09-30,blend,diag,45,0.044868714905024795,4.449254214230423,0.049999999999999996,1.0758883675744086,3.122502256758253e-17,0.08045148576686739,0,True,-0.006923573442227281
2020-10-31,blend,mv,45,0.04450216544376819,2.587752705895139,0.04999999999999999,2.926619336284362,5.551115123125783e-17,0.058649670345877626,0,True,-0.009047462679696762
2020-10-31,blend,diag,45,0.04450216544376819,4.509006529550081,0.049999999999999996,1.1128288302357456,5.204170427930421e-17,0.06368322495836524,0,True,-0.03164684929808651
2020-11-30,blend,mv,45,0.04329368649361393,2.784105805028803,0.050000000000000024,3.137373474900408,1.1102230246251565e-16,0.054640556909485744,0,True,0.011647513084795516
2020-11-30,blend,diag,45,0.04329368649361393,4.56075685324344,0.049999999999999996,1.0683038141400696,1.1102230246251565e-16,0.05215646982934104,0,True,0.009193284635100035
2020-12-31,blend,mv,45,0.043367695392936514,2.5438404607039997,0.04999999999999999,2.9948174238785183,-4.163336342344337e-17,0.07160870160726596,0,True,0.00776647716108228
2020-12-31,blend,diag,45,0.043367695392936514,3.9812042453978473,0.05000000000000002,1.2352654508663257,2.42861286636753e-17,0.0524766433388288,0,True,0.02350741716507942
2021-01-31,blend,mv,45,0.04416438037990085,2.630822523888701,0.05000000000000002,3.0205241096921993,-2.7755575615628914e-17,0.08151920646775737,0,True,-0.0619713497263305
2021-01-31,blend,diag,45,0.04416438037990085,4.574338858629962,0.05,1.064012053260239,2.7755575615628914e-17,0.06039031338802263,0,True,-0.021665544271740222
2021-02-28,blend,mv,45,0.043571935879352985,2.4735287818380276,0.050000000000000024,3.151273308490061,-1.231653667943533e-16,0.0934283236523912,0,True,-0.04394081316663916
2021-02-28,blend,diag,45,0.043571935879352985,4.749262678491737,0.05,0.9382144218812128,6.938893903907228e-18,0.08225256129424063,0,True,-0.029901870591628247
2021-03-31,blend,mv,44,0.042219246026131675,2.4566312768193277,0.05,3.5003554914776145,8.673617379884035e-17,0.058198664044786214,0,True,0.014351069631611276
2021-03-31,blend,diag,44,0.042219246026131675,6.444395110864317,0.05,0.6887947376952671,1.3877787807814457e-17,0.06256311793876763,0,True,0.000712341163275051
2021-04-30,blend,mv,44,0.04234870976094759,2.679226139130986,0.049999999999999996,3.3707028278397964,2.0816681711721685e-17,0.06789933414274374,0,True,-0.021546852302071064
2021-04-30,blend,diag,44,0.04234870976094759,6.644468762210611,0.049999999999999996,0.7006278415089161,-4.85722573273506e-17,0.05732737785226364,0,True,3.295013961238559e-05
2021-05-31,blend,mv,45,0.042181537335477595,2.947319003038218,0.04999999999999999,3.568432993259762,-1.5265566588595902e-16,0.07298061801917194,0,True,-0.010321239693338053
2021-05-31,blend,diag,45,0.042181537335477595,6.131921827822457,0.05000000000000002,0.692176150622117,8.890457814381136e-18,0.06757286899655343,0,True,-0.0015191932840720264
2021-06-30,blend,mv,45,0.041797032052624195,2.8925505996122447,0.04999999999999998,3.7494524596598455,-9.020562075079397e-17,0.08731728722618008,0,True,0.043262515512077465
2021-06-30,blend,diag,45,0.041797032052624195,6.922991113686252,0.05,0.7133303057365155,-4.9439619065339e-17,0.058374607221682785,0,True,0.0034566199016859357
2021-07-31,blend,mv,45,0.04189873948208177,2.723155362254183,0.04999999999999999,3.4790488078857242,1.5959455978986625e-16,0.09421766965228465,0,True,-0.0032077453781098734
2021-07-31,blend,diag,45,0.04189873948208177,7.1723377554278365,0.05000000000000002,0.698239583243431,1.0186079410501314e-16,0.05726726524787999,0,True,0.003939680257965292
2021-08-31,blend,mv,44,0.04199972940116737,2.6737942636325345,0.04999999999999997,3.323092619742072,4.163336342344337e-17,0.08175005971770545,0,True,-0.0295532196330408
2021-08-31,blend,diag,44,0.04199972940116737,6.102793481442742,0.049999999999999996,0.782696802202041,-6.938893903907228e-17,0.06806292185339781,0,True,-0.002048441497592318
2021-09-30,blend,mv,44,0.04144649613922589,2.620405518714196,0.05000000000000006,3.202927139930784,-2.7755575615628914e-17,0.08568048078495946,0,True,-0.004624293932764185
2021-09-30,blend,diag,44,0.04144649613922589,5.897645995588718,0.05,0.7790289156603647,-2.6020852139652106e-18,0.07018035839850513,0,True,0.013722785955519871
2021-10-31,blend,mv,44,0.04217674942452336,2.8239352637651476,0.04999999999999997,3.413807692259061,-1.1796119636642288e-16,0.09400800085304019,0,True,-0.01633313590286619
2021-10-31,blend,diag,44,0.04217674942452336,6.178091266243491,0.049999999999999996,0.7254201988058032,3.469446951953614e-18,0.06047656786991031,0,True,-0.0044107354784158745
2021-11-30,blend,mv,44,0.04186063429207595,3.0393374302995113,0.05,3.533109861370489,6.245004513516506e-17,0.09732734837422675,0,True,0.017228520228509226
2021-11-30,blend,diag,44,0.04186063429207595,5.757415702304091,0.049999999999999996,0.8434262715294873,8.673617379884035e-18,0.06810257693064137,0,True,-0.009728316695600626
2021-12-31,blend,mv,44,0.04123245639299198,2.8775651686786596,0.050000000000000024,3.2424388004631144,6.938893903907228e-17,0.08162297115697402,0,True,0.05393242154013004
2021-12-31,blend,diag,44,0.04123245639299198,5.064640252481516,0.05,0.9866849281914073,2.2551405187698492e-17,0.06799320335407176,0,True,-0.006491399795991206
2022-01-31,blend,mv,44,0.04041008137900463,2.7120813061471782,0.04999999999999997,3.0636887782330176,5.551115123125783e-17,0.10000000071920634,1,True,0.039647679356426865
2022-01-31,blend,diag,44,0.04041008137900463,4.142532738089061,0.05000000000000001,1.0755653229319226,-5.079487178094588e-17,0.07286221863719701,0,True,0.01588023598784556
2022-02-28,blend,mv,46,0.04016746090264251,2.8621505255184734,0.05000000000000003,3.5227626668185152,6.418476861114186e-17,0.08933990551562127,0,True,0.049786765975826174
2022-02-28,blend,diag,46,0.04016746090264251,3.826818195468447,0.05,1.2294293132770664,1.3877787807814457e-17,0.056769577641793904,0,True,0.023795831966702177
2022-03-31,blend,mv,47,0.04072167359034478,2.4196015855965745,0.05,3.113972046668017,4.163336342344337e-17,0.10000000053626755,1,True,0.023062156099713068
2022-03-31,blend,diag,47,0.04072167359034478,3.9008606352492756,0.049999999999999996,0.9150206136207112,-2.42861286636753e-17,0.06335176289458999,0,True,0.015373513518393602
2022-04-30,blend,mv,46,0.04090779161649752,2.28551556882117,0.05000000000000004,3.5336305713977607,5.551115123125783e-17,0.09611134125471173,0,True,0.010922879586067562
2022-04-30,blend,diag,46,0.04090779161649752,4.159076439552385,0.04999999999999999,0.7736500317605862,0.0,0.06765365663953204,0,True,0.000378631596996653
2022-05-31,blend,mv,46,0.04067042939368748,2.4648728431798554,0.049999999999999996,3.609815316173863,1.249000902703301e-16,0.0924766986968598,0,True,-0.01758975441274378
2022-05-31,blend,diag,46,0.04067042939368748,4.189030100199852,0.05,0.8617141917146042,2.6020852139652106e-17,0.06150882868732987,0,True,0.004170239306459083
2022-06-30,blend,mv,46,0.04103562633158597,2.350568456225777,0.05,3.2386398954362137,1.3877787807814457e-17,0.09137312966717953,0,True,0.009257934752430946
2022-06-30,blend,diag,46,0.04103562633158597,4.741054734972533,0.049999999999999996,0.7838837197465908,0.0,0.06838039900546533,0,True,-0.01425357334178109
2022-07-31,blend,mv,46,0.0403100568318403,2.3849496611288856,0.050000000000000024,3.1812704336978457,5.551115123125783e-17,0.08465160674825584,0,True,0.016524612007224975
2022-07-31,blend,diag,46,0.0403100568318403,5.14270946991888,0.05,0.803847112101358,6.722053469410127e-17,0.06294954700269831,0,True,0.021094084740967443
2022-08-31,blend,mv,46,0.04150679100230569,2.6710318783870894,0.04999999999999998,3.3665959186374144,6.938893903907228e-17,0.09094749710515757,0,True,0.0018987921435174892
2022-08-31,blend,diag,46,0.04150679100230569,4.971969002698744,0.05000000000000001,0.8435724956346046,2.905661822261152e-17,0.06494668877772475,0,True,0.009713840128846622
2022-09-30,blend,mv,45,0.0419219979554,2.6800820985807796,0.05,3.291487963507344,-4.163336342344337e-17,0.10000000062107199,1,True,0.0004486442067986236
2022-09-30,blend,diag,45,0.0419219979554,5.002063598706761,0.05000000000000001,0.8396273079664823,1.0408340855860843e-17,0.06416909511411566,0,True,0.01928790463918297
2022-10-31,blend,mv,46,0.04272921115460697,2.563261036950613,0.05000000000000002,3.2692943112249435,-6.938893903907228e-18,0.09501238598340325,0,True,-0.01629588602526447
2022-10-31,blend,diag,46,0.04272921115460697,5.736671554093775,0.05000000000000002,0.8034879228692813,-1.0408340855860843e-17,0.06606340081431372,0,True,-0.016518624002392877
2022-11-30,blend,mv,46,0.042105618028032595,2.452034667826965,0.05000000000000001,3.367084611663835,9.540979117872439e-17,0.09973321189822998,0,True,0.01390543829345319
2022-11-30,blend,diag,46,0.042105618028032595,5.696390799665051,0.05000000000000001,0.747097856577928,-1.9081958235744878e-17,0.0634518360544897,0,True,0.0019195341777527583
2022-12-31,blend,mv,46,0.04238467415612841,2.4640952276431003,0.04999999999999999,3.0722146398155727,-7.979727989493313e-17,0.09760826998111824,0,True,-0.0402234267642576
2022-12-31,blend,diag,46,0.04238467415612841,5.445189744637728,0.05,0.7448970211780547,-4.85722573273506e-17,0.06659732157340596,0,True,-0.02517836444209081
2023-01-31,blend,mv,46,0.04104382874837388,2.481745826474985,0.04999999999999998,3.375797664685929,-1.3877787807814457e-17,0.09954440329901827,0,True,-0.0035784025228244856
2023-01-31,blend,diag,46,0.04104382874837388,5.370395197186806,0.05,0.7840195903779077,-2.7755575615628914e-17,0.04948154746841181,0,True,9.55756657131573e-05
2023-02-28,blend,mv,46,0.04114068130922304,2.9200387449391263,0.05,3.522635727744736,-2.6020852139652106e-18,0.07960080618934173,0,True,0.01864001735775701
2023-02-28,blend,diag,46,0.04114068130922304,4.853488367352775,0.05000000000000002,0.9478490529162765,-3.8163916471489756e-17,0.05359801204189945,0,True,-0.008770515232097147
2023-03-31,blend,mv,46,0.04068944328942484,2.999562029947106,0.04999999999999999,2.801889961540716,0.0,0.09575139855451718,0,True,0.020186914393693575
2023-03-31,blend,diag,46,0.04068944328942484,4.453012776409744,0.05,1.0683456387246977,-4.336808689942018e-19,0.08226318631979798,0,True,0.010554269934347885
2023-04-30,blend,mv,46,0.04095503078694137,3.423505976211567,0.04999999999999998,2.7637345799828306,-3.209238430557093e-17,0.07446487619895273,0,True,0.02704028583347202
2023-04-30,blend,diag,46,0.04095503078694137,3.1158836990273144,0.05000000000000001,1.4752789297071065,1.1275702593849246e-16,0.07657899131481391,0,True,0.030025780535253847
2023-05-31,blend,mv,45,0.04154906627503723,3.44916247118111,0.04999999999999998,2.8459307995642,1.734723475976807e-16,0.07281592356675635,0,True,-0.01275928737635988
2023-05-31,blend,diag,45,0.04154906627503723,3.2950354732189937,0.05,1.3956417338629834,-3.469446951953614e-17,0.07469279146782629,0,True,0.00011229169840083888
2023-06-30,blend,mv,46,0.04129890551202538,3.1423373430048143,0.05000000000000004,2.923881089425861,1.457167719820518e-16,0.06482109421438165,0,True,-0.017916700846279537
2023-06-30,blend,diag,46,0.04129890551202538,4.012243718664865,0.05000000000000001,1.1600013120754304,-8.326672684688674e-17,0.06791398021212694,0,True,-0.005640047474907285
2023-07-31,blend,mv,46,0.041053652935426795,2.998530417385968,0.05000000000000002,2.9160359807880445,5.551115123125783e-17,0.08797873706668742,0,True,0.0021460592164076575
2023-07-31,blend,diag,46,0.041053652935426795,3.824053943995587,0.05,1.3390896579003124,4.85722573273506e-17,0.07708363730815444,0,True,0.0013820212817518712
2023-08-31,blend,mv,47,0.04111063338754518,3.0456149747185077,0.05000000000000003,3.2188512108416725,4.163336342344337e-17,0.08277948122364788,0,True,-0.0019695412700087792
2023-08-31,blend,diag,47,0.04111063338754518,4.530672011166832,0.05,1.114805472376845,-8.673617379884035e-17,0.07830613084362144,0,True,-0.014743971622828915
2023-09-30,blend,mv,47,0.04040464236522544,3.062115811886735,0.04999999999999999,3.3402636421568235,-8.326672684688674e-17,0.07606238983682835,0,True,0.008601419518873644
2023-09-30,blend,diag,47,0.04040464236522544,4.715133215397416,0.05,1.0981166407309804,0.0,0.07307378601072902,0,True,0.00492044583265803
2023-10-31,blend,mv,47,0.040488897708674275,3.162694951019962,0.04999999999999998,3.540012665857165,2.6020852139652106e-18,0.07404335347625625,0,True,0.04771894723539736
2023-10-31,blend,diag,47,0.040488897708674275,4.708346952311541,0.05,1.071094399385193,2.0816681711721685e-17,0.06313113675070847,0,True,0.02534304862899041
2023-11-30,blend,mv,46,0.04157883108904395,3.0708568798443645,0.050000000000000024,3.4735715106439855,-5.204170427930421e-18,0.07114608217738191,0,True,-0.03108574277263485
2023-11-30,blend,diag,46,0.04157883108904395,4.052422889640142,0.049999999999999996,1.3303529980490298,-1.3183898417423734e-16,0.07301007345829036,0,True,-0.001952041304210145
2023-12-31,blend,mv,46,0.04128044496067389,3.3151893359369513,0.05000000000000002,3.9504299295029592,3.0531133177191805e-16,0.09974383884750816,0,True,0.04130614491503564
2023-12-31,blend,diag,46,0.04128044496067389,5.363763092242341,0.05,0.8655173827357652,-3.469446951953614e-17,0.07595743588350941,0,True,0.00925378583739763
2024-01-31,blend,mv,46,0.04205327329756162,3.247237823904848,0.049999999999999996,3.3070319372190795,9.71445146547012e-17,0.08424328154788421,0,True,0.0072716608616100985
2024-01-31,blend,diag,46,0.04205327329756162,4.64475971331394,0.05,1.0329744134418621,-5.204170427930421e-17,0.07211643759169442,0,True,0.015788007414898865
2024-02-29,blend,mv,46,0.042931012022908006,3.2959306814189073,0.050000000000000024,2.48680896622477,0.0,0.07185649756788431,0,True,-0.005188153192690249
2024-02-29,blend,diag,46,0.042931012022908006,3.8589949314319254,0.04999999999999998,1.2492701533167636,-1.3877787807814457e-17,0.07812447021912423,0,True,-0.012372342033254592
2024-03-31,blend,mv,46,0.04214955175261628,3.0920140345833484,0.049999999999999996,2.4921325863306394,-1.8735013540549517e-16,0.06670926444584094,0,True,-0.0059280085757787565
2024-03-31,blend,diag,46,0.04214955175261628,4.422689076261628,0.05000000000000001,1.1500776990914894,-3.469446951953614e-17,0.06348581289625382,0,True,-0.020154237653513544
2024-04-30,blend,mv,46,0.041291890844139534,2.9870993889112816,0.04999999999999999,3.0213685289586274,-5.551115123125783e-17,0.06719586027956027,0,True,0.012550733090827678
2024-04-30,blend,diag,46,0.041291890844139534,5.111527237398579,0.05,1.0054420606904326,1.3877787807814457e-17,0.059112964066961315,0,True,0.010318885558885998
2024-05-31,blend,mv,45,0.04168428970620873,3.2651432895162777,0.05000000000000001,2.4429434839010065,-1.249000902703301e-16,0.09179778617622518,0,True,0.014617414077922261
2024-05-31,blend,diag,45,0.04168428970620873,4.184102824984994,0.049999999999999996,1.0912127665869162,-7.979727989493313e-17,0.06675023799347961,0,True,-0.003978104452870995
2024-06-30,blend,mv,46,0.04138652829627718,3.528201329990777,0.04999999999999998,2.572116731120011,5.551115123125783e-17,0.06568296574131052,0,True,-0.011397359514192337
2024-06-30,blend,diag,46,0.04138652829627718,3.2576399341074382,0.05000000000000002,1.5409066467314956,-4.85722573273506e-17,0.044609058294386605,0,True,-0.00013963174175064778
2024-07-31,blend,mv,46,0.0409986036299375,3.2678201432086955,0.049999999999999996,2.779794604994968,-9.611452259083997e-17,0.08841253901891193,0,True,0.0029311475287401574
2024-07-31,blend,diag,46,0.0409986036299375,3.5270766040521275,0.049999999999999996,1.4215639020029787,6.245004513516506e-17,0.05760364574372039,0,True,-0.0004756260723726991
2024-08-31,blend,mv,46,0.04077721225754923,3.407801247425264,0.049999999999999975,3.0571666632186427,-6.938893903907228e-17,0.07567556473993682,0,True,-0.025683829747084365
2024-08-31,blend,diag,46,0.04077721225754923,3.276782967760026,0.04999999999999999,1.5501372922297767,-1.5265566588595902e-16,0.0566570335203894,0,True,-0.0010122618713597755
2024-09-30,blend,mv,46,0.040859613855067096,2.921870319023366,0.05000000000000002,2.547758921213975,6.245004513516506e-17,0.09156888759444447,0,True,0.005837670678925931
2024-09-30,blend,diag,46,0.040859613855067096,3.2791454110560734,0.05,1.4217783434284723,6.245004513516506e-17,0.06390538463217546,0,True,0.0014681249204494162
2024-10-31,blend,mv,46,0.04086338254442582,2.9418807217040612,0.05000000000000001,2.7271628053236103,7.632783294297951e-17,0.10000000000275304,1,True,0.016169128829399814
2024-10-31,blend,diag,46,0.04086338254442582,4.144505068154771,0.05,1.1188511839824098,-1.3877787807814457e-17,0.08430427088748257,0,True,0.0120714045922826
2024-11-30,blend,mv,45,0.04106661204863138,3.186441741838116,0.05,2.97397289240207,1.5959455978986625e-16,0.08811835020434776,0,True,-0.01848333667303947
2024-11-30,blend,diag,45,0.04106661204863138,3.5997206592405284,0.049999999999999996,1.3261534612806078,8.326672684688674e-17,0.06667294961188477,0,True,-0.005975483069652957
2024-12-31,blend,mv,45,0.04081498471297429,3.1031402250212103,0.04999999999999999,3.083429283268784,5.551115123125783e-17,0.10000000000873566,1,True,-0.00800956648015652
2024-12-31,blend,diag,45,0.04081498471297429,3.863912328601448,0.049999999999999996,1.330386970526515,-6.938893903907228e-18,0.06511972263729676,0,True,0.01812634374489431
2025-01-31,blend,mv,45,0.041363706171669484,3.0285090491344713,0.04999999999999999,2.9545323997532735,-5.204170427930421e-17,0.0931298432002464,0,True,0.01060998116357989
2025-01-31,blend,diag,45,0.041363706171669484,3.7583619542289015,0.05,1.1695785816417408,-4.5102810375396984e-17,0.06399663246790678,0,True,-0.011557996342610358
2025-02-28,blend,mv,44,0.04082715299290312,3.1225411524701165,0.05000000000000005,2.7802294638940053,7.632783294297951e-17,0.08598609296984282,0,True,0.026532451856335775
2025-02-28,blend,diag,44,0.04082715299290312,3.4274640014238282,0.05,1.315153798404188,-2.7755575615628914e-17,0.06989483203058874,0,True,-0.004490051173087513
2025-03-31,blend,mv,45,0.0403239387774037,3.1228768914570035,0.04999999999999997,3.183221480348963,6.071532165918825e-17,0.08763496302781516,0,True,0.039616459243179934
2025-03-31,blend,diag,45,0.0403239387774037,3.7610453776793094,0.05,1.2955893728540835,-2.7755575615628914e-17,0.0580455318804773,0,True,0.023156799101068135
2025-04-30,blend,mv,44,0.04105245156631019,3.0539506902373525,0.04999999999999998,3.153963341707709,-1.491862189340054e-16,0.07757715499234775,0,True,-0.014172049243683952
2025-04-30,blend,diag,44,0.04105245156631019,3.8061964317656676,0.049999999999999996,1.3412693964927982,1.3877787807814457e-17,0.055449313307880915,0,True,0.00725411102790032
2025-05-31,blend,mv,44,0.0412337152160815,3.271330309884332,0.049999999999999975,2.985753655613769,2.0816681711721685e-17,0.09278430165193956,0,True,-0.03346411843289277
2025-05-31,blend,diag,44,0.0412337152160815,3.722946374232379,0.05000000000000001,1.3121098714882637,0.0,0.058088163898276805,0,True,-0.006255353066232792
2025-06-30,blend,mv,45,0.04084983155005054,3.1491607812811595,0.05000000000000001,2.8341563383308968,-5.551115123125783e-17,0.08039170558930035,0,True,-0.029262717549210462
2025-06-30,blend,diag,45,0.04084983155005054,3.6001310875379167,0.05000000000000001,1.2989831747422642,0.0,0.05522204687926528,0,True,-0.020716869066580986
2025-07-31,blend,mv,46,0.04007012690362768,2.51078684481589,0.049999999999999996,2.901456261224999,8.326672684688674e-17,0.0630126741748176,0,True,-0.006756655493735066
2025-07-31,blend,diag,46,0.04007012690362768,4.188622368474268,0.05000000000000002,1.1356231469095166,-7.632783294297951e-17,0.060973008465493306,0,True,-0.015828867086475157
2025-08-31,blend,mv,46,0.0392272526417443,2.615259530450738,0.05000000000000003,3.2969071742078766,5.551115123125783e-17,0.05605404722280205,0,True,0.0024872295798695583
2025-08-31,blend,diag,46,0.0392272526417443,4.7324273464123205,0.05000000000000002,1.0601301394331786,-4.5102810375396984e-17,0.06089739616633348,0,True,0.023203157745364886
2025-09-30,blend,mv,46,0.03993723232588813,2.9669054221605733,0.05,3.184240206368316,-3.469446951953614e-17,0.056251732126582014,0,True,0.010897113868144919
2025-09-30,blend,diag,46,0.03993723232588813,4.437369708311806,0.05,1.0893330492770343,-3.122502256758253e-17,0.06502691343301405,0,True,0.01160263548392814
2025-10-31,blend,mv,46,0.04017723129477466,2.942876789025818,0.04999999999999999,3.341721915731,9.71445146547012e-17,0.05259161946969329,0,True,0.0403993836236166
2025-10-31,blend,diag,46,0.04017723129477466,4.76472949478098,0.05,0.9846440853830876,3.9898639947466563e-17,0.07272166249688955,0,True,-0.015925681647945958
2025-11-30,blend,mv,46,0.03925467554959975,2.5814193232354157,0.05000000000000002,3.3120002470048644,1.6653345369377348e-16,0.06125726195565436,0,True,-0.01112130153852447
2025-11-30,blend,diag,46,0.03925467554959975,4.86984608875383,0.05,0.9871526496274597,-4.7704895589362195e-17,0.05635023522697653,0,True,0.004227701062237136
2025-12-31,blend,mv,46,0.039359772221991864,2.6078532188741943,0.05,3.322968945812783,-6.938893903907228e-18,0.07001939585050743,0,True,0.0029177754444668605
2025-12-31,blend,diag,46,0.039359772221991864,4.174717281830389,0.05000000000000001,1.1156376921258164,1.196959198423997e-16,0.06553698639115854,0,True,0.0262112476636141
