strategy,method,month,return_month,gross_return,turnover,rebuild,gross_exposure,net_return_10bps,net_return_20bps,net_return_30bps,variant
blend,mv,1995-01-31,1995-02-28,0.014319128743782567,1.5755178131407124,True,1.5755178131407124,0.012743610930641854,0.011168093117501143,0.00959257530436043,base
blend,mv,1995-02-28,1995-03-31,-0.0022961783215268393,0.90195746383067,False,1.509623047852324,-0.0031981357853575094,-0.00410009324918818,-0.00500205071301885,base
blend,mv,1995-03-31,1995-04-30,0.029579631661747766,0.6875336078140143,False,1.5292191947349876,0.02889209805393375,0.028204564446119736,0.027517030838305725,base
blend,mv,1995-04-30,1995-05-31,-0.0006317084258654392,0.7350316562020414,False,1.657086513366614,-0.0013667400820674806,-0.002101771738269522,-0.002836803394471563,base
blend,mv,1995-05-31,1995-06-30,0.01615322467993312,0.8600764358412826,False,1.635394801062433,0.015293148244091838,0.014433071808250555,0.013572995372409273,base
blend,mv,1995-06-30,1995-07-31,0.0008804720575090818,0.6183799279575006,False,1.6395864271093974,0.00026209212955158117,-0.00035628779840591945,-0.0009746677263634201,base
blend,mv,1995-07-31,1995-08-31,-0.002050364726920141,0.7218585333049274,False,1.4735552198112054,-0.002772223260225069,-0.003494081793529996,-0.004215940326834923,base
blend,mv,1995-08-31,1995-09-30,0.02084374145601265,0.6764961770377719,False,1.550307113038719,0.020167245278974878,0.019490749101937106,0.018814252924899334,base
blend,mv,1995-09-30,1995-10-31,0.034064932421483084,0.6322777243702059,False,1.518543661272481,0.03343265469711288,0.03280037697274267,0.03216809924837247,base
blend,mv,1995-10-31,1995-11-30,-0.023773037397759735,0.766327385947457,False,1.556459175782655,-0.02453936478370719,-0.02530569216965465,-0.026072019555602108,base
blend,mv,1995-11-30,1995-12-31,-0.0025997930612497023,0.6315997081226166,False,1.449043191422522,-0.003231392769372319,-0.0038629924774949355,-0.004494592185617552,base
blend,mv,1995-12-31,1996-01-31,0.005180662943449901,0.7450733831274694,False,1.6728725288609703,0.004435589560322431,0.003690516177194962,0.0029454427940674923,base
blend,mv,1996-01-31,1996-02-29,0.005868084900699545,0.7240211346854474,False,1.6415725563170558,0.005144063766014098,0.004420042631328651,0.003696021496643203,base
blend,mv,1996-02-29,1996-03-31,-0.023170509295203718,0.7285401977747465,False,1.637341700148034,-0.023899049492978466,-0.02462758969075321,-0.025356129888527958,base
blend,mv,1996-03-31,1996-04-30,-0.009844172709841602,0.6988790524677292,False,1.7300960986161356,-0.010543051762309331,-0.01124193081477706,-0.01194080986724479,base
blend,mv,1996-04-30,1996-05-31,-0.0012254584762297828,0.8612140210811091,False,1.7421638431592381,-0.002086672497310892,-0.002947886518392001,-0.0038091005394731104,base
blend,mv,1996-05-31,1996-06-30,-0.004312314191484581,0.9319058039135477,False,1.8408100202743296,-0.005244219995398129,-0.006176125799311677,-0.007108031603225224,base
blend,mv,1996-06-30,1996-07-31,0.011398671145730472,0.8856806275594677,False,1.9752781741527539,0.010512990518171004,0.009627309890611536,0.008741629263052069,base
blend,mv,1996-07-31,1996-08-31,0.004159266854903112,0.7764055128104149,False,1.7703647487424579,0.003382861342092697,0.002606455829282282,0.001830050316471867,base
blend,mv,1996-08-31,1996-09-30,0.0073200677660764215,0.8129970635882686,False,1.8188420777860377,0.006507070702488153,0.005694073638899884,0.004881076575311616,base
blend,mv,1996-09-30,1996-10-31,0.005907262738666464,1.0226640540071943,False,1.85238814089081,0.00488459868465927,0.0038619346306520753,0.002839270576644881,base
blend,mv,1996-10-31,1996-11-30,-0.010157953687404811,1.035870315592377,False,1.898403357347386,-0.011193824002997187,-0.012229694318589565,-0.013265564634181942,base
blend,mv,1996-11-30,1996-12-31,0.005490316468535463,0.98831333358514,False,1.842735204269361,0.004502003134950324,0.0035136898013651834,0.0025253764677800436,base
blend,mv,1996-12-31,1997-01-31,0.025104474487580245,0.9667061154288918,False,1.8794124286211376,0.024137768372151352,0.023171062256722462,0.02220435614129357,base
blend,mv,1997-01-31,1997-02-28,-0.019931657925952778,0.9170305572528911,False,1.6855432049036778,-0.02084868848320567,-0.02176571904045856,-0.022682749597711452,base
blend,mv,1997-02-28,1997-03-31,0.01155095748284426,0.9158171142277268,False,1.601407175324773,0.010635140368616533,0.009719323254388807,0.00880350614016108,base
blend,mv,1997-03-31,1997-04-30,0.014661504694685499,0.9181667849745297,False,1.7404632817207093,0.01374333790971097,0.01282517112473644,0.01190700433976191,base
blend,mv,1997-04-30,1997-05-31,-0.0019890809039852814,0.9260929467518396,False,1.7380551360823489,-0.002915173850737121,-0.0038412667974889606,-0.0047673597442408,base
blend,mv,1997-05-31,1997-06-30,0.013461036839603138,0.8950118705925757,False,1.6664273359423203,0.012566024969010561,0.011671013098417986,0.010776001227825412,base
blend,mv,1997-06-30,1997-07-31,0.05536017000520651,0.8703923308315841,False,1.671374613730977,0.05448977767437493,0.05361938534354334,0.052748993012711756,base
blend,mv,1997-07-31,1997-08-31,-0.029477192566425205,0.8638016602719015,False,1.616495983510048,-0.030340994226697105,-0.03120479588696901,-0.03206859754724091,base
blend,mv,1997-08-31,1997-09-30,-0.0012164129528417942,0.9274672849985056,False,1.3669701172808937,-0.0021438802378403,-0.0030713475228388055,-0.003998814807837311,base
blend,mv,1997-09-30,1997-10-31,0.0171726038227026,0.9091414683391918,False,1.65400965728888,0.016263462354363406,0.015354320886024215,0.014445179417685023,base
blend,mv,1997-10-31,1997-11-30,0.00020449434956375609,0.9594786340211601,False,1.7536298939568513,-0.000754984284457404,-0.001714462918478564,-0.0026739415524997243,base
blend,mv,1997-11-30,1997-12-31,0.012094827929034041,0.8939078003263129,False,1.5537150370443549,0.011200920128707728,0.010307012328381415,0.009413104528055102,base
blend,mv,1997-12-31,1998-01-31,0.007769942591594838,1.1056613353176599,False,1.6347120256158372,0.0066642812562771785,0.005558619920959519,0.004452958585641859,base
blend,mv,1998-01-31,1998-02-28,-0.004611183377694298,0.9237555742799073,False,1.4374784179305968,-0.005534938951974206,-0.006458694526254112,-0.00738245010053402,base
blend,mv,1998-02-28,1998-03-31,-0.0010610491136892803,1.0121020192233994,False,1.491656797316923,-0.0020731511329126796,-0.003085253152136079,-0.004097355171359479,base
blend,mv,1998-03-31,1998-04-30,-0.018215799379488112,0.8718877577847013,False,1.5986680954300443,-0.019087687137272814,-0.019959574895057515,-0.020831462652842216,base
blend,mv,1998-04-30,1998-05-31,0.02447957127531159,0.7807953700718193,False,1.6557267657888062,0.023698775905239774,0.022917980535167953,0.022137185165096135,base
blend,mv,1998-05-31,1998-06-30,0.05401903609428735,0.7181219455373229,False,1.63283414834543,0.053300914148750024,0.0525827922032127,0.05186467025767538,base
blend,mv,1998-06-30,1998-07-31,0.023149374978526843,0.8610886606277407,False,1.4972098887757934,0.022288286317899104,0.02142719765727136,0.02056610899664362,base
blend,mv,1998-07-31,1998-08-31,0.010468764499010125,0.6717861117808942,False,1.362832727883181,0.009796978387229231,0.009125192275448337,0.008453406163667443,base
blend,mv,1998-08-31,1998-09-30,-0.03945680238657922,0.5459909558370781,False,1.260362070806674,-0.0400027933424163,-0.04054878429825338,-0.04109477525409046,base
blend,mv,1998-09-30,1998-10-31,-0.019837257898333117,0.8477070960838403,False,1.1904130607401,-0.02068496499441696,-0.021532672090500797,-0.02238037918658464,base
blend,mv,1998-10-31,1998-11-30,0.01049481477290099,0.6069529225417208,False,1.3025707828902517,0.009887861850359269,0.009280908927817548,0.008673956005275827,base
blend,mv,1998-11-30,1998-12-31,0.0481909795262368,0.6014096272749442,False,1.4033383930696004,0.047589569898961855,0.04698816027168691,0.046386750644411966,base
blend,mv,1998-12-31,1999-01-31,0.04639847682136625,0.610513624425975,False,1.2564149336282622,0.04578796319694027,0.045177449572514294,0.044566935948088325,base
blend,mv,1999-01-31,1999-02-28,-0.009057362682107682,0.6620022623128998,False,1.2071022619855936,-0.009719364944420583,-0.010381367206733482,-0.011043369469046382,base
blend,mv,1999-02-28,1999-03-31,0.013179982440286108,0.5874871965175839,False,1.1267555917148413,0.012592495243768523,0.01200500804725094,0.011417520850733356,base
blend,mv,1999-03-31,1999-04-30,-0.05146979730433317,0.5048376329395495,False,1.216970418102033,-0.051974634937272716,-0.052479472570212266,-0.052984310203151815,base
blend,mv,1999-04-30,1999-05-31,-0.00525556401913622,0.7182205344274541,False,1.212995414663951,-0.005973784553563674,-0.006692005087991129,-0.007410225622418583,base
blend,mv,1999-05-31,1999-06-30,0.028923615555491822,0.6480708898339689,False,1.3356103307978462,0.028275544665657855,0.027627473775823884,0.026979402885989916,base
blend,mv,1999-06-30,1999-07-31,0.016268160684172778,0.6247915598050915,False,1.3955264801790244,0.015643369124367687,0.015018577564562595,0.014393786004757504,base
blend,mv,1999-07-31,1999-08-31,0.009883712650119265,0.6225382911831803,False,1.3990607455747672,0.009261174358936084,0.008638636067752904,0.008016097776569725,base
blend,mv,1999-08-31,1999-09-30,0.023352075808037727,0.5962016058771258,False,1.2766958080190733,0.0227558742021606,0.022159672596283476,0.02156347099040635,base
blend,mv,1999-09-30,1999-10-31,0.03561231400223949,0.5220979413806945,False,1.209328183901101,0.0350902160608588,0.0345681181194781,0.03404602017809741,base
blend,mv,1999-10-31,1999-11-30,0.019820158278548636,0.6834948356902504,False,1.1793448605461447,0.019136663442858387,0.018453168607168134,0.017769673771477885,base
blend,mv,1999-11-30,1999-12-31,0.04631858783887431,0.5270327764555488,False,1.1305680990410898,0.04579155506241876,0.04526452228596321,0.044737489509507664,base
blend,mv,1999-12-31,2000-01-31,-0.007617095296621885,0.5997907304602169,False,1.1127048981349756,-0.008216886027082102,-0.00881667675754232,-0.009416467488002535,base
blend,mv,2000-01-31,2000-02-29,0.05441522009002533,0.5402876644362931,False,1.185110695623866,0.05387493242558904,0.05333464476115274,0.05279435709671645,base
blend,mv,2000-02-29,2000-03-31,0.0023118345545513567,0.5196213547864188,False,1.1037294313585564,0.0017922131997649378,0.001272591844978519,0.0007529704901921002,base
blend,mv,2000-03-31,2000-04-30,-0.02993162067710583,0.6057111209224478,False,1.0235158270535452,-0.030537331798028276,-0.031143042918950724,-0.03174875403987317,base
blend,mv,2000-04-30,2000-05-31,-0.02066485151863727,0.5756037369674083,False,0.9204025250174462,-0.021240455255604678,-0.021816058992572086,-0.022391662729539494,base
blend,mv,2000-05-31,2000-06-30,0.03290918615630779,0.5522568729650726,False,1.123569657566799,0.032356929283342724,0.03180467241037765,0.03125241553741258,base
blend,mv,2000-06-30,2000-07-31,-0.010515424754431789,0.43007081655900603,False,1.1792006831952857,-0.010945495570990794,-0.011375566387549801,-0.011805637204108807,base
blend,mv,2000-07-31,2000-08-31,0.03735244247773922,0.49484405835732836,False,1.1518811861603973,0.036857598419381896,0.03636275436102457,0.035867910302667234,base
blend,mv,2000-08-31,2000-09-30,-0.0006465984544269289,0.6058028293799809,False,1.120338912690047,-0.0012524012838069096,-0.0018582041131868904,-0.0024640069425668717,base
blend,mv,2000-09-30,2000-10-31,-0.015584765047793051,0.4570417635034375,False,1.1609391181517912,-0.016041806811296487,-0.016498848574799926,-0.016955890338303362,base
blend,mv,2000-10-31,2000-11-30,-0.023446682363140167,0.45602305776212776,False,1.1482618229089736,-0.023902705420902295,-0.024358728478664424,-0.024814751536426552,base
blend,mv,2000-11-30,2000-12-31,0.0009588369753657924,0.49428488546734545,False,1.1750785088290159,0.0004645520898984469,-2.9732795568898607e-05,-0.0005240176810362439,base
blend,mv,2000-12-31,2001-01-31,-0.06278981352024712,0.5451872670862049,False,1.1950044184325057,-0.06333500078733333,-0.06388018805441953,-0.06442537532150573,base
blend,mv,2001-01-31,2001-02-28,0.007326983623992878,0.6727641779976199,False,1.1075355034837153,0.0066542194459952575,0.005981455267997638,0.005308691090000019,base
blend,mv,2001-02-28,2001-03-31,0.009153204875673745,0.5137944871970188,False,1.0738882339645732,0.008639410388476727,0.008125615901279708,0.007611821414082689,base
blend,mv,2001-03-31,2001-04-30,-0.0003998978365258982,0.5798010308911159,False,1.0124798564433095,-0.0009796988674170143,-0.0015594998983081301,-0.002139300929199246,base
blend,mv,2001-04-30,2001-05-31,0.007285603005719059,0.5763769321903371,False,1.0573566412678963,0.006709226073528722,0.006132849141338385,0.005556472209148048,base
blend,mv,2001-05-31,2001-06-30,0.006620331247003985,0.6663548742431952,False,1.1112704465256185,0.00595397637276079,0.0052876214985175946,0.0046212666242744,base
blend,mv,2001-06-30,2001-07-31,0.007086533617634389,0.6194949451159495,False,1.1571001838316715,0.006467038672518439,0.00584754372740249,0.00522804878228654,base
blend,mv,2001-07-31,2001-08-31,0.001352409979068447,0.6600944249526163,False,0.9923836493930115,0.0006923155541158307,3.222112916321444e-05,-0.000627873295789402,base
blend,mv,2001-08-31,2001-09-30,0.024889266424751182,0.5506206457659297,False,0.9829514666237386,0.024338645778985254,0.023788025133219322,0.023237404487453393,base
blend,mv,2001-09-30,2001-10-31,-0.010421007123181673,0.5847520496282584,False,0.9125241195789706,-0.011005759172809932,-0.011590511222438189,-0.012175263272066448,base
blend,mv,2001-10-31,2001-11-30,-0.029922749093647238,0.5084154504866136,False,0.81626928403314,-0.030431164544133853,-0.030939579994620464,-0.031447995445107076,base
blend,mv,2001-11-30,2001-12-31,0.015352279062225587,0.44307401367196164,False,0.9268402483827991,0.014909205048553626,0.014466131034881664,0.014023057021209703,base
blend,mv,2001-12-31,2002-01-31,0.023997633775113932,0.507872216236251,False,0.9818894455870221,0.02348976155887768,0.02298188934264143,0.02247401712640518,base
blend,mv,2002-01-31,2002-02-28,0.01941576491789511,0.4913462278162603,False,1.0154243423132874,0.01892441869007885,0.018433072462262588,0.01794172623444633,base
blend,mv,2002-02-28,2002-03-31,0.009217378024530102,0.4920149318850996,False,1.0729282234423883,0.008725363092645003,0.008233348160759903,0.007741333228874803,base
blend,mv,2002-03-31,2002-04-30,0.03342613049094742,0.4949615334540324,False,0.9535390145178458,0.03293116895749339,0.032436207424039354,0.03194124589058532,base
blend,mv,2002-04-30,2002-05-31,0.008258523005490044,0.38253279222375836,False,0.973285756630123,0.007875990213266286,0.0074934574210425275,0.007110924628818769,base
blend,mv,2002-05-31,2002-06-30,0.0008237761897007085,0.38862186416299016,False,0.9619212114396581,0.00043515432553771835,4.65324613747282e-05,-0.000342089402788262,base
blend,mv,2002-06-30,2002-07-31,-0.017522805837015612,0.3195722688525342,False,0.9007247550677381,-0.017842378105868147,-0.01816195037472068,-0.018481522643573216,base
blend,mv,2002-07-31,2002-08-31,0.0286345715208115,0.3869493801401417,False,0.8876774631067759,0.028247622140671357,0.027860672760531217,0.027473723380391075,base
blend,mv,2002-08-31,2002-09-30,0.02799435956628831,0.4317621481488161,False,0.9905974985188476,0.027562597418139496,0.027130835269990678,0.026699073121841863,base
blend,mv,2002-09-30,2002-10-31,-0.022652998053607782,0.4116820429862854,False,1.071459339557427,-0.023064680096594067,-0.02347636213958035,-0.02388804418256664,base
blend,mv,2002-10-31,2002-11-30,-0.03389111371662467,0.4996589916737448,False,1.049626224043576,-0.03439077270829841,-0.034890431699972156,-0.035390090691645906,base
blend,mv,2002-11-30,2002-12-31,0.02232480308667616,0.4619816765075022,False,0.9460851575146522,0.021862821410168657,0.021400839733661154,0.020938858057153655,base
blend,mv,2002-12-31,2003-01-31,-0.003751182789659133,0.37890352102508046,False,1.0002719066825048,-0.004130086310684213,-0.004508989831709294,-0.004887893352734374,base
blend,mv,2003-01-31,2003-02-28,-0.004596921973458895,0.36936751125013734,False,0.9466597002183461,-0.004966289484709033,-0.00533565699595917,-0.005705024507209307,base
blend,mv,2003-02-28,2003-03-31,-0.015584742495164618,0.49871085656741954,False,1.1219439704930352,-0.016083453351732037,-0.016582164208299457,-0.017080875064866878,base
blend,mv,2003-03-31,2003-04-30,-0.00900374536334585,0.45521916874035084,False,1.2370888688693764,-0.009458964532086202,-0.009914183700826551,-0.010369402869566903,base
blend,mv,2003-04-30,2003-05-31,-0.022444326845125873,0.6209695693419716,False,1.3062431388854372,-0.023065296414467844,-0.023686265983809816,-0.024307235553151788,base
blend,mv,2003-05-31,2003-06-30,-0.000978150336830525,0.5479420490524233,False,1.2770023776189467,-0.0015260923858829482,-0.0020740344349353713,-0.002621976483987795,base
blend,mv,2003-06-30,2003-07-31,-0.0057330001898253345,0.5282665201906408,False,1.19949090326008,-0.006261266710015975,-0.006789533230206616,-0.007317799750397257,base
blend,mv,2003-07-31,2003-08-31,-0.00957925894073966,0.5262652031903412,False,1.103650507470092,-0.010105524143930001,-0.010631789347120342,-0.011158054550310683,base
blend,mv,2003-08-31,2003-09-30,0.014346807641355765,0.6444480905680482,False,1.1802603591209992,0.013702359550787717,0.013057911460219668,0.01241346336965162,base
blend,mv,2003-09-30,2003-10-31,0.020156448247203487,0.5905495169563446,False,0.9795880194318014,0.019565898730247142,0.018975349213290797,0.018384799696334452,base
blend,mv,2003-10-31,2003-11-30,0.01269446600005699,0.5114856176159719,False,1.0340782282871894,0.01218298038244102,0.011671494764825046,0.011160009147209075,base
blend,mv,2003-11-30,2003-12-31,-0.024793439905190267,0.5040814602469349,False,0.9948449136592157,-0.0252975213654372,-0.025801602825684136,-0.026305684285931073,base
blend,mv,2003-12-31,2004-01-31,-0.012687866196748394,0.40431995076835714,False,0.8846165338621013,-0.013092186147516751,-0.01349650609828511,-0.013900826049053466,base
blend,mv,2004-01-31,2004-02-29,0.009340687785304537,0.43030557880106185,False,0.9939844166017716,0.008910382206503475,0.008480076627702414,0.00804977104890135,base
blend,mv,2004-02-29,2004-03-31,0.008254849248194869,0.6639993556094315,False,1.1806639387668607,0.007590849892585437,0.006926850536976006,0.006262851181366574,base
blend,mv,2004-03-31,2004-04-30,-0.033443571060275984,0.4839352113107029,False,1.1451776898305857,-0.03392750627158669,-0.03441144148289739,-0.03489537669420809,base
blend,mv,2004-04-30,2004-05-31,0.003217166820560175,0.45931383438729856,False,1.0761135705317413,0.0027578529861728763,0.0022985391517855776,0.0018392253173982792,base
blend,mv,2004-05-31,2004-06-30,0.002370120211649535,0.813046135793941,False,1.4132609958091193,0.0015570740758555938,0.0007440279400616528,-6.901819573228813e-05,base
blend,mv,2004-06-30,2004-07-31,-0.017092922426595703,0.5996289925787286,False,1.2928117439024636,-0.017692551419174432,-0.01829218041175316,-0.01889180940433189,base
blend,mv,2004-07-31,2004-08-31,-0.008604437978284028,0.6443721495085762,False,1.2842499808411088,-0.009248810127792604,-0.00989318227730118,-0.010537554426809757,base
blend,mv,2004-08-31,2004-09-30,0.022330488054750464,0.7402924241638928,False,1.38258560652671,0.021590195630586572,0.020849903206422677,0.020109610782258786,base
blend,mv,2004-09-30,2004-10-31,-0.017586888162687,0.6872837589869604,False,1.3469869736476014,-0.01827417192167396,-0.018961455680660922,-0.019648739439647882,base
blend,mv,2004-10-31,2004-11-30,0.016041735482721798,0.5934403328909759,False,1.2926591120612023,0.015448295149830822,0.014854854816939846,0.01426141448404887,base
blend,mv,2004-11-30,2004-12-31,-0.0009492688432894717,0.5948830814026265,False,1.3524495017654854,-0.0015441519246920982,-0.0021390350060947246,-0.0027339180874973515,base
blend,mv,2004-12-31,2005-01-31,0.027450884438807284,0.632802870578784,False,1.234259525897394,0.0268180815682285,0.026185278697649715,0.02555247582707093,base
blend,mv,2005-01-31,2005-02-28,0.03227555321916226,0.6442575640247328,False,1.3077991895565293,0.03163129565513753,0.0309870380911128,0.030342780527088064,base
blend,mv,2005-02-28,2005-03-31,-0.0032804753853473644,0.6763409889374906,False,1.1620155285667155,-0.003956816374284855,-0.004633157363222345,-0.005309498352159836,base
blend,mv,2005-03-31,2005-04-30,-0.0015358445364069752,0.5068516912056084,False,1.0308847880279548,-0.0020426962276125834,-0.0025495479188181918,-0.0030563996100238,base
blend,mv,2005-04-30,2005-05-31,0.0070229316329990694,0.43812093186274886,False,1.1435560485201597,0.006584810701136321,0.006146689769273571,0.005708568837410823,base
blend,mv,2005-05-31,2005-06-30,0.012532947285069164,0.36872734683747965,False,1.2119121864105658,0.012164219938231684,0.011795492591394204,0.011426765244556724,base
blend,mv,2005-06-30,2005-07-31,0.001733584398257986,0.3523494092963337,False,1.223544663135528,0.0013812349889616524,0.0010288855796653186,0.0006765361703689849,base
blend,mv,2005-07-31,2005-08-31,0.0012261676372049095,0.5609633487729007,False,1.1010874110953823,0.0006652042884320088,0.00010424093965910814,-0.00045672240911379244,base
blend,mv,2005-08-31,2005-09-30,0.004069873954629564,0.4416517869256987,False,1.0218082506046662,0.003628222167703865,0.0031865703807781665,0.002744918593852468,base
blend,mv,2005-09-30,2005-10-31,-0.019097396763432563,0.3308780377071903,False,1.0772705598595405,-0.019428274801139754,-0.019759152838846942,-0.020090030876554133,base
blend,mv,2005-10-31,2005-11-30,-0.0036638981559108164,0.5053461655825957,False,1.1486167021170315,-0.0041692443214934125,-0.004674590487076008,-0.005179936652658604,base
blend,mv,2005-11-30,2005-12-31,-0.0013182635385084593,0.50004588160661,False,1.1738075317276846,-0.0018183094201150692,-0.002318355301721679,-0.002818401183328289,base
blend,mv,2005-12-31,2006-01-31,0.02815045274025378,0.49546938046349126,False,1.232628863710683,0.02765498335979029,0.0271595139793268,0.026664044598863307,base
blend,mv,2006-01-31,2006-02-28,-0.013623886865757575,0.5792109990674551,False,1.2111596406875413,-0.01420309786482503,-0.014782308863892485,-0.01536151986295994,base
blend,mv,2006-02-28,2006-03-31,0.008004495048308196,0.5662958274478371,False,1.1663115297189344,0.007438199220860359,0.006871903393412522,0.006305607565964685,base
blend,mv,2006-03-31,2006-04-30,0.0245942555457247,0.5236069004440724,False,1.3799568355361842,0.024070648645280628,0.023547041744836555,0.023023434844392482,base
blend,mv,2006-04-30,2006-05-31,-0.024318481016307972,0.5833962168890645,False,1.250237404363016,-0.024901877233197037,-0.0254852734500861,-0.026068669666975165,base
blend,mv,2006-05-31,2006-06-30,0.0003050424638235897,0.5758864793384483,False,1.0523365305459913,-0.0002708440155148586,-0.000846730494853307,-0.001422616974191755,base
blend,mv,2006-06-30,2006-07-31,-0.015823043503342252,0.48329691772800487,False,1.216425140522328,-0.016306340421070258,-0.01678963733879826,-0.017272934256526266,base
blend,mv,2006-07-31,2006-08-31,-0.01645967468658379,0.5139027100819811,False,1.2532477232302863,-0.01697357739666577,-0.017487480106747753,-0.018001382816829732,base
blend,mv,2006-08-31,2006-09-30,0.002921151823941891,0.5413989878445917,False,1.2778922669958772,0.0023797528360972996,0.0018383538482527077,0.001296954860408116,base
blend,mv,2006-09-30,2006-10-31,-0.006469191426657046,0.6040216680934711,False,1.2712384880379681,-0.0070732130947505165,-0.007677234762843987,-0.008281256430937458,base
blend,mv,2006-10-31,2006-11-30,0.004601109186120795,0.6050869355871586,False,1.3391024242699743,0.0039960222505336365,0.0033909353149464776,0.0027858483793593188,base
blend,mv,2006-11-30,2006-12-31,0.0035384236548322285,0.5643170601765382,False,1.4191579109976982,0.0029741065946556904,0.002409789534479152,0.001845472474302614,base
blend,mv,2006-12-31,2007-01-31,0.011070931507929715,0.43414344446391023,False,1.4268461469597111,0.010636788063465805,0.010202644619001895,0.009768501174537984,base
blend,mv,2007-01-31,2007-02-28,0.0019901732403850014,0.6700561106240593,False,1.3076864437671916,0.001320117129760942,0.0006500610191368828,-1.9995091487176424e-05,base
blend,mv,2007-02-28,2007-03-31,0.025091280624494252,0.6016019631830065,False,1.3321346519431336,0.024489678661311246,0.02388807669812824,0.02328647473494523,base
blend,mv,2007-03-31,2007-04-30,-0.009196877886303004,0.5631196978687473,False,1.326816888958245,-0.009759997584171752,-0.010323117282040498,-0.010886236979909246,base
blend,mv,2007-04-30,2007-05-31,0.00032206679365810747,0.5050787602048921,False,1.253289342561527,-0.00018301196654678457,-0.0006880907267516766,-0.0011931694869565686,base
blend,mv,2007-05-31,2007-06-30,-0.0010358223111466957,0.507498089515708,False,1.265125660996,-0.0015433204006624038,-0.002050818490178112,-0.0025583165796938196,base
blend,mv,2007-06-30,2007-07-31,0.012363397701354454,0.5262469694720683,False,1.270052522456872,0.011837150731882386,0.011310903762410316,0.010784656792938248,base
blend,mv,2007-07-31,2007-08-31,-0.006435024142077685,0.5078509802494068,False,1.1721886521580047,-0.006942875122327091,-0.007450726102576499,-0.007958577082825906,base
blend,mv,2007-08-31,2007-09-30,0.0180292560832359,0.5927051257187014,False,1.2361085000001415,0.0174365509575172,0.016843845831798498,0.016251140706079796,base
blend,mv,2007-09-30,2007-10-31,0.01032064317048333,0.6503888030528396,False,1.4869108131729873,0.00967025436743049,0.00901986556437765,0.008369476761324811,base
blend,mv,2007-10-31,2007-11-30,-0.0024644865544314817,0.6566081764642397,False,1.471020425736741,-0.0031210947308957216,-0.0037777029073599614,-0.004434311083824201,base
blend,mv,2007-11-30,2007-12-31,0.011906205096324445,0.6119787793958108,False,1.4334921544270467,0.011294226316928634,0.010682247537532823,0.010070268758137012,base
blend,mv,2007-12-31,2008-01-31,-0.022828442311102714,0.5648210632967092,False,1.393692047828524,-0.023393263374399422,-0.023958084437696134,-0.024522905500992842,base
blend,mv,2008-01-31,2008-02-29,0.05321375623066225,0.5121707378734716,False,1.2537885806047788,0.05270158549278878,0.05218941475491531,0.05167724401704183,base
blend,mv,2008-02-29,2008-03-31,-0.011366345728168956,0.6852155087000661,False,1.4099720802602353,-0.012051561236869021,-0.012736776745569087,-0.013421992254269155,base
blend,mv,2008-03-31,2008-04-30,0.012386160398911392,0.5118801024411371,False,1.3012288518892987,0.011874280296470256,0.011362400194029117,0.010850520091587981,base
blend,mv,2008-04-30,2008-05-31,0.026749852737801016,0.45988147571715093,False,1.4565663280593215,0.026289971262083864,0.025830089786366715,0.025370208310649563,base
blend,mv,2008-05-31,2008-06-30,0.058423732242034954,0.5379394210360725,False,1.37731019833296,0.05788579282099888,0.05734785339996281,0.056809913978926735,base
blend,mv,2008-06-30,2008-07-31,-0.023265853649666685,0.45040126399190594,False,1.2248968362449595,-0.02371625491365859,-0.024166656177650497,-0.0246170574416424,base
blend,mv,2008-07-31,2008-08-31,-0.018887868048250378,0.5707475105655114,False,1.07091140804949,-0.019458615558815888,-0.0200293630693814,-0.02060011057994691,base
blend,mv,2008-08-31,2008-09-30,-0.03465553810065129,0.4908503261439493,False,1.1249322052228405,-0.03514638842679524,-0.03563723875293919,-0.03612808907908314,base
blend,mv,2008-09-30,2008-10-31,0.0392417855258405,0.4531956534457493,False,1.2136789860012072,0.038788589872394745,0.038335394218949,0.03788219856550325,base
blend,mv,2008-10-31,2008-11-30,0.00216906920895316,0.6579656052980295,False,1.3041152392519266,0.0015111036036551304,0.0008531379983571009,0.00019517239305907137,base
blend,mv,2008-11-30,2008-12-31,-0.027069088211593505,0.6322629995782872,False,1.1664422266515948,-0.02770135121117179,-0.02833361421075008,-0.028965877210328367,base
blend,mv,2008-12-31,2009-01-31,0.029436606499609604,0.5397139429255229,False,1.1245295626406966,0.02889689255668408,0.028357178613758558,0.027817464670833035,base
blend,mv,2009-01-31,2009-02-28,0.011998895580744963,0.5663899586662976,False,1.081393390732728,0.011432505622078665,0.010866115663412368,0.01029972570474607,base
blend,mv,2009-02-28,2009-03-31,-0.025488146533161806,0.48846314058300516,False,1.0061900219633682,-0.02597660967374481,-0.026465072814327816,-0.02695353595491082,base
blend,mv,2009-03-31,2009-04-30,-0.11989302976143995,0.5055537813333632,False,0.9309423872791597,-0.12039858354277332,-0.12090413732410668,-0.12140969110544005,base
blend,mv,2009-04-30,2009-05-31,-0.012245852479239002,0.8327844508379003,False,0.805792772220582,-0.013078636930076902,-0.013911421380914803,-0.014744205831752703,base
blend,mv,2009-05-31,2009-06-30,0.004674741236986892,0.3442271103392492,False,0.8030244573776547,0.0043305141266476435,0.003986287016308394,0.0036420599059691448,base
blend,mv,2009-06-30,2009-07-31,-0.018411847868133043,0.40505440650734603,False,0.9052753798432217,-0.01881690227464039,-0.019221956681147734,-0.01962701108765508,base
blend,mv,2009-07-31,2009-08-31,-0.009919528729768541,0.45462890930601263,False,0.9132821304685129,-0.010374157639074554,-0.010828786548380567,-0.01128341545768658,base
blend,mv,2009-08-31,2009-09-30,-0.005098599503160531,0.4256430510602941,False,0.9623135525698441,-0.005524242554220825,-0.005949885605281119,-0.006375528656341414,base
blend,mv,2009-09-30,2009-10-31,0.011344650691521106,0.5973778174556252,False,1.130610424126501,0.01074727287406548,0.010149895056609855,0.00955251723915423,base
blend,mv,2009-10-31,2009-11-30,0.012910257705349629,0.683719987060413,False,0.856300722108006,0.012226537718289215,0.011542817731228804,0.01085909774416839,base
blend,mv,2009-11-30,2009-12-31,-0.00042559312273286666,0.5323170077028737,False,0.9977060227621357,-0.0009579101304357404,-0.001490227138138614,-0.002022544145841488,base
blend,mv,2009-12-31,2010-01-31,-0.011972358962630969,0.4439668117658266,False,0.8959361136503732,-0.012416325774396796,-0.012860292586162623,-0.013304259397928448,base
blend,mv,2010-01-31,2010-02-28,0.013334378692841053,0.36725560267833957,False,0.8225646704225781,0.012967123090162713,0.012599867487484373,0.012232611884806035,base
blend,mv,2010-02-28,2010-03-31,0.007346761582662477,0.609179320818416,False,0.7693498912817173,0.006737582261844061,0.006128402941025644,0.005519223620207229,base
blend,mv,2010-03-31,2010-04-30,0.0060331246550251105,0.5288259374846354,False,0.7625015737541093,0.005504298717540475,0.004975472780055839,0.004446646842571204,base
blend,mv,2010-04-30,2010-05-31,0.006463318848631251,0.532250078748079,False,0.9482944666020623,0.005931068769883172,0.005398818691135093,0.004866568612387014,base
blend,mv,2010-05-31,2010-06-30,-0.010829654752334704,0.5989219179385271,False,0.9390557217131091,-0.011428576670273232,-0.012027498588211758,-0.012626420506150286,base
blend,mv,2010-06-30,2010-07-31,-0.005510132609189986,0.4839315596017221,False,0.9883146925626449,-0.005994064168791708,-0.00647799572839343,-0.006961927287995152,base
blend,mv,2010-07-31,2010-08-31,0.02471134487636947,0.642082804573637,False,0.9907936591046196,0.024069262071795834,0.023427179267222195,0.02278509646264856,base
blend,mv,2010-08-31,2010-09-30,0.014665736738407667,0.499693219224807,False,1.1566519477206194,0.01416604351918286,0.013666350299958052,0.013166657080733246,base
blend,mv,2010-09-30,2010-10-31,0.0005208327115112682,0.5621719496822296,False,1.0442265714144634,-4.1339238170961406e-05,-0.000603511187853191,-0.0011656831375354206,base
blend,mv,2010-10-31,2010-11-30,0.004559172538817004,0.4468974103606828,False,1.025208503186124,0.004112275128456321,0.0036653777180956386,0.0032184803077349557,base
blend,mv,2010-11-30,2010-12-31,-0.03331940432083315,0.48133754207563434,False,1.085714596820241,-0.03380074186290878,-0.034282079404984414,-0.034763416947060054,base
blend,mv,2010-12-31,2011-01-31,-0.018242473443019082,0.7268379993626941,False,1.108106872493283,-0.018969311442381776,-0.01969614944174447,-0.020422987441107165,base
blend,mv,2011-01-31,2011-02-28,0.002638091346592337,0.6019289616273623,False,0.9449397031098657,0.0020361623849649746,0.0014342334233376122,0.0008323044617102498,base
blend,mv,2011-02-28,2011-03-31,0.01425001573269134,0.5149295984765315,False,1.0325063133237131,0.013735086134214808,0.013220156535738277,0.012705226937261744,base
blend,mv,2011-03-31,2011-04-30,0.0016231161794789963,0.42737698183199896,False,1.0766624377977136,0.0011957391976469972,0.0007683622158149983,0.00034098523398299945,base
blend,mv,2011-04-30,2011-05-31,-0.0031432430442758005,0.549729455812335,False,1.0925894140548151,-0.0036929725000881355,-0.0042427019559004705,-0.004792431411712806,base
blend,mv,2011-05-31,2011-06-30,0.007334170693563604,0.41242244720988525,False,1.0448592603780875,0.006921748246353719,0.006509325799143833,0.006096903351933948,base
blend,mv,2011-06-30,2011-07-31,-0.0027728569513798236,0.5283726355578601,False,1.0415432340153552,-0.0033012295869376835,-0.003829602222495544,-0.004357974858053404,base
blend,mv,2011-07-31,2011-08-31,-0.005096147719700345,0.5255242079879539,False,1.217290809241281,-0.0056216719276882985,-0.006147196135676253,-0.0066727203436642065,base
blend,mv,2011-08-31,2011-09-30,-0.02256230719391606,0.5384588666670672,False,1.0517418016082463,-0.023100766060583127,-0.023639224927250194,-0.024177683793917264,base
blend,mv,2011-09-30,2011-10-31,-0.0026322663341483894,0.6730263198151762,False,1.1370594577911637,-0.0033052926539635656,-0.0039783189737787415,-0.004651345293593918,base
blend,mv,2011-10-31,2011-11-30,0.00715400388252949,0.8080303057624515,False,1.0352777694930906,0.006345973576767039,0.005537943271004587,0.0047299129652421355,base
blend,mv,2011-11-30,2011-12-31,0.0069296444528187924,0.505511437345518,False,1.089663390305605,0.006424133015473275,0.005918621578127756,0.005413110140782239,base
blend,mv,2011-12-31,2012-01-31,-0.01720814756670479,0.4262445332862119,False,1.0403666951739767,-0.017634392099991004,-0.018060636633277213,-0.018486881166563426,base
blend,mv,2012-01-31,2012-02-29,0.0022504520635815164,0.41230076297676393,False,1.0642281849144895,0.0018381513006047524,0.0014258505376279883,0.0010135497746512246,base
blend,mv,2012-02-29,2012-03-31,0.010878818059237872,0.454493384158516,False,1.1685111062748332,0.010424324675079356,0.00996983129092084,0.009515337906762324,base
blend,mv,2012-03-31,2012-04-30,0.007203796510757493,0.4960679093818327,False,1.0846551209552229,0.00670772860137566,0.006211660691993828,0.0057155927826119945,base
blend,mv,2012-04-30,2012-05-31,0.016075581942171263,0.39322808546307036,False,1.122342802385948,0.015682353856708194,0.015289125771245122,0.014895897685782053,base
blend,mv,2012-05-31,2012-06-30,-0.014256187140671294,0.3559322203790365,False,1.1960883685085972,-0.01461211936105033,-0.014968051581429368,-0.015323983801808404,base
blend,mv,2012-06-30,2012-07-31,0.028232027678394448,0.4050025425783946,False,1.1399704116809106,0.027827025135816055,0.027422022593237658,0.027017020050659264,base
blend,mv,2012-07-31,2012-08-31,-0.0187290137161004,0.5461214595517473,False,1.12836193837003,-0.019275135175652148,-0.019821256635203895,-0.020367378094755643,base
blend,mv,2012-08-31,2012-09-30,-0.007880871493722064,0.39962124410726263,False,1.0820916304196695,-0.008280492737829328,-0.008680113981936589,-0.009079735226043852,base
blend,mv,2012-09-30,2012-10-31,-0.016507412579699475,0.4658994690636544,False,1.086504311987899,-0.01697331204876313,-0.017439211517826785,-0.01790511098689044,base
blend,mv,2012-10-31,2012-11-30,0.009545978595767063,0.4936273837787095,False,1.1544354998337518,0.009052351211988352,0.008558723828209644,0.008065096444430934,base
blend,mv,2012-11-30,2012-12-31,-0.004187471431986973,0.4003485109932211,False,1.1392583159909622,-0.004587819942980194,-0.004988168453973416,-0.005388516964966636,base
blend,mv,2012-12-31,2013-01-31,0.019476637782289332,0.4837204058313782,False,1.1427372847860013,0.018992917376457953,0.018509196970626574,0.0180254765647952,base
blend,mv,2013-01-31,2013-02-28,0.010470200760087794,0.5027868043389929,False,1.0880685626745814,0.009967413955748801,0.009464627151409808,0.008961840347070815,base
blend,mv,2013-02-28,2013-03-31,0.007181520192567968,0.5331133312105117,False,1.066941170762191,0.006648406861357456,0.0061152935301469445,0.005582180198936432,base
blend,mv,2013-03-31,2013-04-30,0.01624263706485282,0.5081632452535536,False,1.0520620677996202,0.015734473819599266,0.015226310574345711,0.014718147329092157,base
blend,mv,2013-04-30,2013-05-31,-0.005634191992769874,0.42307912208438936,False,1.084867100185265,-0.006057271114854264,-0.006480350236938653,-0.006903429359023042,base
blend,mv,2013-05-31,2013-06-30,0.01809111278171997,0.4420678100536656,False,1.0555367083540974,0.017649044971666306,0.017206977161612638,0.01676490935155897,base
blend,mv,2013-06-30,2013-07-31,0.00932090404167943,0.4955408744585378,False,1.0936896047068938,0.008825363167220893,0.008329822292762355,0.007834281418303817,base
blend,mv,2013-07-31,2013-08-31,-0.004841289395614794,0.44037906300743107,False,0.9571599548803683,-0.005281668458622225,-0.005722047521629656,-0.006162426584637087,base
blend,mv,2013-08-31,2013-09-30,0.02055642358543964,0.4172985714632838,False,0.9343902570374472,0.020139125013976356,0.01972182644251307,0.019304527871049786,base
blend,mv,2013-09-30,2013-10-31,0.005439471072660825,0.3842545471303451,False,1.0075051257541334,0.00505521652553048,0.004670961978400135,0.00428670743126979,base
blend,mv,2013-10-31,2013-11-30,0.019491404000289918,0.37766309858995845,False,0.9982891173766958,0.01911374090169996,0.018736077803110002,0.018358414704520043,base
blend,mv,2013-11-30,2013-12-31,0.004339975964483223,0.35670447558292856,False,1.018296817239453,0.003983271488900294,0.0036265670133173657,0.003269862537734437,base
blend,mv,2013-12-31,2014-01-31,0.00396360753818702,0.3835479154680171,False,1.0085700568916678,0.003580059622719003,0.003196511707250986,0.002812963791782969,base
blend,mv,2014-01-31,2014-02-28,0.013494444311779843,0.5106999253512136,False,1.1295931757488737,0.012983744386428629,0.012473044461077415,0.011962344535726203,base
blend,mv,2014-02-28,2014-03-31,-0.009968255714193857,0.5096119881018248,False,1.0568616253667469,-0.010477867702295682,-0.010987479690397508,-0.011497091678499332,base
blend,mv,2014-03-31,2014-04-30,-0.010689031979807634,0.2881737675202567,False,1.0597315773580127,-0.01097720574732789,-0.011265379514848147,-0.011553553282368404,base
blend,mv,2014-04-30,2014-05-31,0.015148612957452257,0.4594607049208322,False,1.0482245087765014,0.014689152252531425,0.014229691547610593,0.01377023084268976,base
blend,mv,2014-05-31,2014-06-30,-0.011360153171583497,0.4804679389201313,False,1.1338897886250001,-0.011840621110503628,-0.012321089049423759,-0.012801556988343891,base
blend,mv,2014-06-30,2014-07-31,0.01346707833568623,0.46311144277523025,False,1.110436601336886,0.013003966892910999,0.012540855450135769,0.012077744007360539,base
blend,mv,2014-07-31,2014-08-31,-0.007951895095556561,0.5125727281166644,False,1.199774721637631,-0.008464467823673227,-0.00897704055178989,-0.009489613279906555,base
blend,mv,2014-08-31,2014-09-30,0.01968422785800012,0.5900222694734792,False,1.217478693691879,0.01909420558852664,0.018504183319053163,0.017914161049579682,base
blend,mv,2014-09-30,2014-10-31,0.010255428267779483,0.6255586861289231,False,1.4946570681275195,0.00962986958165056,0.009004310895521637,0.008378752209392715,base
blend,mv,2014-10-31,2014-11-30,-0.009569734180676963,0.5700392028499296,False,1.3417449564758237,-0.010139773383526892,-0.010709812586376821,-0.011279851789226752,base
blend,mv,2014-11-30,2014-12-31,0.0007182583719871645,0.5336792013294107,False,1.3380273481297156,0.0001845791706577538,-0.0003491000306716569,-0.0008827792320010675,base
blend,mv,2014-12-31,2015-01-31,-0.006584983487008184,0.48854429608194233,False,1.3965915666391295,-0.007073527783090126,-0.007562072079172069,-0.00805061637525401,base
blend,mv,2015-01-31,2015-02-28,-0.009982815963446287,0.7091675152722791,False,1.2117770270643764,-0.010691983478718567,-0.011401150993990845,-0.012110318509263125,base
blend,mv,2015-02-28,2015-03-31,0.017957766499604427,0.605885244723383,False,1.266845070733503,0.017351881254881043,0.016745996010157662,0.016140110765434278,base
blend,mv,2015-03-31,2015-04-30,-0.0346901936557509,0.602850975446189,False,1.3065663671193415,-0.03529304463119709,-0.035895895606643274,-0.036498746582089465,base
blend,mv,2015-04-30,2015-05-31,0.029266796996366917,0.633295334123411,False,1.1962808604681756,0.028633501662243505,0.028000206328120097,0.027366910993996685,base
blend,mv,2015-05-31,2015-06-30,0.024888607283830196,0.5308734673540564,False,1.2965468428819007,0.02435773381647614,0.023826860349122084,0.023295986881768028,base
blend,mv,2015-06-30,2015-07-31,0.03166164124923109,0.5114697040999409,False,1.2571595424222115,0.03115017154513115,0.03063870184103121,0.03012723213693127,base
blend,mv,2015-07-31,2015-08-31,-0.006873712549016182,0.6029301152455545,False,1.3370151455508488,-0.007476642664261736,-0.00807957277950729,-0.008682502894752846,base
blend,mv,2015-08-31,2015-09-30,0.001278002446444966,0.5305379605309457,False,1.122347134489583,0.0007474644859140203,0.0002169265253830746,-0.0003136114351478712,base
blend,mv,2015-09-30,2015-10-31,0.007305626025544787,0.6029008495815117,False,1.1770648384671245,0.006702725175963275,0.006099824326381764,0.005496923476800251,base
blend,mv,2015-10-31,2015-11-30,0.000541357777163978,0.6924186739800304,False,1.160721443194556,-0.00015106089681605236,-0.0008434795707960828,-0.0015358982447761132,base
blend,mv,2015-11-30,2015-12-31,0.0043351832141871865,0.7209632487538858,False,1.1912443091704588,0.0036142199654333007,0.002893256716679415,0.002172293467925529,base
blend,mv,2015-12-31,2016-01-31,-0.0024722701240000255,0.6060913504000799,False,1.3598627239034722,-0.0030783614744001055,-0.003684452824800185,-0.004290544175200265,base
blend,mv,2016-01-31,2016-02-29,-0.03370463940993335,0.6601341397429301,False,1.403978732186063,-0.034364773549676285,-0.03502490768941921,-0.03568504182916214,base
blend,mv,2016-02-29,2016-03-31,-0.008422532787560586,0.7333032944826176,False,1.504198014672215,-0.009155836082043204,-0.00988913937652582,-0.010622442671008439,base
blend,mv,2016-03-31,2016-04-30,-0.002353227679810034,0.6329896935056308,False,1.4393087338747343,-0.002986217373315665,-0.003619207066821296,-0.004252196760326926,base
blend,mv,2016-04-30,2016-05-31,-0.004930373073944783,0.6229657359913575,False,1.5795764038708315,-0.00555333880993614,-0.006176304545927498,-0.006799270281918855,base
blend,mv,2016-05-31,2016-06-30,0.034177376202981766,0.6200815162585884,False,1.4398659234516942,0.03355729468672318,0.03293721317046459,0.032317131654206,base
blend,mv,2016-06-30,2016-07-31,0.00032663451554642116,0.6333378749994929,False,1.4463499018251862,-0.0003067033594530717,-0.0009400412344525645,-0.0015733791094520576,base
blend,mv,2016-07-31,2016-08-31,-0.002882544027406712,0.6646704555185988,False,1.2509439468333758,-0.0035472144829253108,-0.004211884938443909,-0.004876555393962508,base
blend,mv,2016-08-31,2016-09-30,0.0026991756808243486,0.5845756090209041,False,1.148976804156179,0.0021146000718034446,0.0015300244627825404,0.0009454488537616362,base
blend,mv,2016-09-30,2016-10-31,-0.0032976992388496535,0.5645338956282027,False,1.2752803643625532,-0.003862233134477856,-0.004426767030106059,-0.0049913009257342615,base
blend,mv,2016-10-31,2016-11-30,-0.03473944768405156,0.5821070881906252,False,1.2212815891633824,-0.035321554772242185,-0.03590366186043281,-0.03648576894862343,base
blend,mv,2016-11-30,2016-12-31,-0.001016936485929887,0.6724637742896926,False,1.2839758997986779,-0.0016894002602195796,-0.002361864034509272,-0.0030343278087989647,base
blend,mv,2016-12-31,2017-01-31,0.014170454615969202,0.731533687575583,False,1.1917410207034238,0.013438920928393619,0.012707387240818036,0.011975853553242453,base
blend,mv,2017-01-31,2017-02-28,-0.008838120120757057,0.5061456456031219,False,1.1860837765834653,-0.00934426576636018,-0.0098504114119633,-0.010356557057566423,base
blend,mv,2017-02-28,2017-03-31,-0.011600523570084044,0.5391648740347721,False,1.2807834330988577,-0.012139688444118816,-0.012678853318153589,-0.01321801819218836,base
blend,mv,2017-03-31,2017-04-30,0.014859962853344209,0.6023874001808686,False,1.383572145997699,0.01425757545316334,0.013655188052982471,0.013052800652801603,base
blend,mv,2017-04-30,2017-05-31,0.013857946658608691,0.9422917801583295,False,1.4583951987626962,0.012915654878450361,0.011973363098292032,0.011031071318133703,base
blend,mv,2017-05-31,2017-06-30,-0.02118362628625322,0.8242035383939802,False,1.6047510507738596,-0.0220078298246472,-0.02283203336304118,-0.02365623690143516,base
blend,mv,2017-06-30,2017-07-31,0.0028455737045754164,0.6808939503036243,False,1.429477744269416,0.002164679754271792,0.0014837858039681677,0.0008028918536645432,base
blend,mv,2017-07-31,2017-08-31,0.0195201162886383,0.5919036122401551,False,1.3445508837450553,0.018928212676398146,0.01833630906415799,0.017744405451917834,base
blend,mv,2017-08-31,2017-09-30,-0.0017697768309698338,0.6755763532832765,False,1.5306745982741108,-0.00244535318425311,-0.0031209295375363866,-0.003796505890819663,base
blend,mv,2017-09-30,2017-10-31,0.026874237937441467,0.7019938295295991,False,1.5568331233067563,0.026172244107911868,0.02547025027838227,0.02476825644885267,base
blend,mv,2017-10-31,2017-11-30,-0.011164521041288154,0.7293618145144274,False,1.4755810714258706,-0.011893882855802581,-0.012623244670317009,-0.013352606484831435,base
blend,mv,2017-11-30,2017-12-31,-0.017893231955149195,0.9072744092821505,False,1.5417832259171476,-0.018800506364431344,-0.019707780773713497,-0.020615055182995647,base
blend,mv,2017-12-31,2018-01-31,0.02145249087765482,0.6862055146492066,False,1.4899364313877903,0.020766285363005614,0.020080079848356407,0.019393874333707203,base
blend,mv,2018-01-31,2018-02-28,0.007163016100243019,0.6278045183263503,False,1.6201664287732287,0.0065352115819166685,0.005907407063590319,0.005279602545263968,base
blend,mv,2018-02-28,2018-03-31,0.010000058077467336,0.7658487519143469,False,1.6237101863475238,0.00923420932555299,0.008468360573638641,0.007702511821724295,base
blend,mv,2018-03-31,2018-04-30,-0.007831093092778643,0.5457276435198156,False,1.5931325414448885,-0.008376820736298458,-0.008922548379818275,-0.00946827602333809,base
blend,mv,2018-04-30,2018-05-31,0.017950578003738744,0.5827104527752588,False,1.5118290268240588,0.017367867550963485,0.016785157098188227,0.01620244664541297,base
blend,mv,2018-05-31,2018-06-30,-0.004928391263235165,0.7508164272840788,False,1.4393946967472937,-0.005679207690519245,-0.006430024117803323,-0.007180840545087401,base
blend,mv,2018-06-30,2018-07-31,-0.015915791394349458,0.5394324896061005,False,1.3568208119774667,-0.01645522388395556,-0.016994656373561658,-0.01753408886316776,base
blend,mv,2018-07-31,2018-08-31,0.025572558970112673,0.6044330557826509,False,1.4208811332280413,0.024968125914330022,0.02436369285854737,0.02375925980276472,base
blend,mv,2018-08-31,2018-09-30,0.011444499301995065,0.6126358384808648,False,1.4193958377851206,0.0108318634635142,0.010219227625033335,0.00960659178655247,base
blend,mv,2018-09-30,2018-10-31,-0.031986273727902706,0.5914334370173975,False,1.462144810160076,-0.0325777071649201,-0.0331691406019375,-0.033760574038954896,base
blend,mv,2018-10-31,2018-11-30,-0.019412637389673314,0.6958769563456438,False,1.400591016065214,-0.020108514346018957,-0.0208043913023646,-0.021500268258710247,base
blend,mv,2018-11-30,2018-12-31,0.0034440503393629966,0.6871308110880446,False,1.5232172502466907,0.002756919528274952,0.0020697887171869074,0.0013826579060988629,base
blend,mv,2018-12-31,2019-01-31,-0.00855763049961944,0.6698367120208121,False,1.6025989128894946,-0.009227467211640252,-0.009897303923661064,-0.010567140635681876,base
blend,mv,2019-01-31,2019-02-28,0.01472890637319141,0.7849629148336789,False,1.6191303922465712,0.01394394345835773,0.013158980543524053,0.012374017628690373,base
blend,mv,2019-02-28,2019-03-31,0.0010713650305491608,0.5882098233119741,False,1.687750655122052,0.0004831552072371866,-0.00010505461607478758,-0.0006932644393867616,base
blend,mv,2019-03-31,2019-04-30,-0.005927387120684649,0.618245495514003,False,1.6403776502981688,-0.006545632616198652,-0.007163878111712655,-0.007782123607226658,base
blend,mv,2019-04-30,2019-05-31,0.0056772293561084645,0.8013209221963206,False,1.4554822813850103,0.004875908433912144,0.0040745875117158235,0.003273266589519503,base
blend,mv,2019-05-31,2019-06-30,-0.023314617131209848,0.661734664268764,False,1.3674385028000349,-0.023976351795478613,-0.024638086459747376,-0.02529982112401614,base
blend,mv,2019-06-30,2019-07-31,0.025766302716132686,0.859252139991698,False,1.3956901015033447,0.02490705057614099,0.02404779843614929,0.023188546296157592,base
blend,mv,2019-07-31,2019-08-31,0.03221873477180554,0.5973821640877967,False,1.5164348066437392,0.03162135260771774,0.03102397044362995,0.03042658827954215,base
blend,mv,2019-08-31,2019-09-30,-0.007631976080563104,0.6967321544659978,False,1.3772983315097342,-0.008328708235029103,-0.0090254403894951,-0.009722172543961098,base
blend,mv,2019-09-30,2019-10-31,-0.0013845470622642683,0.5658419226564524,False,1.2933029635015438,-0.0019503889849207207,-0.002516230907577173,-0.0030820728302336257,base
blend,mv,2019-10-31,2019-11-30,0.006679286633091287,0.7184513245476716,False,1.5468401145202204,0.005960835308543615,0.005242383983995944,0.0045239326594482725,base
blend,mv,2019-11-30,2019-12-31,-0.010215064916583758,0.6962694480832449,False,1.6416218477586584,-0.010911334364667003,-0.011607603812750248,-0.012303873260833494,base
blend,mv,2019-12-31,2020-01-31,0.02583994612487742,0.696221146114359,False,1.4847436096284075,0.02514372497876306,0.024447503832648702,0.023751282686534342,base
blend,mv,2020-01-31,2020-02-29,-0.006079177951265324,0.6535413395044788,False,1.5051803992029749,-0.006732719290769803,-0.007386260630274282,-0.00803980196977876,base
blend,mv,2020-02-29,2020-03-31,0.040273841553697405,0.7396233128245853,False,1.1594944433784802,0.03953421824087282,0.03879459492804824,0.03805497161522365,base
blend,mv,2020-03-31,2020-04-30,0.026791589308531195,0.5912989551747978,False,1.269693761239656,0.026200290353356397,0.0256089913981816,0.025017692443006802,base
blend,mv,2020-04-30,2020-05-31,0.0019452603469266316,0.8913637107889671,False,0.8259192541479653,0.0010538966361376646,0.00016253292534869736,-0.0007288307854402701,base
blend,mv,2020-05-31,2020-06-30,0.013704471896365759,0.4849449360291725,False,0.9499826561719736,0.013219526960336587,0.012734582024307413,0.012249637088278241,base
blend,mv,2020-06-30,2020-07-31,0.02421998522339274,0.33171308741286976,False,1.0194383890819256,0.023888272135979872,0.023556559048567002,0.023224845961154133,base
blend,mv,2020-07-31,2020-08-31,0.04096229445620735,0.34661419558713574,False,1.048027438832911,0.040615680260620214,0.04026906606503308,0.039922451869445943,base
blend,mv,2020-08-31,2020-09-30,-0.010761492280552426,0.3646467096582189,False,0.9694400295761594,-0.011126138990210645,-0.011490785699868864,-0.011855432409527083,base
blend,mv,2020-09-30,2020-10-31,-0.014829397307527793,0.30195108534947745,False,0.9383139161460752,-0.01513134839287727,-0.015433299478226747,-0.015735250563576227,base
blend,mv,2020-10-31,2020-11-30,-0.023286820780101917,0.3456566313564024,False,0.9416113575118695,-0.023632477411458318,-0.023978134042814722,-0.024323790674171123,base
blend,mv,2020-11-30,2020-12-31,0.012481216868396117,0.5081130405491953,False,0.8838566677344327,0.011973103827846922,0.011464990787297727,0.010956877746748531,base
blend,mv,2020-12-31,2021-01-31,0.01907342041791506,0.39011301683558036,False,1.0590110379296016,0.018683307401079482,0.0182931943842439,0.01790308136740832,base
blend,mv,2021-01-31,2021-02-28,-0.031219493582188642,0.4247493298780483,False,1.0121177023538044,-0.03164424291206669,-0.03206899224194474,-0.03249374157182279,base
blend,mv,2021-02-28,2021-03-31,-0.03614377244495589,0.41497100383076835,False,0.8627538768125537,-0.03655874344878666,-0.03697371445261743,-0.0373886854564482,base
blend,mv,2021-03-31,2021-04-30,0.008463086092969,0.6322890046411517,False,0.7155276392662197,0.007830797088327849,0.0071985080836866975,0.006566219079045545,base
blend,mv,2021-04-30,2021-05-31,-0.013705451093992443,0.324538919804359,False,0.7266784808371148,-0.014029990013796801,-0.01435452893360116,-0.01467906785340552,base
blend,mv,2021-05-31,2021-06-30,-0.004071395101654052,0.29442998612068827,False,0.7727261063055417,-0.00436582508777474,-0.004660255073895428,-0.0049546850600161165,base
blend,mv,2021-06-30,2021-07-31,0.013224787564162505,0.2726724642618717,False,0.8313971513286234,0.012952115099900633,0.012679442635638761,0.01240677017137689,base
blend,mv,2021-07-31,2021-08-31,0.006800058219814905,0.4238679523849155,False,0.8086175860065856,0.00637619026742999,0.005952322315045075,0.005528454362660159,base
blend,mv,2021-08-31,2021-09-30,-0.0126127928056384,0.510810634749452,False,0.8818088114804341,-0.01312360344038785,-0.013634414075137304,-0.014145224709886755,base
blend,mv,2021-09-30,2021-10-31,0.0070296035245169825,0.4297385088477377,False,0.8744345689028602,0.0065998650156692444,0.006170126506821507,0.005740387997973769,base
blend,mv,2021-10-31,2021-11-30,-0.002736430391912655,0.4701909762684437,False,0.9556446402827721,-0.0032066213681810987,-0.0036768123444495425,-0.004147003320717986,base
blend,mv,2021-11-30,2021-12-31,-0.0014537202539115326,0.4754383808098904,False,1.0472215501919158,-0.001929158634721423,-0.0024045970155313133,-0.002880035396341204,base
blend,mv,2021-12-31,2022-01-31,0.00782011714109996,0.49235818828306166,False,1.0305493019959355,0.007327758952816898,0.006835400764533836,0.006343042576250775,base
blend,mv,2022-01-31,2022-02-28,0.01239664006247302,0.572862063213913,False,1.1086058819572957,0.011823777999259107,0.011250915936045195,0.010678053872831281,base
blend,mv,2022-02-28,2022-03-31,0.028348169689107684,0.625063641332535,False,1.1403060343996554,0.02772310604777515,0.027098042406442615,0.026472978765110077,base
blend,mv,2022-03-31,2022-04-30,0.017113186489336678,0.5629709077660358,False,0.9956067639529637,0.016550215581570642,0.015987244673804607,0.01542427376603857,base
blend,mv,2022-04-30,2022-05-31,0.0028396628137601354,0.32437722118940576,False,0.7787826248107103,0.00251528559257073,0.002190908371381324,0.0018665311501919182,base
blend,mv,2022-05-31,2022-06-30,0.003854878844239006,0.3491949740643297,False,0.8987241503490165,0.003505683870174676,0.0031564888961103463,0.0028072939220460166,base
blend,mv,2022-06-30,2022-07-31,0.0038670126030151087,0.27258029080960594,False,0.8130697717076103,0.0035944323122055026,0.003321852021395897,0.0030492717305862908,base
blend,mv,2022-07-31,2022-08-31,0.02481290877898392,0.3870818686064166,False,0.8630297635644861,0.024425826910377504,0.024038745041771087,0.02365166317316467,base
blend,mv,2022-08-31,2022-09-30,0.0066565089517478864,0.26887275886923157,False,0.8940048967597266,0.006387636192878655,0.006118763434009423,0.005849890675140192,base
blend,mv,2022-09-30,2022-10-31,0.011524836799279816,0.2324015421881444,False,0.8817553553474988,0.01129243525709167,0.011060033714903527,0.010827632172715382,base
blend,mv,2022-10-31,2022-11-30,-0.018517739067396538,0.369610767675636,False,0.9059754865191639,-0.018887349835072176,-0.01925696060274781,-0.019626571370423444,base
blend,mv,2022-11-30,2022-12-31,0.0009408297783443894,0.33237040228644354,False,0.7865839628479481,0.0006084593760579458,0.0002760889737715023,-5.6281428514941235e-05,base
blend,mv,2022-12-31,2023-01-31,-0.03374745579199613,0.24340733525001312,False,0.7925637068499714,-0.03399086312724615,-0.03423427046249616,-0.03447767779774617,base
blend,mv,2023-01-31,2023-02-28,0.0059527100305694115,0.3559035372740742,False,0.8889329457618281,0.005596806493295337,0.005240902956021263,0.004884999418747189,base
blend,mv,2023-02-28,2023-03-31,-0.005739508313365645,0.3775202393395764,False,0.9391192724548997,-0.006117028552705221,-0.006494548792044798,-0.006872069031384374,base
blend,mv,2023-03-31,2023-04-30,0.011541634796392676,0.5436095597880426,False,0.993884712762091,0.010998025236604633,0.01045441567681659,0.009910806117028548,base
blend,mv,2023-04-30,2023-05-31,0.024082641412383317,0.6478615219311437,False,1.1098233557023827,0.023434779890452173,0.02278691836852103,0.022139056846589886,base
blend,mv,2023-05-31,2023-06-30,-0.0025525524440743385,0.6000621233299905,False,1.051535834980661,-0.003152614567404329,-0.0037526766907343195,-0.00435273881406431,base
blend,mv,2023-06-30,2023-07-31,-0.007544084632033756,0.6027127340696176,False,1.0103287496971192,-0.008146797366103372,-0.00874951010017299,-0.009352222834242608,base
blend,mv,2023-07-31,2023-08-31,0.0020733585903343513,0.5132654568585548,False,1.2363880943608088,0.0015600931334757964,0.0010468276766172416,0.0005335622197586867,base
blend,mv,2023-08-31,2023-09-30,-0.010718393315640161,0.5065911767845297,False,1.166554224398028,-0.011224984492424692,-0.01173157566920922,-0.01223816684599375,base
blend,mv,2023-09-30,2023-10-31,0.01677676259273822,0.536685765132761,False,1.1580637245941683,0.01624007682760546,0.015703391062472698,0.015166705297339936,base
blend,mv,2023-10-31,2023-11-30,0.023192699297715832,0.5623601622974296,False,1.1655414318506352,0.0226303391354184,0.02206797897312097,0.021505618810823544,base
blend,mv,2023-11-30,2023-12-31,-0.010699190554110437,0.698038162346347,False,1.3002957625162972,-0.011397228716456783,-0.012095266878803131,-0.012793305041149478,base
blend,mv,2023-12-31,2024-01-31,0.021867992443617486,0.6872571750763483,False,0.9781089795985234,0.021180735268541136,0.02049347809346479,0.01980622091838844,base
blend,mv,2024-01-31,2024-02-29,0.007607667511602185,0.5051757913355166,False,1.0355380289786058,0.007102491720266669,0.006597315928931152,0.006092140137595636,base
blend,mv,2024-02-29,2024-03-31,-0.013164774934423638,0.40805723007297345,False,1.0525462434342874,-0.01357283216449661,-0.013980889394569585,-0.014388946624642558,base
blend,mv,2024-03-31,2024-04-30,-0.016379586817737074,0.43001728331163824,False,1.0782954861243712,-0.016809604101048713,-0.01723962138436035,-0.01766963866767199,base
blend,mv,2024-04-30,2024-05-31,0.014336914517469547,0.4780151264645504,False,1.1363799250931284,0.013858899391004997,0.013380884264540446,0.012902869138075895,base
blend,mv,2024-05-31,2024-06-30,0.0012184322874717356,0.558084864994789,False,1.1400723458880435,0.0006603474224769466,0.00010226255748215754,-0.0004558223075126315,base
blend,mv,2024-06-30,2024-07-31,-0.00937435290759205,0.4494610073996279,False,1.1760258356677136,-0.009823813914991679,-0.010273274922391306,-0.010722735929790934,base
blend,mv,2024-07-31,2024-08-31,-0.00018251776870355132,0.5213248405150825,False,1.2311258021326354,-0.0007038426092186339,-0.0012251674497337165,-0.001746492290248799,base
blend,mv,2024-08-31,2024-09-30,-0.002577465478386356,0.6689280564326368,False,1.3439280469994856,-0.0032463935348189927,-0.0039153215912516295,-0.004584249647684266,base
blend,mv,2024-09-30,2024-10-31,-0.00021718281062095953,0.5064514774985741,False,1.1926733321003469,-0.0007236342881195336,-0.0012300857656181077,-0.0017365372431166818,base
blend,mv,2024-10-31,2024-11-30,0.0067035610401968435,0.5858295125491466,False,1.1635189752001507,0.006117731527647697,0.00553190201509855,0.004946072502549404,base
blend,mv,2024-11-30,2024-12-31,-0.0063025731279713745,0.615226178643691,False,1.2396184652201567,-0.0069177993066150655,-0.007533025485258756,-0.008148251663902447,base
blend,mv,2024-12-31,2025-01-31,0.01534661269221624,0.6670067907587945,False,1.3477099089434288,0.014679605901457445,0.01401259911069865,0.013345592319939856,base
blend,mv,2025-01-31,2025-02-28,-0.002290377472109561,0.6226232674745827,False,1.1389709941624508,-0.0029130007395841437,-0.0035356240070587267,-0.00415824727453331,base
blend,mv,2025-02-28,2025-03-31,0.010386556636992575,0.5107371231283191,False,1.1783661404593972,0.009875819513864256,0.009365082390735937,0.008854345267607618,base
blend,mv,2025-03-31,2025-04-30,0.025820872392576993,0.48576015720545135,False,1.1925714016779745,0.02533511223537154,0.02484935207816609,0.024363591920960638,base
blend,mv,2025-04-30,2025-05-31,0.012976137379874875,0.5489146474845323,False,1.3378560249185438,0.012427222732390343,0.01187830808490581,0.011329393437421278,base
blend,mv,2025-05-31,2025-06-30,-0.007786423830962736,0.5084090776218894,False,1.208157808478785,-0.008294832908584626,-0.008803241986206516,-0.009311651063828403,base
blend,mv,2025-06-30,2025-07-31,-0.024270989019093605,0.6399783411763958,False,1.1603183528075784,-0.02491096736027,-0.025550945701446396,-0.02619092404262279,base
blend,mv,2025-07-31,2025-08-31,-0.011669417796358113,0.5084818837805676,False,1.1706262239090275,-0.01217789968013868,-0.012686381563919248,-0.013194863447699816,base
blend,mv,2025-08-31,2025-09-30,0.021500144526931168,0.5161912026604639,False,1.2813506144818445,0.020983953324270704,0.02046776212161024,0.019951570918949776,base
blend,mv,2025-09-30,2025-10-31,0.0033839933085704735,0.4811613741775231,False,1.223549853093233,0.0029028319343929504,0.0024216705602154273,0.0019405091860379042,base
blend,mv,2025-10-31,2025-11-30,-0.0027761696624389346,0.5683838718224113,False,1.085703462760727,-0.003344553534261346,-0.003912937406083757,-0.0044813212779061685,base
blend,mv,2025-11-30,2025-12-31,0.0037350511530372566,0.5231907742638897,False,1.1145185621755487,0.003211860378773367,0.002688669604509477,0.0021654788302455873,base
blend,mv,2025-12-31,2026-01-31,0.013189014866969214,0.5582850841934415,False,1.2087431545765281,0.012630729782775773,0.01207244469858233,0.01151415961438889,base
blend,mv,1995-01-31,1995-02-28,-0.011207340684642943,1.5845091893111094,True,1.5845091893111094,-0.012791849873954052,-0.014376359063265162,-0.015960868252576272,mom_lookback=6
blend,mv,1995-02-28,1995-03-31,0.0008584171557299125,1.8880229992431246,False,1.6611030113593146,-0.001029605843513212,-0.0029176288427563363,-0.004805651841999461,mom_lookback=6
blend,mv,1995-03-31,1995-04-30,0.0020749322922551843,1.8576067804603091,False,1.4335513868758856,0.00021732551179487513,-0.001640281268665434,-0.0034978880491257436,mom_lookback=6
blend,mv,1995-04-30,1995-05-31,-0.01310650999536813,1.4085863163329932,False,1.7533138216610737,-0.014515096311701123,-0.015923682628034116,-0.01733226894436711,mom_lookback=6
blend,mv,1995-05-31,1995-06-30,-0.00036210682517418945,1.8554690674601737,False,1.8026719106193954,-0.0022175758926343634,-0.0040730449600945365,-0.00592851402755471,mom_lookback=6
blend,mv,1995-06-30,1995-07-31,-0.0016154188275104538,1.5969265800418968,False,1.7716965175310624,-0.0032123454075523505,-0.004809271987594248,-0.006406198567636144,mom_lookback=6
blend,mv,1995-07-31,1995-08-31,0.004415706935751028,1.6430519468155422,False,1.6532330009952283,0.002772654988935486,0.0011296030421199437,-0.0005134489046955985,mom_lookback=6
blend,mv,1995-08-31,1995-09-30,0.014039905283267826,1.4939576590153472,False,1.713581260820702,0.012545947624252478,0.011051989965237131,0.009558032306221785,mom_lookback=6
blend,mv,1995-09-30,1995-10-31,0.023442633409342897,1.5225676890878859,False,1.6164818165823276,0.02192006572025501,0.020397498031167124,0.018874930342079238,mom_lookback=6
blend,mv,1995-10-31,1995-11-30,-0.02729984074705357,1.4820635201318466,False,1.5519630267791,-0.028781904267185417,-0.030263967787317263,-0.03174603130744911,mom_lookback=6
blend,mv,1995-11-30,1995-12-31,0.02066188232681965,1.4658634746087478,False,1.621010517756071,0.0191960188522109,0.017730155377602155,0.01626429190299341,mom_lookback=6
blend,mv,1995-12-31,1996-01-31,0.004582022606316971,1.7953493880902769,False,1.6318513007934068,0.0027866732182266945,0.0009913238301364176,-0.0008040255579538592,mom_lookback=6
blend,mv,1996-01-31,1996-02-29,0.0013097803641721874,1.422836261613049,False,1.6138821485333152,-0.00011305589744086157,-0.0015358921590539105,-0.0029587284206669595,mom_lookback=6
blend,mv,1996-02-29,1996-03-31,-0.01359362261019554,1.6613027924349002,False,1.619355560060937,-0.01525492540263044,-0.01691622819506534,-0.01857753098750024,mom_lookback=6
blend,mv,1996-03-31,1996-04-30,-0.006934143902329885,1.6742264038129862,False,1.8347008402441147,-0.00860837030614287,-0.010282596709955856,-0.011956823113768843,mom_lookback=6
blend,mv,1996-04-30,1996-05-31,-0.008089070220487153,1.6676975087950534,False,1.7061796835539065,-0.009756767729282207,-0.011424465238077261,-0.013092162746872313,mom_lookback=6
blend,mv,1996-05-31,1996-06-30,0.009663176005282628,1.500596847242563,False,1.8760739868261278,0.008162579158040065,0.006661982310797501,0.0051613854635549385,mom_lookback=6
blend,mv,1996-06-30,1996-07-31,0.0009069869077171197,1.500164596606683,False,1.6695266835152436,-0.0005931776888895634,-0.0020933422854962466,-0.0035935068821029295,mom_lookback=6
blend,mv,1996-07-31,1996-08-31,0.004502914215273442,1.5120203321647332,False,1.6937974705014782,0.0029908938831087082,0.0014788735509439752,-3.3146781220757746e-05,mom_lookback=6
blend,mv,1996-08-31,1996-09-30,-0.004540389076675007,1.9290864674713266,False,1.828659947689119,-0.006469475544146334,-0.00839856201161766,-0.010327648479088987,mom_lookback=6
blend,mv,1996-09-30,1996-10-31,0.0032747099538044874,2.283191376674023,False,1.8645360076961568,0.0009915185771304643,-0.0012916727995435588,-0.003574864176217582,mom_lookback=6
blend,mv,1996-10-31,1996-11-30,-0.0006063652283834625,2.317332692590581,False,1.8293350270403215,-0.0029236979209740434,-0.005241030613564624,-0.007558363306155206,mom_lookback=6
blend,mv,1996-11-30,1996-12-31,0.027794689475696296,2.555193222930288,False,2.0237264247100866,0.025239496252766006,0.02268430302983572,0.02012910980690543,mom_lookback=6
blend,mv,1996-12-31,1997-01-31,-0.004582112172788763,1.7294472392044775,False,1.715520588785759,-0.00631155941199324,-0.008041006651197717,-0.009770453890402195,mom_lookback=6
blend,mv,1997-01-31,1997-02-28,-0.02211721374383681,1.8373839045504055,False,1.859682457734739,-0.023954597648387213,-0.025791981552937618,-0.027629365457488023,mom_lookback=6
blend,mv,1997-02-28,1997-03-31,0.002130282978766833,2.424487728394627,False,1.8810278496340413,-0.00029420474962779403,-0.002718692478022421,-0.005143180206417048,mom_lookback=6
blend,mv,1997-03-31,1997-04-30,-0.01278601845813247,1.7900703929830581,False,2.1596251661730204,-0.014576088851115528,-0.016366159244098587,-0.018156229637081644,mom_lookback=6
blend,mv,1997-04-30,1997-05-31,0.0019872042315409594,2.0212125699278642,False,1.94834547067195,-3.4008338386904736e-05,-0.002055220908314769,-0.004076433478242634,mom_lookback=6
blend,mv,1997-05-31,1997-06-30,0.0025505276514251832,2.532347973114853,False,1.8939261247978059,1.8179678310330325e-05,-0.0025141682948045226,-0.005046516267919375,mom_lookback=6
blend,mv,1997-06-30,1997-07-31,-0.0007853399380013638,2.313123629579273,False,1.826017253638314,-0.003098463567580637,-0.00541158719715991,-0.007724710826739183,mom_lookback=6
blend,mv,1997-07-31,1997-08-31,-0.005952034578477814,2.3615421608008926,False,1.7694713820600063,-0.008313576739278707,-0.0106751189000796,-0.013036661060880493,mom_lookback=6
blend,mv,1997-08-31,1997-09-30,0.03345486018602631,2.237097327467351,False,1.8774051138100847,0.031217762858558956,0.028980665531091607,0.026743568203624255,mom_lookback=6
blend,mv,1997-09-30,1997-10-31,0.031059471750515117,2.138138074056062,False,1.778707313683238,0.028921333676459056,0.02678319560240299,0.02464505752834693,mom_lookback=6
blend,mv,1997-10-31,1997-11-30,-0.01017391379242278,2.119454819164152,False,1.7721748795005954,-0.012293368611586931,-0.014412823430751082,-0.016532278249915235,mom_lookback=6
blend,mv,1997-11-30,1997-12-31,-0.004921763293288579,1.579631016246419,False,1.7446078639406781,-0.006501394309534998,-0.008081025325781418,-0.009660656342027837,mom_lookback=6
blend,mv,1997-12-31,1998-01-31,0.011056924169814924,1.8500745681259214,False,1.7984307374720945,0.009206849601689002,0.0073567750335630806,0.005506700465437159,mom_lookback=6
blend,mv,1998-01-31,1998-02-28,-0.01388103840262037,1.9578722244212365,False,1.7721468692349458,-0.015838910627041607,-0.017796782851462842,-0.01975465507588408,mom_lookback=6
blend,mv,1998-02-28,1998-03-31,0.0095625905620614,2.18887707736403,False,1.7530217243966635,0.0073737134846973695,0.00518483640733334,0.00299595932996931,mom_lookback=6
blend,mv,1998-03-31,1998-04-30,-0.04091060150913386,1.6531432416112635,False,1.8894779667357668,-0.04256374475074512,-0.04421688799235639,-0.04587003123396765,mom_lookback=6
blend,mv,1998-04-30,1998-05-31,-0.0012159337919324669,1.849756168169691,False,1.8196173830986488,-0.003065689960102158,-0.004915446128271848,-0.006765202296441539,mom_lookback=6
blend,mv,1998-05-31,1998-06-30,0.018614462455519922,1.3883691977308863,False,1.840543699726067,0.017226093257789035,0.01583772406005815,0.014449354862327263,mom_lookback=6
blend,mv,1998-06-30,1998-07-31,0.011846612779290867,1.896110746452558,False,1.6246874616630345,0.009950502032838308,0.008054391286385751,0.006158280539933193,mom_lookback=6
blend,mv,1998-07-31,1998-08-31,-0.006316379106288878,1.2620430399611318,False,1.8098251626995407,-0.00757842214625001,-0.008840465186211142,-0.010102508226172273,mom_lookback=6
blend,mv,1998-08-31,1998-09-30,0.002796280883130793,1.193649338951041,False,1.7213886445327757,0.0016026315441797518,0.00040898220522871077,-0.0007846671337223303,mom_lookback=6
blend,mv,1998-09-30,1998-10-31,-0.025383871870502638,1.6087021539012234,False,1.3711426376789582,-0.02699257402440386,-0.028601276178305084,-0.03020997833220631,mom_lookback=6
blend,mv,1998-10-31,1998-11-30,0.0037218538116599543,1.5632318743336517,False,1.4695954468583532,0.002158621937326303,0.0005953900629926509,-0.000967841811341001,mom_lookback=6
blend,mv,1998-11-30,1998-12-31,0.03638788924655074,1.539598674448286,False,1.5963302011159015,0.03484829057210245,0.03330869189765417,0.03176909322320588,mom_lookback=6
blend,mv,1998-12-31,1999-01-31,0.033971462211788206,1.5529306626434223,False,1.4425042920752886,0.032418531549144786,0.030865600886501362,0.029312670223857938,mom_lookback=6
blend,mv,1999-01-31,1999-02-28,-0.01897578939664295,1.2438081729359607,False,1.4131893370100714,-0.02021959756957891,-0.021463405742514874,-0.022707213915450834,mom_lookback=6
blend,mv,1999-02-28,1999-03-31,-0.012542623937814868,1.5288273263743024,False,1.4150715712278246,-0.014071451264189171,-0.015600278590563474,-0.017129105916937774,mom_lookback=6
blend,mv,1999-03-31,1999-04-30,-0.04225613165173734,1.2446350728395874,False,1.4656272709352685,-0.04350076672457693,-0.04474540179741651,-0.0459900368702561,mom_lookback=6
blend,mv,1999-04-30,1999-05-31,-0.010565862841523605,1.5138828094868773,False,1.4433428002483288,-0.012079745651010483,-0.013593628460497359,-0.015107511269984237,mom_lookback=6
blend,mv,1999-05-31,1999-06-30,0.032537052297821355,1.6775129552228187,False,1.5012929381868547,0.030859539342598535,0.029182026387375718,0.027504513432152898,mom_lookback=6
blend,mv,1999-06-30,1999-07-31,0.0075407025652533,1.579900521551706,False,1.387137770160695,0.005960802043701594,0.004380901522149888,0.002801001000598182,mom_lookback=6
blend,mv,1999-07-31,1999-08-31,-0.005297045865476991,1.7294338041545287,False,1.4496512390342997,-0.007026479669631519,-0.00875591347378605,-0.010485347277940576,mom_lookback=6
blend,mv,1999-08-31,1999-09-30,0.01341118171269279,1.2369524598695523,False,1.3639801282965236,0.012174229252823238,0.010937276792953685,0.009700324333084133,mom_lookback=6
blend,mv,1999-09-30,1999-10-31,-0.013135511206129559,1.2000308812378806,False,1.4397317945146002,-0.01433554208736744,-0.01553557296860532,-0.0167356038498432,mom_lookback=6
blend,mv,1999-10-31,1999-11-30,-0.011918694487520039,1.9913808397642214,False,1.509084842084262,-0.01391007532728426,-0.01590145616704848,-0.017892837006812705,mom_lookback=6
blend,mv,1999-11-30,1999-12-31,0.0003817006652688163,1.751577317246735,False,1.5654401265360718,-0.0013698766519779186,-0.003121453969224654,-0.004873031286471389,mom_lookback=6
blend,mv,1999-12-31,2000-01-31,-0.010643179739263809,1.7391901486654384,False,1.5733402350537204,-0.012382369887929248,-0.014121560036594686,-0.015860750185260127,mom_lookback=6
blend,mv,2000-01-31,2000-02-29,0.03191796287372498,1.61743135010923,False,1.3862286919779407,0.030300531523615754,0.02868310017350652,0.027065668823397292,mom_lookback=6
blend,mv,2000-02-29,2000-03-31,0.011000352233742511,1.725228558041513,False,1.4985617632055144,0.009275123675700998,0.0075498951176594855,0.005824666559617972,mom_lookback=6
blend,mv,2000-03-31,2000-04-30,-0.022187482667595695,1.757163166428022,False,1.3656565947396284,-0.02394464583402372,-0.02570180900045174,-0.02745897216687976,mom_lookback=6
blend,mv,2000-04-30,2000-05-31,-0.00531579752137172,1.6054811063640613,False,1.3068736203875366,-0.006921278627735781,-0.008526759734099842,-0.010132240840463904,mom_lookback=6
blend,mv,2000-05-31,2000-06-30,0.011915305423475627,1.8170384797354686,False,1.5052276000068632,0.010098266943740159,0.00828122846400469,0.006464189984269221,mom_lookback=6
blend,mv,2000-06-30,2000-07-31,-0.003931202338279126,1.230559078918108,False,1.5074300056465382,-0.005161761417197234,-0.0063923204961153415,-0.0076228795750334505,mom_lookback=6
blend,mv,2000-07-31,2000-08-31,0.031008185880265948,1.469873893271433,False,1.4612620580642885,0.029538311986994515,0.028068438093723082,0.026598564200451646,mom_lookback=6
blend,mv,2000-08-31,2000-09-30,0.006756999233986354,1.6138411334643323,False,1.4216040090875397,0.005143158100522021,0.0035293169670576894,0.0019154758335933574,mom_lookback=6
blend,mv,2000-09-30,2000-10-31,-0.014093077005242273,1.256785846336891,False,1.42772986176053,-0.015349862851579164,-0.016606648697916053,-0.017863434544252946,mom_lookback=6
blend,mv,2000-10-31,2000-11-30,0.0028489115112032676,1.092598741627758,False,1.338473394956779,0.0017563127695755095,0.0006637140279477515,-0.0004288847136800066,mom_lookback=6
blend,mv,2000-11-30,2000-12-31,-0.010826274994391788,1.2473067365547348,False,1.429403912892162,-0.012073581730946522,-0.013320888467501258,-0.014568195204055993,mom_lookback=6
blend,mv,2000-12-31,2001-01-31,-0.041546166599723884,1.3721975744454484,False,1.3883015966132743,-0.04291836417416933,-0.04429056174861478,-0.04566275932306023,mom_lookback=6
blend,mv,2001-01-31,2001-02-28,0.013811920058771267,1.340193649019869,False,1.3607599016491596,0.012471726409751398,0.01113153276073153,0.00979133911171166,mom_lookback=6
blend,mv,2001-02-28,2001-03-31,0.0016080923422159333,1.2180264339284408,False,1.393072605341714,0.0003900659082874925,-0.0008279605256409483,-0.0020459869595693893,mom_lookback=6
blend,mv,2001-03-31,2001-04-30,-0.005380608867738673,1.543700032734358,False,1.290898763143437,-0.006924308900473031,-0.008468008933207389,-0.010011708965941748,mom_lookback=6
blend,mv,2001-04-30,2001-05-31,0.014355328978880907,1.3764082445559036,False,1.2546475381984774,0.012978920734325003,0.011602512489769099,0.010226104245213197,mom_lookback=6
blend,mv,2001-05-31,2001-06-30,0.004955510576747186,1.4044635923636999,False,1.3221983828877266,0.0035510469843834866,0.0021465833920197865,0.0007421197996560864,mom_lookback=6
blend,mv,2001-06-30,2001-07-31,-0.00016303178044281503,1.5029235838606452,False,1.3605591795797132,-0.0016659553643034602,-0.0031688789481641054,-0.00467180253202475,mom_lookback=6
blend,mv,2001-07-31,2001-08-31,-0.003182931957292641,1.2999493300777931,False,1.2359385479178275,-0.004482881287370434,-0.005782830617448227,-0.00708277994752602,mom_lookback=6
blend,mv,2001-08-31,2001-09-30,0.02911488292467671,1.1494785476433613,False,1.2506159550840368,0.027965404377033348,0.026815925829389985,0.025666447281746625,mom_lookback=6
blend,mv,2001-09-30,2001-10-31,-0.008840176754056784,1.118833952549074,False,1.0973451716411387,-0.009959010706605858,-0.011077844659154932,-0.012196678611704006,mom_lookback=6
blend,mv,2001-10-31,2001-11-30,-0.029341978770457036,1.2849197806643267,False,1.2956836454292504,-0.030626898551121363,-0.03191181833178569,-0.03319673811245002,mom_lookback=6
blend,mv,2001-11-30,2001-12-31,-0.004983468964829973,1.4137455790380247,False,1.2426559924860638,-0.0063972145438679975,-0.007810960122906023,-0.009224705701944048,mom_lookback=6
blend,mv,2001-12-31,2002-01-31,0.018721431815846356,1.5537551317077622,False,1.2210643707307152,0.017167676684138593,0.015613921552430831,0.01406016642072307,mom_lookback=6
blend,mv,2002-01-31,2002-02-28,-0.018526901636180995,1.3006493771975203,False,1.236561490005695,-0.019827551013378516,-0.021128200390576037,-0.022428849767773557,mom_lookback=6
blend,mv,2002-02-28,2002-03-31,4.411970108686852e-05,1.4265900759451065,False,1.363376069994837,-0.001382470374858238,-0.0028090604508033442,-0.004235650526748451,mom_lookback=6
blend,mv,2002-03-31,2002-04-30,0.02503785998030149,1.512902307706138,False,1.1287608876431101,0.02352495767259535,0.02201205536488921,0.020499153057183073,mom_lookback=6
blend,mv,2002-04-30,2002-05-31,0.0019041112261609847,1.2689154748125593,False,1.2292854796573631,0.0006351957513484254,-0.0006337197234641339,-0.0019026351982766932,mom_lookback=6
blend,mv,2002-05-31,2002-06-30,0.007036211295178314,1.3371244157359987,False,1.2207069769185666,0.005699086879442315,0.004361962463706317,0.003024838047970317,mom_lookback=6
blend,mv,2002-06-30,2002-07-31,0.0003500562137648461,1.3261107830722383,False,1.278101741243305,-0.0009760545693073921,-0.0023021653523796304,-0.0036282761354518686,mom_lookback=6
blend,mv,2002-07-31,2002-08-31,0.013320736704281284,1.2619943904833173,False,1.250843004987311,0.012058742313797968,0.01079674792331465,0.009534753532831331,mom_lookback=6
blend,mv,2002-08-31,2002-09-30,0.021182674996958053,1.1424697472157033,False,1.307622395123279,0.02004020524974235,0.018897735502526648,0.01775526575531094,mom_lookback=6
blend,mv,2002-09-30,2002-10-31,-0.029070365879313366,1.355679638788189,False,1.2914894886879613,-0.030426045518101553,-0.03178172515688974,-0.033137404795677936,mom_lookback=6
blend,mv,2002-10-31,2002-11-30,-0.027318712405036045,1.5641817134476501,False,1.2844324338496274,-0.028882894118483694,-0.030447075831931344,-0.03201125754537899,mom_lookback=6
blend,mv,2002-11-30,2002-12-31,0.0019173125556215611,1.2364573566939574,False,1.2350334714844085,0.0006808551989276037,-0.0005556021577663537,-0.0017920595144603113,mom_lookback=6
blend,mv,2002-12-31,2003-01-31,0.011528546996656982,1.1303452233961848,False,1.2668405056048337,0.010398201773260797,0.009267856549864612,0.008137511326468427,mom_lookback=6
blend,mv,2003-01-31,2003-02-28,-0.00074557001755333,1.303403790365831,False,1.3542849479054788,-0.002048973807919161,-0.0033523775982849924,-0.004655781388650823,mom_lookback=6
blend,mv,2003-02-28,2003-03-31,0.0006200811668263706,1.310192800370881,False,1.3830526951338795,-0.0006901116335445102,-0.002000304433915391,-0.003310497234286272,mom_lookback=6
blend,mv,2003-03-31,2003-04-30,-0.02535283487543673,1.3396035184174004,False,1.3252066545104528,-0.026692438393854132,-0.028032041912271533,-0.02937164543068893,mom_lookback=6
blend,mv,2003-04-30,2003-05-31,-0.007842350487665567,1.4251001292570993,False,1.415360890406396,-0.009267450616922666,-0.010692550746179766,-0.012117650875436866,mom_lookback=6
blend,mv,2003-05-31,2003-06-30,-0.0193577519368419,1.398299590899805,False,1.2843984777974702,-0.020756051527741702,-0.02215435111864151,-0.023552650709541316,mom_lookback=6
blend,mv,2003-06-30,2003-07-31,-0.01138580142008271,1.7313174503479998,False,1.3206840870628842,-0.013117118870430709,-0.014848436320778709,-0.016579753771126707,mom_lookback=6
blend,mv,2003-07-31,2003-08-31,-0.0032897905557434026,1.2175346987472666,False,1.311376986718357,-0.004507325254490669,-0.005724859953237935,-0.006942394651985203,mom_lookback=6
blend,mv,2003-08-31,2003-09-30,-0.0016796715883948582,1.5476209405495498,False,1.4440760979868907,-0.003227292528944408,-0.004774913469493958,-0.006322534410043507,mom_lookback=6
blend,mv,2003-09-30,2003-10-31,0.020078024671139366,1.1748504378071394,False,1.3687448330377197,0.018903174233332227,0.017728323795525087,0.016553473357717948,mom_lookback=6
blend,mv,2003-10-31,2003-11-30,0.010394434375133288,1.2244427096626334,False,1.1881350445373264,0.009169991665470655,0.007945548955808021,0.006721106246145388,mom_lookback=6
blend,mv,2003-11-30,2003-12-31,-0.0268309777131884,1.1691286708761466,False,1.3579580799891644,-0.028000106384064548,-0.029169235054940693,-0.03033836372581684,mom_lookback=6
blend,mv,2003-12-31,2004-01-31,-0.0153109113107908,1.0151257941815097,False,1.0810900839289863,-0.01632603710497231,-0.017341162899153818,-0.01835628869333533,mom_lookback=6
blend,mv,2004-01-31,2004-02-29,0.014060624809429094,1.1180771389694295,False,1.3795951253702414,0.012942547670459664,0.011824470531490234,0.010706393392520806,mom_lookback=6
blend,mv,2004-02-29,2004-03-31,0.007633643757915281,1.3414903465467103,False,1.2811282686341443,0.00629215341136857,0.004950663064821861,0.00360917271827515,mom_lookback=6
blend,mv,2004-03-31,2004-04-30,-0.005515145080517768,1.0750373326553828,False,1.4850980733326775,-0.00659018241317315,-0.0076652197458285335,-0.008740257078483917,mom_lookback=6
blend,mv,2004-04-30,2004-05-31,-0.006421620369939605,1.0055960139017572,False,1.326154160157071,-0.007427216383841363,-0.00843281239774312,-0.009438408411644877,mom_lookback=6
blend,mv,2004-05-31,2004-06-30,0.01400370293434914,1.0597813795284337,False,1.2553853781897713,0.012943921554820706,0.011884140175292272,0.01082435879576384,mom_lookback=6
blend,mv,2004-06-30,2004-07-31,-0.003219830808747499,0.8728116234509511,False,1.3377664668137372,-0.00409264243219845,-0.004965454055649401,-0.005838265679100353,mom_lookback=6
blend,mv,2004-07-31,2004-08-31,-0.009073543579843248,1.0562082551553265,False,1.2852177402418359,-0.010129751834998575,-0.0111859600901539,-0.012242168345309227,mom_lookback=6
blend,mv,2004-08-31,2004-09-30,0.02020442189697533,1.3334277653402582,False,1.2722938365056728,0.018870994131635073,0.017537566366294815,0.016204138600954557,mom_lookback=6
blend,mv,2004-09-30,2004-10-31,-0.012156516464897179,1.0890340970907593,False,1.2467690183126403,-0.013245550561987939,-0.014334584659078697,-0.015423618756169457,mom_lookback=6
blend,mv,2004-10-31,2004-11-30,0.004636949884525869,1.223550459721406,False,1.442824494576978,0.0034133994248044626,0.0021898489650830568,0.000966298505361651,mom_lookback=6
blend,mv,2004-11-30,2004-12-31,-0.017797423367422367,1.4295944310436064,False,1.354717303975228,-0.019227017798465973,-0.02065661222950958,-0.022086206660553186,mom_lookback=6
blend,mv,2004-12-31,2005-01-31,0.00903084508018808,1.5064565860577168,False,1.4325081948483371,0.007524388494130362,0.0060179319080726455,0.004511475322014929,mom_lookback=6
blend,mv,2005-01-31,2005-02-28,0.021739025010287422,1.3701549204189776,False,1.4235166121746154,0.020368870089868443,0.018998715169449468,0.01762856024903049,mom_lookback=6
blend,mv,2005-02-28,2005-03-31,-0.00755522297692317,1.2125799158970796,False,1.3876020684416344,-0.00876780289282025,-0.009980382808717329,-0.01119296272461441,mom_lookback=6
blend,mv,2005-03-31,2005-04-30,0.000820667869740745,1.1750805975002199,False,1.217052995321817,-0.0003544127277594749,-0.0015294933252596949,-0.002704573922759915,mom_lookback=6
blend,mv,2005-04-30,2005-05-31,0.00492728603096537,0.9150480657842155,False,1.295041502479939,0.004012237965181155,0.003097189899396939,0.002182141833612724,mom_lookback=6
blend,mv,2005-05-31,2005-06-30,0.012162765205580281,1.0727803772199336,False,1.3304878872416943,0.011089984828360348,0.010017204451140413,0.00894442407392048,mom_lookback=6
blend,mv,2005-06-30,2005-07-31,-0.0004441368338736033,0.9863404421491598,False,1.4703466144152921,-0.0014304772760227631,-0.002416817718171923,-0.003403158160321083,mom_lookback=6
blend,mv,2005-07-31,2005-08-31,0.0055222194787448164,0.789017829576377,False,1.5016203708286469,0.00473320164916844,0.003944183819592062,0.0031551659900156855,mom_lookback=6
blend,mv,2005-08-31,2005-09-30,0.0011013866637757423,1.0052992725466217,False,1.4688241383350003,9.608739122912062e-05,-0.000909211881317501,-0.0019145111538641229,mom_lookback=6
blend,mv,2005-09-30,2005-10-31,-0.020344857242257743,1.2460264340337937,False,1.2983500924899354,-0.021590883676291535,-0.02283691011032533,-0.024082936544359123,mom_lookback=6
blend,mv,2005-10-31,2005-11-30,-0.004381273660509416,1.0492195974467962,False,1.3244686013383706,-0.005430493257956212,-0.006479712855403008,-0.007528932452849805,mom_lookback=6
blend,mv,2005-11-30,2005-12-31,0.010460187931656987,1.4227381857451142,False,1.4485780878746006,0.009037449745911873,0.007614711560166758,0.006191973374421644,mom_lookback=6
blend,mv,2005-12-31,2006-01-31,0.028732995230796938,1.1077841641590185,False,1.223539590864954,0.02762521106663792,0.0265174269024789,0.02540964273831988,mom_lookback=6
blend,mv,2006-01-31,2006-02-28,-0.0037868813979091654,1.224314797707706,False,1.3060234130873907,-0.0050111961956168715,-0.006235510993324578,-0.007459825791032284,mom_lookback=6
blend,mv,2006-02-28,2006-03-31,0.01441267966868586,1.2780965317134096,False,1.4762342213356887,0.013134583136972449,0.01185648660525904,0.010578390073545631,mom_lookback=6
blend,mv,2006-03-31,2006-04-30,0.005299547651558938,1.5178746541131962,False,1.449636979616221,0.0037816729974457413,0.002263798343332545,0.000745923689219349,mom_lookback=6
blend,mv,2006-04-30,2006-05-31,-0.021586584230431693,1.22904532902637,False,1.4560391636877985,-0.022815629559458064,-0.024044674888484434,-0.025273720217510804,mom_lookback=6
blend,mv,2006-05-31,2006-06-30,-0.0015601063973935795,1.2872874724839403,False,1.3816136349953714,-0.00284739386987752,-0.00413468134236146,-0.0054219688148454005,mom_lookback=6
blend,mv,2006-06-30,2006-07-31,0.0016203317008096428,1.2041648329946992,False,1.4503413624964205,0.00041616686781494354,-0.0007879979651797557,-0.001992162798174455,mom_lookback=6
blend,mv,2006-07-31,2006-08-31,-0.02504998881370228,1.3755487760356837,False,1.3312067726997843,-0.026425537589737966,-0.02780108636577365,-0.029176635141809334,mom_lookback=6
blend,mv,2006-08-31,2006-09-30,0.006476097371876357,1.3708643081966136,False,1.5097001221898272,0.005105233063679744,0.0037343687554831297,0.0023635044472865158,mom_lookback=6
blend,mv,2006-09-30,2006-10-31,-0.01567520701578392,1.487540582217542,False,1.4325308652684408,-0.01716274759800146,-0.018650288180219004,-0.020137828762436544,mom_lookback=6
blend,mv,2006-10-31,2006-11-30,-0.002366301350784477,1.6560496529163138,False,1.3573684127675467,-0.004022351003700791,-0.0056784006566171046,-0.007334450309533419,mom_lookback=6
blend,mv,2006-11-30,2006-12-31,0.011437659959836134,1.3189690282706032,False,1.3223614839952986,0.010118690931565531,0.008799721903294927,0.007480752875024324,mom_lookback=6
blend,mv,2006-12-31,2007-01-31,0.0010211628855046977,1.4924579658974326,False,1.51351885203173,-0.00047129508039273483,-0.0019637530462901674,-0.0034562110121876,mom_lookback=6
blend,mv,2007-01-31,2007-02-28,0.0009196360262581553,1.0208156507807444,False,1.4890425178973605,-0.0001011796245225891,-0.0011219952753033335,-0.0021428109260840777,mom_lookback=6
blend,mv,2007-02-28,2007-03-31,0.014455645024236824,1.5716082980138442,False,1.4584612161821853,0.012884036726222979,0.011312428428209136,0.009740820130195291,mom_lookback=6
blend,mv,2007-03-31,2007-04-30,-0.0056210586526010825,1.4255736797390823,False,1.603716816169883,-0.007046632332340165,-0.008472206012079247,-0.00989777969181833,mom_lookback=6
blend,mv,2007-04-30,2007-05-31,0.006042485443320448,1.530180367848891,False,1.638393427077133,0.004512305075471557,0.0029821247076226663,0.0014519443397737752,mom_lookback=6
blend,mv,2007-05-31,2007-06-30,0.002642730347445711,1.3894437399153672,False,1.6126491343350864,0.0012532866075303437,-0.00013615713238502355,-0.0015256008723003906,mom_lookback=6
blend,mv,2007-06-30,2007-07-31,0.00017637644010492872,1.5343187629017292,False,1.5647912011369594,-0.0013579423227968006,-0.0028922610856985296,-0.004426579848600259,mom_lookback=6
blend,mv,2007-07-31,2007-08-31,-0.0012543391785419706,1.1912687149145702,False,1.5668273540232462,-0.0024456078934565408,-0.003636876608371111,-0.004828145323285681,mom_lookback=6
blend,mv,2007-08-31,2007-09-30,0.020148509420367267,1.6475112220733255,False,1.5567814845128682,0.01850099819829394,0.016853486976220616,0.01520597575414729,mom_lookback=6
blend,mv,2007-09-30,2007-10-31,0.017262107645999683,1.5931798270759365,False,1.6251452347381252,0.015668927818923747,0.01407574799184781,0.012482568164771873,mom_lookback=6
blend,mv,2007-10-31,2007-11-30,0.01192572490936256,1.3966697128791867,False,1.5342217724364362,0.010529055196483374,0.009132385483604186,0.007735715770724999,mom_lookback=6
blend,mv,2007-11-30,2007-12-31,0.012371665905720834,1.3978479731790299,False,1.448931843308671,0.010973817932541804,0.009575969959362773,0.008178121986183744,mom_lookback=6
blend,mv,2007-12-31,2008-01-31,-0.03654535809865942,1.2331683042997137,False,1.5419064928393502,-0.03777852640295913,-0.03901169470725885,-0.040244863011558565,mom_lookback=6
blend,mv,2008-01-31,2008-02-29,0.04301876562134115,1.6524927170020407,False,1.5343807552656121,0.04136627290433911,0.039713780187337074,0.038061287470335034,mom_lookback=6
blend,mv,2008-02-29,2008-03-31,-0.011390252148397704,1.727885217668031,False,1.697178635158774,-0.013118137366065735,-0.014846022583733767,-0.016573907801401798,mom_lookback=6
blend,mv,2008-03-31,2008-04-30,-0.013375366802989768,1.8948775953755446,False,1.4547870004807724,-0.015270244398365312,-0.01716512199374086,-0.019059999589116403,mom_lookback=6
blend,mv,2008-04-30,2008-05-31,0.02328050408591319,1.4162520427915408,False,1.585290918249688,0.02186425204312165,0.02044800000033011,0.019031747957538567,mom_lookback=6
blend,mv,2008-05-31,2008-06-30,0.04235107614591984,1.5426160822698693,False,1.5915064947242195,0.04080846006364997,0.039265843981380104,0.03772322789911023,mom_lookback=6
blend,mv,2008-06-30,2008-07-31,-0.02626426987533456,1.0763863286657478,False,1.4981607455986792,-0.027340656204000308,-0.028417042532666057,-0.029493428861331807,mom_lookback=6
blend,mv,2008-07-31,2008-08-31,-0.017798774652205834,1.1508111096718319,False,1.3621102297693588,-0.018949585761877667,-0.0201003968715495,-0.02125120798122133,mom_lookback=6
blend,mv,2008-08-31,2008-09-30,-0.02465432928531726,1.672634503220165,False,1.3877434950201717,-0.026326963788537425,-0.027999598291757587,-0.029672232794977754,mom_lookback=6
blend,mv,2008-09-30,2008-10-31,0.0396996726034148,1.0219830236841732,False,1.3859842840893566,0.03867768957973063,0.037655706556046456,0.036633723532362286,mom_lookback=6
blend,mv,2008-10-31,2008-11-30,0.012928048991381122,1.2738025251925014,False,1.3506300519477301,0.01165424646618862,0.01038044394099612,0.009106641415803618,mom_lookback=6
blend,mv,2008-11-30,2008-12-31,-0.004831843930436663,1.2894280571915733,False,1.2287789346302695,-0.006121271987628236,-0.00741070004481981,-0.008700128102011383,mom_lookback=6
blend,mv,2008-12-31,2009-01-31,0.0303761911612428,1.1519712825223534,False,1.2477908132415412,0.029224219878720446,0.028072248596198092,0.02692027731367574,mom_lookback=6
blend,mv,2009-01-31,2009-02-28,-0.005537026845684849,1.0226907999817543,False,1.1120837166471,-0.006559717645666603,-0.007582408445648357,-0.008605099245630111,mom_lookback=6
blend,mv,2009-02-28,2009-03-31,-0.02077624387552391,1.0046345148453226,False,1.1166328486476147,-0.021780878390369234,-0.022785512905214557,-0.023790147420059877,mom_lookback=6
blend,mv,2009-03-31,2009-04-30,-0.10776670050799539,1.342573858954414,False,1.0369917049512247,-0.1091092743669498,-0.11045184822590422,-0.11179442208485862,mom_lookback=6
blend,mv,2009-04-30,2009-05-31,-0.014202503744645342,1.2183241637019677,False,0.9216875335019634,-0.01542082790834731,-0.016639152072049277,-0.017857476235751246,mom_lookback=6
blend,mv,2009-05-31,2009-06-30,-0.00447051760343549,1.0407881209781933,False,1.1706016769832563,-0.005511305724413684,-0.0065520938453918764,-0.00759288196637007,mom_lookback=6
blend,mv,2009-06-30,2009-07-31,-0.016714969160128466,1.0807831426371006,False,1.2127944634903218,-0.017795752302765568,-0.018876535445402666,-0.019957318588039768,mom_lookback=6
blend,mv,2009-07-31,2009-08-31,-0.012131674124342144,1.2199843657541012,False,1.242506221603402,-0.013351658490096245,-0.014571642855850346,-0.01579162722160445,mom_lookback=6
blend,mv,2009-08-31,2009-09-30,-0.00881029482373746,1.2272213374454861,False,0.9619198972888443,-0.010037516161182945,-0.011264737498628432,-0.01249195883607392,mom_lookback=6
blend,mv,2009-09-30,2009-10-31,0.005742342527814171,1.0016096261249472,False,1.0815776848962966,0.004740732901689224,0.0037391232755642767,0.002737513649439329,mom_lookback=6
blend,mv,2009-10-31,2009-11-30,-0.0038045883181332943,1.0605151014729377,False,1.2349186860019976,-0.004865103419606232,-0.00592561852107917,-0.006986133622552107,mom_lookback=6
blend,mv,2009-11-30,2009-12-31,-0.00014239580860075606,1.1569337653021174,False,1.2366083293210284,-0.0012993295739028735,-0.002456263339204991,-0.0036131971045071085,mom_lookback=6
blend,mv,2009-12-31,2010-01-31,-0.006182997064248361,1.1427907173732552,False,1.1623047914588494,-0.007325787781621617,-0.00846857849899487,-0.009611369216368126,mom_lookback=6
blend,mv,2010-01-31,2010-02-28,0.012140782429704785,0.8139887338001538,False,1.2059408882194322,0.01132679369590463,0.010512804962104477,0.009698816228304324,mom_lookback=6
blend,mv,2010-02-28,2010-03-31,-0.00038359268332143365,1.2025680709887332,False,1.1350898127232305,-0.0015861607543101667,-0.0027887288252989,-0.003991296896287634,mom_lookback=6
blend,mv,2010-03-31,2010-04-30,-0.0017134145817065203,1.0536296165731704,False,1.1334407266007012,-0.002767044198279691,-0.0038206738148528615,-0.004874303431426032,mom_lookback=6
blend,mv,2010-04-30,2010-05-31,0.004840222577867065,1.0231252202895278,False,1.157938297147053,0.0038170973575775372,0.002793972137288009,0.0017708469169984815,mom_lookback=6
blend,mv,2010-05-31,2010-06-30,-0.014493083494652368,0.9591582339566496,False,0.9749575638485986,-0.015452241728609017,-0.016411399962565666,-0.017370558196522317,mom_lookback=6
blend,mv,2010-06-30,2010-07-31,-0.020539248003741833,1.0948600629742942,False,1.1896431208124727,-0.02163410806671613,-0.02272896812969042,-0.023823828192664716,mom_lookback=6
blend,mv,2010-07-31,2010-08-31,0.021676740161745426,1.0345598336402042,False,1.0832873029582533,0.020642180328105223,0.019607620494465017,0.018573060660824814,mom_lookback=6
blend,mv,2010-08-31,2010-09-30,0.014363924571383748,0.8518834667157233,False,1.133202623185916,0.013512041104668025,0.0126601576379523,0.011808274171236578,mom_lookback=6
blend,mv,2010-09-30,2010-10-31,0.006342857779327643,1.1458322300264616,False,1.0883530079739574,0.005197025549301181,0.004051193319274719,0.0029053610892482576,mom_lookback=6
blend,mv,2010-10-31,2010-11-30,0.002669594477411956,0.7601709175423318,False,1.0668415468492505,0.0019094235598696241,0.0011492526423272922,0.00038908172478496024,mom_lookback=6
blend,mv,2010-11-30,2010-12-31,-0.020535401442848027,0.8899569357130197,False,1.2306041227770637,-0.021425358378561046,-0.022315315314274067,-0.023205272249987086,mom_lookback=6
blend,mv,2010-12-31,2011-01-31,-0.014234573947561086,1.1412174147726313,False,1.0764283141123179,-0.015375791362333717,-0.016517008777106348,-0.01765822619187898,mom_lookback=6
blend,mv,2011-01-31,2011-02-28,-0.00036424094511047084,0.9375848977785786,False,1.0479998898221936,-0.0013018258428890493,-0.0022394107406676278,-0.0031769956384462067,mom_lookback=6
blend,mv,2011-02-28,2011-03-31,0.008573474218180319,1.0996367501011488,False,1.1212860177682136,0.00747383746807917,0.006374200717978021,0.005274563967876872,mom_lookback=6
blend,mv,2011-03-31,2011-04-30,-0.018005650557396835,0.9229028595852202,False,1.0536014159945233,-0.018928553416982054,-0.019851456276567276,-0.020774359136152495,mom_lookback=6
blend,mv,2011-04-30,2011-05-31,-0.010164192644163083,0.9120311696912464,False,0.9580485457265926,-0.011076223813854329,-0.011988254983545575,-0.012900286153236823,mom_lookback=6
blend,mv,2011-05-31,2011-06-30,0.004990953631022418,1.133089815682176,False,1.274986082758132,0.003857863815340242,0.0027247739996580657,0.0015916841839758895,mom_lookback=6
blend,mv,2011-06-30,2011-07-31,0.0034111181175178235,1.1143804582954702,False,1.3352599655255113,0.002296737659222353,0.001182357200926883,6.797674263141294e-05,mom_lookback=6
blend,mv,2011-07-31,2011-08-31,0.012155890242456542,1.2130883371052092,False,1.328934742346965,0.010942801905351332,0.009729713568246123,0.008516625231140914,mom_lookback=6
blend,mv,2011-08-31,2011-09-30,0.022347698609518424,1.0628990511285619,False,1.3932566101735588,0.021284799558389862,0.0202219005072613,0.019159001456132738,mom_lookback=6
blend,mv,2011-09-30,2011-10-31,-0.02115629371003668,1.1016329106503784,False,0.9898770072072521,-0.022257926620687058,-0.023359559531337434,-0.024461192441987814,mom_lookback=6
blend,mv,2011-10-31,2011-11-30,0.002848975731090233,1.2565448454512804,False,1.1779092654504986,0.0015924308856389527,0.0003358860401876723,-0.0009206588052636084,mom_lookback=6
blend,mv,2011-11-30,2011-12-31,0.01068341487621211,1.0732177389304793,False,1.3492363514842105,0.009610197137281631,0.00853697939835115,0.007463761659420672,mom_lookback=6
blend,mv,2011-12-31,2012-01-31,-0.013745036924921397,1.089082130211998,False,1.2350186609457354,-0.014834119055133394,-0.015923201185345393,-0.01701228331555739,mom_lookback=6
blend,mv,2012-01-31,2012-02-29,0.004868963515142549,1.3503817752047822,False,1.3531563541901552,0.0035185817399377667,0.0021681999647329845,0.0008178181895282018,mom_lookback=6
blend,mv,2012-02-29,2012-03-31,0.01926761515113275,1.0392577507117022,False,1.1759293464288592,0.018228357400421048,0.017189099649709345,0.016149841898997645,mom_lookback=6
blend,mv,2012-03-31,2012-04-30,0.002990574651983264,0.9981768907582959,False,1.0504859700842508,0.0019923977612249684,0.0009942208704666724,-3.956020291623688e-06,mom_lookback=6
blend,mv,2012-04-30,2012-05-31,0.006128989598271162,0.780882164445694,False,1.1902699770641079,0.005348107433825468,0.004567225269379774,0.0037863431049340803,mom_lookback=6
blend,mv,2012-05-31,2012-06-30,0.0006300384200937669,0.9602827579411526,False,1.1040225565669517,-0.00033024433784738564,-0.0012905270957885382,-0.002250809853729691,mom_lookback=6
blend,mv,2012-06-30,2012-07-31,0.015451665073488708,1.1813703096052697,False,1.4401378191202412,0.014270294763883438,0.013088924454278169,0.0119075541446729,mom_lookback=6
blend,mv,2012-07-31,2012-08-31,-0.012411639099761203,1.2679779802785462,False,1.2808577744108056,-0.013679617080039749,-0.014947595060318297,-0.016215573040596842,mom_lookback=6
blend,mv,2012-08-31,2012-09-30,-0.003972262543039154,1.2190025939925622,False,1.219455096798131,-0.005191265137031716,-0.006410267731024278,-0.00762927032501684,mom_lookback=6
blend,mv,2012-09-30,2012-10-31,-0.023917007515377224,1.2550575832749657,False,1.1738558765827385,-0.02517206509865219,-0.026427122681927154,-0.02768218026520212,mom_lookback=6
blend,mv,2012-10-31,2012-11-30,-0.006382352280004568,0.9792693844238259,False,1.3091552441202774,-0.007361621664428394,-0.00834089104885222,-0.009320160433276046,mom_lookback=6
blend,mv,2012-11-30,2012-12-31,0.003897260920713087,1.5445945639101366,False,1.511176584766385,0.0023526663568029503,0.0008080717928928135,-0.0007365227710173228,mom_lookback=6
blend,mv,2012-12-31,2013-01-31,0.021127067847717076,1.4804766651226826,False,1.4788025593389533,0.019646591182594392,0.018166114517471712,0.016685637852349028,mom_lookback=6
blend,mv,2013-01-31,2013-02-28,0.0022902454618406428,1.497113017850384,False,1.4594216004903249,0.0007931324439902588,-0.0007039805738601251,-0.002201093591710509,mom_lookback=6
blend,mv,2013-02-28,2013-03-31,0.0013354376822666126,1.367794781521598,False,1.192935231948409,-3.2357099254985526e-05,-0.0014001518807765837,-0.0027679466622981814,mom_lookback=6
blend,mv,2013-03-31,2013-04-30,0.018438336961425376,1.5466757989198754,False,1.2983716918068842,0.0168916611625055,0.015344985363585625,0.01379830956466575,mom_lookback=6
blend,mv,2013-04-30,2013-05-31,-0.0024401605514692234,1.3469902670851641,False,1.1050086791801648,-0.0037871508185543874,-0.005134141085639551,-0.006481131352724715,mom_lookback=6
blend,mv,2013-05-31,2013-06-30,0.02238383358110637,0.9337833569375852,False,1.0889813631200636,0.021450050224168786,0.0205162668672312,0.019582483510293614,mom_lookback=6
blend,mv,2013-06-30,2013-07-31,0.0004984588157135098,1.0997035181875694,False,1.1298755043873872,-0.0006012447024740597,-0.0017009482206616292,-0.0028006517388491983,mom_lookback=6
blend,mv,2013-07-31,2013-08-31,-0.01027927894843408,0.9526463812885493,False,1.0146553255679385,-0.01123192532972263,-0.012184571711011179,-0.01313721809229973,mom_lookback=6
blend,mv,2013-08-31,2013-09-30,0.01703837028471003,0.8528227911032996,False,1.0917879825828667,0.01618554749360673,0.015332724702503431,0.014479901911400132,mom_lookback=6
blend,mv,2013-09-30,2013-10-31,-0.005259405564090589,1.0024982627808763,False,1.3116565211994422,-0.0062619038268714655,-0.0072644020896523425,-0.008266900352433219,mom_lookback=6
blend,mv,2013-10-31,2013-11-30,0.016694809665601305,1.1356204643071182,False,1.4789079745736715,0.015559189201294187,0.014423568736987068,0.01328794827267995,mom_lookback=6
blend,mv,2013-11-30,2013-12-31,0.004791038737374231,1.471908887140512,False,1.3901473104836788,0.003319129850233719,0.0018472209630932073,0.00037531207595269556,mom_lookback=6
blend,mv,2013-12-31,2014-01-31,0.010428856987091326,1.4179682622465966,False,1.3778589469093996,0.00901088872484473,0.007592920462598133,0.006174952200351536,mom_lookback=6
blend,mv,2014-01-31,2014-02-28,0.0008822283923598754,1.1631813645074056,False,1.3722189862613094,-0.00028095297214753034,-0.001444134336654936,-0.0026073157011623415,mom_lookback=6
blend,mv,2014-02-28,2014-03-31,-0.008726698190828254,1.1499413050276632,False,1.2850346743330572,-0.009876639495855917,-0.011026580800883581,-0.012176522105911244,mom_lookback=6
blend,mv,2014-03-31,2014-04-30,-0.005942455509538861,0.9713444760504254,False,1.2734959497227336,-0.006913799985589286,-0.007885144461639711,-0.008856488937690137,mom_lookback=6
blend,mv,2014-04-30,2014-05-31,0.016504006423531913,0.9393087632894349,False,1.4374973461333311,0.015564697660242478,0.014625388896953043,0.013686080133663608,mom_lookback=6
blend,mv,2014-05-31,2014-06-30,0.0017126068094966043,1.415036272699465,False,1.4699342090410128,0.00029757053679713933,-0.0011174657359023256,-0.00253250200860179,mom_lookback=6
blend,mv,2014-06-30,2014-07-31,0.011453538218262737,1.3919750689835027,False,1.610469492297787,0.010061563149279234,0.00866958808029573,0.0072776130113122285,mom_lookback=6
blend,mv,2014-07-31,2014-08-31,0.006207226212047966,1.42445225649298,False,1.5748770813686197,0.0047827739555549855,0.003358321699062006,0.0019338694425690252,mom_lookback=6
blend,mv,2014-08-31,2014-09-30,0.015187021730776433,1.1813780087106092,False,1.3212625045781285,0.014005643722065824,0.012824265713355215,0.011642887704644604,mom_lookback=6
blend,mv,2014-09-30,2014-10-31,0.00209187630050656,1.0771730258334535,False,1.4069381148208406,0.0010147032746731066,-6.246975116034692e-05,-0.0011396427769938006,mom_lookback=6
blend,mv,2014-10-31,2014-11-30,0.009056400125922107,1.051704486747699,False,1.5158389603675808,0.008004695639174407,0.006952991152426709,0.00590128666567901,mom_lookback=6
blend,mv,2014-11-30,2014-12-31,0.012565918530626856,1.1306796036137996,False,1.4412009210659444,0.011435238927013055,0.010304559323399257,0.009173879719785456,mom_lookback=6
blend,mv,2014-12-31,2015-01-31,-0.009391338731988781,1.2671564948451068,False,1.532165896775807,-0.010658495226833889,-0.011925651721678995,-0.013192808216524101,mom_lookback=6
blend,mv,2015-01-31,2015-02-28,-0.004058122292010982,1.2906627372037263,False,1.4298826644241653,-0.005348785029214709,-0.006639447766418435,-0.007930110503622162,mom_lookback=6
blend,mv,2015-02-28,2015-03-31,0.00911136198966165,1.3929593683207815,False,1.4566501534942684,0.007718402621340869,0.006325443253020087,0.004932483884699305,mom_lookback=6
blend,mv,2015-03-31,2015-04-30,-0.022731967672416826,1.2154341572929146,False,1.4517347644072538,-0.023947401829709742,-0.025162835987002655,-0.02637827014429557,mom_lookback=6
blend,mv,2015-04-30,2015-05-31,0.026128566450449843,1.5023775719163521,False,1.426427794879893,0.02462618887853349,0.02312381130661714,0.021621433734700785,mom_lookback=6
blend,mv,2015-05-31,2015-06-30,0.011555216263171025,1.4723100710429116,False,1.6224697096283007,0.010082906192128113,0.008610596121085203,0.00713828605004229,mom_lookback=6
blend,mv,2015-06-30,2015-07-31,0.0017354053420300757,1.6055995124776472,False,1.5280028014850455,0.00012980582955242847,-0.0014757936829252187,-0.0030813931954028657,mom_lookback=6
blend,mv,2015-07-31,2015-08-31,-0.0023074672757357135,1.2012783310408095,False,1.499741817070258,-0.003508745606776523,-0.004710023937817332,-0.005911302268858143,mom_lookback=6
blend,mv,2015-08-31,2015-09-30,-0.010093667825674309,1.5780329701043245,False,1.3967531374381228,-0.011671700795778634,-0.013249733765882957,-0.014827766735987282,mom_lookback=6
blend,mv,2015-09-30,2015-10-31,-0.0050324400032800785,1.2314443711123508,False,1.305796997599877,-0.006263884374392429,-0.00749532874550478,-0.008726773116617131,mom_lookback=6
blend,mv,2015-10-31,2015-11-30,-0.001470439562949317,1.4007187858383965,False,1.2554719921858855,-0.0028711583487877135,-0.00427187713462611,-0.005672595920464507,mom_lookback=6
blend,mv,2015-11-30,2015-12-31,-0.0051635500353062,1.4636534719006782,False,1.5447279841113724,-0.006627203507206878,-0.008090856979107556,-0.009554510451008235,mom_lookback=6
blend,mv,2015-12-31,2016-01-31,-0.010116291837405143,1.4892077626069156,False,1.4254365257906139,-0.01160549960001206,-0.013094707362618974,-0.01458391512522589,mom_lookback=6
blend,mv,2016-01-31,2016-02-29,-0.010713640425592157,1.3073860122469791,False,1.6585343342917935,-0.012021026437839137,-0.013328412450086115,-0.014635798462333094,mom_lookback=6
blend,mv,2016-02-29,2016-03-31,-0.019699680591298743,1.7915996918827415,False,1.6679926242682737,-0.021491280283181483,-0.023282879975064227,-0.025074479666946967,mom_lookback=6
blend,mv,2016-03-31,2016-04-30,0.015328895306120588,1.7276881636832613,False,1.381144898479929,0.013601207142437326,0.011873518978754065,0.010145830815070804,mom_lookback=6
blend,mv,2016-04-30,2016-05-31,-0.01874249380308887,1.3071339991768147,False,1.5227373215702213,-0.020049627802265685,-0.021356761801442498,-0.022663895800619314,mom_lookback=6
blend,mv,2016-05-31,2016-06-30,0.030522746055325258,1.414674675558708,False,1.3300971324976743,0.02910807137976655,0.027693396704207843,0.026278722028649133,mom_lookback=6
blend,mv,2016-06-30,2016-07-31,0.009325934384680554,1.7700839849670305,False,1.5423095496857617,0.007555850399713524,0.005785766414746494,0.0040156824297794625,mom_lookback=6
blend,mv,2016-07-31,2016-08-31,-0.024125594785098143,1.7150322770722115,False,1.2270003279228061,-0.025840627062170354,-0.027555659339242568,-0.02927069161631478,mom_lookback=6
blend,mv,2016-08-31,2016-09-30,0.006621955087645595,1.6904405057428218,False,1.543138763187799,0.004931514581902774,0.0032410740761599516,0.0015506335704171302,mom_lookback=6
blend,mv,2016-09-30,2016-10-31,0.0001258169786177436,1.5138141287654965,False,1.4874069616981576,-0.001387997150147753,-0.0029018112789132495,-0.004415625407678746,mom_lookback=6
blend,mv,2016-10-31,2016-11-30,-0.033505117273866396,1.6674691307955773,False,1.5750599741832911,-0.035172586404661976,-0.03684005553545755,-0.03850752466625313,mom_lookback=6
blend,mv,2016-11-30,2016-12-31,0.003502216327011889,1.6895416783773862,False,1.5384533641644096,0.001812674648634503,0.0001231329702571166,-0.0015664087081202695,mom_lookback=6
blend,mv,2016-12-31,2017-01-31,-0.007699591605542548,1.5638778551598858,False,1.3999368799265905,-0.009263469460702434,-0.01082734731586232,-0.012391225171022206,mom_lookback=6
blend,mv,2017-01-31,2017-02-28,0.004087452593098284,1.0288118668509605,False,1.3900786096018816,0.0030586407262473236,0.002029828859396363,0.0010010169925454026,mom_lookback=6
blend,mv,2017-02-28,2017-03-31,-0.006969217422116061,1.5421776182743685,False,1.5533173486394534,-0.008511395040390429,-0.010053572658664798,-0.011595750276939166,mom_lookback=6
blend,mv,2017-03-31,2017-04-30,0.004362008989474193,1.676500490843641,False,1.5582531737329612,0.0026855084986305523,0.0010090080077869113,-0.0006674924830567296,mom_lookback=6
blend,mv,2017-04-30,2017-05-31,0.0034648889910202396,1.7657948486374704,False,1.6049277661831378,0.0016990941423827692,-6.670070625470126e-05,-0.0018324955548921717,mom_lookback=6
blend,mv,2017-05-31,2017-06-30,-0.0033888902358727518,2.0126928669562845,False,1.6489466914974633,-0.005401583102829037,-0.007414275969785321,-0.009426968836741606,mom_lookback=6
blend,mv,2017-06-30,2017-07-31,-0.009756823854565017,1.5063146401007381,False,1.4751911043804107,-0.011263138494665755,-0.012769453134766493,-0.014275767774867231,mom_lookback=6
blend,mv,2017-07-31,2017-08-31,0.02565515452539088,1.4261287655917396,False,1.4767313564477504,0.02422902575979914,0.0228028969942074,0.02137676822861566,mom_lookback=6
blend,mv,2017-08-31,2017-09-30,0.004105348223152733,1.620098503297492,False,1.7888163448903223,0.0024852497198552415,0.0008651512165577494,-0.0007549472867397428,mom_lookback=6
blend,mv,2017-09-30,2017-10-31,0.023447527855656743,1.792418674580128,False,1.7799754048733127,0.021655109181076614,0.019862690506496486,0.018070271831916358,mom_lookback=6
blend,mv,2017-10-31,2017-11-30,-0.01706003110038197,1.3128305521115742,False,1.9141630669035323,-0.018372861652493543,-0.01968569220460512,-0.02099852275671669,mom_lookback=6
blend,mv,2017-11-30,2017-12-31,-0.002291895214487418,1.92639441361291,False,1.6726244416921043,-0.004218289628100328,-0.006144684041713238,-0.008071078455326147,mom_lookback=6
blend,mv,2017-12-31,2018-01-31,0.02169704153758135,1.5763948140177855,False,1.7913649984294928,0.020120646723563566,0.01854425190954578,0.016967857095527995,mom_lookback=6
blend,mv,2018-01-31,2018-02-28,-0.01278358983476116,1.2880199061359052,False,1.782478128469444,-0.014071609740897065,-0.01535962964703297,-0.016647649553168876,mom_lookback=6
blend,mv,2018-02-28,2018-03-31,-0.011008103706141914,1.7890125381073239,False,1.7044174585174972,-0.012797116244249238,-0.014586128782356562,-0.016375141320463887,mom_lookback=6
blend,mv,2018-03-31,2018-04-30,0.006153550631258146,1.5044237941493999,False,1.4184047613458042,0.004649126837108747,0.0031447030429593466,0.0016402792488099463,mom_lookback=6
blend,mv,2018-04-30,2018-05-31,0.020441678938556303,1.4449767182374984,False,1.5179417541025768,0.018996702220318806,0.017551725502081308,0.016106748783843806,mom_lookback=6
blend,mv,2018-05-31,2018-06-30,-0.02124529972679858,1.6851763788333978,False,1.6740545519078978,-0.022930476105631977,-0.024615652484465372,-0.02630082886329877,mom_lookback=6
blend,mv,2018-06-30,2018-07-31,-0.001490641370424854,1.3813188690419114,False,1.6153252360478616,-0.0028719602394667657,-0.0042532791085086764,-0.005634597977550588,mom_lookback=6
blend,mv,2018-07-31,2018-08-31,0.03908849397311297,1.1237116414128734,False,1.690197685450774,0.037964782331700093,0.03684107069028722,0.035717359048874346,mom_lookback=6
blend,mv,2018-08-31,2018-09-30,0.019780149300668265,1.3914977212550863,False,1.8976744477116319,0.01838865157941318,0.016997153858158094,0.015605656136903005,mom_lookback=6
blend,mv,2018-09-30,2018-10-31,-0.024581481296378167,1.2486478812734587,False,1.559837956282224,-0.025830129177651626,-0.027078777058925085,-0.028327424940198544,mom_lookback=6
blend,mv,2018-10-31,2018-11-30,-0.005198547150524688,1.0688236920452603,False,1.4071420822034095,-0.006267370842569948,-0.007336194534615209,-0.008405018226660468,mom_lookback=6
blend,mv,2018-11-30,2018-12-31,0.010866814702504921,1.3545460716461315,False,1.4810129685661557,0.00951226863085879,0.008157722559212658,0.006803176487566526,mom_lookback=6
blend,mv,2018-12-31,2019-01-31,-0.02261974537035568,1.077457967106088,False,1.4767701069488774,-0.023697203337461767,-0.024774661304567857,-0.025852119271673944,mom_lookback=6
blend,mv,2019-01-31,2019-02-28,0.0031111202788006746,1.0282824068820153,False,1.6263765325861024,0.0020828378719186594,0.0010545554650366437,2.6273058154628517e-05,mom_lookback=6
blend,mv,2019-02-28,2019-03-31,-0.00974941789078921,1.065398201182057,False,1.6334977855386021,-0.010814816091971267,-0.011880214293153325,-0.01294561249433538,mom_lookback=6
blend,mv,2019-03-31,2019-04-30,-0.019393486922134422,1.43900182166978,False,1.7007353801309295,-0.020832488743804202,-0.02227149056547398,-0.02371049238714376,mom_lookback=6
blend,mv,2019-04-30,2019-05-31,0.01535555688436557,1.5583773025474228,False,1.610939303321651,0.013797179581818147,0.012238802279270725,0.0106804249767233,mom_lookback=6
blend,mv,2019-05-31,2019-06-30,-0.01715101948511882,1.3408485983058087,False,1.5862657466652148,-0.01849186808342463,-0.019832716681730436,-0.021173565280036246,mom_lookback=6
blend,mv,2019-06-30,2019-07-31,0.02172615951999932,1.1908357197796942,False,1.628823320873362,0.020535323800219624,0.019344488080439932,0.018153652360660237,mom_lookback=6
blend,mv,2019-07-31,2019-08-31,0.039384506673329045,1.2499812806178274,False,1.4842290244845013,0.03813452539271122,0.03688454411209339,0.035634562831475564,mom_lookback=6
blend,mv,2019-08-31,2019-09-30,-0.008229851009890635,0.7754707659872795,False,1.4412277277950079,-0.009005321775877914,-0.009780792541865193,-0.010556263307852474,mom_lookback=6
blend,mv,2019-09-30,2019-10-31,0.016209906978201655,0.9755884180152491,False,1.278683366055629,0.015234318560186406,0.014258730142171156,0.013283141724155907,mom_lookback=6
blend,mv,2019-10-31,2019-11-30,0.011489658749043723,1.0414892975692949,False,1.2295745878414104,0.010448169451474427,0.009406680153905132,0.008365190856335837,mom_lookback=6
blend,mv,2019-11-30,2019-12-31,-0.0038523843278436697,1.534800469343616,False,1.6881050631040755,-0.0053871847971872855,-0.006921985266530902,-0.008456785735874517,mom_lookback=6
blend,mv,2019-12-31,2020-01-31,0.014430050691934301,1.7208175774098362,False,1.7378817056082034,0.012709233114524465,0.010988415537114628,0.009267597959704794,mom_lookback=6
blend,mv,2020-01-31,2020-02-29,0.014121848496708873,1.1825618111387053,False,1.6750614626951041,0.012939286685570168,0.011756724874431463,0.010574163063292757,mom_lookback=6
blend,mv,2020-02-29,2020-03-31,0.04821979313778636,1.3083675089626006,False,1.4893207491118483,0.046911425628823764,0.045603058119861165,0.04429469061089856,mom_lookback=6
blend,mv,2020-03-31,2020-04-30,0.02314975150416615,1.1681215499947093,False,1.2825293884798277,0.02198162995417144,0.02081350840417673,0.01964538685418202,mom_lookback=6
blend,mv,2020-04-30,2020-05-31,-0.0031328471255263985,1.1838600534701245,False,1.1242599025098088,-0.004316707178996523,-0.005500567232466648,-0.006684427285936772,mom_lookback=6
blend,mv,2020-05-31,2020-06-30,0.009171276859318777,1.000233494444022,False,1.1250894548863328,0.008171043364874755,0.007170809870430733,0.00617057637598671,mom_lookback=6
blend,mv,2020-06-30,2020-07-31,0.020519113233448842,1.149940146392257,False,1.209104693655169,0.019369173087056584,0.01821923294066433,0.01706929279427207,mom_lookback=6
blend,mv,2020-07-31,2020-08-31,0.023206940714932026,1.2525127941017862,False,1.2220372676655322,0.02195442792083024,0.020701915126728452,0.019449402332626667,mom_lookback=6
blend,mv,2020-08-31,2020-09-30,-0.005488670776224066,0.9295153022120534,False,1.0360303530779764,-0.00641818607843612,-0.007347701380648173,-0.008277216682860227,mom_lookback=6
blend,mv,2020-09-30,2020-10-31,5.092699289792384e-05,1.1674229493006345,False,1.2382096490083165,-0.0011164959564027108,-0.0022839189057033455,-0.0034513418550039796,mom_lookback=6
blend,mv,2020-10-31,2020-11-30,-0.00024914083449720833,1.1939653405084518,False,1.0401359739300184,-0.0014431061750056601,-0.0026370715155141122,-0.003831036856022564,mom_lookback=6
blend,mv,2020-11-30,2020-12-31,0.014283290738838172,1.3354107753299043,False,1.04523550880652,0.012947879963508267,0.011612469188178364,0.010277058412848459,mom_lookback=6
blend,mv,2020-12-31,2021-01-31,0.019611100020217962,1.0208014888459076,False,1.050952171038688,0.018590298531372056,0.017569497042526146,0.01654869555368024,mom_lookback=6
blend,mv,2021-01-31,2021-02-28,-0.008335560789033991,0.8818186453921778,False,0.9997676708542527,-0.00921737943442617,-0.010099198079818347,-0.010981016725210525,mom_lookback=6
blend,mv,2021-02-28,2021-03-31,-0.025779274536844258,1.077057734014196,False,1.128413884689024,-0.026856332270858454,-0.02793339000487265,-0.029010447738886846,mom_lookback=6
blend,mv,2021-03-31,2021-04-30,0.00751655983027596,1.1680071003181058,False,0.9791824515024051,0.006348552729957854,0.005180545629639748,0.0040125385293216425,mom_lookback=6
blend,mv,2021-04-30,2021-05-31,-0.0021526176694672454,0.9415873257332792,False,0.9018618647461347,-0.0030942049952005246,-0.004035792320933804,-0.004977379646667083,mom_lookback=6
blend,mv,2021-05-31,2021-06-30,-0.011752913347191075,1.123991464823475,False,1.2822453171428287,-0.012876904812014549,-0.014000896276838025,-0.0151248877416615,mom_lookback=6
blend,mv,2021-06-30,2021-07-31,0.0004446131803405817,1.2536655884914993,False,1.1213608989294097,-0.0008090524081509177,-0.002062717996642417,-0.003316383585133916,mom_lookback=6
blend,mv,2021-07-31,2021-08-31,0.009783899275328035,0.9320027241438354,False,1.0632052951473985,0.0088518965511842,0.007919893827040364,0.0069878911028965285,mom_lookback=6
blend,mv,2021-08-31,2021-09-30,-0.022424692244064532,1.3443621470715357,False,1.3451862227524376,-0.02376905439113607,-0.025113416538207603,-0.02645777868527914,mom_lookback=6
blend,mv,2021-09-30,2021-10-31,0.011483434742262471,1.2629983249737797,False,1.3580471050087273,0.01022043641728869,0.00895743809231491,0.007694439767341132,mom_lookback=6
blend,mv,2021-10-31,2021-11-30,-0.01080839061130838,1.155847751831922,False,1.3152507707653243,-0.011964238363140301,-0.013120086114972224,-0.014275933866804145,mom_lookback=6
blend,mv,2021-11-30,2021-12-31,-0.005402794006682399,1.0090502657669804,False,1.0838607676093992,-0.00641184427244938,-0.00742089453821636,-0.00842994480398334,mom_lookback=6
blend,mv,2021-12-31,2022-01-31,-0.003295942474329134,1.0057560538930626,False,1.1644377744140153,-0.0043016985282221965,-0.005307454582115259,-0.006313210636008322,mom_lookback=6
blend,mv,2022-01-31,2022-02-28,-0.012095297841827592,0.9164352689277767,False,1.114519953760628,-0.013011733110755368,-0.013928168379683145,-0.014844603648610922,mom_lookback=6
blend,mv,2022-02-28,2022-03-31,0.026072606931678167,0.8148946357714276,False,1.0257786864880327,0.025257712295906738,0.024442817660135313,0.023627923024363885,mom_lookback=6
blend,mv,2022-03-31,2022-04-30,0.02152118394420304,0.7566070396445568,False,1.0393488856697497,0.020764576904558484,0.02000796986491393,0.01925136282526937,mom_lookback=6
blend,mv,2022-04-30,2022-05-31,0.005797172119135234,0.936275910493669,False,0.9060924434705664,0.004860896208641566,0.003924620298147896,0.0029883443876542273,mom_lookback=6
blend,mv,2022-05-31,2022-06-30,-0.011333871102157599,0.9404946868570845,False,1.1228221748043765,-0.012274365789014684,-0.013214860475871767,-0.014155355162728853,mom_lookback=6
blend,mv,2022-06-30,2022-07-31,-0.00017117214029581496,0.8760076648330813,False,0.9893771569347505,-0.0010471798051288964,-0.0019231874699619776,-0.002799195134795059,mom_lookback=6
blend,mv,2022-07-31,2022-08-31,0.0142374131648453,1.0594755268274918,False,1.1274740225415238,0.013177937638017808,0.012118462111190316,0.011058986584362825,mom_lookback=6
blend,mv,2022-08-31,2022-09-30,0.007563529963795264,0.899624993309607,False,1.169945904139458,0.006663904970485657,0.005764279977176051,0.004864654983866443,mom_lookback=6
blend,mv,2022-09-30,2022-10-31,0.011603341314178851,0.5294337390137934,False,1.1249441352378304,0.011073907575165057,0.010544473836151265,0.010015040097137471,mom_lookback=6
blend,mv,2022-10-31,2022-11-30,-0.04690492591295098,0.832985528198262,False,1.1929022567028857,-0.04773791144114924,-0.0485708969693475,-0.049403882497545765,mom_lookback=6
blend,mv,2022-11-30,2022-12-31,-0.0034956476374718107,0.9627879060450252,False,1.1776158366129834,-0.004458435543516836,-0.005421223449561861,-0.006384011355606886,mom_lookback=6
blend,mv,2022-12-31,2023-01-31,-0.020683920706986117,0.7981599504322291,False,1.1710436993928452,-0.021482080657418346,-0.022280240607850575,-0.023078400558282804,mom_lookback=6
blend,mv,2023-01-31,2023-02-28,-0.013313723118363303,0.8214793505044539,False,1.0800382887293414,-0.014135202468867757,-0.01495668181937221,-0.015778161169876664,mom_lookback=6
blend,mv,2023-02-28,2023-03-31,0.006705583955862404,0.8992063777362105,False,0.9716480666423111,0.005806377578126193,0.004907171200389983,0.0040079648226537725,mom_lookback=6
blend,mv,2023-03-31,2023-04-30,0.00032091116708329203,1.0716216859337522,False,1.0319012996707022,-0.0007507105188504601,-0.0018223322047842122,-0.0028939538907179646,mom_lookback=6
blend,mv,2023-04-30,2023-05-31,0.0033572907463086934,0.6660549226405156,False,1.1236199279520236,0.002691235823668178,0.0020251809010276623,0.0013591259783871466,mom_lookback=6
blend,mv,2023-05-31,2023-06-30,0.0035015349799236493,0.9249744802313353,False,1.2747626319365393,0.002576560499692314,0.0016515860194609786,0.0007266115392296434,mom_lookback=6
blend,mv,2023-06-30,2023-07-31,-0.007445268349057585,1.0701331329992492,False,0.9365865445507651,-0.008515401482056834,-0.009585534615056082,-0.010655667748055332,mom_lookback=6
blend,mv,2023-07-31,2023-08-31,0.004278786180039187,0.7406735334876361,False,1.177889051873975,0.0035381126465515514,0.002797439113063915,0.002056765579576279,mom_lookback=6
blend,mv,2023-08-31,2023-09-30,-0.011221161302536382,0.7872029199235221,False,1.1634940733493746,-0.012008364222459903,-0.012795567142383425,-0.013582770062306949,mom_lookback=6
blend,mv,2023-09-30,2023-10-31,-0.009042018252059471,0.8766099556000929,False,1.219053475691905,-0.009918628207659564,-0.010795238163259658,-0.01167184811885975,mom_lookback=6
blend,mv,2023-10-31,2023-11-30,0.004397327808590975,0.7842380147329281,False,1.104390549061845,0.003613089793858047,0.002828851779125119,0.0020446137643921904,mom_lookback=6
blend,mv,2023-11-30,2023-12-31,-0.018590103143696246,0.9441892290749023,False,1.1926724565030606,-0.01953429237277115,-0.020478481601846052,-0.021422670830920955,mom_lookback=6
blend,mv,2023-12-31,2024-01-31,0.029725938964479243,0.8358165093874609,False,1.141756171556183,0.02889012245509178,0.028054305945704322,0.02721848943631686,mom_lookback=6
blend,mv,2024-01-31,2024-02-29,-0.006800712643590114,0.7756458057494492,False,1.0937083200227147,-0.007576358449339563,-0.008352004255089012,-0.009127650060838462,mom_lookback=6
blend,mv,2024-02-29,2024-03-31,-0.01677002683809126,0.7561119806891927,False,1.0125653896302593,-0.017526138818780453,-0.018282250799469647,-0.019038362780158836,mom_lookback=6
blend,mv,2024-03-31,2024-04-30,-0.022836580740811237,0.7186657156513657,False,0.939422875745482,-0.023555246456462602,-0.02427391217211397,-0.024992577887765335,mom_lookback=6
blend,mv,2024-04-30,2024-05-31,0.0066084710414411945,0.8524409197338232,False,1.0378647190064476,0.005756030121707371,0.004903589201973548,0.004051148282239725,mom_lookback=6
blend,mv,2024-05-31,2024-06-30,0.011340959708973104,0.7840996204240684,False,1.077530052517851,0.010556860088549036,0.009772760468124966,0.008988660847700898,mom_lookback=6
blend,mv,2024-06-30,2024-07-31,-0.011157320262822353,0.9105821834021587,False,1.2024695713691218,-0.01206790244622451,-0.01297848462962667,-0.013889066813028829,mom_lookback=6
blend,mv,2024-07-31,2024-08-31,0.005120997918482144,0.8578878262477078,False,1.1386740468232188,0.004263110092234436,0.0034052222659867286,0.002547334439739021,mom_lookback=6
blend,mv,2024-08-31,2024-09-30,-0.0041099879662287305,0.7968133331207361,False,1.1195966509627686,-0.004906801299349467,-0.005703614632470203,-0.006500427965590938,mom_lookback=6
blend,mv,2024-09-30,2024-10-31,-0.007726776546259762,0.7074494521989474,False,1.1455092545723964,-0.00843422599845871,-0.009141675450657657,-0.009849124902856604,mom_lookback=6
blend,mv,2024-10-31,2024-11-30,0.017657304172474946,0.6031450756118131,False,1.1470157144677902,0.017054159096863135,0.01645101402125132,0.015847868945639505,mom_lookback=6
blend,mv,2024-11-30,2024-12-31,0.012970603526821728,0.8943156308332374,False,1.1258921369318133,0.01207628789598849,0.011181972265155252,0.010287656634322014,mom_lookback=6
blend,mv,2024-12-31,2025-01-31,0.011467015045574779,0.8001008162832389,False,1.1858826074280124,0.01066691422929154,0.009866813413008301,0.009066712596725063,mom_lookback=6
blend,mv,2025-01-31,2025-02-28,-0.0036265759601580606,0.976636830077986,False,1.0714092857180801,-0.0046032127902360465,-0.005579849620314032,-0.006556486450392019,mom_lookback=6
blend,mv,2025-02-28,2025-03-31,-0.025948692747505116,0.9049199044969447,False,1.1768502813040318,-0.02685361265200206,-0.027758532556499006,-0.02866345246099595,mom_lookback=6
blend,mv,2025-03-31,2025-04-30,0.001961130544493487,1.028045155690094,False,1.0137560000552788,0.0009330853888033929,-9.49597668867012e-05,-0.0011230049225767953,mom_lookback=6
blend,mv,2025-04-30,2025-05-31,0.010842059176625186,1.140516201000184,False,1.3884870670627891,0.009701542975625001,0.008561026774624819,0.007420510573624634,mom_lookback=6
blend,mv,2025-05-31,2025-06-30,0.01942644394592987,1.0608848921543919,False,1.0783874257386985,0.01836555905377548,0.017304674161621087,0.016243789269466694,mom_lookback=6
blend,mv,2025-06-30,2025-07-31,-0.015343478240101089,0.6846599578134025,False,1.0823905961376945,-0.01602813819791449,-0.016712798155727893,-0.017397458113541295,mom_lookback=6
blend,mv,2025-07-31,2025-08-31,0.0011012975365237514,0.6092075476006847,False,1.115294111649659,0.0004920899889230666,-0.00011711755867761819,-0.0007263251062783029,mom_lookback=6
blend,mv,2025-08-31,2025-09-30,0.03100163223683815,0.7699652393673329,False,1.132180485997393,0.03023166699747082,0.029461701758103486,0.028691736518736154,mom_lookback=6
blend,mv,2025-09-30,2025-10-31,0.008712046783291238,0.7929204345884219,False,1.03688324115944,0.007919126348702817,0.0071262059141143945,0.006333285479525973,mom_lookback=6
blend,mv,2025-10-31,2025-11-30,-0.009942184138791752,0.6528911872885244,False,0.955839475866605,-0.010595075326080276,-0.0112479665133688,-0.011900857700657325,mom_lookback=6
blend,mv,2025-11-30,2025-12-31,0.014518110167532202,0.6305855912775151,False,1.011960961948331,0.013887524576254688,0.013256938984977172,0.012626353393699656,mom_lookback=6
blend,mv,2025-12-31,2026-01-31,0.006400239636790814,0.6374951087774193,False,1.042215058478241,0.0057627445280133945,0.005125249419235975,0.004487754310458556,mom_lookback=6
blend,mv,1995-01-31,1995-02-28,0.001009681273628452,1.6912874279450085,True,1.6912874279450085,-0.0006816061543165565,-0.002372893582261565,-0.0040641810102065735,mom_lookback=9
blend,mv,1995-02-28,1995-03-31,-0.003591990533624918,1.3698492640712696,False,1.6078790102597416,-0.004961839797696188,-0.006331689061767457,-0.007701538325838727,mom_lookback=9
blend,mv,1995-03-31,1995-04-30,0.02743815431154649,1.1085384926547526,False,1.6307766986103576,0.026329615818891736,0.025221077326236983,0.02411253883358223,mom_lookback=9
blend,mv,1995-04-30,1995-05-31,-0.007898166334883255,1.0393192145547532,False,1.600593493075751,-0.008937485549438007,-0.00997680476399276,-0.011016123978547515,mom_lookback=9
blend,mv,1995-05-31,1995-06-30,0.0069258351526409875,1.2348717200151154,False,1.6963591683651464,0.005690963432625872,0.0044560917126107566,0.0032212199925956415,mom_lookback=9
blend,mv,1995-06-30,1995-07-31,-0.005061142744913165,1.0418556162972887,False,1.6927039711993865,-0.006102998361210454,-0.007144853977507743,-0.008186709593805032,mom_lookback=9
blend,mv,1995-07-31,1995-08-31,0.0018868171856399163,1.1533845388110988,False,1.6025603297452777,0.0007334326468288175,-0.00041995189198228123,-0.0015733364307933802,mom_lookback=9
blend,mv,1995-08-31,1995-09-30,0.020006325882402958,1.082156887488126,False,1.6279129758366055,0.018924168994914833,0.017842012107426707,0.01675985521993858,mom_lookback=9
blend,mv,1995-09-30,1995-10-31,0.028518916988588043,1.2350628674711994,False,1.6218085342769726,0.027283854121116842,0.026048791253645644,0.024813728386174443,mom_lookback=9
blend,mv,1995-10-31,1995-11-30,-0.027560901860940918,1.0938059921719399,False,1.5688450815628439,-0.02865470785311286,-0.029748513845284798,-0.030842319837456736,mom_lookback=9
blend,mv,1995-11-30,1995-12-31,0.006112704444223314,0.946021792399774,False,1.488939791528979,0.005166682651823539,0.004220660859423766,0.0032746390670239916,mom_lookback=9
blend,mv,1995-12-31,1996-01-31,0.0032874618806797914,1.1105569589018258,False,1.5867565305626772,0.002176904921777966,0.00106634796287614,-4.420899602568598e-05,mom_lookback=9
blend,mv,1996-01-31,1996-02-29,-0.0010718623523617913,0.9466775097304381,False,1.6539738746497825,-0.0020185398620922294,-0.0029652173718226673,-0.003911894881553106,mom_lookback=9
blend,mv,1996-02-29,1996-03-31,-0.01962432367490784,1.1285784609906164,False,1.5861130592471366,-0.020752902135898456,-0.021881480596889075,-0.02301005905787969,mom_lookback=9
blend,mv,1996-03-31,1996-04-30,-0.013830552580640533,1.1508583649417718,False,1.6979051261598372,-0.014981410945582306,-0.016132269310524076,-0.01728312767546585,mom_lookback=9
blend,mv,1996-04-30,1996-05-31,-0.003913578478314694,1.264923662521423,False,1.728034064205214,-0.005178502140836118,-0.006443425803357541,-0.007708349465878964,mom_lookback=9
blend,mv,1996-05-31,1996-06-30,0.0059426866156307425,1.1372181927792397,False,1.9497065691611093,0.004805468422851502,0.003668250230072263,0.002531032037293023,mom_lookback=9
blend,mv,1996-06-30,1996-07-31,0.011170975049326338,1.1817900390541172,False,2.038305818645346,0.00998918501027222,0.008807394971218104,0.007625604932163986,mom_lookback=9
blend,mv,1996-07-31,1996-08-31,0.008183635800792639,1.1011674217564122,False,1.898187854725038,0.007082468379036227,0.005981300957279815,0.004880133535523402,mom_lookback=9
blend,mv,1996-08-31,1996-09-30,-0.00246382821268757,1.4949782276415866,False,1.9140661748334113,-0.003958806440329157,-0.0054537846679707435,-0.00694876289561233,mom_lookback=9
blend,mv,1996-09-30,1996-10-31,0.0021118825685195776,1.7835416556324364,False,1.9510658350678418,0.0003283409128871412,-0.0014552007427452952,-0.003238742398377732,mom_lookback=9
blend,mv,1996-10-31,1996-11-30,-0.004480564372054862,1.665251340648966,False,1.724623063153962,-0.006145815712703828,-0.007811067053352794,-0.00947631839400176,mom_lookback=9
blend,mv,1996-11-30,1996-12-31,0.01514531504171741,1.6700194509430715,False,1.7422371290693297,0.01347529559077434,0.011805276139831268,0.010135256688888195,mom_lookback=9
blend,mv,1996-12-31,1997-01-31,0.014775198243910227,1.3013563516333813,False,1.6499565252394761,0.013473841892276846,0.012172485540643464,0.010871129189010082,mom_lookback=9
blend,mv,1997-01-31,1997-02-28,-0.019460788104494555,1.2180417391228788,False,1.6896796181982254,-0.020678829843617436,-0.021896871582740313,-0.02311491332186319,mom_lookback=9
blend,mv,1997-02-28,1997-03-31,0.0043418696965189605,1.5278576633103553,False,1.7715328213504686,0.0028140120332086054,0.00128615436989825,-0.0002417032934121056,mom_lookback=9
blend,mv,1997-03-31,1997-04-30,0.0036830831848212835,1.321931452653201,False,1.9927149638376234,0.002361151732168083,0.0010392202795148817,-0.0002827111731383194,mom_lookback=9
blend,mv,1997-04-30,1997-05-31,-0.00033583140361798623,1.5417152596386412,False,1.821701403919413,-0.0018775466632566275,-0.0034192619228952687,-0.00496097718253391,mom_lookback=9
blend,mv,1997-05-31,1997-06-30,0.009384555579926138,1.7023557138771725,False,1.8873057826691697,0.007682199866048965,0.005979844152171792,0.00427748843829462,mom_lookback=9
blend,mv,1997-06-30,1997-07-31,0.028524735180310956,1.5907345523441188,False,1.6620825556124779,0.026934000627966838,0.02534326607562272,0.0237525315232786,mom_lookback=9
blend,mv,1997-07-31,1997-08-31,-0.025620771218637314,1.5039644334936608,False,1.7278053046455746,-0.027124735652130975,-0.028628700085624636,-0.030132664519118297,mom_lookback=9
blend,mv,1997-08-31,1997-09-30,0.013693397640734704,1.6413198735729222,False,1.7787294427101423,0.012052077767161782,0.01041075789358886,0.008769438020015938,mom_lookback=9
blend,mv,1997-09-30,1997-10-31,0.02839129683415342,1.5498103478465899,False,1.778354733640844,0.02684148648630683,0.02529167613846024,0.023741865790613652,mom_lookback=9
blend,mv,1997-10-31,1997-11-30,-0.0037755650118103425,1.478956508039759,False,1.8410817381561064,-0.005254521519850102,-0.006733478027889861,-0.00821243453592962,mom_lookback=9
blend,mv,1997-11-30,1997-12-31,0.00344259983034773,1.2521895461789598,False,1.6193302886384329,0.0021904102841687704,0.0009382207379898103,-0.0003139688081891497,mom_lookback=9
blend,mv,1997-12-31,1998-01-31,0.016446751697598433,1.502318356242946,False,1.8415916794115714,0.014944433341355487,0.013442114985112542,0.011939796628869594,mom_lookback=9
blend,mv,1998-01-31,1998-02-28,-0.009857903558885814,1.441794947304974,False,1.5344606995412786,-0.011299698506190788,-0.012741493453495761,-0.014183288400800735,mom_lookback=9
blend,mv,1998-02-28,1998-03-31,0.0034642813963180023,1.4515230352231654,False,1.5405568651686448,0.002012758361094837,0.0005612353258716714,-0.0008902877093514942,mom_lookback=9
blend,mv,1998-03-31,1998-04-30,-0.027128864299330684,1.1459832922291648,False,1.7053996544504428,-0.02827484759155985,-0.029420830883789013,-0.03056681417601818,mom_lookback=9
blend,mv,1998-04-30,1998-05-31,0.019427219966433183,1.273573762851085,False,1.6802808940524565,0.018153646203582098,0.016880072440731014,0.015606498677879927,mom_lookback=9
blend,mv,1998-05-31,1998-06-30,0.045697651929956215,1.1494499502185274,False,1.7536939305051542,0.04454820197973769,0.043398752029519164,0.04224930207930063,mom_lookback=9
blend,mv,1998-06-30,1998-07-31,0.021340456799339696,1.3933772291843953,False,1.5286054649915037,0.0199470795701553,0.018553702340970906,0.017160325111786508,mom_lookback=9
blend,mv,1998-07-31,1998-08-31,-0.004873087370025168,0.9049934332409258,False,1.4472939012088248,-0.005778080803266094,-0.00668307423650702,-0.007588067669747946,mom_lookback=9
blend,mv,1998-08-31,1998-09-30,-0.01684994212234497,0.7554131652354676,False,1.4876137082647178,-0.017605355287580438,-0.018360768452815906,-0.019116181618051373,mom_lookback=9
blend,mv,1998-09-30,1998-10-31,-0.02704410186829264,1.1767025215715177,False,1.3120793255250258,-0.028220804389864157,-0.029397506911435674,-0.030574209433007194,mom_lookback=9
blend,mv,1998-10-31,1998-11-30,0.0055637442948918295,0.9737447130043309,False,1.3873868828557063,0.004589999581887499,0.003616254868883168,0.002642510155878837,mom_lookback=9
blend,mv,1998-11-30,1998-12-31,0.046994726627453354,0.8678283966204958,False,1.4399869922410065,0.04612689823083286,0.045259069834212365,0.044391241437591863,mom_lookback=9
blend,mv,1998-12-31,1999-01-31,0.03393555206305102,0.9528346735320966,False,1.304012821099346,0.03298271738951892,0.03202988271598682,0.031077048042454727,mom_lookback=9
blend,mv,1999-01-31,1999-02-28,-0.014432870253017554,0.9305312436752756,False,1.2614543057012166,-0.01536340149669283,-0.016293932740368104,-0.01722446398404338,mom_lookback=9
blend,mv,1999-02-28,1999-03-31,0.0027493848387790325,0.9688577438456746,False,1.1646706989031292,0.001780527094933358,0.0008116693510876833,-0.00015718839275799144,mom_lookback=9
blend,mv,1999-03-31,1999-04-30,-0.048523129912121675,0.8128604130004033,False,1.3191155847093599,-0.04933599032512208,-0.05014885073812248,-0.050961711151122885,mom_lookback=9
blend,mv,1999-04-30,1999-05-31,-0.014386546497521534,1.071693279651593,False,1.3571594635803133,-0.015458239777173127,-0.016529933056824722,-0.017601626336476314,mom_lookback=9
blend,mv,1999-05-31,1999-06-30,0.036622760481905645,1.218795741968885,False,1.4534679128327528,0.03540396473993676,0.03418516899796788,0.032966373255998986,mom_lookback=9
blend,mv,1999-06-30,1999-07-31,0.009578882707480868,1.023163220823149,False,1.2857734543387591,0.00855571948665772,0.00753255626583457,0.00650939304501142,mom_lookback=9
blend,mv,1999-07-31,1999-08-31,-0.006246557563550598,0.9407996782440616,False,1.2775573915870626,-0.00718735724179466,-0.008128156920038722,-0.009068956598282784,mom_lookback=9
blend,mv,1999-08-31,1999-09-30,0.02364313217064131,0.776070427429109,False,1.3152583713708192,0.0228670617432122,0.02209099131578309,0.021314920888353982,mom_lookback=9
blend,mv,1999-09-30,1999-10-31,0.01109345480877234,0.7605386117481447,False,1.209742539016298,0.010332916197024195,0.00957237758527605,0.008811838973527907,mom_lookback=9
blend,mv,1999-10-31,1999-11-30,7.234791429263827e-05,1.0952256411859627,False,1.3658017800656777,-0.0010228777268933243,-0.002118103368079287,-0.00321332900926525,mom_lookback=9
blend,mv,1999-11-30,1999-12-31,0.03338049207600279,0.9743020482147428,False,1.2549778921946735,0.03240619002778805,0.0314318879795733,0.030457585931358562,mom_lookback=9
blend,mv,1999-12-31,2000-01-31,0.0005663065892778859,0.8769278903440623,False,1.3311620123610854,-0.0003106213010661764,-0.0011875491914102388,-0.0020644770817543007,mom_lookback=9
blend,mv,2000-01-31,2000-02-29,0.0548715332374732,0.7722415869873456,False,1.135874063550143,0.05409929165048585,0.05332705006349851,0.052554808476511165,mom_lookback=9
blend,mv,2000-02-29,2000-03-31,0.0008198033201909642,0.8137102441627929,False,1.1817121890798918,6.093076028171264e-06,-0.0008076171681346216,-0.0016213274122974146,mom_lookback=9
blend,mv,2000-03-31,2000-04-30,-0.03015397635800988,0.975792851302119,False,1.1652970428826135,-0.031129769209312,-0.03210556206061412,-0.03308135491191624,mom_lookback=9
blend,mv,2000-04-30,2000-05-31,-0.01703119565140205,0.913822204526091,False,1.0867075347835153,-0.01794501785592814,-0.01885884006045423,-0.019772662264980322,mom_lookback=9
blend,mv,2000-05-31,2000-06-30,0.03670572258913229,1.0857666999052982,False,1.2962526139407486,0.03561995588922699,0.03453418918932169,0.033448422489416395,mom_lookback=9
blend,mv,2000-06-30,2000-07-31,-0.0004946268510794658,0.7068521073522609,False,1.2501829339719182,-0.0012014789584317265,-0.0019083310657839875,-0.0026151831731362485,mom_lookback=9
blend,mv,2000-07-31,2000-08-31,0.04563742051287519,0.736631840185125,False,1.1856990421123594,0.04490078867269007,0.04416415683250494,0.04342752499231982,mom_lookback=9
blend,mv,2000-08-31,2000-09-30,0.0018454844446602662,0.8108430433004777,False,1.1828507012281975,0.0010346414013597885,0.0002237983580593106,-0.0005870446852411673,mom_lookback=9
blend,mv,2000-09-30,2000-10-31,-0.015017093354718757,0.6629719749318124,False,1.2835111970696504,-0.01568006532965057,-0.01634303730458238,-0.017006009279514192,mom_lookback=9
blend,mv,2000-10-31,2000-11-30,-0.0026833845526399495,0.6651574345834805,False,1.2589059396114526,-0.0033485419872234298,-0.0040136994218069105,-0.004678856856390391,mom_lookback=9
blend,mv,2000-11-30,2000-12-31,0.00037262293928811357,0.6705241833507449,False,1.2180795300762248,-0.0002979012440626314,-0.0009684254274133764,-0.0016389496107641211,mom_lookback=9
blend,mv,2000-12-31,2001-01-31,-0.06586681740222888,0.8086585270921418,False,1.1890157673259543,-0.06667547592932102,-0.06748413445641317,-0.06829279298350531,mom_lookback=9
blend,mv,2001-01-31,2001-02-28,0.017005439991507356,0.7976574381199398,False,1.1469926016341898,0.016207782553387416,0.015410125115267476,0.014612467677147536,mom_lookback=9
blend,mv,2001-02-28,2001-03-31,0.001967501928781016,0.8488179758479792,False,1.1727031416339737,0.0011186839529330368,0.0002698659770850576,-0.0005789519987629216,mom_lookback=9
blend,mv,2001-03-31,2001-04-30,-0.005219258226122712,1.0099140649807865,False,1.0433941161879172,-0.006229172291103499,-0.007239086356084285,-0.008249000421065071,mom_lookback=9
blend,mv,2001-04-30,2001-05-31,0.011423862897015897,0.9064935052552633,False,1.106560474218578,0.010517369391760635,0.00961087588650537,0.008704382381250108,mom_lookback=9
blend,mv,2001-05-31,2001-06-30,0.0019467049210019991,0.874460926364846,False,1.1501553659087578,0.001072243994637153,0.00019778306827230707,-0.000676677858092539,mom_lookback=9
blend,mv,2001-06-30,2001-07-31,0.007902736792290902,0.9871318700435764,False,1.2377475125327142,0.006915604922247325,0.005928473052203748,0.0049413411821601725,mom_lookback=9
blend,mv,2001-07-31,2001-08-31,0.010926893627696775,1.005255231408863,False,0.9825595695089419,0.009921638396287912,0.008916383164879048,0.007911127933470185,mom_lookback=9
blend,mv,2001-08-31,2001-09-30,0.022176958538482075,0.6733811984624145,False,1.0910774395939022,0.02150357734001966,0.020830196141557247,0.02015681494309483,mom_lookback=9
blend,mv,2001-09-30,2001-10-31,-0.012852042927878832,0.6483904964658654,False,0.9123569176471901,-0.013500433424344697,-0.014148823920810563,-0.014797214417276428,mom_lookback=9
blend,mv,2001-10-31,2001-11-30,-0.03218339875357008,0.7434633810407836,False,0.8889593588112162,-0.032926862134610865,-0.03367032551565165,-0.034413788896692436,mom_lookback=9
blend,mv,2001-11-30,2001-12-31,0.005528647038115822,0.7863685864342141,False,1.014259595376121,0.004742278451681608,0.003955909865247394,0.0031695412788131797,mom_lookback=9
blend,mv,2001-12-31,2002-01-31,0.026421712255450938,0.8808718616668778,False,1.1194903429846095,0.02554084039378406,0.02465996853211718,0.023779096670450306,mom_lookback=9
blend,mv,2002-01-31,2002-02-28,-0.0004995836517993696,0.7786836338951311,False,1.243020559699193,-0.0012782672856945006,-0.002056950919589632,-0.002835634553484763,mom_lookback=9
blend,mv,2002-02-28,2002-03-31,0.004734213292740909,0.6126675831641767,False,1.1333234364802793,0.004121545709576732,0.0035088781264125558,0.0028962105432483788,mom_lookback=9
blend,mv,2002-03-31,2002-04-30,0.03819838835310515,0.8255206132062171,False,1.1245401292483042,0.03737286773989893,0.03654734712669271,0.0357218265134865,mom_lookback=9
blend,mv,2002-04-30,2002-05-31,0.009251398144164029,0.6871035408747781,False,0.9906270461917828,0.00856429460328925,0.007877191062414473,0.007190087521539695,mom_lookback=9
blend,mv,2002-05-31,2002-06-30,0.006178364399911021,0.5546881053635077,False,1.0624625827752587,0.005623676294547514,0.005068988189184006,0.004514300083820498,mom_lookback=9
blend,mv,2002-06-30,2002-07-31,-0.02252566390239559,0.6115523238900199,False,1.1364991790562675,-0.02313721622628561,-0.02374876855017563,-0.02436032087406565,mom_lookback=9
blend,mv,2002-07-31,2002-08-31,0.012811395057472376,0.6226045343774891,False,1.0469536115022344,0.012188790523094887,0.011566185988717398,0.010943581454339909,mom_lookback=9
blend,mv,2002-08-31,2002-09-30,0.0271194683678475,0.5699621576445093,False,1.0710947786257012,0.02654950621020299,0.025979544052558482,0.025409581894913973,mom_lookback=9
blend,mv,2002-09-30,2002-10-31,-0.03505533900886131,0.59786529923159,False,0.9693023048657673,-0.0356532043080929,-0.03625106960732449,-0.03684893490655608,mom_lookback=9
blend,mv,2002-10-31,2002-11-30,-0.04189177879754755,0.648861594134287,False,0.9639123161159882,-0.04254064039168184,-0.04318950198581613,-0.04383836357995041,mom_lookback=9
blend,mv,2002-11-30,2002-12-31,0.014405679617672819,0.6907947858166612,False,1.1594500168116526,0.013714884831856157,0.013024090046039495,0.012333295260222834,mom_lookback=9
blend,mv,2002-12-31,2003-01-31,0.005544447227798814,0.6749971505940016,False,1.2011856595382628,0.004869450077204812,0.00419445292661081,0.003519455776016809,mom_lookback=9
blend,mv,2003-01-31,2003-02-28,-0.0004767908616163908,0.6363465659271794,False,1.1343248677380944,-0.0011131374275435701,-0.0017494839934707497,-0.0023858305593979293,mom_lookback=9
blend,mv,2003-02-28,2003-03-31,0.0021266528387698853,0.667990607564624,False,1.2798426535496779,0.0014586622312052612,0.0007906716236406371,0.00012268101607601327,mom_lookback=9
blend,mv,2003-03-31,2003-04-30,-0.015192803498888472,0.6290092074443652,False,1.2702234277753817,-0.015821812706332837,-0.0164508219137772,-0.017079831121221568,mom_lookback=9
blend,mv,2003-04-30,2003-05-31,-0.012765416929195895,0.7518062890848302,False,1.2869151840485813,-0.013517223218280725,-0.014269029507365555,-0.015020835796450386,mom_lookback=9
blend,mv,2003-05-31,2003-06-30,-0.008317564223829581,0.7555803913816671,False,1.3150883331431793,-0.009073144615211248,-0.009828725006592915,-0.010584305397974583,mom_lookback=9
blend,mv,2003-06-30,2003-07-31,-0.006898220025251342,1.0050751787841403,False,1.0150358730406461,-0.007903295204035482,-0.008908370382819622,-0.009913445561603763,mom_lookback=9
blend,mv,2003-07-31,2003-08-31,-0.0027805149647089225,0.7470005508513882,False,1.1217570504627423,-0.0035275155155603108,-0.004274516066411699,-0.005021516617263087,mom_lookback=9
blend,mv,2003-08-31,2003-09-30,0.01499470598733013,0.6750295583345715,False,1.126816800503322,0.014319676428995558,0.013644646870660988,0.012969617312326416,mom_lookback=9
blend,mv,2003-09-30,2003-10-31,0.02401007286762214,0.5763192862955339,False,1.047005103245392,0.023433753581326607,0.022857434295031072,0.02228111500873554,mom_lookback=9
blend,mv,2003-10-31,2003-11-30,0.013064635643480272,0.5241950130901472,False,1.1466803125710923,0.012540440630390125,0.012016245617299979,0.011492050604209832,mom_lookback=9
blend,mv,2003-11-30,2003-12-31,-0.02624063310921571,0.549838188132995,False,1.0969337212631887,-0.026790471297348704,-0.0273403094854817,-0.027890147673614692,mom_lookback=9
blend,mv,2003-12-31,2004-01-31,-0.01665964448512974,0.5166356987602911,False,0.9607259158742029,-0.01717628018389003,-0.01769291588265032,-0.01820955158141061,mom_lookback=9
blend,mv,2004-01-31,2004-02-29,0.008059970547866323,0.4685632796850042,False,0.8688793241246413,0.007591407268181319,0.0071228439884963145,0.00665428070881131,mom_lookback=9
blend,mv,2004-02-29,2004-03-31,0.0080996415214411,0.7729423459435837,False,1.1200963299963764,0.007326699175497517,0.0065537568295539325,0.005780814483610348,mom_lookback=9
blend,mv,2004-03-31,2004-04-30,-0.024343977254709107,0.5891737327693123,False,1.1829427713504368,-0.02493315098747842,-0.025522324720247732,-0.026111498453017044,mom_lookback=9
blend,mv,2004-04-30,2004-05-31,0.0005509475930281022,0.607393208375618,False,1.1795226863783712,-5.644561534751591e-05,-0.000663838823723134,-0.0012712320320987522,mom_lookback=9
blend,mv,2004-05-31,2004-06-30,0.005920384581177397,0.6730031192085874,False,1.3888418553388835,0.005247381461968809,0.004574378342760222,0.003901375223551635,mom_lookback=9
blend,mv,2004-06-30,2004-07-31,-0.017526080927243424,0.617142389269454,False,1.3003986707120163,-0.01814322331651288,-0.018760365705782333,-0.019377508095051788,mom_lookback=9
blend,mv,2004-07-31,2004-08-31,-0.013516984453301323,0.6229963224510223,False,1.1212843736287568,-0.014139980775752346,-0.014762977098203367,-0.01538597342065439,mom_lookback=9
blend,mv,2004-08-31,2004-09-30,0.01794773120842441,0.8117135715475512,False,1.1825872619183766,0.01713601763687686,0.01632430406532931,0.015512590493781758,mom_lookback=9
blend,mv,2004-09-30,2004-10-31,-0.007573059669123664,0.7453101642257685,False,1.2768729719089373,-0.008318369833349432,-0.009063679997575201,-0.009808990161800969,mom_lookback=9
blend,mv,2004-10-31,2004-11-30,0.009370775735548278,0.8933956870960321,False,1.317029221732647,0.008477380048452245,0.007583984361356214,0.0066905886742601815,mom_lookback=9
blend,mv,2004-11-30,2004-12-31,-0.00961148964229589,0.8037487537619643,False,1.4253187783957384,-0.010415238396057853,-0.011218987149819818,-0.012022735903581782,mom_lookback=9
blend,mv,2004-12-31,2005-01-31,0.014303261448611094,0.8453625891059348,False,1.2521411260594046,0.01345789885950516,0.012612536270399224,0.01176717368129329,mom_lookback=9
blend,mv,2005-01-31,2005-02-28,0.03142426174644848,0.7857332070853587,False,1.1892999333339604,0.030638528539363122,0.029852795332277762,0.029067062125192406,mom_lookback=9
blend,mv,2005-02-28,2005-03-31,-0.0066820820354008,0.646370062768338,False,1.145799142497679,-0.007328452098169138,-0.007974822160937476,-0.008621192223705814,mom_lookback=9
blend,mv,2005-03-31,2005-04-30,-0.005172120574508369,0.5562371084711486,False,1.0550422825439487,-0.005728357682979518,-0.006284594791450666,-0.006840831899921815,mom_lookback=9
blend,mv,2005-04-30,2005-05-31,0.008118905474819832,0.5234065438187414,False,1.2026023208848087,0.0075954989310010905,0.007072092387182349,0.0065486858433636075,mom_lookback=9
blend,mv,2005-05-31,2005-06-30,0.013921321533087677,0.566623006126214,False,1.1018947125898495,0.013354698526961462,0.01278807552083525,0.012221452514709035,mom_lookback=9
blend,mv,2005-06-30,2005-07-31,0.0008200446935342013,0.5160814391922317,False,1.1344661415318884,0.00030396325434196966,-0.00021211818485026201,-0.0007281996240424939,mom_lookback=9
blend,mv,2005-07-31,2005-08-31,4.8126379321108764e-05,0.6625546430638491,False,1.1521527379304253,-0.0006144282637427403,-0.0012769829068065895,-0.001939537549870439,mom_lookback=9
blend,mv,2005-08-31,2005-09-30,0.0023438991064053077,0.5201989816999341,False,1.1509430498586546,0.0018237001247053738,0.0013035011430054396,0.0007833021613055055,mom_lookback=9
blend,mv,2005-09-30,2005-10-31,-0.022553276773078758,0.5636132327983399,False,1.2086600212057748,-0.0231168900058771,-0.02368050323867544,-0.024244116471473776,mom_lookback=9
blend,mv,2005-10-31,2005-11-30,-0.004595336564792449,0.6125196288747152,False,1.2272052650436798,-0.005207856193667164,-0.005820375822541879,-0.006432895451416594,mom_lookback=9
blend,mv,2005-11-30,2005-12-31,0.0024542406892263816,0.7589376831030495,False,1.334973963602335,0.0016953030061233319,0.0009363653230202824,0.00017742763991723288,mom_lookback=9
blend,mv,2005-12-31,2006-01-31,0.025151944354725925,0.6771994530242638,False,1.3121938856833322,0.02447474490170166,0.023797545448677397,0.023120345995653133,mom_lookback=9
blend,mv,2006-01-31,2006-02-28,-0.016272324205773424,0.6543934658267413,False,1.1094002791401665,-0.016926717671600165,-0.017581111137426907,-0.018235504603253648,mom_lookback=9
blend,mv,2006-02-28,2006-03-31,0.010265286234624174,0.5874060415047957,False,1.003266116091737,0.009677880193119378,0.009090474151614583,0.008503068110109787,mom_lookback=9
blend,mv,2006-03-31,2006-04-30,0.024411426964390224,0.6436966294409152,False,1.3311124618124253,0.02376773033494931,0.023124033705508393,0.022480337076067478,mom_lookback=9
blend,mv,2006-04-30,2006-05-31,-0.023003609616327463,0.5793044831187675,False,1.243596001960075,-0.02358291409944623,-0.024162218582565,-0.024741523065683765,mom_lookback=9
blend,mv,2006-05-31,2006-06-30,9.428730621492418e-06,0.6252383410746869,False,1.2588864715687293,-0.0006158096104531944,-0.0012410479515278813,-0.0018662862926025682,mom_lookback=9
blend,mv,2006-06-30,2006-07-31,-0.008305961005078123,0.7238091717737157,False,1.5203408248742896,-0.009029770176851838,-0.009753579348625554,-0.01047738852039927,mom_lookback=9
blend,mv,2006-07-31,2006-08-31,-0.02413679448018908,0.8860709560960762,False,1.3874585068283052,-0.025022865436285156,-0.025908936392381232,-0.02679500734847731,mom_lookback=9
blend,mv,2006-08-31,2006-09-30,0.00422060236028219,0.8526958097500836,False,1.3062576021753929,0.0033679065505321064,0.002515210740782023,0.001662514931031939,mom_lookback=9
blend,mv,2006-09-30,2006-10-31,-0.005552008257098943,0.7178317783416983,False,1.4459056672791433,-0.0062698400354406405,-0.006987671813782339,-0.007705503592124038,mom_lookback=9
blend,mv,2006-10-31,2006-11-30,-0.001700547993559787,0.7384158057404109,False,1.1618907114571215,-0.002438963799300198,-0.003177379605040609,-0.00391579541078102,mom_lookback=9
blend,mv,2006-11-30,2006-12-31,0.010055363056433602,0.811824065530239,False,1.4157753346800415,0.009243538990903364,0.008431714925373123,0.007619890859842885,mom_lookback=9
blend,mv,2006-12-31,2007-01-31,0.001928876593827149,0.7517854964996395,False,1.497953128608415,0.0011770910973275095,0.00042530560082786983,-0.0003264798956717698,mom_lookback=9
blend,mv,2007-01-31,2007-02-28,0.0032036706343367516,0.7708639104272426,False,1.3547853204845968,0.0024328067239095088,0.0016619428134822664,0.000891078903055024,mom_lookback=9
blend,mv,2007-02-28,2007-03-31,0.01712632949027352,0.7629282581767256,False,1.4273823289441527,0.016363401232096793,0.015600472973920067,0.014837544715743342,mom_lookback=9
blend,mv,2007-03-31,2007-04-30,-0.008599333304493521,0.6356520189225124,False,1.2438792076921106,-0.009234985323416035,-0.009870637342338546,-0.010506289361261058,mom_lookback=9
blend,mv,2007-04-30,2007-05-31,0.001317376449620335,0.6378580221987632,False,1.258117482664351,0.0006795184274215718,4.1660405222808655e-05,-0.0005961976169759546,mom_lookback=9
blend,mv,2007-05-31,2007-06-30,-0.004012231985225454,0.6680569393031469,False,1.2962010330878528,-0.004680288924528601,-0.005348345863831748,-0.006016402803134894,mom_lookback=9
blend,mv,2007-06-30,2007-07-31,-0.0045370113264806685,0.7831359782051438,False,1.2531312471768117,-0.005320147304685812,-0.0061032832828909565,-0.0068864192610961,mom_lookback=9
blend,mv,2007-07-31,2007-08-31,-0.003216063864917675,0.7676496642549105,False,1.4064192503062842,-0.003983713529172586,-0.004751363193427496,-0.005519012857682406,mom_lookback=9
blend,mv,2007-08-31,2007-09-30,0.02045499688053683,0.8190535644559739,False,1.4172634729323745,0.019635943316080855,0.018816889751624884,0.01799783618716891,mom_lookback=9
blend,mv,2007-09-30,2007-10-31,0.018917144423128546,0.8399093280740385,False,1.4889054106893371,0.018077235095054506,0.01723732576698047,0.01639741643890643,mom_lookback=9
blend,mv,2007-10-31,2007-11-30,0.010893550248415887,0.8808466878914502,False,1.4187747128160824,0.010012703560524437,0.009131856872632987,0.008251010184741536,mom_lookback=9
blend,mv,2007-11-30,2007-12-31,0.01944249863682461,0.6519943933400458,False,1.3162970369666778,0.018790504243484562,0.018138509850144518,0.01748651545680447,mom_lookback=9
blend,mv,2007-12-31,2008-01-31,-0.030363741182895462,0.6731913931349365,False,1.5163518815344594,-0.0310369325760304,-0.03171012396916534,-0.03238331536230027,mom_lookback=9
blend,mv,2008-01-31,2008-02-29,0.05051571773496279,0.6069876986610078,False,1.3696148103656396,0.04990873003630178,0.04930174233764077,0.048694754638979765,mom_lookback=9
blend,mv,2008-02-29,2008-03-31,-0.011536585159988013,0.9050821281084771,False,1.376098086904759,-0.01244166728809649,-0.013346749416204968,-0.014251831544313445,mom_lookback=9
blend,mv,2008-03-31,2008-04-30,-0.005801248191377485,0.7785319722388885,False,1.253208062557725,-0.006579780163616373,-0.0073583121358552625,-0.00813684410809415,mom_lookback=9
blend,mv,2008-04-30,2008-05-31,0.025956623767440984,0.6207676016901053,False,1.356399469155493,0.02533585616575088,0.024715088564060773,0.024094320962370668,mom_lookback=9
blend,mv,2008-05-31,2008-06-30,0.06154289070785894,0.8285573216482953,False,1.4407652856902118,0.06071433338621065,0.05988577606456235,0.05905721874291406,mom_lookback=9
blend,mv,2008-06-30,2008-07-31,-0.021939197033738523,0.6293054722011187,False,1.2869190943231692,-0.02256850250593964,-0.02319780797814076,-0.02382711345034188,mom_lookback=9
blend,mv,2008-07-31,2008-08-31,-0.01806836848903998,0.7479284732719673,False,1.111224053927598,-0.01881629696231195,-0.019564225435583914,-0.020312153908855882,mom_lookback=9
blend,mv,2008-08-31,2008-09-30,-0.03649148222535081,0.7981781019375771,False,1.1062043925361031,-0.03728966032728839,-0.038087838429225966,-0.038886016531163546,mom_lookback=9
blend,mv,2008-09-30,2008-10-31,0.0343451430697862,0.58595824120259,False,1.2378631548903907,0.03375918482858361,0.03317322658738102,0.03258726834617843,mom_lookback=9
blend,mv,2008-10-31,2008-11-30,0.0013507589517817611,0.7695750699955113,False,1.2157226379708717,0.0005811838817862498,-0.00018839118820926154,-0.0009579662582047729,mom_lookback=9
blend,mv,2008-11-30,2008-12-31,-0.02207476294071714,0.794386670256371,False,1.1059547081677563,-0.022869149610973513,-0.023663536281229882,-0.024457922951486254,mom_lookback=9
blend,mv,2008-12-31,2009-01-31,0.0419048596040263,0.6298935891505469,False,1.0778704182222751,0.04127496601487575,0.0406450724257252,0.040015178836574655,mom_lookback=9
blend,mv,2009-01-31,2009-02-28,0.01042316942735174,0.6517481716524076,False,0.954164484018955,0.009771421255699332,0.009119673084046926,0.008467924912394518,mom_lookback=9
blend,mv,2009-02-28,2009-03-31,-0.019697775606596454,0.4477298519173145,False,0.8858758350464829,-0.02014550545851377,-0.020593235310431085,-0.021040965162348397,mom_lookback=9
blend,mv,2009-03-31,2009-04-30,-0.1035704336504151,0.6132360837241022,False,0.9096107643021853,-0.1041836697341392,-0.1047969058178633,-0.1054101419015874,mom_lookback=9
blend,mv,2009-04-30,2009-05-31,-0.02049793703670613,0.7609311667983725,False,0.8061523744010928,-0.0212588682035045,-0.022019799370302875,-0.022780730537101244,mom_lookback=9
blend,mv,2009-05-31,2009-06-30,0.0006831683451534547,0.43344760362834645,False,0.829750600628441,0.00024972074152510823,-0.00018372686210323824,-0.0006171744657315847,mom_lookback=9
blend,mv,2009-06-30,2009-07-31,-0.014966785850246724,0.49966836252526103,False,0.9729327363133563,-0.015466454212771985,-0.015966122575297247,-0.016465790937822508,mom_lookback=9
blend,mv,2009-07-31,2009-08-31,-0.008440569489794726,0.6063202278617568,False,0.8533506785739957,-0.009046889717656482,-0.00965320994551824,-0.010259530173379995,mom_lookback=9
blend,mv,2009-08-31,2009-09-30,0.006687295817842056,0.611865876495571,False,1.0688000070796797,0.0060754299413464845,0.0054635640648509134,0.004851698188355342,mom_lookback=9
blend,mv,2009-09-30,2009-10-31,0.012158289247762754,0.5152101851780414,False,0.986400992088487,0.011643079062584712,0.01112786887740667,0.010612658692228629,mom_lookback=9
blend,mv,2009-10-31,2009-11-30,-0.0004978665689391677,0.5048845775610896,False,0.8635263855841983,-0.0010027511465002573,-0.001507635724061347,-0.0020125203016224365,mom_lookback=9
blend,mv,2009-11-30,2009-12-31,0.0028166286963089886,0.5174410158924071,False,0.7841437047552792,0.0022991876804165814,0.0017817466645241745,0.0012643056486317673,mom_lookback=9
blend,mv,2009-12-31,2010-01-31,-0.006529760231059769,0.44855532606428317,False,0.8045317714303518,-0.006978315557124052,-0.007426870883188335,-0.007875426209252618,mom_lookback=9
blend,mv,2010-01-31,2010-02-28,0.00385938466759815,0.6018658918384775,False,0.9668359045377578,0.0032575187757596727,0.002655652883921195,0.0020537869920827173,mom_lookback=9
blend,mv,2010-02-28,2010-03-31,0.00650353884926868,0.7973148985911817,False,1.0025825638987889,0.005706223950677498,0.004908909052086317,0.004111594153495135,mom_lookback=9
blend,mv,2010-03-31,2010-04-30,0.008110549378288581,0.7417818774229566,False,0.9627638274218707,0.007368767500865624,0.0066269856234426675,0.005885203746019711,mom_lookback=9
blend,mv,2010-04-30,2010-05-31,0.00985515697398512,0.5123627702406341,False,1.033372575182579,0.009342794203744486,0.008830431433503852,0.008318068663263218,mom_lookback=9
blend,mv,2010-05-31,2010-06-30,0.004658123918423747,0.5683683657373699,False,1.0446650228411336,0.004089755552686377,0.003521387186949007,0.002953018821211637,mom_lookback=9
blend,mv,2010-06-30,2010-07-31,-0.019474049697142247,0.538701571944553,False,1.1587844173725057,-0.0200127512690868,-0.020551452841031354,-0.021090154412975907,mom_lookback=9
blend,mv,2010-07-31,2010-08-31,0.024605159468399827,0.8110950666234271,False,1.030551543924207,0.0237940644017764,0.022982969335152974,0.022171874268529547,mom_lookback=9
blend,mv,2010-08-31,2010-09-30,0.010874131025532795,0.6916996149807237,False,1.2381032706456425,0.010182431410552072,0.009490731795571347,0.008799032180590624,mom_lookback=9
blend,mv,2010-09-30,2010-10-31,-0.00106917813177058,0.7209062503500104,False,1.0095403154366582,-0.0017900843821205903,-0.002510990632470601,-0.0032318968828206115,mom_lookback=9
blend,mv,2010-10-31,2010-11-30,0.005636604556654861,0.4953292188111511,False,0.9534815014253478,0.00514127533784371,0.004645946119032559,0.004150616900221407,mom_lookback=9
blend,mv,2010-11-30,2010-12-31,-0.02565090351928489,0.4537058023475491,False,1.0987360186179815,-0.026104609321632437,-0.02655831512397999,-0.027012020926327537,mom_lookback=9
blend,mv,2010-12-31,2011-01-31,-0.016594668782599523,0.6211480635471164,False,0.9983971574690869,-0.01721581684614664,-0.017836964909693755,-0.018458112973240872,mom_lookback=9
blend,mv,2011-01-31,2011-02-28,-0.0032917562251812563,0.5551731028512952,False,0.9120488791225047,-0.0038469293280325514,-0.004402102430883847,-0.004957275533735142,mom_lookback=9
blend,mv,2011-02-28,2011-03-31,0.00872330382412026,0.5996039855429423,False,0.9335688189878167,0.008123699838577317,0.0075240958530343755,0.006924491867491433,mom_lookback=9
blend,mv,2011-03-31,2011-04-30,-0.010626271426853252,0.561971372686377,False,0.9387041552787162,-0.011188242799539628,-0.011750214172226006,-0.012312185544912382,mom_lookback=9
blend,mv,2011-04-30,2011-05-31,-0.007757506978790176,0.5213329341949329,False,1.0332298385750411,-0.008278839912985109,-0.008800172847180042,-0.009321505781374974,mom_lookback=9
blend,mv,2011-05-31,2011-06-30,0.0061010978105666015,0.4785906336503775,False,0.9831721725950945,0.0056225071769162235,0.0051439165432658465,0.0046653259096154686,mom_lookback=9
blend,mv,2011-06-30,2011-07-31,-0.009132642911572378,0.5405076607258241,False,1.076858473835619,-0.009673150572298202,-0.010213658233024026,-0.010754165893749851,mom_lookback=9
blend,mv,2011-07-31,2011-08-31,-0.015326744955932562,0.6005260505311192,False,1.0409560381674987,-0.01592727100646368,-0.0165277970569948,-0.01712832310752592,mom_lookback=9
blend,mv,2011-08-31,2011-09-30,-0.0020537163998142044,0.7758454689553735,False,1.1347536337483048,-0.002829561868769578,-0.003605407337724952,-0.004381252806680325,mom_lookback=9
blend,mv,2011-09-30,2011-10-31,-0.021109204740209452,0.7045426667691134,False,1.0765493466187814,-0.021813747406978567,-0.022518290073747678,-0.023222832740516793,mom_lookback=9
blend,mv,2011-10-31,2011-11-30,0.00545665929996452,0.7075882172678917,False,1.023765607274764,0.004749071082696629,0.004041482865428736,0.0033338946481608453,mom_lookback=9
blend,mv,2011-11-30,2011-12-31,0.0031983786597838083,0.4701603109693735,False,1.1790652891179259,0.002728218348814435,0.002258058037845061,0.0017878977268756878,mom_lookback=9
blend,mv,2011-12-31,2012-01-31,-0.012247294247555999,0.37517814719147136,False,1.071263332941018,-0.01262247239474747,-0.012997650541938941,-0.013372828689130412,mom_lookback=9
blend,mv,2012-01-31,2012-02-29,0.005038855844551347,0.5770221881856209,False,1.1232166330347475,0.004461833656365727,0.0038848114681801055,0.0033077892799944844,mom_lookback=9
blend,mv,2012-02-29,2012-03-31,0.01226362933727786,0.5159845894979688,False,1.1812555799259783,0.011747644747779892,0.011231660158281923,0.010715675568783953,mom_lookback=9
blend,mv,2012-03-31,2012-04-30,0.0038970310893823006,0.6416377500380658,False,1.138149363278423,0.0032553933393442347,0.002613755589306169,0.001972117839268103,mom_lookback=9
blend,mv,2012-04-30,2012-05-31,0.016242666215580355,0.6195794091950517,False,1.1529352486191262,0.015623086806385304,0.015003507397190252,0.0143839279879952,mom_lookback=9
blend,mv,2012-05-31,2012-06-30,-0.00039916308275554353,0.4900811543722757,False,1.0748082931592553,-0.0008892442371278192,-0.0013793253915000948,-0.0018694065458723704,mom_lookback=9
blend,mv,2012-06-30,2012-07-31,0.025134108498692423,0.4474904566392799,False,1.102402881203796,0.024686618042053143,0.024239127585413862,0.023791637128774582,mom_lookback=9
blend,mv,2012-07-31,2012-08-31,-0.01740576346346949,0.4834445327661399,False,1.0681395677616536,-0.01788920799623563,-0.01837265252900177,-0.01885609706176791,mom_lookback=9
blend,mv,2012-08-31,2012-09-30,-0.00438156580270828,0.47358453575723386,False,1.0438104305399336,-0.004855150338465513,-0.005328734874222747,-0.005802319409979981,mom_lookback=9
blend,mv,2012-09-30,2012-10-31,-0.021887104880600465,0.5933591217174461,False,1.1413285836570544,-0.022480464002317912,-0.02307382312403536,-0.023667182245752802,mom_lookback=9
blend,mv,2012-10-31,2012-11-30,0.001925329155853811,0.4935913992342146,False,1.1552991930980818,0.0014317377566195962,0.0009381463573853817,0.00044455495815116713,mom_lookback=9
blend,mv,2012-11-30,2012-12-31,-0.005374650206412796,0.6568918550896871,False,1.2276848678565193,-0.006031542061502483,-0.00668843391659217,-0.007345325771681857,mom_lookback=9
blend,mv,2012-12-31,2013-01-31,0.022640073385326136,0.6148739709755073,False,1.1598857802352873,0.02202519941435063,0.021410325443375122,0.020795451472399612,mom_lookback=9
blend,mv,2013-01-31,2013-02-28,0.0037265132460321433,0.6222786475597689,False,1.152730860280088,0.0031042345984723745,0.0024819559509126057,0.0018596773033528365,mom_lookback=9
blend,mv,2013-02-28,2013-03-31,0.004296374156027149,0.764657937431655,False,1.141270033048481,0.003531716218595494,0.002767058281163839,0.002002400343732184,mom_lookback=9
blend,mv,2013-03-31,2013-04-30,0.018174057278994647,0.707225224957988,False,1.1117248948630356,0.01746683205403666,0.01675960682907867,0.01605238160412068,mom_lookback=9
blend,mv,2013-04-30,2013-05-31,0.0061752719620357345,0.565892087132444,False,1.1305659170405635,0.005609379874903291,0.005043487787770846,0.004477595700638402,mom_lookback=9
blend,mv,2013-05-31,2013-06-30,0.017009615290414903,0.5327503128393003,False,0.9479781581817515,0.0164768649775756,0.015944114664736303,0.015411364351897001,mom_lookback=9
blend,mv,2013-06-30,2013-07-31,0.010792085851556334,0.5072232448855788,False,1.0041146980269071,0.010284862606670756,0.009777639361785176,0.009270416116899598,mom_lookback=9
blend,mv,2013-07-31,2013-08-31,-0.005542819670178975,0.4567746262304504,False,0.9106661334875927,-0.005999594296409425,-0.006456368922639876,-0.006913143548870326,mom_lookback=9
blend,mv,2013-08-31,2013-09-30,0.01779445401790217,0.41309507843682497,False,0.9169395401566903,0.017381358939465345,0.01696826386102852,0.016555168782591695,mom_lookback=9
blend,mv,2013-09-30,2013-10-31,0.003419766141203913,0.33927756315743113,False,1.0084044674110868,0.003080488578046482,0.002741211014889051,0.0024019334517316193,mom_lookback=9
blend,mv,2013-10-31,2013-11-30,0.02025746801083506,0.44062637566771845,False,1.0341387926273047,0.01981684163516734,0.019376215259499622,0.018935588883831903,mom_lookback=9
blend,mv,2013-11-30,2013-12-31,0.00444194334621402,0.41423584845804784,False,1.105151169354751,0.004027707497755973,0.0036134716492979245,0.003199235800839877,mom_lookback=9
blend,mv,2013-12-31,2014-01-31,0.0014038821640815114,0.525088829255905,False,1.178554172731245,0.0008787933348256063,0.00035370450556970116,-0.00017138432368620383,mom_lookback=9
blend,mv,2014-01-31,2014-02-28,0.012191649028630321,0.6502836489367632,False,1.1382485224491148,0.011541365379693557,0.010891081730756794,0.010240798081820032,mom_lookback=9
blend,mv,2014-02-28,2014-03-31,-0.008540089797989496,0.5814076871153943,False,1.0898149309209655,-0.009121497485104891,-0.009702905172220284,-0.01028431285933568,mom_lookback=9
blend,mv,2014-03-31,2014-04-30,-0.006019538426539344,0.44215267621813353,False,1.0686913112810692,-0.006461691102757478,-0.006903843778975611,-0.007345996455193745,mom_lookback=9
blend,mv,2014-04-30,2014-05-31,0.015821831179443642,0.5545720105994519,False,1.1567989321329852,0.01526725916884419,0.014712687158244739,0.014158115147645286,mom_lookback=9
blend,mv,2014-05-31,2014-06-30,-0.01170349348867368,0.640485956959465,False,1.1857627961361101,-0.012343979445633145,-0.012984465402592611,-0.013624951359552075,mom_lookback=9
blend,mv,2014-06-30,2014-07-31,0.011453634753961736,0.8474312463032637,False,1.301482200922433,0.010606203507658472,0.009758772261355209,0.008911341015051946,mom_lookback=9
blend,mv,2014-07-31,2014-08-31,0.0008408920012542947,0.8669367427714479,False,1.4508977894952828,-2.604474151715326e-05,-0.0008929814842886012,-0.0017599182270600492,mom_lookback=9
blend,mv,2014-08-31,2014-09-30,0.007017452014665037,0.7676088831482816,False,1.474887422146199,0.0062498431315167555,0.005482234248368474,0.004714625365220193,mom_lookback=9
blend,mv,2014-09-30,2014-10-31,-0.005564139843449383,0.7694786695377196,False,1.5458415699162404,-0.006333618512987103,-0.007103097182524823,-0.007872575852062542,mom_lookback=9
blend,mv,2014-10-31,2014-11-30,-0.00326945252839298,0.788895000900141,False,1.4874802864977568,-0.004058347529293121,-0.004847242530193262,-0.005636137531093403,mom_lookback=9
blend,mv,2014-11-30,2014-12-31,0.003758427954362383,0.7319748714647827,False,1.2411551744411964,0.0030264530828976004,0.0022944782114328174,0.0015625033399680349,mom_lookback=9
blend,mv,2014-12-31,2015-01-31,-0.011690571808515168,0.6495504905205536,False,1.2047938796547606,-0.012340122299035722,-0.012989672789556275,-0.013639223280076829,mom_lookback=9
blend,mv,2015-01-31,2015-02-28,-0.007363542708520332,0.6807319231492008,False,1.1709247737862543,-0.008044274631669533,-0.008725006554818733,-0.009405738477967935,mom_lookback=9
blend,mv,2015-02-28,2015-03-31,0.01739723305102212,0.7012557441588614,False,1.349378319998789,0.016695977306863258,0.015994721562704397,0.015293465818545534,mom_lookback=9
blend,mv,2015-03-31,2015-04-30,-0.03713090426328991,0.6775061791360588,False,1.3097766679911431,-0.03780841044242597,-0.038485916621562026,-0.03916342280069809,mom_lookback=9
blend,mv,2015-04-30,2015-05-31,0.027256842362564673,0.7335557701651696,False,1.0637042865765094,0.026523286592399505,0.025789730822234333,0.025056175052069165,mom_lookback=9
blend,mv,2015-05-31,2015-06-30,0.02974576562470254,0.7433514458734294,False,1.263215479822911,0.029002414178829112,0.02825906273295568,0.027515711287082252,mom_lookback=9
blend,mv,2015-06-30,2015-07-31,0.01781247163252884,0.7249899430954234,False,1.3590261205877452,0.017087481689433418,0.016362491746337995,0.01563750180324257,mom_lookback=9
blend,mv,2015-07-31,2015-08-31,-0.0030986920461883046,0.8894241598711471,False,1.3772785550620785,-0.0039881162060594515,-0.004877540365930599,-0.005766964525801745,mom_lookback=9
blend,mv,2015-08-31,2015-09-30,-0.010590794229023018,0.9255870159848674,False,1.4086568946428166,-0.011516381245007885,-0.012441968260992753,-0.013367555276977621,mom_lookback=9
blend,mv,2015-09-30,2015-10-31,0.014613005020052574,0.9203560636438489,False,1.3692599043445437,0.013692648956408725,0.012772292892764877,0.011851936829121027,mom_lookback=9
blend,mv,2015-10-31,2015-11-30,0.0013178695699468741,0.9048227262350171,False,1.1147624590110496,0.00041304684371185703,-0.0004917758825231601,-0.0013965986087581773,mom_lookback=9
blend,mv,2015-11-30,2015-12-31,0.0032128715898519606,0.7583062222674501,False,1.2041926308022852,0.0024545653675845103,0.0016962591453170603,0.00093795292304961,mom_lookback=9
blend,mv,2015-12-31,2016-01-31,-0.005063185244950288,0.6853814661546419,False,1.266570680402513,-0.00574856671110493,-0.006433948177259572,-0.007119329643414213,mom_lookback=9
blend,mv,2016-01-31,2016-02-29,-0.03409044933042136,0.722480691525825,False,1.2625788638588546,-0.034812930021947186,-0.035535410713473006,-0.036257891404998834,mom_lookback=9
blend,mv,2016-02-29,2016-03-31,-0.010202082833077632,0.8108538571300942,False,1.4750608190145578,-0.011012936690207727,-0.011823790547337822,-0.012634644404467914,mom_lookback=9
blend,mv,2016-03-31,2016-04-30,-0.008733389493139928,0.9753393795305793,False,1.318003147861871,-0.009708728872670507,-0.010684068252201086,-0.011659407631731665,mom_lookback=9
blend,mv,2016-04-30,2016-05-31,-0.013414219248592645,0.7202169528908889,False,1.3142723867615231,-0.014134436201483533,-0.014854653154374422,-0.015574870107265312,mom_lookback=9
blend,mv,2016-05-31,2016-06-30,0.03513257001226088,0.8003416825603771,False,1.2815515260148287,0.0343322283297005,0.03353188664714013,0.03273154496457975,mom_lookback=9
blend,mv,2016-06-30,2016-07-31,0.007924996035400408,0.9314404401011985,False,1.3128972968126302,0.0069935555952992095,0.006062115155198011,0.005130674715096813,mom_lookback=9
blend,mv,2016-07-31,2016-08-31,-0.01199897585359653,0.8258121404985144,False,1.178347964775937,-0.012824787994095045,-0.013650600134593559,-0.014476412275092073,mom_lookback=9
blend,mv,2016-08-31,2016-09-30,0.0032821024442429595,0.7321395022672142,False,1.2069376418476228,0.002549962941975745,0.001817823439708531,0.001085683937441317,mom_lookback=9
blend,mv,2016-09-30,2016-10-31,-0.0008727901816763413,0.7954993968866488,False,1.3040481149393113,-0.0016682895785629902,-0.002463788975449639,-0.0032592883723362876,mom_lookback=9
blend,mv,2016-10-31,2016-11-30,-0.017964966321498743,0.9441955685096316,False,1.2000104287549738,-0.018909161890008373,-0.019853357458518007,-0.020797553027027637,mom_lookback=9
blend,mv,2016-11-30,2016-12-31,0.002728757004168985,0.7865458797252436,False,1.3544932690708302,0.0019422111244437414,0.0011556652447184978,0.00036911936499325415,mom_lookback=9
blend,mv,2016-12-31,2017-01-31,0.009410021125277484,0.919919457525367,False,1.2970399198549127,0.008490101667752117,0.00757018221022675,0.006650262752701383,mom_lookback=9
blend,mv,2017-01-31,2017-02-28,-0.0014373707201026588,0.9385851910333205,False,1.432223506261651,-0.002375955911135979,-0.0033145411021692998,-0.0042531262932026205,mom_lookback=9
blend,mv,2017-02-28,2017-03-31,-0.008767422004775646,0.8678162803226017,False,1.4613218572472353,-0.009635238285098248,-0.010503054565420849,-0.011370870845743451,mom_lookback=9
blend,mv,2017-03-31,2017-04-30,0.010208550573009493,0.8208647140277221,False,1.3133699982116531,0.009387685858981771,0.008566821144954048,0.007745956430926326,mom_lookback=9
blend,mv,2017-04-30,2017-05-31,0.009646956247690106,0.6558297788913776,False,1.3314873218715124,0.00899112646879873,0.00833529668990735,0.007679466911015974,mom_lookback=9
blend,mv,2017-05-31,2017-06-30,-0.013274901501869805,0.7254271977890141,False,1.3326929483959418,-0.014000328699658818,-0.014725755897447833,-0.015451183095236846,mom_lookback=9
blend,mv,2017-06-30,2017-07-31,-0.0011227638145312451,0.651904626488921,False,1.354743265092347,-0.0017746684410201662,-0.0024265730675090873,-0.003078477693998008,mom_lookback=9
blend,mv,2017-07-31,2017-08-31,0.020943679606382246,0.7310738109747157,False,1.2536534915610493,0.02021260579540753,0.019481531984432816,0.0187504581734581,mom_lookback=9
blend,mv,2017-08-31,2017-09-30,-0.006765695819181265,0.9413678921366192,False,1.464795875912456,-0.007707063711317884,-0.008648431603454503,-0.009589799495591123,mom_lookback=9
blend,mv,2017-09-30,2017-10-31,0.0314497650265554,0.9130785700651897,False,1.6708353801409424,0.03053668645649021,0.029623607886425023,0.028710529316359833,mom_lookback=9
blend,mv,2017-10-31,2017-11-30,-0.011157214482086175,0.7177401090188492,False,1.6181608622068513,-0.011874954591105024,-0.012592694700123874,-0.013310434809142723,mom_lookback=9
blend,mv,2017-11-30,2017-12-31,-0.014703823585415929,0.8441515597978043,False,1.6105596520751528,-0.015547975145213734,-0.01639212670501154,-0.017236278264809342,mom_lookback=9
blend,mv,2017-12-31,2018-01-31,0.023218940434641146,0.7691417906490114,False,1.6161167195729422,0.022449798643992134,0.021680656853343125,0.020911515062694112,mom_lookback=9
blend,mv,2018-01-31,2018-02-28,0.002297982266630972,0.9122516541926027,False,1.6053496241071337,0.0013857306124383695,0.00047347895824576664,-0.0004387726959468358,mom_lookback=9
blend,mv,2018-02-28,2018-03-31,0.0002891563771163705,0.773153196260727,False,1.4103129200344104,-0.0004839968191443565,-0.0012571500154050835,-0.0020303032116658105,mom_lookback=9
blend,mv,2018-03-31,2018-04-30,-0.007725948224292164,0.6835518294580274,False,1.3054596187992167,-0.00840950005375019,-0.009093051883208218,-0.009776603712666245,mom_lookback=9
blend,mv,2018-04-30,2018-05-31,0.01873904210299764,0.7304663776374534,False,1.517290372674672,0.018008575725360187,0.017278109347722732,0.016547642970085277,mom_lookback=9
blend,mv,2018-05-31,2018-06-30,-0.004252716600955428,0.8079068238185867,False,1.5385655580071504,-0.005060623424774015,-0.005868530248592602,-0.0066764370724111885,mom_lookback=9
blend,mv,2018-06-30,2018-07-31,-0.018865047358192805,0.6843807513565681,False,1.5105363390784057,-0.019549428109549374,-0.02023380886090594,-0.02091818961226251,mom_lookback=9
blend,mv,2018-07-31,2018-08-31,0.025931087607070438,0.6878672259704872,False,1.3196499900842054,0.02524322038109995,0.024555353155129463,0.023867485929158976,mom_lookback=9
blend,mv,2018-08-31,2018-09-30,0.015661561908638398,0.7879101174020228,False,1.5028831693992555,0.014873651791236375,0.014085741673834352,0.01329783155643233,mom_lookback=9
blend,mv,2018-09-30,2018-10-31,-0.035130627251330815,0.779698926837787,False,1.4655998404904735,-0.035910326178168604,-0.03669002510500639,-0.037469724031844176,mom_lookback=9
blend,mv,2018-10-31,2018-11-30,-0.020018671553321894,0.5945225876184509,False,1.4365092223486766,-0.020613194140940344,-0.021207716728558795,-0.021802239316177245,mom_lookback=9
blend,mv,2018-11-30,2018-12-31,0.00769956346963653,0.8255355507722147,False,1.6724337762296577,0.006874027918864315,0.0060484923680921,0.005222956817319885,mom_lookback=9
blend,mv,2018-12-31,2019-01-31,-0.017764871263128937,0.6526517924338128,False,1.5642594306761457,-0.01841752305556275,-0.019070174847996564,-0.019722826640430374,mom_lookback=9
blend,mv,2019-01-31,2019-02-28,0.0046438179665506925,0.8583162057340182,False,1.5472309627034415,0.003785501760816674,0.0029271855550826557,0.0020688693493486378,mom_lookback=9
blend,mv,2019-02-28,2019-03-31,-0.0018086063946913303,0.5638299066847338,False,1.5180926067108107,-0.002372436301376064,-0.0029362662080607976,-0.003500096114745532,mom_lookback=9
blend,mv,2019-03-31,2019-04-30,0.00023124509489958606,0.7370923983561899,False,1.4462638351766792,-0.0005058473034566038,-0.0012429397018127938,-0.0019800321001689834,mom_lookback=9
blend,mv,2019-04-30,2019-05-31,0.0157760179731189,0.7481634835848477,False,1.5944134673857404,0.015027854489534054,0.014279691005949205,0.013531527522364358,mom_lookback=9
blend,mv,2019-05-31,2019-06-30,-0.016724617914619194,0.8338258743402046,False,1.64188934899793,-0.017558443788959398,-0.018392269663299602,-0.019226095537639806,mom_lookback=9
blend,mv,2019-06-30,2019-07-31,0.018538083718674377,0.9063320868820143,False,1.5333670502960492,0.017631751631792363,0.016725419544910348,0.015819087458028333,mom_lookback=9
blend,mv,2019-07-31,2019-08-31,0.037388514286166845,0.9169245852851446,False,1.4780331932919761,0.0364715897008817,0.03555466511559655,0.03463774053031141,mom_lookback=9
blend,mv,2019-08-31,2019-09-30,-0.005737465384796577,0.7648857933681027,False,1.5253018201804465,-0.00650235117816468,-0.007267236971532783,-0.008032122764900885,mom_lookback=9
blend,mv,2019-09-30,2019-10-31,0.0025405986229852773,0.7276143806014295,False,1.2860594167699866,0.001812984242383848,0.0010853698617824183,0.0003577554811809887,mom_lookback=9
blend,mv,2019-10-31,2019-11-30,0.008766164899239206,0.5731348523806754,False,1.4137622319064675,0.00819303004685853,0.007619895194477855,0.00704676034209718,mom_lookback=9
blend,mv,2019-11-30,2019-12-31,-0.012375981487392829,0.8835009402608507,False,1.4118490013609268,-0.01325948242765368,-0.01414298336791453,-0.01502648430817538,mom_lookback=9
blend,mv,2019-12-31,2020-01-31,0.03390706307489745,0.66601859935453,False,1.422399231790393,0.03324104447554292,0.03257502587618839,0.03190900727683386,mom_lookback=9
blend,mv,2020-01-31,2020-02-29,0.004726644233468897,0.6912676834997751,False,1.416115321942791,0.004035376549969123,0.003344108866469347,0.002652841182969572,mom_lookback=9
blend,mv,2020-02-29,2020-03-31,0.03268092963073814,0.6773423480730465,False,1.1756675706114177,0.03200358728266509,0.031326244934592046,0.030648902586519,mom_lookback=9
blend,mv,2020-03-31,2020-04-30,0.024565621434135577,0.6691742599079514,False,1.242994291757563,0.023896447174227627,0.023227272914319676,0.022558098654411725,mom_lookback=9
blend,mv,2020-04-30,2020-05-31,0.002586624852179125,0.8882193432594923,False,0.8602646351781779,0.0016984055089196326,0.0008101861656601404,-7.803317759935181e-05,mom_lookback=9
blend,mv,2020-05-31,2020-06-30,0.011796414389698931,0.5470910508804113,False,1.0614236602473694,0.01124932333881852,0.010702232287938108,0.010155141237057698,mom_lookback=9
blend,mv,2020-06-30,2020-07-31,0.023213512136516276,0.37269730105551446,False,1.0666663477576859,0.02284081483546076,0.02246811753440525,0.022095420233349733,mom_lookback=9
blend,mv,2020-07-31,2020-08-31,0.0387628539228472,0.43657291688769245,False,1.023239708940755,0.03832628100595951,0.037889708089071814,0.03745313517218413,mom_lookback=9
blend,mv,2020-08-31,2020-09-30,-0.009455742527014893,0.5219865134524703,False,0.844767710049084,-0.009977729040467363,-0.010499715553919833,-0.011021702067372303,mom_lookback=9
blend,mv,2020-09-30,2020-10-31,-0.015069521669854364,0.4368031533061098,False,0.9119815268398578,-0.015506324823160474,-0.015943127976466583,-0.016379931129772693,mom_lookback=9
blend,mv,2020-10-31,2020-11-30,-0.0210890813725354,0.45750113671255854,False,0.950498914133034,-0.021546582509247958,-0.02200408364596052,-0.022461584782673075,mom_lookback=9
blend,mv,2020-11-30,2020-12-31,0.015114077298096414,0.5939843464827269,False,0.9468512842429287,0.014520092951613687,0.01392610860513096,0.013332124258648234,mom_lookback=9
blend,mv,2020-12-31,2021-01-31,0.02350132950105324,0.5332886156693648,False,0.9100251906113186,0.022968040885383872,0.02243475226971451,0.021901463654045144,mom_lookback=9
blend,mv,2021-01-31,2021-02-28,-0.01449524195877943,0.43057910318814757,False,0.7854175157011128,-0.014925821061967577,-0.015356400165155725,-0.01578697926834387,mom_lookback=9
blend,mv,2021-02-28,2021-03-31,-0.03249497216264438,0.4232511613233675,False,0.7455237037303869,-0.03291822332396775,-0.033341474485291116,-0.03376472564661449,mom_lookback=9
blend,mv,2021-03-31,2021-04-30,0.007606508305501703,0.4373807501816085,False,0.7573731522676977,0.0071691275553200946,0.006731746805138486,0.006294366054956877,mom_lookback=9
blend,mv,2021-04-30,2021-05-31,-0.01170529853661118,0.4459896957040008,False,0.7412131239503403,-0.01215128823231518,-0.012597277928019183,-0.013043267623723183,mom_lookback=9
blend,mv,2021-05-31,2021-06-30,-0.007876108440466925,0.5620955971720275,False,0.8678409890639966,-0.008438204037638952,-0.00900029963481098,-0.009562395231983007,mom_lookback=9
blend,mv,2021-06-30,2021-07-31,0.007598390192387224,0.5955102761147714,False,0.9266417035583536,0.007002879916272453,0.006407369640157682,0.00581185936404291,mom_lookback=9
blend,mv,2021-07-31,2021-08-31,0.016282211271153008,0.5976067001261925,False,0.771451256894446,0.015684604571026814,0.015086997870900622,0.01448939117077443,mom_lookback=9
blend,mv,2021-08-31,2021-09-30,-0.008129389805301182,0.9048766591541837,False,1.2252686084392832,-0.009034266464455366,-0.00993914312360955,-0.010844019782763734,mom_lookback=9
blend,mv,2021-09-30,2021-10-31,0.005159308920378587,0.6511602266419847,False,1.1513981147750865,0.004508148693736603,0.0038569884670946178,0.003205828240452633,mom_lookback=9
blend,mv,2021-10-31,2021-11-30,0.0038609412439602037,0.6938075305416577,False,1.0697449225551143,0.003167133713418546,0.0024733261828768886,0.0017795186523352309,mom_lookback=9
blend,mv,2021-11-30,2021-12-31,0.0014115230374944494,0.6384774212896271,False,1.1132760359813918,0.0007730456162048223,0.00013456819491519515,-0.0005039092263744321,mom_lookback=9
blend,mv,2021-12-31,2022-01-31,-0.0024426125897141337,0.6104902582700424,False,1.130535376290289,-0.003053102847984176,-0.0036635931062542187,-0.004274083364524261,mom_lookback=9
blend,mv,2022-01-31,2022-02-28,-0.009070722870405168,0.538079340585254,False,1.235574317765876,-0.009608802210990423,-0.010146881551575676,-0.01068496089216093,mom_lookback=9
blend,mv,2022-02-28,2022-03-31,0.023952444763044412,0.5830114574469515,False,1.0635758663875765,0.02336943330559746,0.02278642184815051,0.022203410390703556,mom_lookback=9
blend,mv,2022-03-31,2022-04-30,0.02269450691025602,0.5736566637364304,False,0.9962302863729738,0.02212085024651959,0.021547193582783158,0.02097353691904673,mom_lookback=9
blend,mv,2022-04-30,2022-05-31,0.006986319524796434,0.46989242332091574,False,0.7650897231182301,0.006516427101475518,0.006046534678154603,0.005576642254833687,mom_lookback=9
blend,mv,2022-05-31,2022-06-30,-0.004332094584642163,0.4390167499337651,False,0.8132032651377201,-0.0047711113345759275,-0.005210128084509693,-0.005649144834443458,mom_lookback=9
blend,mv,2022-06-30,2022-07-31,-0.004215742664014823,0.36914228744264005,False,0.8329252122501801,-0.004584884951457463,-0.0049540272389001026,-0.005323169526342743,mom_lookback=9
blend,mv,2022-07-31,2022-08-31,0.02257456469479285,0.4792891901296634,False,0.8428037543372785,0.022095275504663187,0.021615986314533524,0.021136697124403858,mom_lookback=9
blend,mv,2022-08-31,2022-09-30,0.0033966354023904225,0.4180155952361393,False,0.906600116655454,0.002978619807154283,0.002560604211918144,0.002142588616682005,mom_lookback=9
blend,mv,2022-09-30,2022-10-31,0.015008453021751704,0.3054913490216422,False,0.8689804754966436,0.014702961672730061,0.01439747032370842,0.014091978974686777,mom_lookback=9
blend,mv,2022-10-31,2022-11-30,-0.04258431601392866,0.46547259404928076,False,1.0021204742140715,-0.043049788607977944,-0.04351526120202722,-0.043980733796076504,mom_lookback=9
blend,mv,2022-11-30,2022-12-31,-0.006604850014442742,0.4773353891675407,False,0.9050161367201445,-0.007082185403610283,-0.0075595207927778236,-0.008036856181945363,mom_lookback=9
blend,mv,2022-12-31,2023-01-31,-0.04505414535194171,0.3960407109100553,False,0.9605889557394279,-0.04545018606285176,-0.04584622677376182,-0.046242267484671876,mom_lookback=9
blend,mv,2023-01-31,2023-02-28,0.0034555155270220234,0.557197510097147,False,0.9589819734971242,0.0028983180169248764,0.0023411205068277294,0.0017839229967305823,mom_lookback=9
blend,mv,2023-02-28,2023-03-31,-0.0018479339922723422,0.5377165464223093,False,1.0022499862009744,-0.0023856505386946514,-0.002923367085116961,-0.00346108363153927,mom_lookback=9
blend,mv,2023-03-31,2023-04-30,0.005144506779934644,0.49393190527810327,False,0.8881311801289878,0.004650574874656541,0.004156642969378437,0.0036627110641003343,mom_lookback=9
blend,mv,2023-04-30,2023-05-31,0.010483051064359027,0.5643224913775435,False,1.0487552029903604,0.009918728572981483,0.00935440608160394,0.008790083590226396,mom_lookback=9
blend,mv,2023-05-31,2023-06-30,-0.0022359610565263416,0.5631396184937434,False,1.1062787319085925,-0.002799100675020085,-0.0033622402935138285,-0.003925379912007572,mom_lookback=9
blend,mv,2023-06-30,2023-07-31,-0.0077140784883384704,0.7003672121285036,False,0.9880901219627305,-0.008414445700466974,-0.009114812912595478,-0.009815180124723981,mom_lookback=9
blend,mv,2023-07-31,2023-08-31,-0.0003491688501776712,0.5128944765808701,False,1.1165008078623795,-0.0008620633267585414,-0.0013749578033394115,-0.0018878522799202816,mom_lookback=9
blend,mv,2023-08-31,2023-09-30,-0.01715985555022708,0.5433555411392311,False,1.1578723472209316,-0.01770321109136631,-0.018246566632505543,-0.018789922173644773,mom_lookback=9
blend,mv,2023-09-30,2023-10-31,-0.011902048710299928,0.5676661533542304,False,0.9713855947256838,-0.012469714863654158,-0.013037381017008388,-0.01360504717036262,mom_lookback=9
blend,mv,2023-10-31,2023-11-30,0.01041150190142845,0.44223390976367494,False,1.0615148171237623,0.009969267991664775,0.009527034081901099,0.009084800172137425,mom_lookback=9
blend,mv,2023-11-30,2023-12-31,-0.017717238430819036,0.6840095979539293,False,1.239188790573505,-0.018401248028772965,-0.019085257626726894,-0.019769267224680823,mom_lookback=9
blend,mv,2023-12-31,2024-01-31,0.036423900406265135,0.5837957117280461,False,1.051285153338499,0.03584010469453709,0.03525630898280904,0.03467251327108099,mom_lookback=9
blend,mv,2024-01-31,2024-02-29,0.002158593286912823,0.5329294674165659,False,1.0105589505233104,0.001625663819496257,0.001092734352079691,0.0005598048846631252,mom_lookback=9
blend,mv,2024-02-29,2024-03-31,-0.011856890171652265,0.538075614199258,False,1.045059261353376,-0.012394965785851524,-0.012933041400050782,-0.01347111701425004,mom_lookback=9
blend,mv,2024-03-31,2024-04-30,-0.014935730489063681,0.38868680187430504,False,1.0184949831626657,-0.015324417290937987,-0.01571310409281229,-0.016101790894686597,mom_lookback=9
blend,mv,2024-04-30,2024-05-31,0.014094650612168733,0.4097202804129522,False,1.0792041502677714,0.01368493033175578,0.013275210051342828,0.012865489770929876,mom_lookback=9
blend,mv,2024-05-31,2024-06-30,0.005004818377398381,0.6031904565425806,False,1.2083253350747931,0.0044016279208558004,0.00379843746431322,0.003195247007770639,mom_lookback=9
blend,mv,2024-06-30,2024-07-31,0.0030793604036299343,0.6298167080809278,False,1.1054158718415013,0.0024495436955490066,0.0018197269874680787,0.0011899102793871508,mom_lookback=9
blend,mv,2024-07-31,2024-08-31,0.0012686850575191538,0.6079641921910806,False,1.1976644284283573,0.0006607208653280733,5.27566731369927e-05,-0.000555207519054088,mom_lookback=9
blend,mv,2024-08-31,2024-09-30,-0.006041888608819132,0.6308954911081278,False,1.1107309222145763,-0.006672784099927259,-0.007303679591035388,-0.007934575082143515,mom_lookback=9
blend,mv,2024-09-30,2024-10-31,-0.00047517665151950177,0.513483448247729,False,1.1341931818253945,-0.0009886600997672306,-0.0015021435480149599,-0.0020156269962626886,mom_lookback=9
blend,mv,2024-10-31,2024-11-30,0.00863056256411244,0.582351201273686,False,1.126528575320092,0.008048211362838755,0.007465860161565068,0.006883508960291383,mom_lookback=9
blend,mv,2024-11-30,2024-12-31,-0.0006144731586921637,0.698919164717487,False,1.206532821792972,-0.0013133923234096507,-0.002012311488127138,-0.002711230652844625,mom_lookback=9
blend,mv,2024-12-31,2025-01-31,0.010880109311792797,0.5461016258282442,False,1.2490132496046464,0.010334007685964553,0.009787906060136308,0.009241804434308065,mom_lookback=9
blend,mv,2025-01-31,2025-02-28,-0.0008033831445330374,0.5054653306062041,False,1.0568128747665224,-0.0013088484751392416,-0.0018143138057454457,-0.0023197791363516497,mom_lookback=9
blend,mv,2025-02-28,2025-03-31,-0.0077124822317964255,0.5907474321579167,False,1.1093611375999455,-0.008303229663954342,-0.00889397709611226,-0.009484724528270176,mom_lookback=9
blend,mv,2025-03-31,2025-04-30,0.01561310905849359,0.567479486516133,False,1.129447319433842,0.015045629571977456,0.014478150085461324,0.013910670598945192,mom_lookback=9
blend,mv,2025-04-30,2025-05-31,0.01714433142430516,0.6579223089837637,False,1.3255186715215947,0.016486409115321395,0.01582848680633763,0.015170564497353867,mom_lookback=9
blend,mv,2025-05-31,2025-06-30,-0.005972351112129688,0.4802910639937668,False,1.2341219464959723,-0.006452642176123455,-0.006932933240117222,-0.0074132243041109885,mom_lookback=9
blend,mv,2025-06-30,2025-07-31,-0.026621161163460846,0.5457408485270465,False,1.1193328578451027,-0.027166902011987893,-0.02771264286051494,-0.028258383709041986,mom_lookback=9
blend,mv,2025-07-31,2025-08-31,-0.002846377040117283,0.5356301934626383,False,1.1523051207648203,-0.0033820072335799213,-0.003917637427042559,-0.004453267620505198,mom_lookback=9
blend,mv,2025-08-31,2025-09-30,0.018750428940203245,0.5839024293033006,False,1.15471939572223,0.018166526510899943,0.017582624081596644,0.016998721652293342,mom_lookback=9
blend,mv,2025-09-30,2025-10-31,0.0130207267846724,0.4851313678373203,False,1.2012417096700923,0.012535595416835079,0.01205046404899776,0.011565332681160438,mom_lookback=9
blend,mv,2025-10-31,2025-11-30,-0.005405994284282732,0.5831024286782353,False,1.138726204430822,-0.005989096712960967,-0.006572199141639202,-0.007155301570317438,mom_lookback=9
blend,mv,2025-11-30,2025-12-31,0.013657711385279858,0.6014754017766268,False,0.9308816349759527,0.013056235983503231,0.012454760581726605,0.011853285179949977,mom_lookback=9
blend,mv,2025-12-31,2026-01-31,0.01318712837123524,0.34844948877079074,False,1.0123926573521236,0.01283867888246445,0.012490229393693658,0.012141779904922868,mom_lookback=9
blend,mv,1995-04-30,1995-05-31,-0.0074802806425312285,1.394740217329025,True,1.394740217329025,-0.008875020859860253,-0.010269761077189278,-0.011664501294518303,rev_measure=consensus_change
blend,mv,1995-05-31,1995-06-30,0.024283533011940788,0.883949262017499,False,1.501228902627051,0.023399583749923288,0.022515634487905792,0.021631685225888292,rev_measure=consensus_change
blend,mv,1995-06-30,1995-07-31,0.0006246932281342241,0.5712228971328905,False,1.5732450417726473,5.347033100133356e-05,-0.000517752566131557,-0.0010889754632644475,rev_measure=consensus_change
blend,mv,1995-07-31,1995-08-31,-0.0036855937911871176,0.5243923849143,False,1.4758725723443575,-0.004209986176101418,-0.004734378561015717,-0.005258770945930018,rev_measure=consensus_change
blend,mv,1995-08-31,1995-09-30,0.01823607699230634,0.4737465782799955,False,1.4328357210878249,0.017762330414026348,0.01728858383574635,0.016814837257466356,rev_measure=consensus_change
blend,mv,1995-09-30,1995-10-31,0.03100203248705571,0.5248844773183293,False,1.4662733170789903,0.03047714800973738,0.029952263532419053,0.029427379055100723,rev_measure=consensus_change
blend,mv,1995-10-31,1995-11-30,-0.019976131135455884,0.6422700430026205,False,1.5820295537468172,-0.020618401178458503,-0.021260671221461126,-0.021902941264463745,rev_measure=consensus_change
blend,mv,1995-11-30,1995-12-31,-0.010367283518896236,0.6009458943217766,False,1.539495988989445,-0.010968229413218013,-0.01156917530753979,-0.012170121201861566,rev_measure=consensus_change
blend,mv,1995-12-31,1996-01-31,0.006660599066595977,0.5559219536483483,False,1.6567159291245592,0.006104677112947628,0.00554875515929928,0.0049928332056509315,rev_measure=consensus_change
blend,mv,1996-01-31,1996-02-29,0.0079393827931559,0.7112597337965322,False,1.7011491486915595,0.0072281230593593685,0.006516863325562836,0.005805603591766304,rev_measure=consensus_change
blend,mv,1996-02-29,1996-03-31,-0.029667535570419942,1.007587923781808,False,1.5794847218899617,-0.03067512349420175,-0.03168271141798356,-0.032690299341765365,rev_measure=consensus_change
blend,mv,1996-03-31,1996-04-30,-0.006966279620778104,0.5911593716658788,False,1.532098582716527,-0.0075574389924439826,-0.008148598364109862,-0.00873975773577574,rev_measure=consensus_change
blend,mv,1996-04-30,1996-05-31,-0.0029431545409560355,0.7317152950945662,False,1.5947115213525482,-0.003674869836050602,-0.004406585131145168,-0.005138300426239735,rev_measure=consensus_change
blend,mv,1996-05-31,1996-06-30,-0.0076227904795798385,1.3607797745435306,False,1.7617314540699205,-0.00898357025412337,-0.0103443500286669,-0.01170512980321043,rev_measure=consensus_change
blend,mv,1996-06-30,1996-07-31,0.010905953169596659,0.7509510251250623,False,1.8513018611451164,0.010155002144471598,0.009404051119346534,0.008653100094221471,rev_measure=consensus_change
blend,mv,1996-07-31,1996-08-31,0.002372013777168565,0.7186254240913797,False,1.6527921734381303,0.001653388353077185,0.0009347629289858054,0.00021613750489442567,rev_measure=consensus_change
blend,mv,1996-08-31,1996-09-30,0.009187027715027968,0.5884678218916317,False,1.743742550263508,0.008598559893136336,0.008010092071244704,0.007421624249353073,rev_measure=consensus_change
blend,mv,1996-09-30,1996-10-31,0.005448737706477338,0.709953474418047,False,1.7359179091946892,0.004738784232059291,0.004028830757641244,0.0033188772832231967,rev_measure=consensus_change
blend,mv,1996-10-31,1996-11-30,-0.004669136658540422,0.7543026188031942,False,1.7246004542898752,-0.005423439277343616,-0.00617774189614681,-0.0069320445149500046,rev_measure=consensus_change
blend,mv,1996-11-30,1996-12-31,-0.0023649490297794453,0.9717597763272403,False,1.8536260921675571,-0.0033367088061066856,-0.004308468582433926,-0.005280228358761166,rev_measure=consensus_change
blend,mv,1996-12-31,1997-01-31,0.03060812913680599,0.6964711541678953,False,1.850580687927116,0.029911657982638097,0.0292151868284702,0.028518715674302305,rev_measure=consensus_change
blend,mv,1997-01-31,1997-02-28,-0.015229548961078894,0.8657454821214497,False,1.581913307143086,-0.016095294443200344,-0.016961039925321796,-0.017826785407443244,rev_measure=consensus_change
blend,mv,1997-02-28,1997-03-31,0.011877897083443025,0.9813745744700033,False,1.3828632524861235,0.010896522508973022,0.00991514793450302,0.008933773360033015,rev_measure=consensus_change
blend,mv,1997-03-31,1997-04-30,0.025787537086205792,0.9640067039910579,False,1.7827740841971822,0.024823530382214735,0.023859523678223676,0.02289551697423262,rev_measure=consensus_change
blend,mv,1997-04-30,1997-05-31,-0.004345320345530554,0.6534932276129691,False,1.7793205240011543,-0.0049988135731435235,-0.0056523068007564925,-0.006305800028369462,rev_measure=consensus_change
blend,mv,1997-05-31,1997-06-30,0.014752720189556496,1.362457285289512,False,1.5309449376641446,0.013390262904266984,0.012027805618977472,0.01066534833368796,rev_measure=consensus_change
blend,mv,1997-06-30,1997-07-31,0.055652452568114436,0.5711336760944246,False,1.6613493989795223,0.05508131889202001,0.054510185215925586,0.05393905153983116,rev_measure=consensus_change
blend,mv,1997-07-31,1997-08-31,-0.028511931444456417,0.6769039218223187,False,1.5042465336299118,-0.029188835366278736,-0.029865739288101056,-0.03054264320992337,rev_measure=consensus_change
blend,mv,1997-08-31,1997-09-30,-0.013005096895809545,0.5412910947988071,False,1.3532364514907556,-0.013546387990608352,-0.01408767908540716,-0.014628970180205966,rev_measure=consensus_change
blend,mv,1997-09-30,1997-10-31,0.010497487638025502,0.6482661717067226,False,1.4948088393826962,0.009849221466318779,0.009200955294612057,0.008552689122905334,rev_measure=consensus_change
blend,mv,1997-10-31,1997-11-30,0.0026164129661925017,0.568388223051871,False,1.5470917969128912,0.0020480247431406305,0.0014796365200887597,0.0009112482970368887,rev_measure=consensus_change
blend,mv,1997-11-30,1997-12-31,0.017768290864178294,0.7224048176131792,False,1.3922898808647224,0.017045886046565116,0.016323481228951935,0.015601076411338757,rev_measure=consensus_change
blend,mv,1997-12-31,1998-01-31,0.006542702532524691,0.6436184098137726,False,1.3644440197636412,0.0058990841227109184,0.005255465712897146,0.004611847303083373,rev_measure=consensus_change
blend,mv,1998-01-31,1998-02-28,-0.0032440132927509645,0.5240403064410978,False,1.2676042291475946,-0.0037680535991920622,-0.00429209390563316,-0.004816134212074258,rev_measure=consensus_change
blend,mv,1998-02-28,1998-03-31,0.004923360517830929,0.9788073090525349,False,1.2650736022546218,0.003944553208778394,0.0029657458997258595,0.001986938590673324,rev_measure=consensus_change
blend,mv,1998-03-31,1998-04-30,-0.013290664171807687,0.8074611390466028,False,1.5934711368157874,-0.01409812531085429,-0.014905586449900893,-0.015713047588947496,rev_measure=consensus_change
blend,mv,1998-04-30,1998-05-31,0.01600986067997104,0.5307796940989189,False,1.587006366562499,0.01547908098587212,0.0149483012917732,0.014417521597674282,rev_measure=consensus_change
blend,mv,1998-05-31,1998-06-30,0.04633101483980186,1.0988903945112,False,1.5111827546533003,0.04523212444529066,0.04413323405077946,0.04303434365626826,rev_measure=consensus_change
blend,mv,1998-06-30,1998-07-31,0.020976560848593836,0.555107504191583,False,1.4099414337966893,0.020421453344402252,0.01986634584021067,0.019311238336019085,rev_measure=consensus_change
blend,mv,1998-07-31,1998-08-31,0.010876837919752138,0.5127955953284196,False,1.3070150410389891,0.010364042324423717,0.009851246729095299,0.009338451133766879,rev_measure=consensus_change
blend,mv,1998-08-31,1998-09-30,-0.04678603096801728,0.478432140520117,False,1.2036889012233507,-0.047264463108537394,-0.04774289524905751,-0.04822132738957763,rev_measure=consensus_change
blend,mv,1998-09-30,1998-10-31,-0.01352545917564535,0.6924507166071627,False,1.1327571459462462,-0.014217909892252514,-0.014910360608859675,-0.015602811325466839,rev_measure=consensus_change
blend,mv,1998-10-31,1998-11-30,0.009871174764111245,0.5021432242115084,False,1.2857068369390998,0.009369031539899736,0.008866888315688229,0.00836474509147672,rev_measure=consensus_change
blend,mv,1998-11-30,1998-12-31,0.03888437861456885,0.5099806373999486,False,1.344030926650517,0.038374397977168906,0.03786441733976895,0.03735443670236901,rev_measure=consensus_change
blend,mv,1998-12-31,1999-01-31,0.04074999802799409,0.5927790378681621,False,1.2152540465955803,0.04015721899012593,0.039564439952257766,0.038971660914389604,rev_measure=consensus_change
blend,mv,1999-01-31,1999-02-28,-0.004937501037105057,0.5193150467352943,False,1.1563937020548276,-0.005456816083840351,-0.005976131130575646,-0.0064954461773109404,rev_measure=consensus_change
blend,mv,1999-02-28,1999-03-31,0.009354765613478826,0.5538274428653629,False,0.9903354308339463,0.008800938170613464,0.0082471107277481,0.007693283284882738,rev_measure=consensus_change
blend,mv,1999-03-31,1999-04-30,-0.05109179400590373,0.5254133484271124,False,1.0517035891989606,-0.05161720735433084,-0.05214262070275796,-0.05266803405118507,rev_measure=consensus_change
blend,mv,1999-04-30,1999-05-31,-0.007079384563014577,0.5462079155525765,False,1.0372044644910938,-0.007625592478567153,-0.00817180039411973,-0.008718008309672306,rev_measure=consensus_change
blend,mv,1999-05-31,1999-06-30,0.02121860523540438,0.6935285191939925,False,1.2507445486741924,0.02052507671621039,0.019831548197016397,0.019138019677822405,rev_measure=consensus_change
blend,mv,1999-06-30,1999-07-31,0.015969559391345776,0.48082680450234394,False,1.327618959569056,0.015488732586843433,0.015007905782341088,0.014527078977838745,rev_measure=consensus_change
blend,mv,1999-07-31,1999-08-31,0.012328658199569457,0.463287128275629,False,1.3395727613683455,0.011865371071293828,0.011402083943018199,0.010938796814742571,rev_measure=consensus_change
blend,mv,1999-08-31,1999-09-30,0.024732519860605436,0.5104995776782422,False,1.214661280390651,0.024222020282927192,0.023711520705248953,0.02320102112757071,rev_measure=consensus_change
blend,mv,1999-09-30,1999-10-31,0.042319612438500194,0.4753214875743591,False,1.1712221224777475,0.04184429095092584,0.041368969463351474,0.04089364797577712,rev_measure=consensus_change
blend,mv,1999-10-31,1999-11-30,0.024577596208350722,0.5054958924707227,False,1.1151007317031083,0.02407210031588,0.023566604423409278,0.023061108530938554,rev_measure=consensus_change
blend,mv,1999-11-30,1999-12-31,0.05191225935186727,0.41262716846458825,False,1.132700376987838,0.05149963218340268,0.05108700501493809,0.0506743778464735,rev_measure=consensus_change
blend,mv,1999-12-31,2000-01-31,-0.007818468266155943,0.4550822470635337,False,1.104999520968998,-0.008273550513219477,-0.00872863276028301,-0.009183715007346544,rev_measure=consensus_change
blend,mv,2000-01-31,2000-02-29,0.05438235097146755,0.4919427969739592,False,1.1359892186544125,0.05389040817449359,0.05339846537751963,0.05290652258054567,rev_measure=consensus_change
blend,mv,2000-02-29,2000-03-31,-0.0022918252144254175,0.6245131034277998,False,1.000028218486314,-0.0029163383178532174,-0.0035408514212810173,-0.004165364524708817,rev_measure=consensus_change
blend,mv,2000-03-31,2000-04-30,-0.02663122407849496,0.5475955743349995,False,0.8434484509729435,-0.02717881965282996,-0.027726415227164958,-0.02827401080149996,rev_measure=consensus_change
blend,mv,2000-04-30,2000-05-31,-0.025619132799424526,0.3593529118263437,False,0.8403861358049665,-0.02597848571125087,-0.026337838623077214,-0.026697191534903558,rev_measure=consensus_change
blend,mv,2000-05-31,2000-06-30,0.034245926710706365,0.6027596430138711,False,0.9891869178285855,0.03364316706769249,0.03304040742467862,0.032437647781664754,rev_measure=consensus_change
blend,mv,2000-06-30,2000-07-31,-0.011278436104296243,0.4255711642392383,False,1.1171487803501141,-0.011704007268535481,-0.012129578432774719,-0.012555149597013957,rev_measure=consensus_change
blend,mv,2000-07-31,2000-08-31,0.03416400312527663,0.4735422817214118,False,1.1079669808948254,0.03369046084355522,0.03321691856183381,0.03274337628011239,rev_measure=consensus_change
blend,mv,2000-08-31,2000-09-30,-0.0014197526952556656,0.5361372266983511,False,1.136235823367309,-0.0019558899219540168,-0.0024920271486523677,-0.003028164375350719,rev_measure=consensus_change
blend,mv,2000-09-30,2000-10-31,-0.01407490916560399,0.4037781456269618,False,1.0892160420820969,-0.014478687311230953,-0.014882465456857914,-0.015286243602484876,rev_measure=consensus_change
blend,mv,2000-10-31,2000-11-30,-0.0266345257269335,0.42662376532827656,False,1.1129897425674429,-0.027061149492261776,-0.027487773257590054,-0.027914397022918327,rev_measure=consensus_change
blend,mv,2000-11-30,2000-12-31,0.002708769977622321,0.45990922093401365,False,1.1223909965669971,0.002248860756688307,0.0017889515357542938,0.00132904231482028,rev_measure=consensus_change
blend,mv,2000-12-31,2001-01-31,-0.06113999801243145,0.5394672082387114,False,1.0978458388871783,-0.061679465220670165,-0.06221893242890888,-0.06275839963714759,rev_measure=consensus_change
blend,mv,2001-01-31,2001-02-28,0.0046623301777954,0.6882752431195166,False,1.036058057324891,0.003974054934675883,0.003285779691556367,0.00259750444843685,rev_measure=consensus_change
blend,mv,2001-02-28,2001-03-31,0.0167044241934837,0.5282995373237598,False,0.8826780820812807,0.01617612465615994,0.01564782511883618,0.015119525581512422,rev_measure=consensus_change
blend,mv,2001-03-31,2001-04-30,-0.0152887983912945,0.48079755569377725,False,0.7961754574941019,-0.015769595946988277,-0.016250393502682054,-0.01673119105837583,rev_measure=consensus_change
blend,mv,2001-04-30,2001-05-31,0.004209021476030845,0.4547473497473548,False,0.8339895092089414,0.0037542741262834903,0.0032995267765361354,0.002844779426788781,rev_measure=consensus_change
blend,mv,2001-05-31,2001-06-30,0.0074856201831181805,0.6267526621127754,False,1.028872292884209,0.006858867521005405,0.006232114858892629,0.005605362196779855,rev_measure=consensus_change
blend,mv,2001-06-30,2001-07-31,0.005882647593033545,0.490569358715105,False,1.0530534485457528,0.00539207823431844,0.004901508875603335,0.00441093951688823,rev_measure=consensus_change
blend,mv,2001-07-31,2001-08-31,0.0014561177536785187,0.49924620070308245,False,0.9371623039037288,0.0009568715529754363,0.0004576253522723538,-4.162084843072869e-05,rev_measure=consensus_change
blend,mv,2001-08-31,2001-09-30,0.01188158102859429,0.5257928333268007,False,0.8990545183751405,0.01135578819526749,0.01082999536194069,0.010304202528613889,rev_measure=consensus_change
blend,mv,2001-09-30,2001-10-31,-0.010498275949799442,0.44293869709082634,False,0.8783023443053815,-0.010941214646890268,-0.011384153343981095,-0.011827092041071921,rev_measure=consensus_change
blend,mv,2001-10-31,2001-11-30,-0.0274449961389014,0.49465316287744077,False,0.7738265364292414,-0.027939649301778842,-0.02843430246465628,-0.028928955627533722,rev_measure=consensus_change
blend,mv,2001-11-30,2001-12-31,0.016309645982341078,0.3342223440948319,False,0.8727134175027955,0.015975423638246247,0.015641201294151415,0.015306978950056581,rev_measure=consensus_change
blend,mv,2001-12-31,2002-01-31,0.023435227961817278,0.43736709915325567,False,0.9823056551771655,0.022997860862664022,0.022560493763510766,0.02212312666435751,rev_measure=consensus_change
blend,mv,2002-01-31,2002-02-28,0.02644767165419653,0.5104016657306526,False,0.9562946645242022,0.025937269988465878,0.025426868322735226,0.02491646665700457,rev_measure=consensus_change
blend,mv,2002-02-28,2002-03-31,0.010336593703772615,0.6414826384585676,False,0.935618927003029,0.009695111065314047,0.009053628426855479,0.008412145788396911,rev_measure=consensus_change
blend,mv,2002-03-31,2002-04-30,0.029214968029112415,0.6655220614701466,False,1.0151127881380255,0.028549445967642268,0.02788392390617212,0.027218401844701975,rev_measure=consensus_change
blend,mv,2002-04-30,2002-05-31,0.0032525943414936963,0.4607856075647758,False,1.0731473855197906,0.0027918087339289205,0.0023310231263641446,0.0018702375187993688,rev_measure=consensus_change
blend,mv,2002-05-31,2002-06-30,0.00019278913839299342,0.8601180151811372,False,0.9440522644180305,-0.0006673288767881437,-0.001527446891969281,-0.002387564907150418,rev_measure=consensus_change
blend,mv,2002-06-30,2002-07-31,-0.01927476012057185,0.42410291601579897,False,0.8959449596133757,-0.01969886303658765,-0.020122965952603447,-0.020547068868619248,rev_measure=consensus_change
blend,mv,2002-07-31,2002-08-31,0.029042768999102322,0.3814103927461562,False,0.8779984417298667,0.028661358606356165,0.02827994821361001,0.027898537820863854,rev_measure=consensus_change
blend,mv,2002-08-31,2002-09-30,0.02693016552450842,0.4849933752752284,False,0.964840704426219,0.02644517214923319,0.02596017877395796,0.025475185398682734,rev_measure=consensus_change
blend,mv,2002-09-30,2002-10-31,-0.01999517711602491,0.45942489658006425,False,1.0758446873361036,-0.020454602012604975,-0.02091402690918504,-0.021373451805765106,rev_measure=consensus_change
blend,mv,2002-10-31,2002-11-30,-0.03460698936889529,0.5190695489974687,False,1.0734408875305104,-0.035126058917892757,-0.035645128466890226,-0.036164198015887696,rev_measure=consensus_change
blend,mv,2002-11-30,2002-12-31,0.023745863421485505,0.4904372369557755,False,0.9451905947475607,0.02325542618452973,0.022764988947573953,0.02227455171061818,rev_measure=consensus_change
blend,mv,2002-12-31,2003-01-31,-0.004020905105589429,0.4035049678198014,False,0.9971371467408767,-0.00442441007340923,-0.004827915041229032,-0.005231420009048833,rev_measure=consensus_change
blend,mv,2003-01-31,2003-02-28,-0.004370297086986321,0.3538510782354694,False,0.9355276271321447,-0.00472414816522179,-0.00507799924345726,-0.00543185032169273,rev_measure=consensus_change
blend,mv,2003-02-28,2003-03-31,-0.009455356523888327,0.6730336211428984,False,1.02618066925285,-0.010128390145031226,-0.010801423766174123,-0.011474457387317023,rev_measure=consensus_change
blend,mv,2003-03-31,2003-04-30,-0.009813436683327313,0.6206671213290201,False,1.2370930357251584,-0.010434103804656333,-0.011054770925985353,-0.011675438047314374,rev_measure=consensus_change
blend,mv,2003-04-30,2003-05-31,-0.018948224542089814,0.7246851259646717,False,1.1365947125612903,-0.019672909668054486,-0.020397594794019158,-0.02112227991998383,rev_measure=consensus_change
blend,mv,2003-05-31,2003-06-30,0.0004487921692985324,0.6630447848250168,False,1.1883975788010068,-0.00021425261552648445,-0.0008772974003515013,-0.001540342185176518,rev_measure=consensus_change
blend,mv,2003-06-30,2003-07-31,-0.0016529224705088678,0.5374665694243212,False,1.1389665641226903,-0.002190389039933189,-0.00272785560935751,-0.0032653221787818315,rev_measure=consensus_change
blend,mv,2003-07-31,2003-08-31,-0.00892926091790728,0.5414775769375393,False,1.0601055111977387,-0.009470738494844819,-0.010012216071782359,-0.010553693648719897,rev_measure=consensus_change
blend,mv,2003-08-31,2003-09-30,0.01286781593788587,0.6030887115496829,False,1.0441788447176263,0.012264727226336187,0.011661638514786505,0.011058549803236822,rev_measure=consensus_change
blend,mv,2003-09-30,2003-10-31,0.019717236984733558,0.6626190992894239,False,0.938843382647622,0.019054617885444134,0.01839199878615471,0.017729379686865287,rev_measure=consensus_change
blend,mv,2003-10-31,2003-11-30,0.012111668521472345,0.4987511653093101,False,1.0051420664758615,0.011612917356163035,0.011114166190853725,0.010615415025544415,rev_measure=consensus_change
blend,mv,2003-11-30,2003-12-31,-0.02479866526880119,0.5352372639527787,False,0.9660976763476821,-0.025333902532753968,-0.02586913979670675,-0.026404377060659526,rev_measure=consensus_change
blend,mv,2003-12-31,2004-01-31,-0.013520465041764346,0.41908899463613103,False,0.8538708714223592,-0.013939554036400476,-0.014358643031036608,-0.01477773202567274,rev_measure=consensus_change
blend,mv,2004-01-31,2004-02-29,0.009636837162887912,0.43818382331842315,False,0.9740463785854022,0.009198653339569488,0.008760469516251066,0.008322285692932642,rev_measure=consensus_change
blend,mv,2004-02-29,2004-03-31,0.006530663280172737,0.8484840357567665,False,1.0843281979661674,0.005682179244415971,0.004833695208659204,0.003985211172902438,rev_measure=consensus_change
blend,mv,2004-03-31,2004-04-30,-0.022106101556584882,0.6404446579771834,False,1.004276757826254,-0.022746546214562065,-0.02338699087253925,-0.024027435530516433,rev_measure=consensus_change
blend,mv,2004-04-30,2004-05-31,0.0015223378982522487,0.5661139187416226,False,0.9633500448104003,0.0009562239795106261,0.0003901100607690035,-0.00017600385797261926,rev_measure=consensus_change
blend,mv,2004-05-31,2004-06-30,0.0032891566747190906,1.2064685963756254,False,1.3615544047834105,0.0020826880783434655,0.0008762194819678399,-0.00033024911440778567,rev_measure=consensus_change
blend,mv,2004-06-30,2004-07-31,-0.02293763880230074,0.6763881471663341,False,1.220699355449627,-0.023614026949467074,-0.02429041509663341,-0.02496680324379974,rev_measure=consensus_change
blend,mv,2004-07-31,2004-08-31,-0.008918708446061156,0.7929342667544117,False,1.2795983724216855,-0.009711642712815568,-0.010504576979569979,-0.011297511246324391,rev_measure=consensus_change
blend,mv,2004-08-31,2004-09-30,0.016733595715020172,0.8386008130723132,False,1.3605884519151417,0.01589499490194786,0.015056394088875547,0.014217793275803232,rev_measure=consensus_change
blend,mv,2004-09-30,2004-10-31,-0.020536579794925482,0.7710842434107599,False,1.2252138522132268,-0.02130766403833624,-0.022078748281747003,-0.02284983252515776,rev_measure=consensus_change
blend,mv,2004-10-31,2004-11-30,0.012881999917397477,0.6656439303381271,False,1.2481726405727627,0.01221635598705935,0.011550712056721223,0.010885068126383096,rev_measure=consensus_change
blend,mv,2004-11-30,2004-12-31,0.0012700223230898697,0.8757067990230435,False,1.3300337927571673,0.0003943155240668262,-0.00048139127495621737,-0.0013570980739792606,rev_measure=consensus_change
blend,mv,2004-12-31,2005-01-31,0.025991010339711292,0.6695059698932198,False,1.233027795153055,0.025321504369818074,0.02465199839992485,0.023982492430031633,rev_measure=consensus_change
blend,mv,2005-01-31,2005-02-28,0.03108613600591374,0.6654083448114217,False,1.2912178812029842,0.030420727661102317,0.029755319316290895,0.029089910971479473,rev_measure=consensus_change
blend,mv,2005-02-28,2005-03-31,0.0006882299529494916,0.9477314908624372,False,1.2176642951221501,-0.0002595015379129456,-0.001207233028775383,-0.00215496451963782,rev_measure=consensus_change
blend,mv,2005-03-31,2005-04-30,-0.009178311994175806,0.625633039577243,False,1.1317299892839483,-0.009803945033753049,-0.010429578073330292,-0.011055211112907535,rev_measure=consensus_change
blend,mv,2005-04-30,2005-05-31,-0.005790243035134762,0.5818802657309026,False,1.1407159515063585,-0.006372123300865664,-0.006954003566596567,-0.007535883832327469,rev_measure=consensus_change
blend,mv,2005-05-31,2005-06-30,0.013715860268892393,0.9847089555365737,False,1.211205994880056,0.012731151313355818,0.011746442357819246,0.010761733402282671,rev_measure=consensus_change
blend,mv,2005-06-30,2005-07-31,0.0029712232126188837,0.4190310163358706,False,1.1875447940083492,0.0025521921962830133,0.0021331611799471424,0.001714130163611272,rev_measure=consensus_change
blend,mv,2005-07-31,2005-08-31,0.0006999542685280477,0.5029403035595943,False,1.100551734215209,0.00019701396496845335,-0.000305926338591141,-0.0008088666421507352,rev_measure=consensus_change
blend,mv,2005-08-31,2005-09-30,0.0029044795616507504,0.4324754671088062,False,1.0092477616723496,0.002472004094541944,0.002039528627433138,0.0016070531603243317,rev_measure=consensus_change
blend,mv,2005-09-30,2005-10-31,-0.01867348697499005,0.34011350430658427,False,1.0749195346795029,-0.019013600479296636,-0.019353713983603218,-0.019693827487909803,rev_measure=consensus_change
blend,mv,2005-10-31,2005-11-30,-0.003460382045085621,0.5364111080628675,False,1.1608761717980554,-0.003996793153148489,-0.004533204261211356,-0.005069615369274224,rev_measure=consensus_change
blend,mv,2005-11-30,2005-12-31,-0.0010947789215332575,0.4659104016956143,False,1.1895205078260127,-0.0015606893232288717,-0.0020265997249244863,-0.0024925101266201006,rev_measure=consensus_change
blend,mv,2005-12-31,2006-01-31,0.02525949022271139,0.4434446008702973,False,1.193550659839975,0.024816045621841094,0.024372601020970795,0.0239291564201005,rev_measure=consensus_change
blend,mv,2006-01-31,2006-02-28,-0.014038118199415814,0.5368896100707071,False,1.173404013917057,-0.01457500780948652,-0.015111897419557228,-0.015648787029627936,rev_measure=consensus_change
blend,mv,2006-02-28,2006-03-31,-0.004664500759647492,0.7550945749870147,False,1.3382045080923513,-0.005419595334634507,-0.006174689909621521,-0.006929784484608536,rev_measure=consensus_change
blend,mv,2006-03-31,2006-04-30,0.002660074188297467,0.6735191596864836,False,1.4980500523781963,0.0019865550286109835,0.0013130358689245,0.0006395167092380165,rev_measure=consensus_change
blend,mv,2006-04-30,2006-05-31,-0.02194761073114915,0.6583380689760367,False,1.3395618540581202,-0.02260594880012519,-0.023264286869101224,-0.02392262493807726,rev_measure=consensus_change
blend,mv,2006-05-31,2006-06-30,0.00031584705764604984,1.1439770762611154,False,0.9921394739166753,-0.0008281300186150657,-0.001972107094876181,-0.0031160841711372965,rev_measure=consensus_change
blend,mv,2006-06-30,2006-07-31,-0.0185600053986409,0.495305674785633,False,1.162822766414966,-0.01905531107342653,-0.019550616748212166,-0.020045922422997797,rev_measure=consensus_change
blend,mv,2006-07-31,2006-08-31,-0.017122727112365857,0.4619998237232164,False,1.2237106787418457,-0.017584726936089073,-0.01804672675981229,-0.018508726583535508,rev_measure=consensus_change
blend,mv,2006-08-31,2006-09-30,0.0025318466480108884,0.5916925284092293,False,1.2774014038792108,0.0019401541196016592,0.0013484615911924299,0.0007567690627832005,rev_measure=consensus_change
blend,mv,2006-09-30,2006-10-31,-0.00620895149341432,0.5857959507080501,False,1.292719168048893,-0.006794747444122369,-0.00738054339483042,-0.00796633934553847,rev_measure=consensus_change
blend,mv,2006-10-31,2006-11-30,0.004532323579649285,0.5712241104271905,False,1.3203140731081704,0.003961099469222094,0.003389875358794904,0.0028186512483677133,rev_measure=consensus_change
blend,mv,2006-11-30,2006-12-31,0.00291240055357491,0.5950365007882765,False,1.424161892177537,0.0023173640527866337,0.001722327551998357,0.0011272910512100805,rev_measure=consensus_change
blend,mv,2006-12-31,2007-01-31,0.011964131153353966,0.4330290639531971,False,1.4069005873073221,0.01153110208940077,0.011098073025447571,0.010665043961494374,rev_measure=consensus_change
blend,mv,2007-01-31,2007-02-28,0.00016702484862684855,0.5720129828576226,False,1.283838823765166,-0.00040498813423077407,-0.0009770011170883968,-0.0015490140999460194,rev_measure=consensus_change
blend,mv,2007-02-28,2007-03-31,0.023970299053066184,0.8891124549698949,False,1.2352373656873776,0.023081186598096288,0.022192074143126395,0.0213029616881565,rev_measure=consensus_change
blend,mv,2007-03-31,2007-04-30,-0.009732075625070833,0.7539249105486017,False,1.335748346806714,-0.010486000535619435,-0.011239925446168036,-0.01199385035671664,rev_measure=consensus_change
blend,mv,2007-04-30,2007-05-31,-0.003301657910917364,0.5101017916106085,False,1.3332391747818777,-0.0038117597025279725,-0.004321861494138581,-0.00483196328574919,rev_measure=consensus_change
blend,mv,2007-05-31,2007-06-30,-0.0017485950525224338,1.068177979865996,False,1.3651095419575485,-0.00281677303238843,-0.003884951012254426,-0.004953128992120422,rev_measure=consensus_change
blend,mv,2007-06-30,2007-07-31,-0.0006846204461507611,0.8275117081593643,False,1.4163048627676842,-0.0015121321543101252,-0.0023396438624694897,-0.003167155570628854,rev_measure=consensus_change
blend,mv,2007-07-31,2007-08-31,-0.007616840749469878,0.7750777848640911,False,1.1744142790186696,-0.00839191853433397,-0.00916699631919806,-0.009942074104062152,rev_measure=consensus_change
blend,mv,2007-08-31,2007-09-30,0.020488280560900612,0.5993665736724871,False,1.2440483614592823,0.019888913987228123,0.01928954741355564,0.01869018083988315,rev_measure=consensus_change
blend,mv,2007-09-30,2007-10-31,0.008820464878639725,0.6149013870528849,False,1.487216483951403,0.00820556349158684,0.007590662104533956,0.00697576071748107,rev_measure=consensus_change
blend,mv,2007-10-31,2007-11-30,-0.004803481902767537,0.637498864610003,False,1.4324529213549115,-0.00544098076737754,-0.006078479631987543,-0.006715978496597546,rev_measure=consensus_change
blend,mv,2007-11-30,2007-12-31,0.011377076233524304,0.7055158305029131,False,1.4570983542044842,0.01067156040302139,0.009966044572518477,0.009260528742015564,rev_measure=consensus_change
blend,mv,2007-12-31,2008-01-31,-0.023547798218153174,0.706632139661597,False,1.258648046473952,-0.02425443035781477,-0.02496106249747637,-0.025667694637137965,rev_measure=consensus_change
blend,mv,2008-01-31,2008-02-29,0.04840502007752363,0.4739644148721926,False,1.157328069347543,0.04793105566265144,0.04745709124777925,0.046983126832907056,rev_measure=consensus_change
blend,mv,2008-02-29,2008-03-31,-0.008074889019859735,1.1556833224060021,False,1.3305479379430278,-0.009230572342265738,-0.01038625566467174,-0.011541938987077742,rev_measure=consensus_change
blend,mv,2008-03-31,2008-04-30,0.008690847306720841,0.886967950526097,False,1.3418759687508819,0.007803879356194744,0.0069169114056686475,0.00602994345514255,rev_measure=consensus_change
blend,mv,2008-04-30,2008-05-31,0.01792318781210652,0.6202859136707772,False,1.3592670257373003,0.017302901898435745,0.016682615984764965,0.01606233007109419,rev_measure=consensus_change
blend,mv,2008-05-31,2008-06-30,0.04713137194250382,0.9977633977499464,False,1.3255853544479264,0.046133608544753874,0.04513584514700393,0.04413808174925398,rev_measure=consensus_change
blend,mv,2008-06-30,2008-07-31,-0.02031971784415967,0.6711119666560365,False,1.1579292996799857,-0.020990829810815705,-0.021661941777471744,-0.02233305374412778,rev_measure=consensus_change
blend,mv,2008-07-31,2008-08-31,-0.01962450594555949,0.6220490605971051,False,1.031281312727492,-0.020246555006156595,-0.0208686040667537,-0.021490653127350805,rev_measure=consensus_change
blend,mv,2008-08-31,2008-09-30,-0.03417752607781421,0.45606889746155665,False,1.1017823606147157,-0.03463359497527577,-0.03508966387273733,-0.03554573277019888,rev_measure=consensus_change
blend,mv,2008-09-30,2008-10-31,0.0380816704367359,0.46613543867554824,False,1.1995452958880841,0.037615534998060356,0.03714939955938481,0.036683264120709255,rev_measure=consensus_change
blend,mv,2008-10-31,2008-11-30,0.0029825382738483857,0.6778047962242364,False,1.313555958359574,0.002304733477624149,0.0016269286813999128,0.0009491238851756763,rev_measure=consensus_change
blend,mv,2008-11-30,2008-12-31,-0.02858295660665748,0.631763973466138,False,1.147040790953651,-0.02921472058012362,-0.029846484553589757,-0.030478248527055895,rev_measure=consensus_change
blend,mv,2008-12-31,2009-01-31,0.0229418237858593,0.5465944666847817,False,1.091678357989404,0.02239522931917452,0.021848634852489737,0.021302040385804955,rev_measure=consensus_change
blend,mv,2009-01-31,2009-02-28,0.01105063078392563,0.5625976396183453,False,1.0783904997576046,0.010488033144307284,0.00992543550468894,0.009362837865070594,rev_measure=consensus_change
blend,mv,2009-02-28,2009-03-31,-0.028056759701600403,0.5248228796291906,False,0.9712904381682079,-0.028581582581229593,-0.029106405460858784,-0.029631228340487974,rev_measure=consensus_change
blend,mv,2009-03-31,2009-04-30,-0.09246913730692893,0.419750564120682,False,0.8692267557059754,-0.09288888787104961,-0.0933086384351703,-0.09372838899929098,rev_measure=consensus_change
blend,mv,2009-04-30,2009-05-31,-0.01684059086071144,0.5340869903842385,False,0.807992483359549,-0.017374677851095678,-0.017908764841479914,-0.018442851831864154,rev_measure=consensus_change
blend,mv,2009-05-31,2009-06-30,0.012681839533926976,0.6308647266743977,False,0.7813752289936626,0.012050974807252578,0.01142011008057818,0.010789245353903782,rev_measure=consensus_change
blend,mv,2009-06-30,2009-07-31,-0.01658288459594391,0.5296526773477587,False,0.8757362460725472,-0.01711253727329167,-0.017642189950639427,-0.018171842627987187,rev_measure=consensus_change
blend,mv,2009-07-31,2009-08-31,-0.009960570609016851,0.42003200261173307,False,0.9145005126738607,-0.010380602611628584,-0.010800634614240317,-0.011220666616852051,rev_measure=consensus_change
blend,mv,2009-08-31,2009-09-30,-0.004849879016577027,0.42976535018958967,False,0.9653773157915136,-0.005279644366766616,-0.005709409716956206,-0.006139175067145796,rev_measure=consensus_change
blend,mv,2009-09-30,2009-10-31,0.011662042035092059,0.5880125566418215,False,1.1274660658963478,0.011074029478450237,0.010486016921808415,0.009898004365166593,rev_measure=consensus_change
blend,mv,2009-10-31,2009-11-30,0.012841751245062366,0.6793411369218625,False,0.8558071988611549,0.012162410108140504,0.011483068971218641,0.010803727834296778,rev_measure=consensus_change
blend,mv,2009-11-30,2009-12-31,-0.0012984906229224975,0.54025450680746,False,1.0102901723670712,-0.0018387451297299574,-0.0023789996365374175,-0.0029192541433448772,rev_measure=consensus_change
blend,mv,2009-12-31,2010-01-31,-0.013716465984887358,0.43363231700732124,False,0.9031880877903927,-0.01415009830189468,-0.014583730618902,-0.015017362935909322,rev_measure=consensus_change
blend,mv,2010-01-31,2010-02-28,0.01281657378974719,0.3888231672269954,False,0.8194797559053415,0.012427750622520195,0.0120389274552932,0.011650104288066204,rev_measure=consensus_change
blend,mv,2010-02-28,2010-03-31,0.010606196082913378,0.8221671893216808,False,0.7145809810438138,0.009784028893591697,0.008961861704270015,0.008139694514948335,rev_measure=consensus_change
blend,mv,2010-03-31,2010-04-30,0.006981319764557156,0.6117695505825294,False,0.7952654530512826,0.006369550213974627,0.005757780663392097,0.005146011112809568,rev_measure=consensus_change
blend,mv,2010-04-30,2010-05-31,0.0032430349518048716,0.47768962166208434,False,0.9366824843239582,0.002765345330142787,0.002287655708480703,0.0018099660868186186,rev_measure=consensus_change
blend,mv,2010-05-31,2010-06-30,-0.013799930138032959,0.8306335481303013,False,0.9249025941188178,-0.014630563686163259,-0.015461197234293561,-0.016291830782423862,rev_measure=consensus_change
blend,mv,2010-06-30,2010-07-31,-0.006311741585516887,0.802929439053864,False,0.9814102435371173,-0.007114671024570751,-0.007917600463624615,-0.008720529902678478,rev_measure=consensus_change
blend,mv,2010-07-31,2010-08-31,0.02335792264402372,0.7929053326433864,False,1.0694834712321721,0.022565017311380334,0.021772111978736946,0.02097920664609356,rev_measure=consensus_change
blend,mv,2010-08-31,2010-09-30,0.0005911668436994233,0.5180541721444532,False,1.2449670856531205,7.311267155497012e-05,-0.0004449415005894831,-0.0009629956727339361,rev_measure=consensus_change
blend,mv,2010-09-30,2010-10-31,0.016738423237933838,0.6283722147222063,False,1.1115970275868998,0.01611005102321163,0.015481678808489425,0.01485330659376722,rev_measure=consensus_change
blend,mv,2010-10-31,2010-11-30,0.004978345217680343,0.5805899920136116,False,1.0142370868164425,0.0043977552256667315,0.0038171652336531194,0.003236575241639508,rev_measure=consensus_change
blend,mv,2010-11-30,2010-12-31,-0.032995796983138925,0.5005681551548731,False,1.095269828475036,-0.0334963651382938,-0.03399693329344867,-0.03449750144860354,rev_measure=consensus_change
blend,mv,2010-12-31,2011-01-31,-0.017855823635953894,0.7285637612146411,False,1.07526365110704,-0.018584387397168535,-0.019312951158383176,-0.020041514919597818,rev_measure=consensus_change
blend,mv,2011-01-31,2011-02-28,0.0010879477950846783,0.5215170740613089,False,0.9575356236170837,0.0005664307210233695,4.491364696206069e-05,-0.00047660342709924825,rev_measure=consensus_change
blend,mv,2011-02-28,2011-03-31,0.0028587908497603866,0.7001946840411218,False,0.9746772878232608,0.0021585961657192647,0.001458401481678143,0.0007582067976370211,rev_measure=consensus_change
blend,mv,2011-03-31,2011-04-30,0.0009016801958270978,0.5803112896109502,False,0.9961206875939929,0.0003213689062161475,-0.00025894238339480274,-0.000839253673005753,rev_measure=consensus_change
blend,mv,2011-04-30,2011-05-31,-0.00847331346168632,0.6096374261598648,False,1.0702357415440023,-0.009082950887846185,-0.00969258831400605,-0.010302225740165915,rev_measure=consensus_change
blend,mv,2011-05-31,2011-06-30,0.0031980962601388012,0.822915812966622,False,1.0475543419289244,0.0023751804471721792,0.0015522646342055572,0.0007293488212389353,rev_measure=consensus_change
blend,mv,2011-06-30,2011-07-31,-0.0025556995455981797,0.5845603920694072,False,1.0186366001612992,-0.003140259937667587,-0.003724820329736994,-0.004309380721806402,rev_measure=consensus_change
blend,mv,2011-07-31,2011-08-31,-0.00633969100727156,0.5360966412434023,False,1.2103002410680948,-0.006875787648514962,-0.0074118842897583645,-0.007947980931001767,rev_measure=consensus_change
blend,mv,2011-08-31,2011-09-30,-0.023592065736799832,0.5291583655735936,False,1.0401629460680224,-0.024121224102373426,-0.02465038246794702,-0.025179540833520614,rev_measure=consensus_change
blend,mv,2011-09-30,2011-10-31,-0.0023886087533125802,0.6862411408398131,False,1.129218083649333,-0.0030748498941523933,-0.0037610910349922064,-0.004447332175832019,rev_measure=consensus_change
blend,mv,2011-10-31,2011-11-30,0.006898928024499241,0.8097442554830327,False,1.042442612546564,0.006089183769016208,0.005279439513533175,0.004469695258050143,rev_measure=consensus_change
blend,mv,2011-11-30,2011-12-31,0.006716924134594156,0.5072783372316234,False,1.1065305443759519,0.0062096457973625325,0.005702367460130909,0.005195089122899286,rev_measure=consensus_change
blend,mv,2011-12-31,2012-01-31,-0.01789544588942092,0.4073110861939254,False,1.0467879398912294,-0.018302756975614842,-0.01871006806180877,-0.019117379148002694,rev_measure=consensus_change
blend,mv,2012-01-31,2012-02-29,-0.00028788322534408227,0.4757627462474395,False,1.0641634346728093,-0.0007636459715915218,-0.0012394087178389615,-0.0017151714640864007,rev_measure=consensus_change
blend,mv,2012-02-29,2012-03-31,0.003512275422808773,0.7501964972854933,False,1.1943038569612086,0.0027620789255232794,0.002011882428237786,0.001261685930952293,rev_measure=consensus_change
blend,mv,2012-03-31,2012-04-30,0.010791627880181492,0.6433654172566379,False,1.0680200421936001,0.010148262462924855,0.009504897045668216,0.008861531628411579,rev_measure=consensus_change
blend,mv,2012-04-30,2012-05-31,0.015693050027592297,0.47256598995759513,False,1.0975755533066682,0.015220484037634702,0.014747918047677106,0.014275352057719511,rev_measure=consensus_change
blend,mv,2012-05-31,2012-06-30,-0.015832904029553882,0.8556494001968201,False,1.151473507273238,-0.016688553429750702,-0.017544202829947522,-0.018399852230144342,rev_measure=consensus_change
blend,mv,2012-06-30,2012-07-31,0.028392524918566593,0.4234504074623259,False,1.1454677691890114,0.027969074511104267,0.02754562410364194,0.027122173696179617,rev_measure=consensus_change
blend,mv,2012-07-31,2012-08-31,-0.01939972263306263,0.5429042784449056,False,1.1337400772685131,-0.019942626911507538,-0.020485531189952444,-0.021028435468397347,rev_measure=consensus_change
blend,mv,2012-08-31,2012-09-30,-0.008017838643890185,0.3808107891969222,False,1.0850478465923359,-0.008398649433087107,-0.008779460222284029,-0.009160271011480953,rev_measure=consensus_change
blend,mv,2012-09-30,2012-10-31,-0.016794419541201748,0.47506757100647845,False,1.0974373996760374,-0.017269487112208225,-0.017744554683214706,-0.018219622254221184,rev_measure=consensus_change
blend,mv,2012-10-31,2012-11-30,0.007473776269981352,0.4619262731996956,False,1.154247540010839,0.007011849996781656,0.006549923723581961,0.006087997450382266,rev_measure=consensus_change
blend,mv,2012-11-30,2012-12-31,-0.004385309233357529,0.4148576749415618,False,1.12346468220962,-0.004800166908299091,-0.005215024583240652,-0.0056298822581822144,rev_measure=consensus_change
blend,mv,2012-12-31,2013-01-31,0.020729440158304135,0.4447626831720281,False,1.1357387349387107,0.020284677475132108,0.019839914791960078,0.01939515210878805,rev_measure=consensus_change
blend,mv,2013-01-31,2013-02-28,0.010189469475858796,0.4522183369008517,False,1.0030536353006585,0.009737251138957945,0.009285032802057093,0.008832814465156241,rev_measure=consensus_change
blend,mv,2013-02-28,2013-03-31,0.006618436355779367,0.6061697838053026,False,1.0007066291039342,0.006012266571974064,0.005406096788168762,0.004799927004363459,rev_measure=consensus_change
blend,mv,2013-03-31,2013-04-30,0.02210481308359023,0.5235793527608663,False,0.9602175679783805,0.021581233730829364,0.021057654378068495,0.02053407502530763,rev_measure=consensus_change
blend,mv,2013-04-30,2013-05-31,-0.0018020257919944885,0.7243618640858268,False,1.2084467552232259,-0.0025263876560803152,-0.003250749520166142,-0.003975111384251969,rev_measure=consensus_change
blend,mv,2013-05-31,2013-06-30,0.012862639619116921,1.0605159890706304,False,1.1681270049341115,0.01180212363004629,0.01074160764097566,0.00968109165190503,rev_measure=consensus_change
blend,mv,2013-06-30,2013-07-31,0.009645908377157265,0.6704290679093102,False,1.0982079765631618,0.008975479309247955,0.008305050241338645,0.0076346211734293346,rev_measure=consensus_change
blend,mv,2013-07-31,2013-08-31,-0.004816238688066053,0.4304416336133033,False,0.9606295832535731,-0.005246680321679357,-0.00567712195529266,-0.006107563588905964,rev_measure=consensus_change
blend,mv,2013-08-31,2013-09-30,0.021086388828504735,0.4223757911409601,False,0.9242291026744683,0.020664013037363774,0.020241637246222813,0.019819261455081855,rev_measure=consensus_change
blend,mv,2013-09-30,2013-10-31,0.0053000166631431605,0.34131117990020177,False,0.9802126236945445,0.0049587054832429586,0.004617394303342757,0.004276083123442555,rev_measure=consensus_change
blend,mv,2013-10-31,2013-11-30,0.01955898176149621,0.3482329764864514,False,0.972181126706177,0.01921074878500976,0.018862515808523307,0.018514282832036856,rev_measure=consensus_change
blend,mv,2013-11-30,2013-12-31,0.004451799484019956,0.3321681160485735,False,0.9950501706981981,0.004119631367971383,0.0037874632519228095,0.003455295135874236,rev_measure=consensus_change
blend,mv,2013-12-31,2014-01-31,0.00434272456313433,0.33669527002811817,False,0.9654317782185095,0.0040060292931062115,0.003669334023078094,0.0033326387530499754,rev_measure=consensus_change
blend,mv,2014-01-31,2014-02-28,0.010373555245677828,0.3803956697516544,False,1.0741717859650373,0.009993159575926175,0.009612763906174519,0.009232368236422865,rev_measure=consensus_change
blend,mv,2014-02-28,2014-03-31,-0.013182835449840493,0.7158514024455048,False,1.0920642875000088,-0.013898686852285999,-0.014614538254731503,-0.015330389657177007,rev_measure=consensus_change
blend,mv,2014-03-31,2014-04-30,-0.012664796772384754,0.7301319855108246,False,1.2445183588957824,-0.013394928757895578,-0.014125060743406404,-0.014855192728917228,rev_measure=consensus_change
blend,mv,2014-04-30,2014-05-31,0.008862843874221574,0.63184933895664,False,1.3571349456926456,0.008230994535264935,0.007599145196308294,0.006967295857351654,rev_measure=consensus_change
blend,mv,2014-05-31,2014-06-30,-0.0077589987650975925,1.3626715343406686,False,1.0851743732275965,-0.00912167029943826,-0.010484341833778929,-0.011847013368119597,rev_measure=consensus_change
blend,mv,2014-06-30,2014-07-31,0.008252504662718279,0.49005819265329575,False,1.0410605325551616,0.007762446470064983,0.007272388277411687,0.006782330084758391,rev_measure=consensus_change
blend,mv,2014-07-31,2014-08-31,-0.007885405536552812,0.5344955396506302,False,1.1602971537826747,-0.008419901076203443,-0.008954396615854072,-0.009488892155504703,rev_measure=consensus_change
blend,mv,2014-08-31,2014-09-30,0.014632217858138799,0.5975151154599835,False,1.174512949328012,0.014034702742678816,0.013437187627218832,0.012839672511758849,rev_measure=consensus_change
blend,mv,2014-09-30,2014-10-31,0.010453397578792673,0.7763735013502711,False,1.4926212919324382,0.009677024077442403,0.008900650576092132,0.00812427707474186,rev_measure=consensus_change
blend,mv,2014-10-31,2014-11-30,-0.010085770556289822,0.6693222393381949,False,1.301346870232494,-0.010755092795628017,-0.011424415034966212,-0.012093737274304408,rev_measure=consensus_change
blend,mv,2014-11-30,2014-12-31,0.00406193505152685,0.5408866785776965,False,1.2886070267412428,0.003521048372949153,0.0029801616943714564,0.0024392750157937603,rev_measure=consensus_change
blend,mv,2014-12-31,2015-01-31,-0.00952764445355547,0.5600208846404163,False,1.3914676554224548,-0.010087665338195885,-0.010647686222836301,-0.011207707107476718,rev_measure=consensus_change
blend,mv,2015-01-31,2015-02-28,-0.011339747611300587,0.6712585346887916,False,1.1779278729313647,-0.012011006145989378,-0.01268226468067817,-0.013353523215366963,rev_measure=consensus_change
blend,mv,2015-02-28,2015-03-31,0.01049785505397437,0.8168005990332147,False,1.3581223077005016,0.009681054454941156,0.00886425385590794,0.008047453256874726,rev_measure=consensus_change
blend,mv,2015-03-31,2015-04-30,-0.02121234560666377,0.7888158342376066,False,1.3581702221670269,-0.022001161440901376,-0.02278997727513898,-0.02357879310937659,rev_measure=consensus_change
blend,mv,2015-04-30,2015-05-31,0.0211478456041677,0.7740634007884406,False,1.3622903923847565,0.02037378220337926,0.01959971880259082,0.01882565540180238,rev_measure=consensus_change
blend,mv,2015-05-31,2015-06-30,0.023487664255783972,1.0098304196163952,False,1.2648955360717806,0.022477833836167575,0.021468003416551182,0.02045817299693479,rev_measure=consensus_change
blend,mv,2015-06-30,2015-07-31,0.03515526969195001,0.6171918050051213,False,1.245876697373888,0.034538077886944886,0.033920886081939765,0.033303694276934644,rev_measure=consensus_change
blend,mv,2015-07-31,2015-08-31,-0.011836429375935821,0.6459922990199458,False,1.404596985587516,-0.012482421674955767,-0.013128413973975713,-0.013774406272995659,rev_measure=consensus_change
blend,mv,2015-08-31,2015-09-30,0.0008696345219363843,0.5221166899352215,False,1.1062864348571066,0.0003475178320011627,-0.00017459885793405885,-0.0006967155478692804,rev_measure=consensus_change
blend,mv,2015-09-30,2015-10-31,-0.0185308129904954,0.5939314384094294,False,1.3138554755990068,-0.01912474442890483,-0.01971867586731426,-0.02031260730572369,rev_measure=consensus_change
blend,mv,2015-10-31,2015-11-30,0.009311774272224347,0.7613291376903392,False,1.4100882118859988,0.008550445134534007,0.007789115996843669,0.0070277868591533295,rev_measure=consensus_change
blend,mv,2015-11-30,2015-12-31,0.00732836424785676,0.7599436748325729,False,1.5338701908297836,0.006568420573024187,0.005808476898191614,0.005048533223359041,rev_measure=consensus_change
blend,mv,2015-12-31,2016-01-31,-0.0022769264383715013,0.7359093908265015,False,1.3624686182905568,-0.003012835829198003,-0.003748745220024504,-0.004484654610851006,rev_measure=consensus_change
blend,mv,2016-01-31,2016-02-29,-0.033871271783287124,0.6481636628201853,False,1.4014960148906583,-0.03451943544610731,-0.03516759910892749,-0.03581576277174768,rev_measure=consensus_change
blend,mv,2016-02-29,2016-03-31,-0.009201431020450788,1.0066552415187986,False,1.3922881482826523,-0.010208086261969587,-0.011214741503488385,-0.012221396745007183,rev_measure=consensus_change
blend,mv,2016-03-31,2016-04-30,-0.018604358082485013,0.9397796093477625,False,1.3093960967570195,-0.019544137691832775,-0.02048391730118054,-0.0214236969105283,rev_measure=consensus_change
blend,mv,2016-04-30,2016-05-31,0.005490104054760707,0.740609602345232,False,1.3731690433354464,0.004749494452415475,0.004008884850070243,0.0032682752477250113,rev_measure=consensus_change
blend,mv,2016-05-31,2016-06-30,0.030166168762392854,1.2041136857820485,False,1.365020169561891,0.028962055076610805,0.027757941390828756,0.026553827705046707,rev_measure=consensus_change
blend,mv,2016-06-30,2016-07-31,-0.0004979784244938723,0.5636284634333788,False,1.415566753002585,-0.0010616068879272511,-0.0016252353513606299,-0.002188863814794009,rev_measure=consensus_change
blend,mv,2016-07-31,2016-08-31,-0.0016643485056983072,0.590477996666565,False,1.2196086841091196,-0.002254826502364872,-0.002845304499031437,-0.0034357824956980022,rev_measure=consensus_change
blend,mv,2016-08-31,2016-09-30,0.0016946937890615218,0.5297908742298446,False,1.1326024082836113,0.0011649029148316772,0.0006351120406018326,0.00010532116637198782,rev_measure=consensus_change
blend,mv,2016-09-30,2016-10-31,-0.0030893659475059393,0.5179832446100496,False,1.2779742462458958,-0.003607349192115989,-0.004125332436726039,-0.0046433156813360885,rev_measure=consensus_change
blend,mv,2016-10-31,2016-11-30,-0.03476670275386767,0.5862254606300665,False,1.2239640649654824,-0.03535292821449774,-0.03593915367512781,-0.036525379135757874,rev_measure=consensus_change
blend,mv,2016-11-30,2016-12-31,-0.0015801215357914298,0.6921060710093511,False,1.2715141996590305,-0.002272227606800781,-0.0029643336778101322,-0.003656439748819483,rev_measure=consensus_change
blend,mv,2016-12-31,2017-01-31,0.015461974014630307,0.7035617050860375,False,1.1875816194793658,0.014758412309544269,0.014054850604458232,0.013351288899372194,rev_measure=consensus_change
blend,mv,2017-01-31,2017-02-28,-0.007594872357536539,0.6327892538561344,False,1.141198838487767,-0.008227661611392673,-0.008860450865248809,-0.009493240119104943,rev_measure=consensus_change
blend,mv,2017-02-28,2017-03-31,-0.011335872046363875,0.62196380235951,False,1.1613838715595717,-0.011957835848723385,-0.012579799651082895,-0.013201763453442405,rev_measure=consensus_change
blend,mv,2017-03-31,2017-04-30,0.010034450157945898,1.0558728218367348,False,1.257244351358303,0.008978577336109163,0.00792270451427243,0.006866831692435693,rev_measure=consensus_change
blend,mv,2017-04-30,2017-05-31,0.02007279287145894,0.8681335458156672,False,1.318763033406129,0.01920465932564327,0.018336525779827605,0.017468392234011938,rev_measure=consensus_change
blend,mv,2017-05-31,2017-06-30,-0.021006175778637847,0.8792757307038811,False,1.560586962760735,-0.02188545150934173,-0.02276472724004561,-0.023644002970749492,rev_measure=consensus_change
blend,mv,2017-06-30,2017-07-31,0.007678515717867606,0.7839809609002046,False,1.4625436229250661,0.006894534756967401,0.006110553796067197,0.005326572835166992,rev_measure=consensus_change
blend,mv,2017-07-31,2017-08-31,0.02027876459416358,0.7327097691727231,False,1.3519098479008946,0.019546054824990857,0.018813345055818134,0.01808063528664541,rev_measure=consensus_change
blend,mv,2017-08-31,2017-09-30,-0.0018646346917223406,0.737496891633196,False,1.5247228775172084,-0.0026021315833555368,-0.0033396284749887327,-0.004077125366621929,rev_measure=consensus_change
blend,mv,2017-09-30,2017-10-31,0.0266585991432137,0.6823584511630346,False,1.5685359820496159,0.025976240692050664,0.02529388224088763,0.024611523789724594,rev_measure=consensus_change
blend,mv,2017-10-31,2017-11-30,-0.012126506873533581,0.7294162974721281,False,1.4868160814805413,-0.01285592317100571,-0.013585339468477836,-0.014314755765949965,rev_measure=consensus_change
blend,mv,2017-11-30,2017-12-31,-0.01739579729183432,0.940373108775919,False,1.537545931396166,-0.018336170400610242,-0.01927654350938616,-0.02021691661816208,rev_measure=consensus_change
blend,mv,2017-12-31,2018-01-31,0.022656191682022576,0.638677772154573,False,1.550927005461839,0.022017513909868003,0.02137883613771343,0.020740158365558856,rev_measure=consensus_change
blend,mv,2018-01-31,2018-02-28,0.009062400682948042,0.6137933037240064,False,1.5827679788032019,0.008448607379224036,0.007834814075500029,0.007221020771776022,rev_measure=consensus_change
blend,mv,2018-02-28,2018-03-31,0.0087985309973767,0.8834039009681927,False,1.425271358777481,0.007915127096408507,0.007031723195440313,0.006148319294472121,rev_measure=consensus_change
blend,mv,2018-03-31,2018-04-30,0.010210742659747755,0.8748555373507598,False,1.3351280478358123,0.009335887122396995,0.008461031585046234,0.007586176047695475,rev_measure=consensus_change
blend,mv,2018-04-30,2018-05-31,0.013587493242566402,0.539869686130672,False,1.413892579736296,0.01304762355643573,0.012507753870305057,0.011967884184174386,rev_measure=consensus_change
blend,mv,2018-05-31,2018-06-30,-0.005723540981394216,1.4620960126377647,False,1.4265694967104017,-0.0071856369940319804,-0.008647733006669746,-0.010109829019307511,rev_measure=consensus_change
blend,mv,2018-06-30,2018-07-31,-0.014600555188988593,0.6240980156364775,False,1.3580714986036602,-0.015224653204625072,-0.01584875122026155,-0.016472849235898025,rev_measure=consensus_change
blend,mv,2018-07-31,2018-08-31,0.026625562593663075,0.5278557539046989,False,1.368315485884173,0.026097706839758376,0.025569851085853676,0.02504199533194898,rev_measure=consensus_change
blend,mv,2018-08-31,2018-09-30,0.011228106362616399,0.5880359226232925,False,1.3823546684524326,0.010640070439993106,0.010052034517369813,0.00946399859474652,rev_measure=consensus_change
blend,mv,2018-09-30,2018-10-31,-0.031092704075248657,0.5578485573252319,False,1.4010605366970112,-0.03165055263257389,-0.03220840118989912,-0.03276624974722435,rev_measure=consensus_change
blend,mv,2018-10-31,2018-11-30,-0.022775260146671018,0.658333935656488,False,1.3573176516388485,-0.023433594082327504,-0.024091928017983995,-0.02475026195364048,rev_measure=consensus_change
blend,mv,2018-11-30,2018-12-31,0.003246083307845345,0.721231580575781,False,1.5362121214280162,0.002524851727269564,0.0018036201466937831,0.001082388566118002,rev_measure=consensus_change
blend,mv,2018-12-31,2019-01-31,-0.005826115465112552,0.660619208061377,False,1.563928946371435,-0.006486734673173929,-0.0071473538812353065,-0.007807973089296684,rev_measure=consensus_change
blend,mv,2019-01-31,2019-02-28,0.012457477588308764,0.7670777557496087,False,1.6259141801116894,0.011690399832559156,0.010923322076809548,0.010156244321059937,rev_measure=consensus_change
blend,mv,2019-02-28,2019-03-31,0.0005966764326381898,0.850547892116914,False,1.4654116352416315,-0.0002538714594787242,-0.0011044193515956382,-0.001954967243712552,rev_measure=consensus_change
blend,mv,2019-03-31,2019-04-30,-0.005064316249711363,0.8781115371990609,False,1.2906592968276838,-0.005942427786910424,-0.0068205393241094845,-0.007698650861308545,rev_measure=consensus_change
blend,mv,2019-04-30,2019-05-31,0.023347285938565956,0.7653485415525045,False,1.252010356880775,0.022581937397013453,0.021816588855460946,0.021051240313908443,rev_measure=consensus_change
blend,mv,2019-05-31,2019-06-30,-0.014267316441146673,0.9878717196250669,False,1.4479929734850625,-0.01525518816077174,-0.016243059880396808,-0.017230931600021874,rev_measure=consensus_change
blend,mv,2019-06-30,2019-07-31,0.012201574014026703,0.9096504646770228,False,1.4079589735234543,0.011291923549349681,0.010382273084672657,0.009472622619995635,rev_measure=consensus_change
blend,mv,2019-07-31,2019-08-31,0.032673547920668906,0.6105903355042183,False,1.440065691813246,0.03206295758516469,0.03145236724966047,0.030841776914156252,rev_measure=consensus_change
blend,mv,2019-08-31,2019-09-30,-0.004190300674615721,0.7076780254842716,False,1.3504536333060924,-0.004897978700099993,-0.005605656725584264,-0.006313334751068536,rev_measure=consensus_change
blend,mv,2019-09-30,2019-10-31,0.005051500685519575,0.5597647499313043,False,1.2773471848719775,0.00449173593558827,0.003931971185656966,0.0033722064357256617,rev_measure=consensus_change
blend,mv,2019-10-31,2019-11-30,0.006760551856980085,0.7229483982100416,False,1.5282415083802203,0.0060376034587700435,0.005314655060560002,0.0045917066623499606,rev_measure=consensus_change
blend,mv,2019-11-30,2019-12-31,-0.010120407843451357,0.6856728657883349,False,1.6352131032549646,-0.010806080709239692,-0.011491753575028027,-0.01217742644081636,rev_measure=consensus_change
blend,mv,2019-12-31,2020-01-31,0.02580326063686088,0.7095481164877929,False,1.478649132365784,0.02509371252037309,0.024384164403885297,0.023674616287397504,rev_measure=consensus_change
blend,mv,2020-01-31,2020-02-29,-0.005682690091526092,0.6513100418418346,False,1.5014743536837711,-0.006334000133367926,-0.006985310175209761,-0.007636620217051596,rev_measure=consensus_change
blend,mv,2020-02-29,2020-03-31,0.02966143573259097,1.0737508412397643,False,1.2367640848319132,0.028587684891351207,0.027513934050111443,0.026440183208871676,rev_measure=consensus_change
blend,mv,2020-03-31,2020-04-30,0.004067966870309492,0.7879800029643532,False,1.1243801597990737,0.0032799868673451388,0.0024920068643807854,0.0017040268614164325,rev_measure=consensus_change
blend,mv,2020-04-30,2020-05-31,-6.694880884955765e-05,0.9477621105305901,False,0.895689537553414,-0.0010147109193801478,-0.0019624730299107377,-0.002910235140441328,rev_measure=consensus_change
blend,mv,2020-05-31,2020-06-30,0.02376804810394923,0.7871539532579421,False,0.9411989963464354,0.022980894150691288,0.022193740197433347,0.021406586244175404,rev_measure=consensus_change
blend,mv,2020-06-30,2020-07-31,0.024877531372720006,0.37901545502420214,False,0.9749884473334371,0.024498515917695803,0.0241195004626716,0.0237404850076474,rev_measure=consensus_change
blend,mv,2020-07-31,2020-08-31,0.04072713446928312,0.302156668506431,False,1.0223915554559222,0.04042497780077669,0.04012282113227025,0.039820664463763825,rev_measure=consensus_change
blend,mv,2020-08-31,2020-09-30,-0.01033212479812466,0.3376881624264779,False,0.9595704835194383,-0.010669812960551138,-0.011007501122977615,-0.011345189285404093,rev_measure=consensus_change
blend,mv,2020-09-30,2020-10-31,-0.01559732090093265,0.28938407813486644,False,0.9345633759599309,-0.015886704979067516,-0.016176089057202383,-0.01646547313533725,rev_measure=consensus_change
blend,mv,2020-10-31,2020-11-30,-0.02215161400979492,0.3414622965612062,False,0.9384979185313934,-0.022493076306356125,-0.022834538602917332,-0.023176000899478535,rev_measure=consensus_change
blend,mv,2020-11-30,2020-12-31,0.01235941791414157,0.5151413854064723,False,0.8887256551000193,0.011844276528735098,0.011329135143328626,0.010813993757922153,rev_measure=consensus_change
blend,mv,2020-12-31,2021-01-31,0.019156799072959613,0.39179810828658956,False,1.0580326957806823,0.018765000964673022,0.018373202856386432,0.017981404748099845,rev_measure=consensus_change
blend,mv,2021-01-31,2021-02-28,-0.031295414042808084,0.4246380666327557,False,1.0117679024127815,-0.03172005210944084,-0.0321446901760736,-0.03256932824270635,rev_measure=consensus_change
blend,mv,2021-02-28,2021-03-31,-0.035592435141826036,0.40547484696375213,False,0.8461110151089948,-0.03599790998878979,-0.03640338483575354,-0.03680885968271729,rev_measure=consensus_change
blend,mv,2021-03-31,2021-04-30,0.004951962389691804,0.7283953373565816,False,0.6924725669126042,0.004223567052335222,0.0034951717149786406,0.002766776377622059,rev_measure=consensus_change
blend,mv,2021-04-30,2021-05-31,-0.0029464227233900503,0.3731540754142617,False,0.7153114609770607,-0.003319576798804312,-0.003692730874218574,-0.0040658849496328356,rev_measure=consensus_change
blend,mv,2021-05-31,2021-06-30,0.00036885288803283544,0.8587623973180836,False,0.7993229858903236,-0.0004899095092852482,-0.0013486719066033318,-0.0022074343039214153,rev_measure=consensus_change
blend,mv,2021-06-30,2021-07-31,0.012597505341341015,0.3842677976028399,False,0.8378310963516934,0.012213237543738174,0.011828969746135334,0.011444701948532495,rev_measure=consensus_change
blend,mv,2021-07-31,2021-08-31,-0.0016659526662284963,0.4245301903789244,False,0.8029371978660738,-0.0020904828566074207,-0.0025150130469863453,-0.0029395432373652696,rev_measure=consensus_change
blend,mv,2021-08-31,2021-09-30,-0.012285895261286756,0.39570197511634336,False,0.8650324978793258,-0.0126815972364031,-0.013077299211519443,-0.013473001186635787,rev_measure=consensus_change
blend,mv,2021-09-30,2021-10-31,0.004221018970543763,0.4256248449998623,False,0.8749567019029945,0.003795394125543901,0.003369769280544039,0.0029441444355441763,rev_measure=consensus_change
blend,mv,2021-10-31,2021-11-30,-0.0021470466312051174,0.4946308675128903,False,0.9569386333891097,-0.0026416774987180077,-0.003136308366230898,-0.0036309392337437883,rev_measure=consensus_change
blend,mv,2021-11-30,2021-12-31,-0.001649606374798392,0.4733359473401119,False,1.0456674030544721,-0.002122942322138504,-0.002596278269478616,-0.003069614216818728,rev_measure=consensus_change
blend,mv,2021-12-31,2022-01-31,0.010427839424015586,0.5221261680981131,False,1.0018836489311862,0.009905713255917473,0.00938358708781936,0.008861460919721247,rev_measure=consensus_change
blend,mv,2022-01-31,2022-02-28,0.012521789884383284,0.5961292394165016,False,1.1131321452764738,0.011925660644966782,0.011329531405550281,0.010733402166133778,rev_measure=consensus_change
blend,mv,2022-02-28,2022-03-31,0.02995942039677869,0.5997417713445625,False,1.0977478785588621,0.029359678625434128,0.028759936854089566,0.028160195082745004,rev_measure=consensus_change
blend,mv,2022-03-31,2022-04-30,0.007995630301982939,0.8689887818978731,False,1.0132456919605033,0.007126641520085066,0.006257652738187193,0.0053886639562893196,rev_measure=consensus_change
blend,mv,2022-04-30,2022-05-31,-0.00946395198681032,0.6099368886852713,False,0.8184923113327037,-0.01007388887549559,-0.010683825764180862,-0.011293762652866133,rev_measure=consensus_change
blend,mv,2022-05-31,2022-06-30,0.0011136521046174427,0.6757473762521812,False,0.9750777410814544,0.00043790472836526147,-0.00023784264788691972,-0.0009135900241391008,rev_measure=consensus_change
blend,mv,2022-06-30,2022-07-31,0.0036167067175902016,0.4511072862217108,False,0.7945179352075113,0.0031655994313684907,0.00271449214514678,0.0022633848589250693,rev_measure=consensus_change
blend,mv,2022-07-31,2022-08-31,0.023453251748859517,0.3579338079118539,False,0.8444331841746109,0.023095317940947664,0.02273738413303581,0.022379450325123954,rev_measure=consensus_change
blend,mv,2022-08-31,2022-09-30,0.006748262337201998,0.272221329930203,False,0.8791494266745853,0.006476041007271794,0.006203819677341592,0.0059315983474113885,rev_measure=consensus_change
blend,mv,2022-09-30,2022-10-31,0.01118489959235648,0.1939439685775966,False,0.8938975364076861,0.010990955623778883,0.010797011655201286,0.01060306768662369,rev_measure=consensus_change
blend,mv,2022-10-31,2022-11-30,-0.01901570843991271,0.3628119795085687,False,0.9235985415397461,-0.01937852041942128,-0.019741332398929848,-0.020104144378438417,rev_measure=consensus_change
blend,mv,2022-11-30,2022-12-31,0.0011765778332273361,0.33415908033700475,False,0.8000429213852832,0.0008424187528903314,0.0005082596725533266,0.00017410059221632194,rev_measure=consensus_change
blend,mv,2022-12-31,2023-01-31,-0.03293609914678044,0.3159992133341727,False,0.8040986195006447,-0.03325209836011461,-0.03356809757344879,-0.033884096786782954,rev_measure=consensus_change
blend,mv,2023-01-31,2023-02-28,0.004812232755756033,0.4625065193087227,False,0.8427547160573875,0.0043497262364473105,0.0038872197171385876,0.0034247131978298647,rev_measure=consensus_change
blend,mv,2023-02-28,2023-03-31,-0.005888273700692413,0.609012808455061,False,0.9802636222726941,-0.006497286509147474,-0.007106299317602535,-0.007715312126057596,rev_measure=consensus_change
blend,mv,2023-03-31,2023-04-30,0.01777217813679423,0.8627722674787804,False,0.9193231576456629,0.01690940586931545,0.01604663360183667,0.015183861334357887,rev_measure=consensus_change
blend,mv,2023-04-30,2023-05-31,0.015139482076320062,0.6576025522000055,False,0.8923552146743875,0.014481879524120056,0.013824276971920051,0.013166674419720047,rev_measure=consensus_change
blend,mv,2023-05-31,2023-06-30,-0.0023467715974543777,0.7688794925820811,False,1.0516131639815345,-0.003115651090036459,-0.00388453058261854,-0.004653410075200621,rev_measure=consensus_change
blend,mv,2023-06-30,2023-07-31,-0.007785854737181374,0.5743616020725918,False,0.9830515724082194,-0.008360216339253965,-0.008934577941326557,-0.00950893954339915,rev_measure=consensus_change
blend,mv,2023-07-31,2023-08-31,0.0004382011612520054,0.48802697929639555,False,1.2226087181170828,-4.982581804439018e-05,-0.0005378527973407857,-0.0010258797766371812,rev_measure=consensus_change
blend,mv,2023-08-31,2023-09-30,-0.013176560338732015,0.524492001034445,False,1.1903320325654498,-0.01370105233976646,-0.014225544340800905,-0.01475003634183535,rev_measure=consensus_change
blend,mv,2023-09-30,2023-10-31,0.01637188709291473,0.5993955082947714,False,1.149860604754515,0.01577249158461996,0.015173096076325186,0.014573700568030416,rev_measure=consensus_change
blend,mv,2023-10-31,2023-11-30,0.021926129958444868,0.4723870753620639,False,1.145429486637644,0.021453742883082803,0.02098135580772074,0.020508968732358676,rev_measure=consensus_change
blend,mv,2023-11-30,2023-12-31,-0.010549849801154977,0.6423744533042968,False,1.2658427681797668,-0.011192224254459274,-0.011834598707763572,-0.012476973161067868,rev_measure=consensus_change
blend,mv,2023-12-31,2024-01-31,0.021779067616794413,0.6154359287914515,False,0.9977345791425432,0.021163631688002962,0.02054819575921151,0.01993275983042006,rev_measure=consensus_change
blend,mv,2024-01-31,2024-02-29,0.014247634701711179,0.4221190309375357,False,0.9838385821834024,0.013825515670773643,0.013403396639836107,0.012981277608898572,rev_measure=consensus_change
blend,mv,2024-02-29,2024-03-31,-0.003401484177207155,0.5712076865542675,False,1.1022172021753531,-0.003972691863761422,-0.004543899550315689,-0.0051151072368699575,rev_measure=consensus_change
blend,mv,2024-03-31,2024-04-30,-0.010453556844970856,0.8306929118611679,False,1.061620085264271,-0.011284249756832024,-0.012114942668693193,-0.01294563558055436,rev_measure=consensus_change
blend,mv,2024-04-30,2024-05-31,0.013186106903667191,0.37964929441287754,False,1.1156901913987904,0.012806457609254314,0.012426808314841435,0.012047159020428558,rev_measure=consensus_change
blend,mv,2024-05-31,2024-06-30,0.0019663189822285297,0.7536049835203771,False,1.0003611598025988,0.0012127139987081527,0.0004591090151877756,-0.0002944959683326017,rev_measure=consensus_change
blend,mv,2024-06-30,2024-07-31,-0.009419910871638517,0.4738724611985522,False,1.1464643162951336,-0.009893783332837068,-0.010367655794035622,-0.010841528255234174,rev_measure=consensus_change
blend,mv,2024-07-31,2024-08-31,-0.00604307215501317,0.4300898297650201,False,1.2033838423352805,-0.00647316198477819,-0.00690325181454321,-0.00733334164430823,rev_measure=consensus_change
blend,mv,2024-08-31,2024-09-30,-0.003336741054306276,0.625558348347767,False,1.2587842169519363,-0.003962299402654043,-0.00458785775100181,-0.005213416099349577,rev_measure=consensus_change
blend,mv,2024-09-30,2024-10-31,-0.00016174036617004457,0.7012310271690656,False,1.1634844158250863,-0.0008629713933391101,-0.0015642024205081758,-0.0022654334476772415,rev_measure=consensus_change
blend,mv,2024-10-31,2024-11-30,0.008382008657042772,0.4896379200780343,False,1.16793668050936,0.007892370736964738,0.007402732816886704,0.00691309489680867,rev_measure=consensus_change
blend,mv,2024-11-30,2024-12-31,-0.004962271763996262,0.5544382757384058,False,1.2583596771309344,-0.005516710039734668,-0.006071148315473073,-0.006625586591211479,rev_measure=consensus_change
blend,mv,2024-12-31,2025-01-31,0.010803618005724443,0.5886785768113532,False,1.3443503018641931,0.01021493942891309,0.009626260852101736,0.009037582275290383,rev_measure=consensus_change
blend,mv,2025-01-31,2025-02-28,0.00013261710714937056,0.5879069901816196,False,1.1000322286190196,-0.0004552898830322491,-0.0010431968732138688,-0.0016311038633954884,rev_measure=consensus_change
blend,mv,2025-02-28,2025-03-31,0.008972536687305115,0.7453764457661118,False,1.0577117292822258,0.008227160241539003,0.007481783795772892,0.00673640735000678,rev_measure=consensus_change
blend,mv,2025-03-31,2025-04-30,0.021830100009751902,0.704495356180919,False,0.9840801486621134,0.021125604653570985,0.020421109297390064,0.019716613941209146,rev_measure=consensus_change
blend,mv,2025-04-30,2025-05-31,0.0031921312078626884,0.3416760922996541,False,1.0291720660725883,0.0028504551155630344,0.00250877902326338,0.002167102930963726,rev_measure=consensus_change
blend,mv,2025-05-31,2025-06-30,-0.004342115627408808,0.9800091757255063,False,1.1371644544755712,-0.0053221248031343135,-0.00630213397885982,-0.007282143154585327,rev_measure=consensus_change
blend,mv,2025-06-30,2025-07-31,-0.01567329485260386,0.47442507309232423,False,1.242638589919471,-0.016147719925696184,-0.01662214499878851,-0.017096570071880833,rev_measure=consensus_change
blend,mv,2025-07-31,2025-08-31,-0.00870353674104987,0.4531705505276154,False,1.2325706231132816,-0.009156707291577486,-0.0096098778421051,-0.010063048392632716,rev_measure=consensus_change
blend,mv,2025-08-31,2025-09-30,0.020470070181759687,0.46378632587287133,False,1.298634208497769,0.020006283855886816,0.019542497530013945,0.019078711204141074,rev_measure=consensus_change
blend,mv,2025-09-30,2025-10-31,0.0028981542823642782,0.5564952275645693,False,1.2405517763823524,0.002341659054799709,0.0017851638272351397,0.0012286685996705704,rev_measure=consensus_change
blend,mv,2025-10-31,2025-11-30,-0.004377658474475428,0.4700220700533543,False,1.0956736896122976,-0.004847680544528782,-0.005317702614582137,-0.005787724684635491,rev_measure=consensus_change
blend,mv,2025-11-30,2025-12-31,0.0043572518716939335,0.5095086471265555,False,1.1173199500943358,0.003847743224567378,0.0033382345774408224,0.002828725930314267,rev_measure=consensus_change
blend,mv,2025-12-31,2026-01-31,0.012367293279874654,0.45888308808925315,False,1.2229608244069559,0.011908410191785401,0.011449527103696148,0.010990644015606895,rev_measure=consensus_change
blend,mv,1995-01-31,1995-02-28,0.01633423859520686,1.7316515191927138,True,1.7316515191927138,0.014602587076014147,0.012870935556821433,0.011139284037628719,cov_halflife=18
blend,mv,1995-02-28,1995-03-31,-0.002408035276102387,0.9639956326642466,False,1.6539223551998365,-0.0033720309087666334,-0.00433602654143088,-0.005300022174095127,cov_halflife=18
blend,mv,1995-03-31,1995-04-30,0.03187163097397519,0.7515669700397538,False,1.661714384455075,0.031120064003935435,0.030368497033895683,0.029616930063855927,cov_halflife=18
blend,mv,1995-04-30,1995-05-31,-0.0007427700388153166,0.785739841188272,False,1.764662312469344,-0.0015285098800035886,-0.0023142497211918606,-0.0030999895623801325,cov_halflife=18
blend,mv,1995-05-31,1995-06-30,0.016281594134686488,0.890662278121797,False,1.7394489871330177,0.01539093185656469,0.014500269578442894,0.013609607300321097,cov_halflife=18
blend,mv,1995-06-30,1995-07-31,-0.00036307073395643784,0.6712254675205591,False,1.7480552892938344,-0.001034296201476997,-0.0017055216689975561,-0.002376747136518115,cov_halflife=18
blend,mv,1995-07-31,1995-08-31,-0.0012905908326643924,0.806948910229982,False,1.5835330707033133,-0.0020975397428943743,-0.0029044886531243565,-0.0037114375633543386,cov_halflife=18
blend,mv,1995-08-31,1995-09-30,0.022941107400403133,0.7454231707453626,False,1.665873175014702,0.022195684229657772,0.021450261058912408,0.020704837888167044,cov_halflife=18
blend,mv,1995-09-30,1995-10-31,0.03468934792593855,0.7140379105998715,False,1.6565870962192069,0.033975310015338676,0.03326127210473881,0.032547234194138935,cov_halflife=18
blend,mv,1995-10-31,1995-11-30,-0.023455528447363497,0.8323475944672294,False,1.6984955692270765,-0.024287876041830726,-0.025120223636297956,-0.025952571230765185,cov_halflife=18
blend,mv,1995-11-30,1995-12-31,-0.004569074859669391,0.739354262636489,False,1.5865625071491565,-0.00530842912230588,-0.006047783384942369,-0.006787137647578857,cov_halflife=18
blend,mv,1995-12-31,1996-01-31,0.007486957056751281,0.8189107062849088,False,1.831628282078016,0.006668046350466372,0.005849135644181463,0.005030224937896554,cov_halflife=18
blend,mv,1996-01-31,1996-02-29,0.007932766012396147,0.7680624619278136,False,1.7760424790408704,0.007164703550468334,0.00639664108854052,0.005628578626612707,cov_halflife=18
blend,mv,1996-02-29,1996-03-31,-0.02417413767286372,0.7808352282446289,False,1.7712884317795203,-0.02495497290110835,-0.02573580812935298,-0.026516643357597607,cov_halflife=18
blend,mv,1996-03-31,1996-04-30,-0.011056956323165576,0.8546007457643348,False,1.905826047270401,-0.01191155706892991,-0.012766157814694245,-0.013620758560458579,cov_halflife=18
blend,mv,1996-04-30,1996-05-31,-0.0011861965288739377,0.8960793524544317,False,1.9266097780569778,-0.0020822758813283694,-0.0029783552337828015,-0.0038744345862372328,cov_halflife=18
blend,mv,1996-05-31,1996-06-30,-0.004682476622998926,0.9503925384524838,False,2.0467564718620133,-0.00563286916145141,-0.006583261699903894,-0.007533654238356378,cov_halflife=18
blend,mv,1996-06-30,1996-07-31,0.01166730603270907,0.9707838627594282,False,2.1579690792805737,0.010696522169949643,0.009725738307190214,0.008754954444430786,cov_halflife=18
blend,mv,1996-07-31,1996-08-31,0.005806971366132026,0.838390505021065,False,1.8968445999206223,0.0049685808611109605,0.004130190356089896,0.0032917998510688306,cov_halflife=18
blend,mv,1996-08-31,1996-09-30,0.008516254011492756,0.8811402475734501,False,1.9623823674019432,0.007635113763919305,0.006753973516345855,0.0058728332687724046,cov_halflife=18
blend,mv,1996-09-30,1996-10-31,0.004336534785866711,1.0638325931571548,False,2.004112163537358,0.0032727021927095555,0.002208869599552401,0.001145037006395246,cov_halflife=18
blend,mv,1996-10-31,1996-11-30,-0.008772651458861951,1.1238722235280272,False,2.051928482718985,-0.009896523682389979,-0.011020395905918006,-0.012144268129446033,cov_halflife=18
blend,mv,1996-11-30,1996-12-31,0.006039896312858207,1.0797714273975296,False,2.0010601427794974,0.004960124885460677,0.0038803534580631473,0.002800582030665618,cov_halflife=18
blend,mv,1996-12-31,1997-01-31,0.025115334383447395,0.9943219082874201,False,2.032076709252988,0.024121012475159975,0.023126690566872554,0.022132368658585134,cov_halflife=18
blend,mv,1997-01-31,1997-02-28,-0.019773527732739257,0.9550681356632468,False,1.8589286653028356,-0.020728595868402505,-0.02168366400406575,-0.022638732139728997,cov_halflife=18
blend,mv,1997-02-28,1997-03-31,0.008624844543947772,1.0914547233816516,False,1.6993278142981694,0.00753338982056612,0.006441935097184468,0.005350480373802816,cov_halflife=18
blend,mv,1997-03-31,1997-04-30,0.014200329222157498,0.9485854969266247,False,1.8628353651140261,0.013251743725230873,0.012303158228304249,0.011354572731377624,cov_halflife=18
blend,mv,1997-04-30,1997-05-31,-0.0018966149128570404,0.9843708299913415,False,1.8599198038751843,-0.0028809857428483817,-0.0038653565728397235,-0.004849727402831065,cov_halflife=18
blend,mv,1997-05-31,1997-06-30,0.014872901915480689,0.9899284255362824,False,1.7477720810379755,0.013882973489944406,0.012893045064408123,0.011903116638871841,cov_halflife=18
blend,mv,1997-06-30,1997-07-31,0.057465877863280945,0.958951784610847,False,1.7852237731816656,0.0565069260786701,0.05554797429405925,0.0545890225094484,cov_halflife=18
blend,mv,1997-07-31,1997-08-31,-0.0304557799406061,0.964878065891138,False,1.713907067239397,-0.03142065800649724,-0.03238553607238837,-0.033350414138279515,cov_halflife=18
blend,mv,1997-08-31,1997-09-30,-0.0014422381498329806,1.0454672128200246,False,1.4001049615976644,-0.0024877053626530055,-0.0035331725754730297,-0.004578639788293055,cov_halflife=18
blend,mv,1997-09-30,1997-10-31,0.01871425393584286,1.013251206455411,False,1.7437704055248862,0.01770100272938745,0.01668775152293204,0.01567450031647663,cov_halflife=18
blend,mv,1997-10-31,1997-11-30,0.0005446981947854248,0.9997385001985922,False,1.8503734537054368,-0.0004550403054131674,-0.0014547788056117595,-0.0024545173058103517,cov_halflife=18
blend,mv,1997-11-30,1997-12-31,0.012542580090715568,0.8929344843944499,False,1.6422361906891518,0.011649645606321118,0.010756711121926669,0.00986377663753222,cov_halflife=18
blend,mv,1997-12-31,1998-01-31,0.0063276559875115445,1.1275919923550752,False,1.7268547108349235,0.005200063995156469,0.004072472002801393,0.0029448800104463187,cov_halflife=18
blend,mv,1998-01-31,1998-02-28,-0.0017463214856988114,0.9870253734686507,False,1.5194944763315568,-0.002733346859167462,-0.0037203722326361126,-0.004707397606104764,cov_halflife=18
blend,mv,1998-02-28,1998-03-31,-0.0032488462997280866,1.0584358088152117,False,1.5437044541431115,-0.004307282108543298,-0.00536571791735851,-0.006424153726173722,cov_halflife=18
blend,mv,1998-03-31,1998-04-30,-0.02009502950893406,0.86699777744946,False,1.6923945065473862,-0.02096202728638352,-0.02182902506383298,-0.02269602284128244,cov_halflife=18
blend,mv,1998-04-30,1998-05-31,0.024965423265105507,0.8814845318573794,False,1.7510194321716992,0.024083938733248128,0.02320245420139075,0.02232096966953337,cov_halflife=18
blend,mv,1998-05-31,1998-06-30,0.05509703859457019,0.6923399324866566,False,1.6870702507061768,0.054404698662083535,0.05371235872959688,0.05302001879711022,cov_halflife=18
blend,mv,1998-06-30,1998-07-31,0.02214563079175395,0.9658184800168309,False,1.5541111603435813,0.021179812311737118,0.02021399383172029,0.019248175351703457,cov_halflife=18
blend,mv,1998-07-31,1998-08-31,0.0027908668537474776,0.6923088652418758,False,1.3987403844816912,0.0020985579885056016,0.0014062491232637259,0.0007139402580218501,cov_halflife=18
blend,mv,1998-08-31,1998-09-30,-0.042031434096294513,0.5717624342047957,False,1.1943545585241586,-0.04260319653049931,-0.04317495896470411,-0.0437467213989089,cov_halflife=18
blend,mv,1998-09-30,1998-10-31,-0.01909200523463014,0.864373187933682,False,1.1115440280096203,-0.01995637842256382,-0.020820751610497505,-0.021685124798431186,cov_halflife=18
blend,mv,1998-10-31,1998-11-30,0.009288593307554951,0.6235563095631695,False,1.242901660723325,0.008665036997991782,0.008041480688428613,0.007417924378865443,cov_halflife=18
blend,mv,1998-11-30,1998-12-31,0.044887406242272616,0.5905481203123067,False,1.3426015368312614,0.04429685812196031,0.043706310001648,0.043115761881335694,cov_halflife=18
blend,mv,1998-12-31,1999-01-31,0.04310485910047629,0.6031051344442055,False,1.1780874661374134,0.042501753966032084,0.04189864883158788,0.04129554369714367,cov_halflife=18
blend,mv,1999-01-31,1999-02-28,-0.008949880869534951,0.6531991352556764,False,1.1542689888509796,-0.009603080004790628,-0.010256279140046305,-0.010909478275301981,cov_halflife=18
blend,mv,1999-02-28,1999-03-31,0.010637745659836176,0.5621867956329781,False,1.1016370436562664,0.010075558864203197,0.00951337206857022,0.008951185272937241,cov_halflife=18
blend,mv,1999-03-31,1999-04-30,-0.0483347237609015,0.47365084583969475,False,1.1757430731057166,-0.048808374606741194,-0.04928202545258089,-0.04975567629842058,cov_halflife=18
blend,mv,1999-04-30,1999-05-31,-0.004370726396070321,0.7165346784740937,False,1.1804224097592397,-0.005087261074544415,-0.005803795753018508,-0.006520330431492602,cov_halflife=18
blend,mv,1999-05-31,1999-06-30,0.025892677648173424,0.6009473612246038,False,1.3164998735479287,0.02529173028694882,0.024690782925724217,0.024089835564499614,cov_halflife=18
blend,mv,1999-06-30,1999-07-31,0.015565721233463281,0.6188525380210955,False,1.3783380022643368,0.014946868695442185,0.014328016157421089,0.013709163619399995,cov_halflife=18
blend,mv,1999-07-31,1999-08-31,0.009342166440267443,0.5896344988427145,False,1.3752578298936182,0.008752531941424729,0.008162897442582015,0.007573262943739299,cov_halflife=18
blend,mv,1999-08-31,1999-09-30,0.02017979614244721,0.5608251074599748,False,1.2340438818395194,0.019618971034987234,0.019058145927527262,0.018497320820067286,cov_halflife=18
blend,mv,1999-09-30,1999-10-31,0.03336731901270789,0.4836790777500275,False,1.1754611523521332,0.03288363993495786,0.03239996085720784,0.03191628177945781,cov_halflife=18
blend,mv,1999-10-31,1999-11-30,0.016882441010678245,0.6312847446771889,False,1.1365907225244551,0.016251156266001057,0.015619871521323866,0.014988586776646677,cov_halflife=18
blend,mv,1999-11-30,1999-12-31,0.044428914557093926,0.5110593935688212,False,1.1255876779665195,0.0439178551635251,0.043406795769956284,0.04289573637638746,cov_halflife=18
blend,mv,1999-12-31,2000-01-31,-0.006217477679990433,0.5803216614162078,False,1.0719689407136308,-0.006797799341406641,-0.007378121002822848,-0.007958442664239056,cov_halflife=18
blend,mv,2000-01-31,2000-02-29,0.05190820751090978,0.4899233980899439,False,1.121357619771944,0.05141828411281983,0.05092836071472989,0.050438437316639946,cov_halflife=18
blend,mv,2000-02-29,2000-03-31,0.00441317475657015,0.49280401459278717,False,1.0525484927517428,0.003920370741977363,0.0034275667273845757,0.0029347627127917887,cov_halflife=18
blend,mv,2000-03-31,2000-04-30,-0.02597405193593777,0.5800774819215361,False,0.9840041485720261,-0.026554129417859305,-0.02713420689978084,-0.027714284381702377,cov_halflife=18
blend,mv,2000-04-30,2000-05-31,-0.02021112882585769,0.5681136903782591,False,0.9122344258320801,-0.02077924251623595,-0.021347356206614206,-0.021915469896992466,cov_halflife=18
blend,mv,2000-05-31,2000-06-30,0.028577367352878528,0.5287615946278518,False,1.0943504211002186,0.028048605758250675,0.027519844163622825,0.026991082568994972,cov_halflife=18
blend,mv,2000-06-30,2000-07-31,-0.00957235008896905,0.39897410992999355,False,1.1383917327984365,-0.009971324198899043,-0.010370298308829037,-0.01076927241875903,cov_halflife=18
blend,mv,2000-07-31,2000-08-31,0.03661208133821296,0.4743206975338872,False,1.1321190350211412,0.03613776064067908,0.035663439943145185,0.0351891192456113,cov_halflife=18
blend,mv,2000-08-31,2000-09-30,-0.00043197971323874224,0.5874995311256335,False,1.093127653980731,-0.0010194792443643757,-0.0016069787754900092,-0.0021944783066156427,cov_halflife=18
blend,mv,2000-09-30,2000-10-31,-0.011219998662900514,0.41499807039830255,False,1.1170421999384692,-0.011634996733298817,-0.012049994803697119,-0.012464992874095422,cov_halflife=18
blend,mv,2000-10-31,2000-11-30,-0.022115023715210604,0.4341747111808929,False,1.101682755534098,-0.022549198426391498,-0.02298337313757239,-0.023417547848753283,cov_halflife=18
blend,mv,2000-11-30,2000-12-31,-0.00153051138193202,0.47002647239884965,False,1.1318652055578569,-0.0020005378543308697,-0.0024705643267297194,-0.002940590799128569,cov_halflife=18
blend,mv,2000-12-31,2001-01-31,-0.05971853994119145,0.5227381954197092,False,1.1719960599439423,-0.06024127813661116,-0.06076401633203087,-0.06128675452745058,cov_halflife=18
blend,mv,2001-01-31,2001-02-28,0.003511988459079061,0.7192395985926623,False,1.0790876665782705,0.0027927488604863986,0.002073509261893736,0.0013542696633010742,cov_halflife=18
blend,mv,2001-02-28,2001-03-31,0.008275923901176794,0.4812896130333867,False,1.0344470029882018,0.0077946342881434075,0.00731334467511002,0.006832055062076634,cov_halflife=18
blend,mv,2001-03-31,2001-04-30,0.0006050540669469208,0.5459917880898639,False,1.0161098954934067,5.906227885705694e-05,-0.00048692950923280695,-0.0010329212973226708,cov_halflife=18
blend,mv,2001-04-30,2001-05-31,0.005778171020686243,0.5561918133378615,False,1.0426375307844624,0.005221979207348381,0.00466578739401052,0.004109595580672658,cov_halflife=18
blend,mv,2001-05-31,2001-06-30,0.005955294467581211,0.6371379333982257,False,1.099010684516799,0.005318156534182985,0.004681018600784759,0.004043880667386534,cov_halflife=18
blend,mv,2001-06-30,2001-07-31,0.005904328780712049,0.6091482446139936,False,1.1320864074397947,0.005295180536098056,0.004686032291484062,0.004076884046870068,cov_halflife=18
blend,mv,2001-07-31,2001-08-31,-0.0013463467260988965,0.6225235391043638,False,0.9698125226263579,-0.00196887026520326,-0.002591393804307624,-0.003213917343411988,cov_halflife=18
blend,mv,2001-08-31,2001-09-30,0.022613769985762422,0.5344778120238863,False,0.9800381271609829,0.022079292173738534,0.02154481436171465,0.021010336549690763,cov_halflife=18
blend,mv,2001-09-30,2001-10-31,-0.009378790446197029,0.5638909044119071,False,0.8794428351291591,-0.009942681350608936,-0.010506572255020843,-0.01107046315943275,cov_halflife=18
blend,mv,2001-10-31,2001-11-30,-0.02743200342186947,0.4929521887503475,False,0.8016120552018281,-0.027924955610619816,-0.028417907799370166,-0.028910859988120513,cov_halflife=18
blend,mv,2001-11-30,2001-12-31,0.013538393032632358,0.4499935827984961,False,0.8787881020798068,0.013088399449833862,0.012638405867035366,0.01218841228423687,cov_halflife=18
blend,mv,2001-12-31,2002-01-31,0.023680410612193885,0.4766486249616742,False,0.9276684511685179,0.02320376198723221,0.022727113362270537,0.02225046473730886,cov_halflife=18
blend,mv,2002-01-31,2002-02-28,0.017145130119359045,0.4786356000064405,False,0.9674932919523447,0.016666494519352603,0.016187858919346165,0.015709223319339723,cov_halflife=18
blend,mv,2002-02-28,2002-03-31,0.009359263482204717,0.46370549128024935,False,1.0379879494105682,0.008895557990924468,0.008431852499644218,0.00796814700836397,cov_halflife=18
blend,mv,2002-03-31,2002-04-30,0.031359274501822465,0.46294628196917204,False,0.9181300783390258,0.030896328219853293,0.03043338193788412,0.029970435655914947,cov_halflife=18
blend,mv,2002-04-30,2002-05-31,0.008274846975002612,0.374663259263858,False,0.9579972327838518,0.007900183715738755,0.007525520456474896,0.007150857197211038,cov_halflife=18
blend,mv,2002-05-31,2002-06-30,-9.437468363252451e-06,0.36908652310165146,False,0.9389405659615777,-0.00037852399146490396,-0.0007476105145665554,-0.001116697037668207,cov_halflife=18
blend,mv,2002-06-30,2002-07-31,-0.016472636701084127,0.31444049291899345,False,0.8707195078974925,-0.01678707719400312,-0.017101517686922113,-0.017415958179841106,cov_halflife=18
blend,mv,2002-07-31,2002-08-31,0.02726032314974089,0.36705526424285034,False,0.8631296280485908,0.026893267885498038,0.02652621262125519,0.02615915735701234,cov_halflife=18
blend,mv,2002-08-31,2002-09-30,0.026807140044573477,0.41750615783237427,False,0.997136801791451,0.026389633886741103,0.02597212772890873,0.025554621571076352,cov_halflife=18
blend,mv,2002-09-30,2002-10-31,-0.023016433920890374,0.38741149111340406,False,1.0535791793266929,-0.023403845412003778,-0.023791256903117182,-0.024178668394230586,cov_halflife=18
blend,mv,2002-10-31,2002-11-30,-0.03150738841769405,0.4906604991112036,False,1.0237954748287053,-0.03199804891680525,-0.03248870941591646,-0.03297936991502766,cov_halflife=18
blend,mv,2002-11-30,2002-12-31,0.02091581865076994,0.44823245483089974,False,0.9074311784767914,0.020467586195939042,0.02001935374110814,0.019571121286277242,cov_halflife=18
blend,mv,2002-12-31,2003-01-31,-0.0033246098363636273,0.37182270034532633,False,1.0027956707825603,-0.0036964325367089537,-0.00406825523705428,-0.0044400779373996065,cov_halflife=18
blend,mv,2003-01-31,2003-02-28,-0.004656979665549378,0.35725357098862076,False,0.958794246864496,-0.005014233236537999,-0.005371486807526619,-0.00572874037851524,cov_halflife=18
blend,mv,2003-02-28,2003-03-31,-0.015866387893128723,0.49514513113991104,False,1.1259778384504484,-0.016361533024268633,-0.016856678155408544,-0.017351823286548457,cov_halflife=18
blend,mv,2003-03-31,2003-04-30,-0.006963205624912048,0.4473007276132318,False,1.2347931156890728,-0.0074105063525252805,-0.007857807080138512,-0.008305107807751743,cov_halflife=18
blend,mv,2003-04-30,2003-05-31,-0.02105713116789961,0.5850916662844338,False,1.2730059134410858,-0.021642222834184044,-0.022227314500468477,-0.02281240616675291,cov_halflife=18
blend,mv,2003-05-31,2003-06-30,0.0002646140542890986,0.5510697013476912,False,1.2248806483066135,-0.00028645564705859255,-0.0008375253484062836,-0.0013885950497539749,cov_halflife=18
blend,mv,2003-06-30,2003-07-31,-0.005010028084148866,0.4801570021944853,False,1.1666553344728543,-0.005490185086343352,-0.005970342088537837,-0.006450499090732323,cov_halflife=18
blend,mv,2003-07-31,2003-08-31,-0.008905254013139807,0.49225632397852187,False,1.0961167511353596,-0.009397510337118328,-0.00988976666109685,-0.010382022985075373,cov_halflife=18
blend,mv,2003-08-31,2003-09-30,0.01444036133466612,0.5833607893576982,False,1.1752138444177593,0.013857000545308421,0.013273639755950724,0.012690278966593025,cov_halflife=18
blend,mv,2003-09-30,2003-10-31,0.018479178611726942,0.5514687082420763,False,1.0000017976293447,0.017927709903484867,0.01737624119524279,0.016824772487000712,cov_halflife=18
blend,mv,2003-10-31,2003-11-30,0.012829770034762404,0.4740502677937971,False,1.0054815552421765,0.012355719766968606,0.01188166949917481,0.011407619231381012,cov_halflife=18
blend,mv,2003-11-30,2003-12-31,-0.024003262512264662,0.48419638739083165,False,0.9833184043719279,-0.024487458899655493,-0.024971655287046327,-0.025455851674437157,cov_halflife=18
blend,mv,2003-12-31,2004-01-31,-0.013181398058782968,0.4420611029890708,False,0.8694443247301759,-0.01362345916177204,-0.01406552026476111,-0.014507581367750181,cov_halflife=18
blend,mv,2004-01-31,2004-02-29,0.00839454118770604,0.40859109186371434,False,0.998970998273637,0.007985950095842326,0.007577359003978611,0.007168767912114897,cov_halflife=18
blend,mv,2004-02-29,2004-03-31,0.010007570961106858,0.677319026379857,False,1.1846224192041417,0.009330251934727,0.008652932908347144,0.007975613881967287,cov_halflife=18
blend,mv,2004-03-31,2004-04-30,-0.03245160962249935,0.5115656688096679,False,1.1509935864748497,-0.032963175291309016,-0.03347474096011869,-0.033986306628928355,cov_halflife=18
blend,mv,2004-04-30,2004-05-31,0.0025669807661454587,0.4901021631222842,False,1.1186395485348337,0.0020768786030231747,0.0015867764399008903,0.001096674276778606,cov_halflife=18
blend,mv,2004-05-31,2004-06-30,0.002216797687904607,0.7573324307334042,False,1.446566914910772,0.0014594652571712028,0.0007021328264377985,-5.519960429560544e-05,cov_halflife=18
blend,mv,2004-06-30,2004-07-31,-0.018248307742469064,0.6102025888719143,False,1.3466817057271963,-0.018858510331340977,-0.01946871292021289,-0.020078915509084805,cov_halflife=18
blend,mv,2004-07-31,2004-08-31,-0.008255889173420097,0.6209913070232961,False,1.31614375400489,-0.008876880480443394,-0.009497871787466689,-0.010118863094489984,cov_halflife=18
blend,mv,2004-08-31,2004-09-30,0.023060645216874103,0.6939257857381526,False,1.434987488686978,0.02236671943113595,0.021672793645397797,0.020978867859659647,cov_halflife=18
blend,mv,2004-09-30,2004-10-31,-0.018820393887483796,0.7125489338924079,False,1.4290723180654514,-0.019532942821376204,-0.020245491755268612,-0.02095804068916102,cov_halflife=18
blend,mv,2004-10-31,2004-11-30,0.01622644509451395,0.6236607714081984,False,1.343013226170814,0.015602784323105752,0.014979123551697554,0.014355462780289357,cov_halflife=18
blend,mv,2004-11-30,2004-12-31,0.0003989035405215258,0.5955584045153011,False,1.4008341603925782,-0.00019665486399377528,-0.0007922132685090764,-0.0013877716730243774,cov_halflife=18
blend,mv,2004-12-31,2005-01-31,0.029378999551318702,0.6729213786328306,False,1.2710540190878683,0.028706078172685872,0.028033156794053042,0.02736023541542021,cov_halflife=18
blend,mv,2005-01-31,2005-02-28,0.03269328554274168,0.6675180130795315,False,1.3412014168719457,0.03202576752966215,0.031358249516582615,0.030690731503503085,cov_halflife=18
blend,mv,2005-02-28,2005-03-31,-0.0037247010781837745,0.7211161804804606,False,1.195958146718239,-0.004445817258664235,-0.005166933439144696,-0.005888049619625156,cov_halflife=18
blend,mv,2005-03-31,2005-04-30,-0.0005670906581060525,0.5150795135901716,False,1.061074433742606,-0.001082170171696224,-0.0015972496852863956,-0.002112329198876567,cov_halflife=18
blend,mv,2005-04-30,2005-05-31,0.007250262422665886,0.45381798866127004,False,1.1606953762110155,0.006796444434004616,0.006342626445343346,0.005888808456682076,cov_halflife=18
blend,mv,2005-05-31,2005-06-30,0.013917579035033992,0.3819740804372608,False,1.2427593714408522,0.013535604954596731,0.01315363087415947,0.01277165679372221,cov_halflife=18
blend,mv,2005-06-30,2005-07-31,0.001087104593704437,0.3626182565247342,False,1.2690055353068639,0.0007244863371797028,0.0003618680806549686,-7.501758697656818e-07,cov_halflife=18
blend,mv,2005-07-31,2005-08-31,0.0004752829091552795,0.5583042473130225,False,1.1282933983055876,-8.302133815774304e-05,-0.0006413255854707655,-0.0011996298327837881,cov_halflife=18
blend,mv,2005-08-31,2005-09-30,0.0017453354618260776,0.4320575347517773,False,1.0634715043343907,0.0013132779270743004,0.000881220392322523,0.00044916285757074566,cov_halflife=18
blend,mv,2005-09-30,2005-10-31,-0.018912344767059986,0.36471971676335635,False,1.1226199557483396,-0.019277064483823343,-0.0196417842005867,-0.020006503917350055,cov_halflife=18
blend,mv,2005-10-31,2005-11-30,-0.003687778780257232,0.5282111818262157,False,1.1532956366362717,-0.0042159899620834475,-0.004744201143909664,-0.00527241232573588,cov_halflife=18
blend,mv,2005-11-30,2005-12-31,-0.0024644552753680994,0.5218280714055957,False,1.196256501645308,-0.002986283346773695,-0.003508111418179291,-0.004029939489584886,cov_halflife=18
blend,mv,2005-12-31,2006-01-31,0.026202624657757433,0.5057097544662899,False,1.2856667348581998,0.025696914903291145,0.025191205148824853,0.02468549539435856,cov_halflife=18
blend,mv,2006-01-31,2006-02-28,-0.014520550610541125,0.624585607672892,False,1.3026681781776845,-0.015145136218214016,-0.015769721825886908,-0.0163943074335598,cov_halflife=18
blend,mv,2006-02-28,2006-03-31,0.007712656846551396,0.5920592008875668,False,1.246878744253483,0.007120597645663829,0.006528538444776262,0.005936479243888695,cov_halflife=18
blend,mv,2006-03-31,2006-04-30,0.025905934688869606,0.5798992999859229,False,1.4673838318290224,0.025326035388883682,0.02474613608889776,0.024166236788911836,cov_halflife=18
blend,mv,2006-04-30,2006-05-31,-0.02607499816540414,0.6188231391999238,False,1.366798067438641,-0.026693821304604064,-0.027312644443803987,-0.02793146758300391,cov_halflife=18
blend,mv,2006-05-31,2006-06-30,0.0005293384321989165,0.6751703270026582,False,1.0997446915480904,-0.00014583189480374176,-0.0008210022218064,-0.0014961725488090584,cov_halflife=18
blend,mv,2006-06-30,2006-07-31,-0.014964284631070154,0.4882953180462822,False,1.2598684047214437,-0.015452579949116436,-0.01594087526716272,-0.016429170585209,cov_halflife=18
blend,mv,2006-07-31,2006-08-31,-0.017494852129774807,0.5533411552891514,False,1.3512258135599644,-0.01804819328506396,-0.01860153444035311,-0.019154875595642263,cov_halflife=18
blend,mv,2006-08-31,2006-09-30,0.0034562518167544675,0.5678747661934781,False,1.3716734767925174,0.0028883770505609896,0.002320502284367511,0.001752627518174033,cov_halflife=18
blend,mv,2006-09-30,2006-10-31,-0.008193903232480051,0.633821165926187,False,1.395848801025989,-0.008827724398406239,-0.009461545564332426,-0.010095366730258612,cov_halflife=18
blend,mv,2006-10-31,2006-11-30,0.006121928129144675,0.6702515690137687,False,1.4640173573054045,0.005451676560130907,0.004781424991117138,0.004111173422103369,cov_halflife=18
blend,mv,2006-11-30,2006-12-31,0.0032851155200365936,0.5880098327573169,False,1.55649860492308,0.002697105687279277,0.0021090958545219598,0.0015210860217646429,cov_halflife=18
blend,mv,2006-12-31,2007-01-31,0.011846003164214872,0.4845875617973707,False,1.5829615575800573,0.011361415602417501,0.01087682804062013,0.01039224047882276,cov_halflife=18
blend,mv,2007-01-31,2007-02-28,0.00430016979906208,0.6724770841837111,False,1.4638064737034837,0.003627692714878369,0.0029552156306946577,0.0022827385465109466,cov_halflife=18
blend,mv,2007-02-28,2007-03-31,0.027661475228271757,0.6145810909139743,False,1.4897273801934106,0.027046894137357783,0.02643231304644381,0.025817731955529832,cov_halflife=18
blend,mv,2007-03-31,2007-04-30,-0.010402666413010717,0.6008215464966881,False,1.478814875831479,-0.011003487959507405,-0.011604309506004093,-0.01220513105250078,cov_halflife=18
blend,mv,2007-04-30,2007-05-31,0.0014133779862479524,0.5721612888994563,False,1.3445117431821336,0.0008412166973484961,0.0002690554084490398,-0.0003031058804504165,cov_halflife=18
blend,mv,2007-05-31,2007-06-30,-0.001821984531853245,0.530705143349884,False,1.3487878916590503,-0.002352689675203129,-0.0028833948185530128,-0.003414099961902897,cov_halflife=18
blend,mv,2007-06-30,2007-07-31,0.014194513385751617,0.5768562244257831,False,1.3562446435351396,0.013617657161325835,0.01304080093690005,0.012463944712474268,cov_halflife=18
blend,mv,2007-07-31,2007-08-31,-0.006962343587739964,0.5070268312031914,False,1.2422412602560768,-0.007469370418943155,-0.007976397250146346,-0.008483424081349538,cov_halflife=18
blend,mv,2007-08-31,2007-09-30,0.018574921748183034,0.5996685347064022,False,1.3090281177063994,0.017975253213476632,0.01737558467877023,0.01677591614406383,cov_halflife=18
blend,mv,2007-09-30,2007-10-31,0.009386108360238028,0.6990157630711135,False,1.5992663807199468,0.008687092597166914,0.007988076834095801,0.007289061071024687,cov_halflife=18
blend,mv,2007-10-31,2007-11-30,-0.004111456328881033,0.691532266332316,False,1.6003478486010179,-0.004802988595213349,-0.005494520861545665,-0.006186053127877981,cov_halflife=18
blend,mv,2007-11-30,2007-12-31,0.012602985449307689,0.6317508775349037,False,1.4883250545622912,0.011971234571772784,0.011339483694237882,0.010707732816702977,cov_halflife=18
blend,mv,2007-12-31,2008-01-31,-0.02366476407280079,0.6018480470355305,False,1.4414341856888406,-0.02426661211983632,-0.02486846016687185,-0.025470308213907382,cov_halflife=18
blend,mv,2008-01-31,2008-02-29,0.05161278476778279,0.5820347589395071,False,1.280030302850426,0.05103075000884329,0.050448715249903776,0.049866680490964266,cov_halflife=18
blend,mv,2008-02-29,2008-03-31,-0.012570585225700894,0.7197215756138118,False,1.4772504950418959,-0.013290306801314706,-0.014010028376928517,-0.01472974995254233,cov_halflife=18
blend,mv,2008-03-31,2008-04-30,0.008191983393510828,0.5904682309292827,False,1.3526680330583485,0.007601515162581545,0.007011046931652262,0.00642057870072298,cov_halflife=18
blend,mv,2008-04-30,2008-05-31,0.028283418888691375,0.5019906745766696,False,1.5033632625627833,0.027781428214114706,0.027279437539538036,0.026777446864961366,cov_halflife=18
blend,mv,2008-05-31,2008-06-30,0.055114515240203575,0.5536633961417126,False,1.4247059161238185,0.05456085184406186,0.05400718844792015,0.05345352505177844,cov_halflife=18
blend,mv,2008-06-30,2008-07-31,-0.02688108250619585,0.5371976780394758,False,1.296452494468594,-0.027418280184235325,-0.0279554778622748,-0.028492675540314278,cov_halflife=18
blend,mv,2008-07-31,2008-08-31,-0.015646112533444112,0.6409927620097736,False,1.1036150258074604,-0.016287105295453887,-0.016928098057463658,-0.017569090819473433,cov_halflife=18
blend,mv,2008-08-31,2008-09-30,-0.03343550298478566,0.5152224800820201,False,1.1133478797823544,-0.03395072546486768,-0.0344659479449497,-0.034981170425031724,cov_halflife=18
blend,mv,2008-09-30,2008-10-31,0.037481375809511275,0.5206465011526358,False,1.2388119199572536,0.03696072930835864,0.036440082807206,0.03591943630605337,cov_halflife=18
blend,mv,2008-10-31,2008-11-30,0.001511862984821534,0.6401214301043604,False,1.2827383492420932,0.0008717415547171737,0.0002316201246128132,-0.0004085013054915471,cov_halflife=18
blend,mv,2008-11-30,2008-12-31,-0.0250818587942273,0.5679034860184855,False,1.1299190192987134,-0.025649762280245784,-0.026217665766264272,-0.026785569252282756,cov_halflife=18
blend,mv,2008-12-31,2009-01-31,0.029992667473175496,0.5052556086312433,False,1.1045430747418157,0.029487411864544254,0.028982156255913008,0.028476900647281766,cov_halflife=18
blend,mv,2009-01-31,2009-02-28,0.0078107661096472976,0.5154920525613375,False,1.019505397650812,0.00729527405708596,0.006779782004524623,0.006264289951963285,cov_halflife=18
blend,mv,2009-02-28,2009-03-31,-0.023951926488407476,0.45969807713305433,False,0.9527910572041732,-0.02441162456554053,-0.024871322642673586,-0.02533102071980664,cov_halflife=18
blend,mv,2009-03-31,2009-04-30,-0.10652343294387154,0.49116284170378305,False,0.870934704957455,-0.10701459578557532,-0.10750575862727911,-0.10799692146898289,cov_halflife=18
blend,mv,2009-04-30,2009-05-31,-0.011237654764503634,0.8209510495531579,False,0.7763406724703374,-0.01205860581405679,-0.01287955686360995,-0.013700507913163108,cov_halflife=18
blend,mv,2009-05-31,2009-06-30,0.0021572522549088637,0.3540199704828249,False,0.7519736078465643,0.0018032322844260388,0.001449212313943214,0.0010951923434603889,cov_halflife=18
blend,mv,2009-06-30,2009-07-31,-0.014356589766223133,0.3739060677268131,False,0.8507503113765253,-0.014730495833949947,-0.01510440190167676,-0.015478307969403571,cov_halflife=18
blend,mv,2009-07-31,2009-08-31,-0.007767364958910295,0.41957582383968084,False,0.8362203827318024,-0.008186940782749976,-0.008606516606589657,-0.009026092430429337,cov_halflife=18
blend,mv,2009-08-31,2009-09-30,-0.004990556236594144,0.3900869922504268,False,0.8995909697853741,-0.005380643228844571,-0.005770730221094997,-0.0061608172133454245,cov_halflife=18
blend,mv,2009-09-30,2009-10-31,0.010129767174726337,0.5547893710867106,False,1.0559838273253768,0.009574977803639627,0.009020188432552916,0.008465399061466206,cov_halflife=18
blend,mv,2009-10-31,2009-11-30,0.014310287176496357,0.6460526959085938,False,0.7883355465392019,0.013664234480587763,0.013018181784679169,0.012372129088770575,cov_halflife=18
blend,mv,2009-11-30,2009-12-31,-0.00028614291340661876,0.5224524039374252,False,0.921387693656684,-0.000808595317344044,-0.0013310477212814691,-0.0018535001252188944,cov_halflife=18
blend,mv,2009-12-31,2010-01-31,-0.01133460815441142,0.40489748503783285,False,0.8285046491779798,-0.011739505639449253,-0.012144403124487087,-0.01254930060952492,cov_halflife=18
blend,mv,2010-01-31,2010-02-28,0.011334352434124145,0.35039191291986527,False,0.8095952603459785,0.01098396052120428,0.010633568608284415,0.010283176695364549,cov_halflife=18
blend,mv,2010-02-28,2010-03-31,0.0059998375102194345,0.5810123604487468,False,0.7787533000250771,0.0054188251497706875,0.004837812789321941,0.004256800428873194,cov_halflife=18
blend,mv,2010-03-31,2010-04-30,0.0040330237094843065,0.5008119134388624,False,0.7501453551830244,0.0035322117960454444,0.0030313998826065817,0.002530587969167719,cov_halflife=18
blend,mv,2010-04-30,2010-05-31,0.005811023721200473,0.5275368120433133,False,0.9102187434537798,0.00528348690915716,0.004755950097113847,0.0042284132850705335,cov_halflife=18
blend,mv,2010-05-31,2010-06-30,-0.008961074183643692,0.5530757691953774,False,0.9240841800388039,-0.00951414995283907,-0.010067225722034447,-0.010620301491229825,cov_halflife=18
blend,mv,2010-06-30,2010-07-31,-0.005423898010786264,0.47343368773267114,False,0.934213872536285,-0.005897331698518935,-0.006370765386251607,-0.0068441990739842775,cov_halflife=18
blend,mv,2010-07-31,2010-08-31,0.023716252843665405,0.6148174070037346,False,0.9383450274374121,0.023101435436661672,0.022486618029657936,0.021871800622654203,cov_halflife=18
blend,mv,2010-08-31,2010-09-30,0.013705217616516161,0.488978567678391,False,1.1078829117160967,0.01321623904883777,0.01272726048115938,0.012238281913480989,cov_halflife=18
blend,mv,2010-09-30,2010-10-31,-0.0003140922424298076,0.5294623760729337,False,1.0111221604751208,-0.0008435546185027413,-0.001373016994575675,-0.0019024793706486085,cov_halflife=18
blend,mv,2010-10-31,2010-11-30,0.0035010546756384445,0.4272046804541041,False,0.9914425890491999,0.0030738499951843403,0.0026466453147302362,0.002219440634276132,cov_halflife=18
blend,mv,2010-11-30,2010-12-31,-0.03279565704866038,0.4575695408456833,False,1.0621286643810341,-0.033253226589506066,-0.033710796130351744,-0.03416836567119743,cov_halflife=18
blend,mv,2010-12-31,2011-01-31,-0.017511068448451874,0.7459661289370018,False,1.0749004186627038,-0.018257034577388875,-0.01900300070632588,-0.01974896683526288,cov_halflife=18
blend,mv,2011-01-31,2011-02-28,0.0018775022634942322,0.597254850971389,False,0.8886469196854316,0.0012802474125228431,0.0006829925615514541,8.573771058006528e-05,cov_halflife=18
blend,mv,2011-02-28,2011-03-31,0.012850971050039526,0.48489745968177655,False,1.0142654697318474,0.012366073590357749,0.011881176130675972,0.011396278670994195,cov_halflife=18
blend,mv,2011-03-31,2011-04-30,0.0010882596609584267,0.4108254100193665,False,1.0599603033439384,0.0006774342509390602,0.0002666088409196937,-0.00014421656909967273,cov_halflife=18
blend,mv,2011-04-30,2011-05-31,-0.0030065480996935585,0.564727756563184,False,1.0813251226430207,-0.003571275856256742,-0.004136003612819926,-0.0047007313693831106,cov_halflife=18
blend,mv,2011-05-31,2011-06-30,0.006711131857689651,0.412668174203433,False,1.0566806939518618,0.006298463683486218,0.0058857955092827844,0.005473127335079352,cov_halflife=18
blend,mv,2011-06-30,2011-07-31,-0.003131309330327725,0.5233752163469448,False,1.0492340905203519,-0.00365468454667467,-0.004178059763021614,-0.004701434979368559,cov_halflife=18
blend,mv,2011-07-31,2011-08-31,-0.004776267184159324,0.5233980097039195,False,1.2241641454261531,-0.0052996651938632434,-0.005823063203567163,-0.0063464612132710825,cov_halflife=18
blend,mv,2011-08-31,2011-09-30,-0.020371672144701286,0.5027088777440271,False,1.0686341599562252,-0.020874381022445314,-0.02137708990018934,-0.021879798777933366,cov_halflife=18
blend,mv,2011-09-30,2011-10-31,-0.003388778604015281,0.6477395894274935,False,1.1382386723657334,-0.004036518193442775,-0.0046842577828702684,-0.005331997372297762,cov_halflife=18
blend,mv,2011-10-31,2011-11-30,0.006706304871607521,0.8281630042343696,False,1.0510634293156995,0.0058781418673731515,0.005049978863138782,0.004221815858904412,cov_halflife=18
blend,mv,2011-11-30,2011-12-31,0.0062855014258259975,0.5062795258967039,False,1.0889157715280173,0.005779221899929294,0.00527294237403259,0.004766662848135886,cov_halflife=18
blend,mv,2011-12-31,2012-01-31,-0.01616563380848662,0.42246217982304196,False,1.0299906132127088,-0.01658809598830966,-0.017010558168132704,-0.017433020347955745,cov_halflife=18
blend,mv,2012-01-31,2012-02-29,0.0013186762223351856,0.4285521029471464,False,1.1067087920521907,0.0008901241193880391,0.00046157201644089275,3.3019913493746375e-05,cov_halflife=18
blend,mv,2012-02-29,2012-03-31,0.011311018534036286,0.4715443022620269,False,1.1746124435202152,0.01083947423177426,0.010367929929512232,0.009896385627250205,cov_halflife=18
blend,mv,2012-03-31,2012-04-30,0.006760196468952866,0.4871425557911223,False,1.0975673596198172,0.006273053913161743,0.005785911357370621,0.005298768801579499,cov_halflife=18
blend,mv,2012-04-30,2012-05-31,0.015040691689061065,0.40947271210393443,False,1.157292296102728,0.014631218976957131,0.014221746264853197,0.013812273552749261,cov_halflife=18
blend,mv,2012-05-31,2012-06-30,-0.015328596206999874,0.3647138334940808,False,1.2298106464804812,-0.015693310040493954,-0.016058023873988036,-0.016422737707482118,cov_halflife=18
blend,mv,2012-06-30,2012-07-31,0.027590195558987965,0.4307831439901993,False,1.1901146193075112,0.027159412414997766,0.026728629271007567,0.02629784612701737,cov_halflife=18
blend,mv,2012-07-31,2012-08-31,-0.01938574354814084,0.54120535902737,False,1.1729031018506275,-0.01992694890716821,-0.02046815426619558,-0.021009359625222948,cov_halflife=18
blend,mv,2012-08-31,2012-09-30,-0.007824958757569282,0.41446195396013646,False,1.0797699879935325,-0.008239420711529418,-0.008653882665489554,-0.00906834461944969,cov_halflife=18
blend,mv,2012-09-30,2012-10-31,-0.018582074048602865,0.47094944495531094,False,1.1357201015980916,-0.019053023493558176,-0.019523972938513486,-0.019994922383468797,cov_halflife=18
blend,mv,2012-10-31,2012-11-30,0.01120027572374906,0.5071675409583718,False,1.1679598369297883,0.010693108182790689,0.010185940641832316,0.009678773100873945,cov_halflife=18
blend,mv,2012-11-30,2012-12-31,-0.004253331399944043,0.4074326527517337,False,1.1703948499097638,-0.004660764052695777,-0.005068196705447511,-0.005475629358199244,cov_halflife=18
blend,mv,2012-12-31,2013-01-31,0.021665596064802117,0.49245991380603005,False,1.1700329937927236,0.021173136150996086,0.020680676237190058,0.020188216323384026,cov_halflife=18
blend,mv,2013-01-31,2013-02-28,0.011212229666856059,0.5435712116843571,False,1.1227243372227282,0.010668658455171702,0.010125087243487344,0.009581516031802987,cov_halflife=18
blend,mv,2013-02-28,2013-03-31,0.009253136062033693,0.5204239577795421,False,1.1051565089840587,0.00873271210425415,0.008212288146474608,0.007691864188695066,cov_halflife=18
blend,mv,2013-03-31,2013-04-30,0.018859611134933355,0.5219909542727212,False,1.065409096219441,0.018337620180660635,0.01781562922638791,0.01729363827211519,cov_halflife=18
blend,mv,2013-04-30,2013-05-31,-0.0055143383110414345,0.4312422841747563,False,1.130768426312649,-0.005945580595216191,-0.006376822879390947,-0.006808065163565703,cov_halflife=18
blend,mv,2013-05-31,2013-06-30,0.02025163034649436,0.4527645091381494,False,1.0881042870213902,0.01979886583735621,0.01934610132821806,0.01889333681907991,cov_halflife=18
blend,mv,2013-06-30,2013-07-31,0.010130598342275865,0.46810422213351144,False,1.1473059023671166,0.009662494120142353,0.009194389898008842,0.00872628567587533,cov_halflife=18
blend,mv,2013-07-31,2013-08-31,-0.0051253006140521175,0.4444837684493292,False,0.9996720788830867,-0.005569784382501447,-0.006014268150950776,-0.006458751919400105,cov_halflife=18
blend,mv,2013-08-31,2013-09-30,0.021706654762250147,0.41855142798116907,False,0.9750827670994825,0.02128810333426898,0.02086955190628781,0.02045100047830664,cov_halflife=18
blend,mv,2013-09-30,2013-10-31,0.005266120306310598,0.3960067398611304,False,1.0372000105925976,0.004870113566449468,0.004474106826588338,0.004078100086727207,cov_halflife=18
blend,mv,2013-10-31,2013-11-30,0.020364472216159297,0.3808121217935762,False,1.047975918958591,0.01998366009436572,0.019602847972572144,0.019222035850778568,cov_halflife=18
blend,mv,2013-11-30,2013-12-31,0.0042871762400088775,0.37497307959898046,False,1.0909737238292294,0.003912203160409897,0.0035372300808109167,0.003162257001211936,cov_halflife=18
blend,mv,2013-12-31,2014-01-31,0.0038980844159045764,0.40559602203560485,False,1.0873520400873393,0.0034924883938689715,0.0030868923718333665,0.0026812963497977616,cov_halflife=18
blend,mv,2014-01-31,2014-02-28,0.015564680037882098,0.519960794612453,False,1.2314876286455494,0.015044719243269644,0.014524758448657192,0.014004797654044738,cov_halflife=18
blend,mv,2014-02-28,2014-03-31,-0.010370288355118365,0.4944408181788836,False,1.1377626686268791,-0.010864729173297248,-0.011359169991476133,-0.011853610809655015,cov_halflife=18
blend,mv,2014-03-31,2014-04-30,-0.012042579704854972,0.3112090838772991,False,1.1282837744327159,-0.012353788788732271,-0.01266499787260957,-0.01297620695648687,cov_halflife=18
blend,mv,2014-04-30,2014-05-31,0.017280276753838582,0.4816605947062495,False,1.1144412378335928,0.016798616159132335,0.016316955564426083,0.015835294969719835,cov_halflife=18
blend,mv,2014-05-31,2014-06-30,-0.013057812915058453,0.5159737054488746,False,1.2057758586373981,-0.013573786620507327,-0.014089760325956203,-0.014605734031405077,cov_halflife=18
blend,mv,2014-06-30,2014-07-31,0.01539471583457719,0.5005333798051496,False,1.1825230632557528,0.01489418245477204,0.014393649074966892,0.013893115695161742,cov_halflife=18
blend,mv,2014-07-31,2014-08-31,-0.008508429572686955,0.566043714512891,False,1.2945023924137997,-0.009074473287199845,-0.009640517001712737,-0.010206560716225627,cov_halflife=18
blend,mv,2014-08-31,2014-09-30,0.020157841293008186,0.6168868902476152,False,1.315508249292999,0.01954095440276057,0.018924067512512955,0.01830718062226534,cov_halflife=18
blend,mv,2014-09-30,2014-10-31,0.01158152734621522,0.6557183989244645,False,1.6389679558739436,0.010925808947290755,0.01027009054836629,0.009614372149441826,cov_halflife=18
blend,mv,2014-10-31,2014-11-30,-0.011265745878165602,0.5823193221810485,False,1.4792038444935298,-0.01184806520034665,-0.012430384522527699,-0.013012703844708748,cov_halflife=18
blend,mv,2014-11-30,2014-12-31,0.000980215172931671,0.5678935414582416,False,1.4779773622310706,0.0004123216314734293,-0.0001555719099848123,-0.0007234654514430537,cov_halflife=18
blend,mv,2014-12-31,2015-01-31,-0.007717298907290505,0.5110567608881667,False,1.5299663815827609,-0.008228355668178672,-0.008739412429066838,-0.009250469189955006,cov_halflife=18
blend,mv,2015-01-31,2015-02-28,-0.00907978851733424,0.7339578157960733,False,1.3565016230763631,-0.009813746333130313,-0.010547704148926387,-0.01128166196472246,cov_halflife=18
blend,mv,2015-02-28,2015-03-31,0.020102791066769078,0.6462833447069178,False,1.3824804184608082,0.01945650772206216,0.01881022437735524,0.018163941032648324,cov_halflife=18
blend,mv,2015-03-31,2015-04-30,-0.03860948645780689,0.6227722085261971,False,1.4509814495516309,-0.039232258666333085,-0.03985503087485928,-0.04047780308338548,cov_halflife=18
blend,mv,2015-04-30,2015-05-31,0.029730679736029997,0.7541021461363404,False,1.2616005605243634,0.028976577589893658,0.028222475443757316,0.027468373297620974,cov_halflife=18
blend,mv,2015-05-31,2015-06-30,0.02734666729945886,0.6088152834574514,False,1.396912544650965,0.026737852016001408,0.026129036732543957,0.025520221449086503,cov_halflife=18
blend,mv,2015-06-30,2015-07-31,0.032210653730412236,0.5704325870656978,False,1.3597989741825378,0.03164022114334654,0.031069788556280842,0.030499355969215144,cov_halflife=18
blend,mv,2015-07-31,2015-08-31,-0.007456476147353561,0.682045954726044,False,1.4194779051114401,-0.008138522102079606,-0.00882056805680565,-0.009502614011531694,cov_halflife=18
blend,mv,2015-08-31,2015-09-30,0.00029616035038335884,0.5430154562197332,False,1.1982392915486404,-0.00024685510583637437,-0.0007898705620561076,-0.001332886018275841,cov_halflife=18
blend,mv,2015-09-30,2015-10-31,0.010774209929393442,0.6350947945710044,False,1.250274262188666,0.010139115134822439,0.009504020340251433,0.00886892554568043,cov_halflife=18
blend,mv,2015-10-31,2015-11-30,-0.0005808511768561743,0.6972348942082218,False,1.1852593897166106,-0.001278086071064396,-0.001975320965272618,-0.00267255585948084,cov_halflife=18
blend,mv,2015-11-30,2015-12-31,0.004130397067175914,0.7577392747460038,False,1.2669286040762984,0.00337265779242991,0.0026149185176839065,0.001857179242937903,cov_halflife=18
blend,mv,2015-12-31,2016-01-31,-0.0012975718454077121,0.6579854164686547,False,1.4375036696535926,-0.001955557261876367,-0.0026135426783450216,-0.003271528094813676,cov_halflife=18
blend,mv,2016-01-31,2016-02-29,-0.033903199543790154,0.7031245431627233,False,1.4853801738458294,-0.034606324086952876,-0.0353094486301156,-0.03601257317327832,cov_halflife=18
blend,mv,2016-02-29,2016-03-31,-0.009710066517646016,0.7637510145865627,False,1.5673520096907874,-0.010473817532232579,-0.011237568546819142,-0.012001319561405705,cov_halflife=18
blend,mv,2016-03-31,2016-04-30,-0.0036740312658512984,0.7056147976277591,False,1.4999042264572282,-0.004379646063479057,-0.005085260861106816,-0.0057908756587345765,cov_halflife=18
blend,mv,2016-04-30,2016-05-31,-0.006954834765152617,0.689532430078812,False,1.6723283710640708,-0.007644367195231429,-0.00833389962531024,-0.009023432055389052,cov_halflife=18
blend,mv,2016-05-31,2016-06-30,0.03197043118939098,0.6491457604887754,False,1.5592742486822246,0.03132128542890221,0.030672139668413433,0.030022993907924657,cov_halflife=18
blend,mv,2016-06-30,2016-07-31,0.0005978992856571527,0.6357571129502658,False,1.5297531708888255,-3.785782729311311e-05,-0.0006736149402433789,-0.0013093720531936449,cov_halflife=18
blend,mv,2016-07-31,2016-08-31,-0.0022499199900545136,0.6874533598241946,False,1.3200906934013563,-0.002937373349878708,-0.0036248267097029026,-0.0043122800695270976,cov_halflife=18
blend,mv,2016-08-31,2016-09-30,0.005122491500018002,0.6341686051169468,False,1.2692182778999168,0.004488322894901055,0.003854154289784108,0.0032199856846671614,cov_halflife=18
blend,mv,2016-09-30,2016-10-31,-0.0035353972064973097,0.5695829668783298,False,1.398999763528279,-0.00410498017337564,-0.0046745631402539695,-0.0052441461071322994,cov_halflife=18
blend,mv,2016-10-31,2016-11-30,-0.037602662011249545,0.6117649191825812,False,1.3441942689290056,-0.03821442693043212,-0.03882619184961471,-0.039437956768797286,cov_halflife=18
blend,mv,2016-11-30,2016-12-31,-0.001501629086589489,0.7412637440610281,False,1.3731783298216198,-0.002242892830650517,-0.0029841565747115452,-0.0037254203187725736,cov_halflife=18
blend,mv,2016-12-31,2017-01-31,0.014744639491001778,0.7138248174749764,False,1.3502947421682487,0.014030814673526801,0.013316989856051824,0.01260316503857685,cov_halflife=18
blend,mv,2017-01-31,2017-02-28,-0.007861648048108441,0.5176224258074601,False,1.3200062241420039,-0.0083792704739159,-0.008896892899723362,-0.009414515325530821,cov_halflife=18
blend,mv,2017-02-28,2017-03-31,-0.011283536584107053,0.578011225776446,False,1.4099490405274506,-0.011861547809883499,-0.012439559035659945,-0.01301757026143639,cov_halflife=18
blend,mv,2017-03-31,2017-04-30,0.01766036055487959,0.6415325065379537,False,1.5519832247589196,0.017018828048341636,0.016377295541803682,0.015735763035265728,cov_halflife=18
blend,mv,2017-04-30,2017-05-31,0.013744612815351737,0.9407733172917307,False,1.6076876831281155,0.012803839498060007,0.011863066180768276,0.010922292863476546,cov_halflife=18
blend,mv,2017-05-31,2017-06-30,-0.025809160660568525,0.8017150109027861,False,1.689149569570685,-0.02661087567147131,-0.027412590682374095,-0.028214305693276882,cov_halflife=18
blend,mv,2017-06-30,2017-07-31,0.005243583914472653,0.7559191963506731,False,1.500342658304067,0.00448766471812198,0.0037317455217713074,0.002975826325420634,cov_halflife=18
blend,mv,2017-07-31,2017-08-31,0.02090353524315832,0.6054795109435286,False,1.4049426723963898,0.02029805573221479,0.019692576221271265,0.019087096710327735,cov_halflife=18
blend,mv,2017-08-31,2017-09-30,-0.0023210445897100303,0.6846821672875172,False,1.59620480249189,-0.0030057267569975473,-0.0036904089242850648,-0.004375091091572582,cov_halflife=18
blend,mv,2017-09-30,2017-10-31,0.02809649062531579,0.7654829818739782,False,1.6199384126623233,0.02733100764344181,0.026565524661567835,0.025800041679693856,cov_halflife=18
blend,mv,2017-10-31,2017-11-30,-0.011421143636012975,0.7693519733071295,False,1.5391245547907269,-0.012190495609320104,-0.012959847582627235,-0.013729199555934364,cov_halflife=18
blend,mv,2017-11-30,2017-12-31,-0.01699845836545235,0.8857889600184968,False,1.5374018482770961,-0.017884247325470847,-0.018770036285489344,-0.01965582524550784,cov_halflife=18
blend,mv,2017-12-31,2018-01-31,0.025756426853553317,0.8015412828637247,False,1.54780179576633,0.024954885570689592,0.024153344287825868,0.023351803004962143,cov_halflife=18
blend,mv,2018-01-31,2018-02-28,0.006601878613511192,0.6539313154678744,False,1.7121022568024806,0.005947947298043318,0.005294015982575443,0.004640084667107568,cov_halflife=18
blend,mv,2018-02-28,2018-03-31,0.011742488287175168,0.7652322009146583,False,1.659887573439549,0.01097725608626051,0.010212023885345851,0.009446791684431194,cov_halflife=18
blend,mv,2018-03-31,2018-04-30,-0.012058529459170055,0.5497735991969495,False,1.638341260752449,-0.012608303058367003,-0.013158076657563954,-0.013707850256760903,cov_halflife=18
blend,mv,2018-04-30,2018-05-31,0.01880568787123587,0.6222665332032211,False,1.5470462830779512,0.01818342133803265,0.017561154804829428,0.016938888271626207,cov_halflife=18
blend,mv,2018-05-31,2018-06-30,-0.006046844846856248,0.724781791981393,False,1.4923026535762312,-0.006771626638837642,-0.0074964084308190345,-0.008221190222800427,cov_halflife=18
blend,mv,2018-06-30,2018-07-31,-0.020114019167580658,0.5600161213986372,False,1.3940243994209023,-0.020674035288979296,-0.021234051410377933,-0.02179406753177657,cov_halflife=18
blend,mv,2018-07-31,2018-08-31,0.02463349928189353,0.6910496111480064,False,1.5414544607933935,0.023942449670745523,0.023251400059597516,0.02256035044844951,cov_halflife=18
blend,mv,2018-08-31,2018-09-30,0.011491046372286621,0.6870690454775619,False,1.5283820303055868,0.01080397732680906,0.010116908281331497,0.009429839235853936,cov_halflife=18
blend,mv,2018-09-30,2018-10-31,-0.034344065362858514,0.5929759751278424,False,1.5714938346206715,-0.034937041337986356,-0.0355300173131142,-0.03612299328824204,cov_halflife=18
blend,mv,2018-10-31,2018-11-30,-0.018239353484670384,0.8018912451168388,False,1.4959489417877192,-0.019041244729787223,-0.01984313597490406,-0.0206450272200209,cov_halflife=18
blend,mv,2018-11-30,2018-12-31,0.004912715731051907,0.7110396261856244,False,1.6324238585109108,0.004201676104866283,0.0034906364786806586,0.002779596852495034,cov_halflife=18
blend,mv,2018-12-31,2019-01-31,-0.010880651221452878,0.6284202142242381,False,1.6314124862592019,-0.011509071435677117,-0.012137491649901355,-0.012765911864125594,cov_halflife=18
blend,mv,2019-01-31,2019-02-28,0.015612971951791645,0.77216154338697,False,1.6174476373811955,0.014840810408404676,0.014068648865017705,0.013296487321630735,cov_halflife=18
blend,mv,2019-02-28,2019-03-31,-0.00033511668640137714,0.5930538207805629,False,1.6873083313215242,-0.0009281705071819401,-0.001521224327962503,-0.002114278148743066,cov_halflife=18
blend,mv,2019-03-31,2019-04-30,-0.003862858972785634,0.6242029422687929,False,1.626044601529484,-0.004487061915054427,-0.00511126485732322,-0.0057354677995920126,cov_halflife=18
blend,mv,2019-04-30,2019-05-31,0.005575149813316737,0.7823947921689245,False,1.459922099614846,0.004792755021147812,0.004010360228978887,0.003227965436809963,cov_halflife=18
blend,mv,2019-05-31,2019-06-30,-0.025821131666656786,0.6099436695177171,False,1.3704795872751658,-0.026431075336174503,-0.02704101900569222,-0.027650962675209938,cov_halflife=18
blend,mv,2019-06-30,2019-07-31,0.027962846945750106,0.8832271157050072,False,1.3758757166766693,0.027079619830045098,0.026196392714340093,0.025313165598635085,cov_halflife=18
blend,mv,2019-07-31,2019-08-31,0.032964507060240934,0.608437956085149,False,1.5423917443043451,0.03235606910415578,0.03174763114807064,0.03113919319198549,cov_halflife=18
blend,mv,2019-08-31,2019-09-30,-0.006476556858158656,0.696610276642523,False,1.4011300175582224,-0.007173167134801178,-0.007869777411443702,-0.008566387688086225,cov_halflife=18
blend,mv,2019-09-30,2019-10-31,7.263492607881362e-05,0.5858186351601656,False,1.2799053086358971,-0.0005131837090813521,-0.0010990023442415176,-0.0016848209794016833,cov_halflife=18
blend,mv,2019-10-31,2019-11-30,0.00963423433012031,0.6776942656796456,False,1.5322055421790832,0.008956540064440664,0.008278845798761019,0.007601151533081373,cov_halflife=18
blend,mv,2019-11-30,2019-12-31,-0.008899503879944615,0.6790873615695816,False,1.6470229530996852,-0.009578591241514197,-0.010257678603083778,-0.01093676596465336,cov_halflife=18
blend,mv,2019-12-31,2020-01-31,0.023917205156245416,0.7437660288665723,False,1.4554155998564777,0.023173439127378844,0.022429673098512272,0.0216859070696457,cov_halflife=18
blend,mv,2020-01-31,2020-02-29,-0.006572956509381935,0.6629651158786454,False,1.5292025708921475,-0.0072359216252605805,-0.007898886741139225,-0.00856185185701787,cov_halflife=18
blend,mv,2020-02-29,2020-03-31,0.04468694085324103,0.7182726773540025,False,1.1437250545433357,0.04396866817588702,0.043250395498533024,0.04253212282117902,cov_halflife=18
blend,mv,2020-03-31,2020-04-30,0.029985220638786378,0.5797831726690253,False,1.2355684161852885,0.029405437466117353,0.028825654293448327,0.028245871120779302,cov_halflife=18
blend,mv,2020-04-30,2020-05-31,0.0021510856700619353,0.8302016819527681,False,0.7832606858267137,0.001320883988109167,0.0004906823061563989,-0.0003395193757963692,cov_halflife=18
blend,mv,2020-05-31,2020-06-30,0.01354229893546524,0.4574680859749218,False,0.9129587990921971,0.013084830849490317,0.012627362763515396,0.012169894677540474,cov_halflife=18
blend,mv,2020-06-30,2020-07-31,0.02190558005014816,0.3120047940901909,False,0.9610794140906002,0.02159357525605797,0.02128157046196778,0.02096956566787759,cov_halflife=18
blend,mv,2020-07-31,2020-08-31,0.03742973739510459,0.32503234636239975,False,0.9875601084263519,0.03710470504874219,0.03677967270237979,0.03645464035601739,cov_halflife=18
blend,mv,2020-08-31,2020-09-30,-0.010525705582233393,0.35956440974644116,False,0.929109595529184,-0.010885269991979835,-0.011244834401726276,-0.011604398811472717,cov_halflife=18
blend,mv,2020-09-30,2020-10-31,-0.013124121652839816,0.2822621855773506,False,0.8777344398686132,-0.013406383838417166,-0.013688646023994517,-0.013970908209571867,cov_halflife=18
blend,mv,2020-10-31,2020-11-30,-0.02187026705631304,0.3370570572862877,False,0.893991524420025,-0.02220732411359933,-0.022544381170885617,-0.022881438228171902,cov_halflife=18
blend,mv,2020-11-30,2020-12-31,0.012668541696983887,0.49398914784093395,False,0.8379108989954054,0.012174552549142953,0.011680563401302019,0.011186574253461085,cov_halflife=18
blend,mv,2020-12-31,2021-01-31,0.017677776622562567,0.37691812229645866,False,1.0009281140483035,0.01730085850026611,0.01692394037796965,0.016547022255673192,cov_halflife=18
blend,mv,2021-01-31,2021-02-28,-0.026296368069809953,0.3812754065367327,False,0.9734662089410323,-0.026677643476346685,-0.02705891888288342,-0.027440194289420152,cov_halflife=18
blend,mv,2021-02-28,2021-03-31,-0.03373027642351862,0.3991377519508124,False,0.8332107852203231,-0.034129414175469434,-0.03452855192742024,-0.03492768967937106,cov_halflife=18
blend,mv,2021-03-31,2021-04-30,0.008706859873793592,0.6669292407070266,False,0.6842263130376007,0.008039930633086565,0.007373001392379539,0.006706072151672512,cov_halflife=18
blend,mv,2021-04-30,2021-05-31,-0.01271713758695469,0.27789714694410245,False,0.7030292636976028,-0.012995034733898791,-0.013272931880842895,-0.013550829027786997,cov_halflife=18
blend,mv,2021-05-31,2021-06-30,-0.005184937187507445,0.3063652926739887,False,0.7435677471850198,-0.005491302480181434,-0.005797667772855422,-0.006104033065529411,cov_halflife=18
blend,mv,2021-06-30,2021-07-31,0.013242272135723621,0.2569404345509147,False,0.7824425094343558,0.012985331701172706,0.012728391266621791,0.012471450832070876,cov_halflife=18
blend,mv,2021-07-31,2021-08-31,0.007799541402590583,0.3851255731450723,False,0.7942291330110568,0.007414415829445511,0.007029290256300439,0.006644164683155367,cov_halflife=18
blend,mv,2021-08-31,2021-09-30,-0.013171474351022202,0.5108082595860596,False,0.857216670532656,-0.01368228261060826,-0.014193090870194321,-0.01470389912978038,cov_halflife=18
blend,mv,2021-09-30,2021-10-31,0.007521082544578475,0.4083658437135607,False,0.8520888382901934,0.0071127167008649145,0.006704350857151354,0.006295985013437793,cov_halflife=18
blend,mv,2021-10-31,2021-11-30,-0.001982295190800585,0.43601832836191456,False,0.9281636969152277,-0.0024183135191625,-0.0028543318475244142,-0.003290350175886329,cov_halflife=18
blend,mv,2021-11-30,2021-12-31,-0.0007336780302592994,0.4261268242248908,False,1.0023888859740615,-0.0011598048544841902,-0.001585931678709081,-0.002012058502933972,cov_halflife=18
blend,mv,2021-12-31,2022-01-31,0.006232715129281577,0.4269376360594219,False,0.9862887076719268,0.005805777493222156,0.005378839857162734,0.004951902221103312,cov_halflife=18
blend,mv,2022-01-31,2022-02-28,0.010898279928143772,0.5119302893960068,False,1.0573042546673221,0.010386349638747766,0.009874419349351758,0.009362489059955752,cov_halflife=18
blend,mv,2022-02-28,2022-03-31,0.026870816560002897,0.5648831368111563,False,1.094596181562806,0.026305933423191742,0.025741050286380584,0.02517616714956943,cov_halflife=18
blend,mv,2022-03-31,2022-04-30,0.013722195257362289,0.5297375717401775,False,0.9718587741195764,0.013192457685622112,0.012662720113881934,0.012132982542141756,cov_halflife=18
blend,mv,2022-04-30,2022-05-31,0.0037335344537057463,0.2975256673799961,False,0.769274052721204,0.00343600878632575,0.0031384831189457544,0.002840957451565758,cov_halflife=18
blend,mv,2022-05-31,2022-06-30,0.0013379804004554155,0.319531977756512,False,0.8751447942407942,0.0010184484226989036,0.0006989164449423915,0.00037938446718587947,cov_halflife=18
blend,mv,2022-06-30,2022-07-31,0.005941389054107944,0.24059634183166856,False,0.8184189839609378,0.005700792712276275,0.005460196370444607,0.005219600028612938,cov_halflife=18
blend,mv,2022-07-31,2022-08-31,0.023193519234976045,0.3629874993764457,False,0.8342799514502646,0.0228305317355996,0.022467544236223155,0.022104556736846706,cov_halflife=18
blend,mv,2022-08-31,2022-09-30,0.005999345180709364,0.25206961586379206,False,0.8629176504573123,0.005747275564845572,0.00549520594898178,0.005243136333117988,cov_halflife=18
blend,mv,2022-09-30,2022-10-31,0.010427044457050769,0.21813489214166715,False,0.8661083960909443,0.0102089095649091,0.009990774672767435,0.009772639780625767,cov_halflife=18
blend,mv,2022-10-31,2022-11-30,-0.01687711448529865,0.3496651846594456,False,0.8693993272396088,-0.017226779669958097,-0.017576444854617543,-0.017926110039276986,cov_halflife=18
blend,mv,2022-11-30,2022-12-31,0.0012771936071122522,0.3153046779902142,False,0.7481432504503331,0.0009618889291220379,0.0006465842511318237,0.00033127957314160955,cov_halflife=18
blend,mv,2022-12-31,2023-01-31,-0.031905077336246986,0.22895189723619944,False,0.7877767255383468,-0.032134029233483186,-0.032362981130719386,-0.032591933027955586,cov_halflife=18
blend,mv,2023-01-31,2023-02-28,0.006037409957360068,0.3731856657909854,False,0.8634518822456797,0.005664224291569082,0.0052910386257780965,0.004917852959987111,cov_halflife=18
blend,mv,2023-02-28,2023-03-31,-0.0061113743878329204,0.35009723154320854,False,0.9167958487099863,-0.006461471619376129,-0.006811568850919337,-0.007161666082462546,cov_halflife=18
blend,mv,2023-03-31,2023-04-30,0.010529623917371264,0.49912146703231597,False,0.9572748554725916,0.010030502450338949,0.009531380983306633,0.009032259516274316,cov_halflife=18
blend,mv,2023-04-30,2023-05-31,0.02456036902715912,0.5765682539964011,False,1.0872076278541634,0.02398380077316272,0.023407232519166318,0.022830664265169918,cov_halflife=18
blend,mv,2023-05-31,2023-06-30,-0.0018504204665598673,0.5712694715403398,False,0.9803927574819608,-0.002421689938100207,-0.002992959409640547,-0.003564228881180887,cov_halflife=18
blend,mv,2023-06-30,2023-07-31,-0.007125091493494495,0.5791276966051133,False,0.9558759046614754,-0.007704219190099609,-0.008283346886704722,-0.008862474583309835,cov_halflife=18
blend,mv,2023-07-31,2023-08-31,0.0019781945503841696,0.50225315074511,False,1.1848779248802905,0.0014759413996390596,0.0009736882488939496,0.0004714350981488396,cov_halflife=18
blend,mv,2023-08-31,2023-09-30,-0.008253827956973731,0.49140849235445166,False,1.1313318474282055,-0.008745236449328182,-0.009236644941682635,-0.009728053434037086,cov_halflife=18
blend,mv,2023-09-30,2023-10-31,0.0155610524974701,0.5082883275169066,False,1.113590671705764,0.015052764169953194,0.014544475842436287,0.01403618751491938,cov_halflife=18
blend,mv,2023-10-31,2023-11-30,0.023024924234937343,0.518143331281692,False,1.1256316470718195,0.02250678090365565,0.02198863757237396,0.021470494241092267,cov_halflife=18
blend,mv,2023-11-30,2023-12-31,-0.010123715452010433,0.657060660010149,False,1.269247180985684,-0.010780776112020581,-0.01143783677203073,-0.012094897432040879,cov_halflife=18
blend,mv,2023-12-31,2024-01-31,0.02089136424737745,0.6580261030785493,False,0.9210771806694346,0.020233338144298903,0.01957531204122035,0.018917285938141803,cov_halflife=18
blend,mv,2024-01-31,2024-02-29,0.007626994852531484,0.49516709582005214,False,1.0203802787364271,0.0071318277567114325,0.006636660660891381,0.006141493565071328,cov_halflife=18
blend,mv,2024-02-29,2024-03-31,-0.012256809934789566,0.39496816576538607,False,1.0271320174137846,-0.012651778100554952,-0.013046746266320337,-0.013441714432085724,cov_halflife=18
blend,mv,2024-03-31,2024-04-30,-0.015284950416904112,0.4208098081705778,False,1.0679004684820446,-0.01570576022507469,-0.016126570033245267,-0.016547379841415844,cov_halflife=18
blend,mv,2024-04-30,2024-05-31,0.015438543818655405,0.4861077534716961,False,1.1537652370701714,0.014952436065183709,0.014466328311712013,0.013980220558240317,cov_halflife=18
blend,mv,2024-05-31,2024-06-30,0.0004215814340316593,0.531401758052375,False,1.1654429262139605,-0.00010982032402071575,-0.0006412220820730908,-0.0011726238401254657,cov_halflife=18
blend,mv,2024-06-30,2024-07-31,-0.008846044773977827,0.4064107723386379,False,1.1728156918366064,-0.009252455546316466,-0.009658866318655103,-0.010065277090993741,cov_halflife=18
blend,mv,2024-07-31,2024-08-31,-0.0023320411451427754,0.4869913351818496,False,1.2443175788731515,-0.002819032480324625,-0.003306023815506475,-0.003793015150688324,cov_halflife=18
blend,mv,2024-08-31,2024-09-30,-0.0024360075063970003,0.6190583360913883,False,1.3511209923946632,-0.0030550658424883886,-0.003674124178579777,-0.0042931825146711655,cov_halflife=18
blend,mv,2024-09-30,2024-10-31,0.0005160220757788398,0.49013250517716006,False,1.18231835764898,2.5889570601679698e-05,-0.0004642429345754804,-0.0009543754397526404,cov_halflife=18
blend,mv,2024-10-31,2024-11-30,0.00756269030925376,0.5917812387578837,False,1.1636003599721898,0.0069709090704958765,0.006379127831737993,0.005787346592980109,cov_halflife=18
blend,mv,2024-11-30,2024-12-31,-0.006527958662577243,0.605412253144007,False,1.2433113336817914,-0.00713337091572125,-0.007738783168865257,-0.008344195422009263,cov_halflife=18
blend,mv,2024-12-31,2025-01-31,0.014098705875513061,0.6188054206772841,False,1.3318068159231966,0.013479900454835776,0.012861095034158493,0.012242289613481208,cov_halflife=18
blend,mv,2025-01-31,2025-02-28,-0.0015685247716337239,0.6019297096282046,False,1.1286508512496345,-0.0021704544812619284,-0.002772384190890133,-0.0033743139005183377,cov_halflife=18
blend,mv,2025-02-28,2025-03-31,0.012090460305277658,0.5111354924960583,False,1.1601107075970407,0.0115793248127816,0.011068189320285542,0.010557053827789483,cov_halflife=18
blend,mv,2025-03-31,2025-04-30,0.026326034138751966,0.4636786065257311,False,1.165068712758239,0.025862355532226235,0.025398676925700504,0.024934998319174773,cov_halflife=18
blend,mv,2025-04-30,2025-05-31,0.012449629665987123,0.5587675389496832,False,1.323239592940275,0.01189086212703744,0.011332094588087756,0.010773327049138073,cov_halflife=18
blend,mv,2025-05-31,2025-06-30,-0.006841174429398663,0.5046871623325985,False,1.183234115714599,-0.007345861591731262,-0.007850548754063859,-0.008355235916396458,cov_halflife=18
blend,mv,2025-06-30,2025-07-31,-0.023589587836831433,0.6476734816203327,False,1.1408417235470127,-0.024237261318451764,-0.024884934800072096,-0.02553260828169243,cov_halflife=18
blend,mv,2025-07-31,2025-08-31,-0.011905119090696296,0.5056428070148308,False,1.1841193796299618,-0.012410761897711127,-0.012916404704725958,-0.013422047511740788,cov_halflife=18
blend,mv,2025-08-31,2025-09-30,0.021289714078892356,0.4972652613827272,False,1.296921697158122,0.020792448817509628,0.020295183556126903,0.019797918294744175,cov_halflife=18
blend,mv,2025-09-30,2025-10-31,0.0026053778495980636,0.48186012331599576,False,1.259802792111178,0.002123517726282068,0.001641657602966072,0.0011597974796500763,cov_halflife=18
blend,mv,2025-10-31,2025-11-30,-0.0006232740406931576,0.547080627004995,False,1.1340612012977904,-0.0011703546676981526,-0.0017174352947031475,-0.002264515921708143,cov_halflife=18
blend,mv,2025-11-30,2025-12-31,0.003024501838493848,0.4862802397175281,False,1.1337511798163153,0.0025382215987763196,0.0020519413590587916,0.0015656611193412635,cov_halflife=18
blend,mv,2025-12-31,2026-01-31,0.013167382292614912,0.5768804216063921,False,1.2007511226143106,0.01259050187100852,0.012013621449402127,0.011436741027795735,cov_halflife=18
blend,mv,1995-01-31,1995-02-28,0.01199635639270865,1.4480894449799913,True,1.4480894449799913,0.010548266947728658,0.009100177502748667,0.007652088057768676,cov_halflife=60
blend,mv,1995-02-28,1995-03-31,-0.0015808044661000786,0.8185387905107167,False,1.3767309126372285,-0.002399343256610795,-0.0032178820471215116,-0.004036420837632228,cov_halflife=60
blend,mv,1995-03-31,1995-04-30,0.02727213448047179,0.6315787134339143,False,1.4117098968377584,0.026640555767037877,0.02600897705360396,0.025377398340170047,cov_halflife=60
blend,mv,1995-04-30,1995-05-31,-0.0004206604718977841,0.702911492971283,False,1.5348670638466426,-0.001123571964869067,-0.00182648345784035,-0.002529394950811633,cov_halflife=60
blend,mv,1995-05-31,1995-06-30,0.016302558643347585,0.8183000355059976,False,1.5389212759553925,0.015484258607841587,0.01466595857233559,0.013847658536829592,cov_halflife=60
blend,mv,1995-06-30,1995-07-31,0.0012425136420924283,0.5674123826083179,False,1.5498049736610973,0.0006751012594841103,0.00010768887687579234,-0.0004597235057325255,cov_halflife=60
blend,mv,1995-07-31,1995-08-31,-0.002300003060829809,0.6494060139767095,False,1.4072785606007971,-0.0029494090748065187,-0.003598815088783228,-0.004248221102759938,cov_halflife=60
blend,mv,1995-08-31,1995-09-30,0.019569419734809905,0.6240738517875603,False,1.4423781270914078,0.018945345883022345,0.018321272031234785,0.017697198179447225,cov_halflife=60
blend,mv,1995-09-30,1995-10-31,0.03413025475746459,0.5535343479697094,False,1.4105401475009347,0.03357672040949488,0.03302318606152517,0.03246965171355546,cov_halflife=60
blend,mv,1995-10-31,1995-11-30,-0.0246993082867909,0.718836551036381,False,1.4648847380569257,-0.02541814483782728,-0.02613698138886366,-0.026855817939900044,cov_halflife=60
blend,mv,1995-11-30,1995-12-31,-0.002001326077897772,0.5656475349255823,False,1.3755700830310698,-0.0025669736128233543,-0.0031326211477489367,-0.0036982686826745187,cov_halflife=60
blend,mv,1995-12-31,1996-01-31,0.003668686900926834,0.6805670499770744,False,1.5546279024045304,0.0029881198509497595,0.002307552800972685,0.0016269857509956108,cov_halflife=60
blend,mv,1996-01-31,1996-02-29,0.003924109598353507,0.6493909483828677,False,1.5374493791800004,0.003274718649970639,0.0026253277015877716,0.0019759367532049036,cov_halflife=60
blend,mv,1996-02-29,1996-03-31,-0.023092895326712666,0.6643571963837933,False,1.5466340430356358,-0.023757252523096458,-0.024421609719480254,-0.025085966915864046,cov_halflife=60
blend,mv,1996-03-31,1996-04-30,-0.008496588049405384,0.6069423849200724,False,1.6085726219515164,-0.009103530434325456,-0.009710472819245529,-0.010317415204165601,cov_halflife=60
blend,mv,1996-04-30,1996-05-31,-0.0012251615750664881,0.8207693848747131,False,1.60332369046119,-0.0020459309599412012,-0.0028667003448159143,-0.0036874697296906274,cov_halflife=60
blend,mv,1996-05-31,1996-06-30,-0.004051045971038768,0.8979443361994855,False,1.6618391930275582,-0.004948990307238253,-0.0058469346434377395,-0.006744878979637225,cov_halflife=60
blend,mv,1996-06-30,1996-07-31,0.010965011258322294,0.7994797560957407,False,1.793798690756413,0.010165531502226554,0.009366051746130814,0.008566571990035072,cov_halflife=60
blend,mv,1996-07-31,1996-08-31,0.0037674729266229906,0.7604606958853026,False,1.6403346360376656,0.003007012230737688,0.0022465515348523853,0.0014860908389670827,cov_halflife=60
blend,mv,1996-08-31,1996-09-30,0.006680676063419039,0.7426900501882462,False,1.6708304228907604,0.0059379860132307925,0.005195295963042547,0.004452605912854301,cov_halflife=60
blend,mv,1996-09-30,1996-10-31,0.006334108412063105,0.9631997854290282,False,1.711595035032593,0.005370908626634077,0.004407708841205048,0.00344450905577602,cov_halflife=60
blend,mv,1996-10-31,1996-11-30,-0.010991744689189705,0.9318391326546536,False,1.7672635038300901,-0.011923583821844358,-0.012855422954499013,-0.013787262087153666,cov_halflife=60
blend,mv,1996-11-30,1996-12-31,0.0042846703727412155,0.9009331308961571,False,1.6962130711694081,0.0033837372418450582,0.002482804110948901,0.0015818709800527442,cov_halflife=60
blend,mv,1996-12-31,1997-01-31,0.025086255984600483,0.9088239490608145,False,1.722010045736026,0.024177432035539667,0.023268608086478855,0.02235978413741804,cov_halflife=60
blend,mv,1997-01-31,1997-02-28,-0.020334622236366628,0.881377438569699,False,1.5410605081849078,-0.02121599967493633,-0.022097377113506025,-0.022978754552075726,cov_halflife=60
blend,mv,1997-02-28,1997-03-31,0.013081194835349058,0.7830758573730735,False,1.4739802848366899,0.012298118977975985,0.01151504312060291,0.010731967263229837,cov_halflife=60
blend,mv,1997-03-31,1997-04-30,0.014744965285531582,0.84824208853103,False,1.6252492815979196,0.013896723197000551,0.013048481108469522,0.012200239019938492,cov_halflife=60
blend,mv,1997-04-30,1997-05-31,-0.0018894379769089451,0.8382373426381738,False,1.5820018352207406,-0.002727675319547119,-0.003565912662185293,-0.004404150004823467,cov_halflife=60
blend,mv,1997-05-31,1997-06-30,0.012257652175719601,0.8010742403656524,False,1.5443983220797253,0.01145657793535395,0.010655503694988296,0.009854429454622643,cov_halflife=60
blend,mv,1997-06-30,1997-07-31,0.054185171974966126,0.7511571989842384,False,1.5738596681709416,0.053434014775981885,0.05268285757699765,0.05193170037801341,cov_halflife=60
blend,mv,1997-07-31,1997-08-31,-0.027853268723592707,0.7494203822428054,False,1.5116689876408584,-0.02860268910583551,-0.02935210948807832,-0.030101529870321123,cov_halflife=60
blend,mv,1997-08-31,1997-09-30,-0.00044835505056318103,0.8047205377149946,False,1.3636503258606132,-0.0012530755882781757,-0.0020577961259931705,-0.0028625166637081647,cov_halflife=60
blend,mv,1997-09-30,1997-10-31,0.014644695371250805,0.7824651748000917,False,1.5620668314410218,0.013862230196450713,0.013079765021650622,0.01229729984685053,cov_halflife=60
blend,mv,1997-10-31,1997-11-30,0.0005897274201317342,0.9079334986364435,False,1.6312608833122408,-0.00031820607850470927,-0.0012261395771411528,-0.0021340730757775962,cov_halflife=60
blend,mv,1997-11-30,1997-12-31,0.012048043088030074,0.8580667178188395,False,1.4618549905859801,0.011189976370211234,0.010331909652392396,0.009473842934573555,cov_halflife=60
blend,mv,1997-12-31,1998-01-31,0.008301077222785736,1.0200982968816297,False,1.5249611613134588,0.007280978925904107,0.006260880629022477,0.005240782332140847,cov_halflife=60
blend,mv,1998-01-31,1998-02-28,-0.007626698630320283,0.8725165290905066,False,1.3869295316648822,-0.00849921515941079,-0.009371731688501297,-0.010244248217591803,cov_halflife=60
blend,mv,1998-02-28,1998-03-31,0.0012103729729575617,0.9706443835033424,False,1.4172998473270066,0.0002397285894542193,-0.0007309157940491231,-0.0017015601775524653,cov_halflife=60
blend,mv,1998-03-31,1998-04-30,-0.01554342720412276,0.8448924706655846,False,1.515216409273268,-0.016388319674788345,-0.01723321214545393,-0.018078104616119514,cov_halflife=60
blend,mv,1998-04-30,1998-05-31,0.022343362597445657,0.6656096295742951,False,1.546817030324037,0.02167775296787136,0.021012143338297068,0.02034653370872277,cov_halflife=60
blend,mv,1998-05-31,1998-06-30,0.051208219661463765,0.6803367094493847,False,1.527466081319301,0.05052788295201438,0.049847546242564995,0.04916720953311561,cov_halflife=60
blend,mv,1998-06-30,1998-07-31,0.02395453355273631,0.7523632685386972,False,1.426537579710302,0.023202170284197614,0.022449807015658917,0.02169744374712022,cov_halflife=60
blend,mv,1998-07-31,1998-08-31,0.018439857466775823,0.6121060575714448,False,1.3112504830308807,0.017827751409204378,0.017215645351632933,0.016603539294061487,cov_halflife=60
blend,mv,1998-08-31,1998-09-30,-0.03528017169494979,0.5357924547487363,False,1.314300503751635,-0.03581596414969853,-0.03635175660444726,-0.036887549059196,cov_halflife=60
blend,mv,1998-09-30,1998-10-31,-0.02304716214840488,0.8239083775498891,False,1.2684368258878589,-0.02387107052595477,-0.02469497890350466,-0.025518887281054548,cov_halflife=60
blend,mv,1998-10-31,1998-11-30,0.010075287851505275,0.56335419112089,False,1.3909953316642731,0.009511933660384385,0.008948579469263494,0.008385225278142604,cov_halflife=60
blend,mv,1998-11-30,1998-12-31,0.052377031864169823,0.6094128594789444,False,1.4405390452659828,0.05176761900469088,0.05115820614521194,0.05054879328573299,cov_halflife=60
blend,mv,1998-12-31,1999-01-31,0.051191128291279586,0.5987449062824926,False,1.3121356293761735,0.050592383384997094,0.0499936384787146,0.04939489357243211,cov_halflife=60
blend,mv,1999-01-31,1999-02-28,-0.01080745852617738,0.615850963258186,False,1.21697781664609,-0.011423309489435566,-0.012039160452693752,-0.012655011415951939,cov_halflife=60
blend,mv,1999-02-28,1999-03-31,0.01684603974275477,0.5988020713604857,False,1.145333391757601,0.016247237671394285,0.0156484356000338,0.015049633528673313,cov_halflife=60
blend,mv,1999-03-31,1999-04-30,-0.056344077738981986,0.5047999086744855,False,1.2264110394361298,-0.05684887764765647,-0.05735367755633096,-0.05785847746500544,cov_halflife=60
blend,mv,1999-04-30,1999-05-31,-0.006667799945129993,0.6711683682234106,False,1.224616361532728,-0.0073389683133534035,-0.008010136681576813,-0.008681305049800225,cov_halflife=60
blend,mv,1999-05-31,1999-06-30,0.03233372270204634,0.6622917829555106,False,1.3293390309937856,0.03167143091909083,0.03100913913613532,0.030346847353179808,cov_halflife=60
blend,mv,1999-06-30,1999-07-31,0.016267271343326797,0.6019519321391464,False,1.3792864034290526,0.01566531941118765,0.015063367479048505,0.014461415546909358,cov_halflife=60
blend,mv,1999-07-31,1999-08-31,0.010081975167627993,0.6198634068527892,False,1.3769446296021588,0.009462111760775204,0.008842248353922414,0.008222384947069625,cov_halflife=60
blend,mv,1999-08-31,1999-09-30,0.02866456371037403,0.6127639681107445,False,1.2987725722701444,0.028051799742263288,0.02743903577415254,0.026826271806041798,cov_halflife=60
blend,mv,1999-09-30,1999-10-31,0.03806831505367464,0.5464978108502043,False,1.2568326511945227,0.03752181724282443,0.036975319431974234,0.03642882162112403,cov_halflife=60
blend,mv,1999-10-31,1999-11-30,0.024460409907584447,0.716627272989922,False,1.2366893945569062,0.023743782634594524,0.023027155361604604,0.02231052808861468,cov_halflife=60
blend,mv,1999-11-30,1999-12-31,0.04995685402122079,0.5320460892183732,False,1.153671963180809,0.04942480793200242,0.048892761842784044,0.048360715753565674,cov_halflife=60
blend,mv,1999-12-31,2000-01-31,-0.01003099193720214,0.5862757942275293,False,1.1869452905124755,-0.01061726773142967,-0.011203543525657198,-0.011789819319884728,cov_halflife=60
blend,mv,2000-01-31,2000-02-29,0.059602853778773675,0.591511616177821,False,1.2491905479101442,0.059011342162595855,0.058419830546418035,0.057828318930240215,cov_halflife=60
blend,mv,2000-02-29,2000-03-31,-0.0017785771492195178,0.5549506068304411,False,1.146752924184092,-0.002333527756049959,-0.0028884783628804,-0.0034434289697108413,cov_halflife=60
blend,mv,2000-03-31,2000-04-30,-0.03598844221426575,0.637739100431321,False,1.0698731756592772,-0.036626181314697075,-0.037263920415128396,-0.03790165951555972,cov_halflife=60
blend,mv,2000-04-30,2000-05-31,-0.022568026433853486,0.5790984041916468,False,0.9672435765265232,-0.02314712483804513,-0.02372622324223678,-0.024305321646428426,cov_halflife=60
blend,mv,2000-05-31,2000-06-30,0.04031326933461196,0.5551607607767195,False,1.1706018946298442,0.039758108573835244,0.039202947813058525,0.03864778705228181,cov_halflife=60
blend,mv,2000-06-30,2000-07-31,-0.014148008304768736,0.46030217754235997,False,1.2501814049171736,-0.014608310482311097,-0.015068612659853457,-0.015528914837395817,cov_halflife=60
blend,mv,2000-07-31,2000-08-31,0.039628794437521125,0.5077094835927203,False,1.2148700985497087,0.0391210849539284,0.038613375470335685,0.03810566598674296,cov_halflife=60
blend,mv,2000-08-31,2000-09-30,-0.00230904862607034,0.6044306233296463,False,1.2122853134490563,-0.002913479249399986,-0.003517909872729632,-0.004122340496059279,cov_halflife=60
blend,mv,2000-09-30,2000-10-31,-0.022535649030670263,0.4930873857320323,False,1.2418913911699743,-0.023028736416402296,-0.02352182380213433,-0.02401491118786636,cov_halflife=60
blend,mv,2000-10-31,2000-11-30,-0.02632186370966672,0.47520806326209947,False,1.2407060924014104,-0.026797071772928817,-0.02727227983619092,-0.027747487899453017,cov_halflife=60
blend,mv,2000-11-30,2000-12-31,0.004141216133368303,0.5318096707250493,False,1.2383430427680306,0.003609406462643254,0.0030775967919182048,0.002545787121193155,cov_halflife=60
blend,mv,2000-12-31,2001-01-31,-0.07036873699528742,0.5843200088932008,False,1.2289081039798397,-0.07095305700418063,-0.07153737701307382,-0.07212169702196702,cov_halflife=60
blend,mv,2001-01-31,2001-02-28,0.014584176348174329,0.6435901112148783,False,1.1424043336009404,0.01394058623695945,0.013296996125744573,0.012653406014529694,cov_halflife=60
blend,mv,2001-02-28,2001-03-31,0.011532360434512555,0.5426512637137089,False,1.0989476283923345,0.010989709170798846,0.010447057907085137,0.009904406643371428,cov_halflife=60
blend,mv,2001-03-31,2001-04-30,-0.0041395136570420875,0.627837856657699,False,1.0054722440366561,-0.004767351513699786,-0.005395189370357486,-0.006023027227015185,cov_halflife=60
blend,mv,2001-04-30,2001-05-31,0.009432986166665954,0.5732674671027163,False,1.0629492388508976,0.008859718699563238,0.008286451232460522,0.007713183765357806,cov_halflife=60
blend,mv,2001-05-31,2001-06-30,0.007437370194533401,0.6718946492575595,False,1.1115946084287212,0.006765475545275842,0.006093580896018282,0.005421686246760723,cov_halflife=60
blend,mv,2001-06-30,2001-07-31,0.009854066955613425,0.6092775192166038,False,1.1785120863799663,0.009244789436396821,0.008635511917180217,0.008026234397963614,cov_halflife=60
blend,mv,2001-07-31,2001-08-31,0.00607883145088759,0.6880444700975108,False,1.0214365470716593,0.005390786980790079,0.004702742510692568,0.004014698040595057,cov_halflife=60
blend,mv,2001-08-31,2001-09-30,0.02981427948071251,0.5598718353908609,False,1.013094607422241,0.02925440764532165,0.02869453580993079,0.02813466397453993,cov_halflife=60
blend,mv,2001-09-30,2001-10-31,-0.012666554301517917,0.6184502680633618,False,0.9989113779091094,-0.013285004569581278,-0.01390345483764464,-0.014521905105708001,cov_halflife=60
blend,mv,2001-10-31,2001-11-30,-0.03525136632913601,0.5260115157610313,False,0.883880013114922,-0.03577737784489704,-0.03630338936065807,-0.0368294008764191,cov_halflife=60
blend,mv,2001-11-30,2001-12-31,0.01777514710776405,0.4351413580361099,False,1.0153900373785025,0.017340005749727938,0.01690486439169183,0.01646972303365572,cov_halflife=60
blend,mv,2001-12-31,2002-01-31,0.025732392948776512,0.5361102329723005,False,1.072204904911564,0.02519628271580421,0.02466017248283191,0.02412406224985961,cov_halflife=60
blend,mv,2002-01-31,2002-02-28,0.023631014481815076,0.4983301952836063,False,1.0882799926309228,0.02313268428653147,0.022634354091247862,0.02213602389596426,cov_halflife=60
blend,mv,2002-02-28,2002-03-31,0.009605587710043354,0.5263767730976442,False,1.1514160494204595,0.009079210936945711,0.008552834163848066,0.008026457390750422,cov_halflife=60
blend,mv,2002-03-31,2002-04-30,0.036988320336410245,0.5173428520227789,False,1.0014201238423275,0.03647097748438747,0.03595363463236469,0.03543629178034191,cov_halflife=60
blend,mv,2002-04-30,2002-05-31,0.008830587124099483,0.3773433037174642,False,1.02321720475251,0.008453243820382018,0.008075900516664555,0.0076985572129470905,cov_halflife=60
blend,mv,2002-05-31,2002-06-30,0.0029552495453176236,0.4025569657571487,False,1.0203578400569466,0.0025526925795604748,0.002150135613803326,0.0017475786480461773,cov_halflife=60
blend,mv,2002-06-30,2002-07-31,-0.018515307188991168,0.32736737869717397,False,0.9625012815463212,-0.01884267456768834,-0.019170041946385517,-0.01949740932508269,cov_halflife=60
blend,mv,2002-07-31,2002-08-31,0.031339542078962015,0.4095343520023137,False,0.9490725029121899,0.030930007726959703,0.030520473374957387,0.030110939022955075,cov_halflife=60
blend,mv,2002-08-31,2002-09-30,0.030327068546934004,0.44579920644446436,False,1.008005207996471,0.029881269340489538,0.029435470134045075,0.02898967092760061,cov_halflife=60
blend,mv,2002-09-30,2002-10-31,-0.024816403596142626,0.4450226555763249,False,1.1257169632697954,-0.02526142625171895,-0.025706448907295277,-0.0261514715628716,cov_halflife=60
blend,mv,2002-10-31,2002-11-30,-0.03778837032185017,0.5224002949298401,False,1.0977995862234255,-0.03831077061678001,-0.038833170911709854,-0.03935557120663969,cov_halflife=60
blend,mv,2002-11-30,2002-12-31,0.025630749103426224,0.48127818243665726,False,1.0277827523019998,0.025149470920989566,0.02466819273855291,0.02418691455611625,cov_halflife=60
blend,mv,2002-12-31,2003-01-31,-0.004701240314223711,0.38332375187751183,False,1.043013273786161,-0.005084564066101223,-0.0054678878179787345,-0.005851211569856247,cov_halflife=60
blend,mv,2003-01-31,2003-02-28,-0.005227618794698159,0.38568253057608537,False,0.9829417710468207,-0.005613301325274244,-0.005998983855850329,-0.006384666386426415,cov_halflife=60
blend,mv,2003-02-28,2003-03-31,-0.015572120243453986,0.5099791346920939,False,1.146855203538736,-0.01608209937814608,-0.016592078512838174,-0.01710205764753027,cov_halflife=60
blend,mv,2003-03-31,2003-04-30,-0.012054335557618605,0.46792292563139865,False,1.2717340859784076,-0.012522258483250004,-0.012990181408881403,-0.013458104334512801,cov_halflife=60
blend,mv,2003-04-30,2003-05-31,-0.024648504210174997,0.6663166776628486,False,1.3616308768204388,-0.025314820887837847,-0.025981137565500693,-0.026647454243163542,cov_halflife=60
blend,mv,2003-05-31,2003-06-30,-0.0017290598784914406,0.5696526175947375,False,1.3488950219227405,-0.0022987124960861783,-0.0028683651136809157,-0.003438017731275653,cov_halflife=60
blend,mv,2003-06-30,2003-07-31,-0.007069719404887225,0.5832385802402569,False,1.2421044474295984,-0.0076529579851274815,-0.008236196565367738,-0.008819435145607995,cov_halflife=60
blend,mv,2003-07-31,2003-08-31,-0.010341718330193761,0.5958325180118473,False,1.148007152596942,-0.010937550848205609,-0.011533383366217455,-0.012129215884229303,cov_halflife=60
blend,mv,2003-08-31,2003-09-30,0.01390868516902297,0.729310746810295,False,1.2124744674377523,0.013179374422212675,0.01245006367540238,0.011720752928592084,cov_halflife=60
blend,mv,2003-09-30,2003-10-31,0.022918983048990996,0.6438028680629106,False,0.9881655343088354,0.022275180180928084,0.021631377312865175,0.020987574444802263,cov_halflife=60
blend,mv,2003-10-31,2003-11-30,0.01334972303263952,0.5697533659032114,False,1.096156624976647,0.012779969666736309,0.012210216300833097,0.011640462934929886,cov_halflife=60
blend,mv,2003-11-30,2003-12-31,-0.026964075245129837,0.5174743433173356,False,1.0496209669871857,-0.027481549588447174,-0.027999023931764507,-0.028516498275081844,cov_halflife=60
blend,mv,2003-12-31,2004-01-31,-0.012547040007890841,0.39761438656403836,False,0.9508150156392854,-0.01294465439445488,-0.013342268781018919,-0.013739883167582956,cov_halflife=60
blend,mv,2004-01-31,2004-02-29,0.009648518226774446,0.46174658569073973,False,1.0390841689864747,0.009186771641083707,0.008725025055392967,0.008263278469702227,cov_halflife=60
blend,mv,2004-02-29,2004-03-31,0.006032356464530475,0.6426530497869486,False,1.2170532804639653,0.005389703414743526,0.004747050364956578,0.004104397315169629,cov_halflife=60
blend,mv,2004-03-31,2004-04-30,-0.036081666847827744,0.46161806475155476,False,1.1731908414761583,-0.0365432849125793,-0.037004902977330854,-0.03746652104208241,cov_halflife=60
blend,mv,2004-04-30,2004-05-31,0.004108085628872407,0.4554196088303577,False,1.0788447925106857,0.0036526660200420498,0.003197246411211692,0.0027418268023813343,cov_halflife=60
blend,mv,2004-05-31,2004-06-30,0.003157042466878076,0.8644349368279306,False,1.4301850597920729,0.002292607530050145,0.0014281725932222145,0.0005637376563942839,cov_halflife=60
blend,mv,2004-06-30,2004-07-31,-0.017631771917934937,0.6051032762757083,False,1.2992400919189109,-0.018236875194210647,-0.018841978470486354,-0.019447081746762063,cov_halflife=60
blend,mv,2004-07-31,2004-08-31,-0.008877331245546584,0.6794230608434632,False,1.2910378086777623,-0.009556754306390046,-0.01023617736723351,-0.010915600428076972,cov_halflife=60
blend,mv,2004-08-31,2004-09-30,0.02235751610724454,0.7673952734911111,False,1.3616333275453623,0.021590120833753428,0.02082272556026232,0.020055330286771207,cov_halflife=60
blend,mv,2004-09-30,2004-10-31,-0.01787389999668772,0.6630131923197315,False,1.3008261746133016,-0.01853691318900745,-0.019199926381327184,-0.019862939573646914,cov_halflife=60
blend,mv,2004-10-31,2004-11-30,0.017398361699294262,0.5827586222496824,False,1.2822729832873443,0.01681560307704458,0.016232844454794896,0.015650085832545214,cov_halflife=60
blend,mv,2004-11-30,2004-12-31,-0.002779832807832453,0.5932313979499955,False,1.3372876910075318,-0.0033730642057824486,-0.003966295603732444,-0.00455952700168244,cov_halflife=60
blend,mv,2004-12-31,2005-01-31,0.026532018838631852,0.6199154145709711,False,1.234961345671484,0.025912103424060882,0.02529218800948991,0.02467227259491894,cov_halflife=60
blend,mv,2005-01-31,2005-02-28,0.03309194428894588,0.633002373322307,False,1.3005962285312958,0.032458941915623575,0.031825939542301264,0.03119293716897896,cov_halflife=60
blend,mv,2005-02-28,2005-03-31,-0.00305730863741039,0.6356324614844662,False,1.156588557937298,-0.003692941098894856,-0.004328573560379322,-0.004964206021863789,cov_halflife=60
blend,mv,2005-03-31,2005-04-30,-0.0028786989266211117,0.4944670459498886,False,1.0413714394483269,-0.0033731659725710003,-0.003867633018520889,-0.0043621000644707775,cov_halflife=60
blend,mv,2005-04-30,2005-05-31,0.00700064731865018,0.43307907503695636,False,1.1618628105685975,0.0065675682436132235,0.006134489168576267,0.0057014100935393105,cov_halflife=60
blend,mv,2005-05-31,2005-06-30,0.012644767235568014,0.35560643417922827,False,1.213703824408407,0.012289160801388786,0.011933554367209557,0.01157794793303033,cov_halflife=60
blend,mv,2005-06-30,2005-07-31,0.002962187757177673,0.3476994844500107,False,1.2133595129834411,0.002614488272727662,0.0022667887882776515,0.0019190893038276407,cov_halflife=60
blend,mv,2005-07-31,2005-08-31,0.002238160077211595,0.5534589575010559,False,1.1079893675088397,0.001684701119710539,0.0011312421622094832,0.0005777832047084274,cov_halflife=60
blend,mv,2005-08-31,2005-09-30,0.006086970892078122,0.4442643032932065,False,1.020777497515502,0.005642706588784916,0.005198442285491709,0.004754177982198502,cov_halflife=60
blend,mv,2005-09-30,2005-10-31,-0.019958734189218494,0.3024782628352934,False,1.0584789221660074,-0.020261212452053787,-0.02056369071488908,-0.020866168977724375,cov_halflife=60
blend,mv,2005-10-31,2005-11-30,-0.0036301245877182484,0.489115426975218,False,1.136044362807015,-0.004119240014693467,-0.004608355441668684,-0.005097470868643902,cov_halflife=60
blend,mv,2005-11-30,2005-12-31,-0.0007850142766205157,0.4870985270900291,False,1.165327330742809,-0.0012721128037105449,-0.0017592113308005739,-0.002246309857890603,cov_halflife=60
blend,mv,2005-12-31,2006-01-31,0.03101686684874882,0.49161334729427175,False,1.2068116745576931,0.030525253501454547,0.030033640154160275,0.029542026806866004,cov_halflife=60
blend,mv,2006-01-31,2006-02-28,-0.013996017125737906,0.5457153369060297,False,1.1976396150394424,-0.014541732462643935,-0.015087447799549965,-0.015633163136455994,cov_halflife=60
blend,mv,2006-02-28,2006-03-31,0.008828610129856968,0.5558071864658409,False,1.1498198240028301,0.008272802943391127,0.007716995756925285,0.007161188570459445,cov_halflife=60
blend,mv,2006-03-31,2006-04-30,0.024670684384507452,0.4697979145779591,False,1.3470489860452473,0.024200886469929492,0.023731088555351533,0.023261290640773574,cov_halflife=60
blend,mv,2006-04-30,2006-05-31,-0.022994598486446867,0.5461325052495525,False,1.2026023636813516,-0.02354073099169642,-0.02408686349694597,-0.024632996002195526,cov_halflife=60
blend,mv,2006-05-31,2006-06-30,0.00019045553359040387,0.5111658365324492,False,1.0651833545016176,-0.0003207103029420453,-0.0008318761394744945,-0.0013430419760069438,cov_halflife=60
blend,mv,2006-06-30,2006-07-31,-0.016161161026630885,0.4748790303096661,False,1.226081802430089,-0.01663604005694055,-0.017110919087250216,-0.017585798117559885,cov_halflife=60
blend,mv,2006-07-31,2006-08-31,-0.016198324747971067,0.4828573794530373,False,1.2230158893569552,-0.016681182127424105,-0.017164039506877143,-0.017646896886330178,cov_halflife=60
blend,mv,2006-08-31,2006-09-30,0.0029797654670567233,0.5219395523890039,False,1.2524349917029478,0.0024578259146677195,0.0019358863622787154,0.0014139468098897114,cov_halflife=60
blend,mv,2006-09-30,2006-10-31,-0.005414848438866796,0.6076340966406857,False,1.1989255006450126,-0.006022482535507482,-0.006630116632148167,-0.007237750728788853,cov_halflife=60
blend,mv,2006-10-31,2006-11-30,0.0040198284977712335,0.5602407686785418,False,1.2625476226522094,0.0034595877290926917,0.00289934696041415,0.002339106191735608,cov_halflife=60
blend,mv,2006-11-30,2006-12-31,0.004004975374553863,0.5401894743894107,False,1.3448859094308392,0.0034647859001644523,0.0029245964257750413,0.002384406951385631,cov_halflife=60
blend,mv,2006-12-31,2007-01-31,0.010931231896719802,0.3989533104951457,False,1.3463129236980902,0.010532278586224656,0.01013332527572951,0.009734371965234365,cov_halflife=60
blend,mv,2007-01-31,2007-02-28,0.00017732837630079118,0.669057048346289,False,1.2264702873836208,-0.0004917286720454979,-0.001160785720391787,-0.001829842768738076,cov_halflife=60
blend,mv,2007-02-28,2007-03-31,0.023576258497515788,0.5773108027704168,False,1.2379698929720322,0.02299894769474537,0.022421636891974954,0.021844326089204537,cov_halflife=60
blend,mv,2007-03-31,2007-04-30,-0.00860588718868671,0.5491266506808611,False,1.2359210520317192,-0.00915501383936757,-0.009704140490048432,-0.010253267140729293,cov_halflife=60
blend,mv,2007-04-30,2007-05-31,-0.00015181139507517994,0.45768018321547077,False,1.199240469818344,-0.0006094915782906507,-0.0010671717615061214,-0.0015248519447215924,cov_halflife=60
blend,mv,2007-05-31,2007-06-30,8.407650317924916e-05,0.4730594429681839,False,1.219091878939201,-0.0003889829397889348,-0.0008620423827571188,-0.0013351018257253026,cov_halflife=60
blend,mv,2007-06-30,2007-07-31,0.012195054939445194,0.4906521197636076,False,1.2232111823092076,0.011704402819681586,0.01121375069991798,0.010723098580154371,cov_halflife=60
blend,mv,2007-07-31,2007-08-31,-0.006110475220567959,0.5061107914627576,False,1.1308793171623395,-0.0066165860120307165,-0.0071226968034934736,-0.0076288075949562315,cov_halflife=60
blend,mv,2007-08-31,2007-09-30,0.01806613626693678,0.5779969385757691,False,1.1872133048064755,0.017488139328361012,0.016910142389785242,0.016332145451209475,cov_halflife=60
blend,mv,2007-09-30,2007-10-31,0.010420743801406574,0.6244865314770686,False,1.412109640287712,0.009796257269929505,0.009171770738452437,0.00854728420697537,cov_halflife=60
blend,mv,2007-10-31,2007-11-30,-0.0021757925220033288,0.6340549991356769,False,1.4261586553598902,-0.0028098475211390055,-0.0034439025202746823,-0.0040779575194103595,cov_halflife=60
blend,mv,2007-11-30,2007-12-31,0.012178467745458275,0.5872165431190561,False,1.4128907702045965,0.011591251202339219,0.011004034659220162,0.010416818116101106,cov_halflife=60
blend,mv,2007-12-31,2008-01-31,-0.02389336309498365,0.5357201944201297,False,1.35197232885611,-0.02442908328940378,-0.02496480348382391,-0.025500523678244038,cov_halflife=60
blend,mv,2008-01-31,2008-02-29,0.0558694711340206,0.4692644099977116,False,1.2573776992555894,0.055400206724022884,0.05493094231402518,0.054461677904027464,cov_halflife=60
blend,mv,2008-02-29,2008-03-31,-0.010771242735275273,0.6469760666059613,False,1.3539195151264731,-0.011418218801881234,-0.012065194868487197,-0.012712170935093157,cov_halflife=60
blend,mv,2008-03-31,2008-04-30,0.016162934523702436,0.45270622549459966,False,1.2743719416055204,0.015710228298207837,0.015257522072713237,0.014804815847218636,cov_halflife=60
blend,mv,2008-04-30,2008-05-31,0.027003032721721894,0.43737391126170067,False,1.406886765892921,0.026565658810460194,0.02612828489919849,0.025690910987936792,cov_halflife=60
blend,mv,2008-05-31,2008-06-30,0.062108216186053715,0.4969375613111401,False,1.3729324154317204,0.061611278624742576,0.061114341063431436,0.0606174035021203,cov_halflife=60
blend,mv,2008-06-30,2008-07-31,-0.02231628481023166,0.3812536376202834,False,1.2473007132626701,-0.022697538447851943,-0.023078792085472224,-0.02346004572309251,cov_halflife=60
blend,mv,2008-07-31,2008-08-31,-0.02229767185012912,0.5312049125870824,False,1.1318575319048054,-0.022828876762716204,-0.023360081675303287,-0.02389128658789037,cov_halflife=60
blend,mv,2008-08-31,2008-09-30,-0.0382192614915741,0.49496813113024996,False,1.1659105699766725,-0.03871422962270435,-0.0392091977538346,-0.03970416588496485,cov_halflife=60
blend,mv,2008-09-30,2008-10-31,0.0411010832461057,0.44411965322563707,False,1.2146509209077376,0.04065696359288006,0.04021284393965443,0.03976872428642879,cov_halflife=60
blend,mv,2008-10-31,2008-11-30,0.0062863516431287585,0.6859903259428385,False,1.3223733512872253,0.00560036131718592,0.004914370991243082,0.004228380665300243,cov_halflife=60
blend,mv,2008-11-30,2008-12-31,-0.030378768953349653,0.6779265135170631,False,1.2120648729838561,-0.031056695466866718,-0.03173462198038378,-0.03241254849390084,cov_halflife=60
blend,mv,2008-12-31,2009-01-31,0.02849254407175758,0.5740726732596989,False,1.1777417117862656,0.02791847139849788,0.027344398725238184,0.026770326051978485,cov_halflife=60
blend,mv,2009-01-31,2009-02-28,0.0171920258062638,0.5975416818330321,False,1.1657353852188124,0.016594484124430767,0.015996942442597733,0.015399400760764702,cov_halflife=60
blend,mv,2009-02-28,2009-03-31,-0.028267723166716652,0.5076481006173255,False,1.0949921119295123,-0.02877537126733398,-0.029283019367951302,-0.029790667468568628,cov_halflife=60
blend,mv,2009-03-31,2009-04-30,-0.1397017905715484,0.517211736799154,False,1.057320003935137,-0.14021900230834758,-0.14073621404514672,-0.14125342578194588,cov_halflife=60
blend,mv,2009-04-30,2009-05-31,-0.013061484812852958,0.8630647893155441,False,0.8604270751573955,-0.013924549602168502,-0.014787614391484048,-0.01565067918079959,cov_halflife=60
blend,mv,2009-05-31,2009-06-30,0.007968017451143354,0.3479643376943372,False,0.8731525751523941,0.0076200531134490174,0.0072720887757546804,0.006924124438060343,cov_halflife=60
blend,mv,2009-06-30,2009-07-31,-0.023471962640381108,0.42684237703886213,False,0.9743543833844029,-0.02389880501741997,-0.024325647394458833,-0.024752489771497695,cov_halflife=60
blend,mv,2009-07-31,2009-08-31,-0.013174759880047635,0.48256985238406397,False,1.0118324315553675,-0.0136573297324317,-0.014139899584815763,-0.014622469437199827,cov_halflife=60
blend,mv,2009-08-31,2009-09-30,-0.0054834010568698115,0.45166064644775944,False,1.0417471674553218,-0.005935061703317571,-0.0063867223497653305,-0.00683838299621309,cov_halflife=60
blend,mv,2009-09-30,2009-10-31,0.012562358537628581,0.6589554446207561,False,1.2170007316917673,0.011903403093007825,0.01124444764838707,0.010585492203766313,cov_halflife=60
blend,mv,2009-10-31,2009-11-30,0.010697262088692093,0.7374253563790477,False,0.9422365408167515,0.009959836732313045,0.009222411375933997,0.00848498601955495,cov_halflife=60
blend,mv,2009-11-30,2009-12-31,-0.0004016500383643957,0.5500199025447668,False,1.0610610629052946,-0.0009516699409091626,-0.0015016898434539296,-0.002051709745998696,cov_halflife=60
blend,mv,2009-12-31,2010-01-31,-0.01299443737438389,0.499384974759913,False,0.9721317292209276,-0.013493822349143803,-0.013993207323903715,-0.014492592298663629,cov_halflife=60
blend,mv,2010-01-31,2010-02-28,0.01615426795351114,0.4004452834345289,False,0.8607914868577112,0.015753822670076613,0.015353377386642084,0.014952932103207556,cov_halflife=60
blend,mv,2010-02-28,2010-03-31,0.010346698939388084,0.6443352313748227,False,0.8273571816885957,0.009702363708013261,0.00905802847663844,0.008413693245263617,cov_halflife=60
blend,mv,2010-03-31,2010-04-30,0.00991446177081722,0.5821467400461615,False,0.8218897971443626,0.009332315030771058,0.008750168290724896,0.008168021550678736,cov_halflife=60
blend,mv,2010-04-30,2010-05-31,0.006915520327527361,0.5514851955744178,False,1.031370720940081,0.006364035131952943,0.005812549936378525,0.0052610647408041075,cov_halflife=60
blend,mv,2010-05-31,2010-06-30,-0.01364575848005071,0.6399419801209439,False,0.991611255237765,-0.014285700460171654,-0.014925642440292599,-0.015565584420413541,cov_halflife=60
blend,mv,2010-06-30,2010-07-31,-0.004168204656264312,0.4987210360161644,False,1.0586203578911901,-0.004666925692280477,-0.005165646728296641,-0.005664367764312806,cov_halflife=60
blend,mv,2010-07-31,2010-08-31,0.02535790165445386,0.6836340023840497,False,1.0644307327672746,0.02467426765206981,0.02399063364968576,0.023306999647301714,cov_halflife=60
blend,mv,2010-08-31,2010-09-30,0.017190125423770936,0.5255972327510856,False,1.2326255081899482,0.01666452819101985,0.016138930958268766,0.015613333725517679,cov_halflife=60
blend,mv,2010-09-30,2010-10-31,0.0012913966888234072,0.5972316671891191,False,1.0934565728419323,0.0006941650216342881,9.693335444516896e-05,-0.0005002983127439502,cov_halflife=60
blend,mv,2010-10-31,2010-11-30,0.0066059243124042075,0.4757690810161352,False,1.0963180731691213,0.006130155231388073,0.005654386150371937,0.005178617069355802,cov_halflife=60
blend,mv,2010-11-30,2010-12-31,-0.03415622391382624,0.5097496420283447,False,1.1403330137895518,-0.03466597355585459,-0.03517572319788293,-0.035685472839911275,cov_halflife=60
blend,mv,2010-12-31,2011-01-31,-0.018707283795165768,0.7362733276647031,False,1.167676243636004,-0.01944355712283047,-0.020179830450495175,-0.02091610377815988,cov_halflife=60
blend,mv,2011-01-31,2011-02-28,0.003371227097075858,0.6213335653778091,False,1.051657228933885,0.0027498935316980487,0.0021285599663202395,0.0015072264009424303,cov_halflife=60
blend,mv,2011-02-28,2011-03-31,0.01647001124480746,0.5486526864959136,False,1.0929449479554372,0.015921358558311546,0.015372705871815632,0.014824053185319718,cov_halflife=60
blend,mv,2011-03-31,2011-04-30,0.002192998067049328,0.44513809611573746,False,1.1380740521932826,0.0017478599709335907,0.0013027218748178533,0.0008575837787021157,cov_halflife=60
blend,mv,2011-04-30,2011-05-31,-0.004614087067968728,0.5530611345817218,False,1.1353494133607682,-0.00516714820255045,-0.0057202093371321715,-0.006273270471713894,cov_halflife=60
blend,mv,2011-05-31,2011-06-30,0.008314184215981285,0.4137378318829391,False,1.0638487982687863,0.007900446384098347,0.007486708552215407,0.007072970720332469,cov_halflife=60
blend,mv,2011-06-30,2011-07-31,-0.0020100876881860015,0.5235741180130018,False,1.042001401477711,-0.0025336618061990034,-0.003057235924212005,-0.0035808100422250067,cov_halflife=60
blend,mv,2011-07-31,2011-08-31,-0.005376014126940167,0.5286448202484186,False,1.2239759369647971,-0.0059046589471885855,-0.006433303767437004,-0.006961948587685423,cov_halflife=60
blend,mv,2011-08-31,2011-09-30,-0.026341175941212176,0.5719605075087498,False,1.0792851920401643,-0.026913136448720926,-0.027485096956229676,-0.028057057463738426,cov_halflife=60
blend,mv,2011-09-30,2011-10-31,-0.0018459032833951033,0.7142710135105307,False,1.1686654943536867,-0.002560174296905634,-0.003274445310416165,-0.003988716323926695,cov_halflife=60
blend,mv,2011-10-31,2011-11-30,0.007779650644753074,0.8209514180861077,False,1.0490709048921973,0.006958699226666966,0.006137747808580858,0.005316796390494751,cov_halflife=60
blend,mv,2011-11-30,2011-12-31,0.008213391989973305,0.5152613155782134,False,1.1173679540049792,0.007698130674395092,0.007182869358816879,0.006667608043238665,cov_halflife=60
blend,mv,2011-12-31,2012-01-31,-0.019870520114063116,0.43551627741556115,False,1.0724600227423915,-0.020306036391478675,-0.02074155266889424,-0.021177068946309798,cov_halflife=60
blend,mv,2012-01-31,2012-02-29,0.003351340395419906,0.4092121623100839,False,1.0636584555392192,0.0029421282331098223,0.002532916070799738,0.0021237039084896544,cov_halflife=60
blend,mv,2012-02-29,2012-03-31,0.011022805616188742,0.4413039502947375,False,1.1879026743511931,0.010581501665894005,0.010140197715599267,0.00969889376530453,cov_halflife=60
blend,mv,2012-03-31,2012-04-30,0.007932981448124541,0.5101455468646916,False,1.083738557864909,0.00742283590125985,0.006912690354395158,0.006402544807530467,cov_halflife=60
blend,mv,2012-04-30,2012-05-31,0.018592813192659402,0.3893441876909013,False,1.1045970510001006,0.0182034690049685,0.0178141248172776,0.0174247806295867,cov_halflife=60
blend,mv,2012-05-31,2012-06-30,-0.013249124765923628,0.35455084010778865,False,1.1658482563171153,-0.013603675606031417,-0.013958226446139204,-0.014312777286246994,cov_halflife=60
blend,mv,2012-06-30,2012-07-31,0.028986745069897974,0.3939675263962589,False,1.106335514156827,0.028592777543501716,0.028198810017105457,0.0278048424907092,cov_halflife=60
blend,mv,2012-07-31,2012-08-31,-0.01821074661367709,0.5586403977007232,False,1.115622733986591,-0.018769387011377814,-0.01932802740907854,-0.01988666780677926,cov_halflife=60
blend,mv,2012-08-31,2012-09-30,-0.00790725076877043,0.42110097214123815,False,1.1018840506968668,-0.008328351740911668,-0.008749452713052906,-0.009170553685194144,cov_halflife=60
blend,mv,2012-09-30,2012-10-31,-0.015553319207508798,0.4909194827586067,False,1.1055866514469395,-0.016044238690267405,-0.01653515817302601,-0.017026077655784618,cov_halflife=60
blend,mv,2012-10-31,2012-11-30,0.00853688900523207,0.5014366112590257,False,1.184017191797023,0.008035452393973045,0.007534015782714019,0.007032579171454993,cov_halflife=60
blend,mv,2012-11-30,2012-12-31,-0.0038950575511545495,0.40062195415784774,False,1.147816904608229,-0.004295679505312397,-0.004696301459470245,-0.0050969234136280924,cov_halflife=60
blend,mv,2012-12-31,2013-01-31,0.01777329155450698,0.4752479027970365,False,1.148150856436108,0.017298043651709942,0.016822795748912905,0.01634754784611587,cov_halflife=60
blend,mv,2013-01-31,2013-02-28,0.010088896795988638,0.47974426723436026,False,1.0788061609001716,0.009609152528754277,0.009129408261519917,0.008649663994285557,cov_halflife=60
blend,mv,2013-02-28,2013-03-31,0.005636795782454099,0.5556593761327905,False,1.0623770621069413,0.005081136406321308,0.004525477030188518,0.003969817654055728,cov_halflife=60
blend,mv,2013-03-31,2013-04-30,0.012600681700554955,0.4957654738478019,False,1.0665374581906535,0.012104916226707153,0.011609150752859352,0.01111338527901155,cov_halflife=60
blend,mv,2013-04-30,2013-05-31,-0.004808571934776033,0.4219069142100136,False,1.0990858272867539,-0.005230478848986047,-0.0056523857631960595,-0.006074292677406073,cov_halflife=60
blend,mv,2013-05-31,2013-06-30,0.01640907336413294,0.4315741693697487,False,1.0611221408918823,0.01597749919476319,0.015545925025393441,0.015114350856023693,cov_halflife=60
blend,mv,2013-06-30,2013-07-31,0.008692568760192922,0.5429608318537296,False,1.0772287158754121,0.008149607928339192,0.007606647096485463,0.007063686264631733,cov_halflife=60
blend,mv,2013-07-31,2013-08-31,-0.0049264087954526276,0.4349210393576256,False,0.9463289203089713,-0.005361329834810253,-0.005796250874167879,-0.006231171913525504,cov_halflife=60
blend,mv,2013-08-31,2013-09-30,0.020507968653932306,0.4187540104486306,False,0.944361060957915,0.020089214643483674,0.019670460633035045,0.019251706622586413,cov_halflife=60
blend,mv,2013-09-30,2013-10-31,0.0052648491287963,0.3798800278035773,False,1.004440813419282,0.004884969100992723,0.004505089073189146,0.004125209045385568,cov_halflife=60
blend,mv,2013-10-31,2013-11-30,0.01941697884104041,0.36694799625361124,False,0.9875894643932882,0.0190500308447868,0.018683082848533185,0.018316134852279575,cov_halflife=60
blend,mv,2013-11-30,2013-12-31,0.00465536196711612,0.33670310416818405,False,0.9706253397163987,0.004318658862947936,0.003981955758779752,0.003645252654611568,cov_halflife=60
blend,mv,2013-12-31,2014-01-31,0.003977667402568607,0.36048377933076103,False,0.9687081761753248,0.003617183623237846,0.003256699843907085,0.0028962160645763235,cov_halflife=60
blend,mv,2014-01-31,2014-02-28,0.011759293405030692,0.4994151671297635,False,1.0655820067681716,0.011259878237900929,0.010760463070771165,0.010261047903641402,cov_halflife=60
blend,mv,2014-02-28,2014-03-31,-0.009692927602166748,0.5119123807305197,False,1.0283685517706622,-0.010204839982897267,-0.010716752363627787,-0.011228664744358307,cov_halflife=60
blend,mv,2014-03-31,2014-04-30,-0.009781731600245949,0.2730760544980198,False,1.0556855724544063,-0.010054807654743968,-0.010327883709241988,-0.010600959763740009,cov_halflife=60
blend,mv,2014-04-30,2014-05-31,0.013174655227897984,0.44711831242596334,False,1.0376186985061835,0.01272753691547202,0.012280418603046057,0.011833300290620094,cov_halflife=60
blend,mv,2014-05-31,2014-06-30,-0.009794891579160424,0.4671947344141051,False,1.0933422351800244,-0.01026208631357453,-0.010729281047988634,-0.01119647578240274,cov_halflife=60
blend,mv,2014-06-30,2014-07-31,0.01196562843228625,0.445616686826199,False,1.0734659416072052,0.01152001174546005,0.011074395058633852,0.010628778371807653,cov_halflife=60
blend,mv,2014-07-31,2014-08-31,-0.007205828247987451,0.4588887842906012,False,1.1303758359962106,-0.007664717032278052,-0.008123605816568654,-0.008582494600859254,cov_halflife=60
blend,mv,2014-08-31,2014-09-30,0.018427440814166748,0.5680164488939189,False,1.1662972354987138,0.017859424365272828,0.01729140791637891,0.016723391467484992,cov_halflife=60
blend,mv,2014-09-30,2014-10-31,0.009400502193651196,0.583531535377366,False,1.3783367522146996,0.00881697065827383,0.008233439122896464,0.007649907587519098,cov_halflife=60
blend,mv,2014-10-31,2014-11-30,-0.008381670965454441,0.553395780918653,False,1.2359696540134268,-0.008935066746373094,-0.009488462527291748,-0.0100418583082104,cov_halflife=60
blend,mv,2014-11-30,2014-12-31,0.0018769630979860532,0.5376437452803722,False,1.2134550811122682,0.001339319352705681,0.0008016756074253088,0.0002640318621449367,cov_halflife=60
blend,mv,2014-12-31,2015-01-31,-0.004743804352849166,0.47084664646031715,False,1.2679970489868104,-0.005214650999309483,-0.0056854976457698,-0.006156344292230117,cov_halflife=60
blend,mv,2015-01-31,2015-02-28,-0.01104041406966523,0.6562304403860286,False,1.0955838186309887,-0.011696644510051259,-0.012352874950437288,-0.013009105390823316,cov_halflife=60
blend,mv,2015-02-28,2015-03-31,0.01667587512756502,0.5745577908321049,False,1.179882998705599,0.016101317336732916,0.015526759545900812,0.014952201755068706,cov_halflife=60
blend,mv,2015-03-31,2015-04-30,-0.03248917209421211,0.5607669029976639,False,1.2100359085853267,-0.033049938997209774,-0.033610705900207434,-0.0341714728032051,cov_halflife=60
blend,mv,2015-04-30,2015-05-31,0.028922057881607812,0.5588364198975048,False,1.1524767167265555,0.028363221461710306,0.027804385041812804,0.0272455486219153,cov_halflife=60
blend,mv,2015-05-31,2015-06-30,0.02382497585625288,0.48091753333395115,False,1.2152569701463862,0.02334405832291893,0.022863140789584978,0.022382223256251027,cov_halflife=60
blend,mv,2015-06-30,2015-07-31,0.031965959019084667,0.45895994855238154,False,1.191652081846369,0.03150699907053228,0.031048039121979905,0.03058907917342752,cov_halflife=60
blend,mv,2015-07-31,2015-08-31,-0.006555716283472806,0.5677983596340881,False,1.281519052990743,-0.007123514643106893,-0.007691313002740982,-0.00825911136237507,cov_halflife=60
blend,mv,2015-08-31,2015-09-30,0.0031872669544259816,0.5204774600149193,False,1.0916322682684867,0.002666789494411062,0.002146312034396143,0.0016258345743812236,cov_halflife=60
blend,mv,2015-09-30,2015-10-31,0.004554344742639979,0.5657849111843659,False,1.1331598020214726,0.003988559831455614,0.003422774920271247,0.0028569900090868816,cov_halflife=60
blend,mv,2015-10-31,2015-11-30,0.001246006012966085,0.6852931703077085,False,1.1713135447830456,0.0005607128426583764,-0.00012458032764933215,-0.0008098734979570404,cov_halflife=60
blend,mv,2015-11-30,2015-12-31,0.004518528306140678,0.6953966693534611,False,1.1599668042915217,0.0038231316367872167,0.0031277349674337556,0.0024323382980802944,cov_halflife=60
blend,mv,2015-12-31,2016-01-31,-0.002223892182480592,0.5444465736799476,False,1.2815788942308264,-0.00276833875616054,-0.0033127853298404878,-0.003857231903520435,cov_halflife=60
blend,mv,2016-01-31,2016-02-29,-0.03158483604550764,0.6608220224896119,False,1.3195991242250853,-0.03224565806799725,-0.03290648009048686,-0.033567302112976476,cov_halflife=60
blend,mv,2016-02-29,2016-03-31,-0.007948290446955676,0.7488153161654406,False,1.4196196748108774,-0.008697105763121117,-0.009445921079286558,-0.010194736395451997,cov_halflife=60
blend,mv,2016-03-31,2016-04-30,-0.0022018978680839103,0.6354334723753292,False,1.3545757761954536,-0.0028373313404592396,-0.0034727648128345685,-0.004108198285209898,cov_halflife=60
blend,mv,2016-04-30,2016-05-31,-0.0037776898110983507,0.5846300111323716,False,1.4874805155385453,-0.004362319822230723,-0.004946949833363094,-0.005531579844495465,cov_halflife=60
blend,mv,2016-05-31,2016-06-30,0.036196346136457634,0.6047876898786704,False,1.3099284604920813,0.035591558446578964,0.03498677075670029,0.03438198306682162,cov_halflife=60
blend,mv,2016-06-30,2016-07-31,-0.0007564840492413267,0.6037349720141815,False,1.3617652805884934,-0.0013602190212555082,-0.0019639539932696896,-0.0025676889652838713,cov_halflife=60
blend,mv,2016-07-31,2016-08-31,-0.0043635220663097345,0.6244282745383839,False,1.1987822003429636,-0.0049879503408481185,-0.0056123786153865025,-0.0062368068899248865,cov_halflife=60
blend,mv,2016-08-31,2016-09-30,0.0007733405520074807,0.49911494499694503,False,1.08611211242457,0.0002742256070105357,-0.0002248893379864093,-0.0007240042829833545,cov_halflife=60
blend,mv,2016-09-30,2016-10-31,-0.0032273938627433553,0.564381446582454,False,1.186117560244647,-0.0037917753093258096,-0.004356156755908263,-0.004920538202490717,cov_halflife=60
blend,mv,2016-10-31,2016-11-30,-0.03310932743149659,0.5752540058915817,False,1.1220971428117534,-0.03368458143738817,-0.034259835443279756,-0.03483508944917133,cov_halflife=60
blend,mv,2016-11-30,2016-12-31,-0.0005444083825619474,0.6158116130178861,False,1.2265502887248476,-0.0011602199955798335,-0.0017760316085977195,-0.002391843221615606,cov_halflife=60
blend,mv,2016-12-31,2017-01-31,0.013153519027249257,0.754403429165549,False,1.0882011839372423,0.012399115598083708,0.011644712168918159,0.010890308739752611,cov_halflife=60
blend,mv,2017-01-31,2017-02-28,-0.009803311104402565,0.5078093963112635,False,1.0852972900265359,-0.010311120500713828,-0.010818929897025093,-0.011326739293336356,cov_halflife=60
blend,mv,2017-02-28,2017-03-31,-0.012270996129705683,0.5046868130218243,False,1.1608608391960107,-0.012775682942727507,-0.013280369755749331,-0.013785056568771156,cov_halflife=60
blend,mv,2017-03-31,2017-04-30,0.012266920949270526,0.5694945237455159,False,1.282693412556361,0.01169742642552501,0.011127931901779494,0.010558437378033978,cov_halflife=60
blend,mv,2017-04-30,2017-05-31,0.013159969695770513,0.9479803582999315,False,1.3317668263875209,0.012211989337470582,0.01126400897917065,0.010316028620870717,cov_halflife=60
blend,mv,2017-05-31,2017-06-30,-0.01485879130509783,0.8193000635115837,False,1.5118898008281962,-0.015678091368609415,-0.016497391432121,-0.017316691495632582,cov_halflife=60
blend,mv,2017-06-30,2017-07-31,0.0005881993293218012,0.6473312907323724,False,1.3618550404856924,-5.913196141057119e-05,-0.0007064632521429436,-0.001353794542875316,cov_halflife=60
blend,mv,2017-07-31,2017-08-31,0.017904389212716303,0.5283369925099577,False,1.306354953008576,0.017376052220206346,0.01684771522769639,0.01631937823518643,cov_halflife=60
blend,mv,2017-08-31,2017-09-30,-0.00029641880300167986,0.6813571070962964,False,1.4643074105446137,-0.0009777759100979763,-0.0016591330171942726,-0.0023404901242905693,cov_halflife=60
blend,mv,2017-09-30,2017-10-31,0.0265724516323142,0.6208533881523107,False,1.5141417569990716,0.02595159824416189,0.02533074485600958,0.024709891467857268,cov_halflife=60
blend,mv,2017-10-31,2017-11-30,-0.010253564635207484,0.6998762645754179,False,1.4222454930820776,-0.010953440899782901,-0.011653317164358318,-0.012353193428933738,cov_halflife=60
blend,mv,2017-11-30,2017-12-31,-0.01994559017985547,0.9452198514510244,False,1.5545831520455686,-0.020890810031306495,-0.02183602988275752,-0.022781249734208545,cov_halflife=60
blend,mv,2017-12-31,2018-01-31,0.018238606291888167,0.5885824841150297,False,1.4923119701336371,0.017650023807773137,0.017061441323658107,0.016472858839543077,cov_halflife=60
blend,mv,2018-01-31,2018-02-28,0.007551042626097712,0.6350365369336826,False,1.55337290537857,0.006916006089164029,0.0062809695522303465,0.005645933015296664,cov_halflife=60
blend,mv,2018-02-28,2018-03-31,0.008502316900655019,0.7100736653923543,False,1.562921986426253,0.007792243235262664,0.00708216956987031,0.006372095904477956,cov_halflife=60
blend,mv,2018-03-31,2018-04-30,-0.004586700384286594,0.5214569067186772,False,1.5382682451489293,-0.0051081572910052706,-0.005629614197723948,-0.006151071104442626,cov_halflife=60
blend,mv,2018-04-30,2018-05-31,0.016965243757465734,0.5222825524011304,False,1.4734231471212487,0.016442961205064603,0.015920678652663472,0.015398396100262342,cov_halflife=60
blend,mv,2018-05-31,2018-06-30,-0.004835776347509438,0.7208149443755674,False,1.4166235202186703,-0.005556591291885005,-0.006277406236260573,-0.00699822118063614,cov_halflife=60
blend,mv,2018-06-30,2018-07-31,-0.012494126253948879,0.5129232156931867,False,1.3235462065183445,-0.013007049469642066,-0.013519972685335252,-0.01403289590102844,cov_halflife=60
blend,mv,2018-07-31,2018-08-31,0.024936250581826094,0.5454998293353376,False,1.3533796816399946,0.024390750752490756,0.02384525092315542,0.02329975109382008,cov_halflife=60
blend,mv,2018-08-31,2018-09-30,0.011240324771530651,0.5389685465577574,False,1.37146759311036,0.010701356224972893,0.010162387678415137,0.009623419131857379,cov_halflife=60
blend,mv,2018-09-30,2018-10-31,-0.030191612330218935,0.5542386367487149,False,1.3769181183587555,-0.03074585096696765,-0.031300089603716365,-0.03185432824046508,cov_halflife=60
blend,mv,2018-10-31,2018-11-30,-0.020562011807483592,0.6045139399396118,False,1.3753489373115761,-0.021166525747423205,-0.021771039687362815,-0.022375553627302428,cov_halflife=60
blend,mv,2018-11-30,2018-12-31,0.0016768886024302486,0.6413957312761481,False,1.4271174504786461,0.0010354928711541005,0.00039409713987795226,-0.0002472985913981958,cov_halflife=60
blend,mv,2018-12-31,2019-01-31,-0.005616862394058598,0.6954435002196481,False,1.5456537329638984,-0.006312305894278246,-0.007007749394497893,-0.0077031928947175424,cov_halflife=60
blend,mv,2019-01-31,2019-02-28,0.013458484513492273,0.7969190990835244,False,1.5839643581678315,0.012661565414408748,0.011864646315325224,0.0110677272162417,cov_halflife=60
blend,mv,2019-02-28,2019-03-31,0.003580404949563185,0.5671578456672922,False,1.6364988674443832,0.003013247103895893,0.0024460892582286006,0.0018789314125613084,cov_halflife=60
blend,mv,2019-03-31,2019-04-30,-0.007076453409067888,0.5810184428236805,False,1.611005679040806,-0.0076574718518915685,-0.00823849029471525,-0.00881950873753893,cov_halflife=60
blend,mv,2019-04-30,2019-05-31,0.008375235068896073,0.7939957674680639,False,1.3966423306908802,0.007581239301428009,0.006787243533959945,0.0059932477664918805,cov_halflife=60
blend,mv,2019-05-31,2019-06-30,-0.02198284456796687,0.6893287322586832,False,1.3215480646065465,-0.022672173300225553,-0.023361502032484237,-0.024050830764742917,cov_halflife=60
blend,mv,2019-06-30,2019-07-31,0.02233547494868081,0.7947594227900943,False,1.3837862450313703,0.021540715525890715,0.02074595610310062,0.019951196680310528,cov_halflife=60
blend,mv,2019-07-31,2019-08-31,0.03293522403036434,0.5538302402505871,False,1.4525786491097066,0.032381393790113754,0.031827563549863165,0.031273733309612584,cov_halflife=60
blend,mv,2019-08-31,2019-09-30,-0.008082826303493437,0.6533457287017975,False,1.3585868151116898,-0.008736172032195235,-0.009389517760897031,-0.01004286348959883,cov_halflife=60
blend,mv,2019-09-30,2019-10-31,-0.0030769616627740683,0.5283914332805957,False,1.3425440420238424,-0.0036053530960546637,-0.00413374452933526,-0.0046621359626158555,cov_halflife=60
blend,mv,2019-10-31,2019-11-30,0.003787836649165019,0.7272844863579077,False,1.5244647861709275,0.0030605521628071118,0.002333267676449204,0.001605983190091296,cov_halflife=60
blend,mv,2019-11-30,2019-12-31,-0.011635758824874188,0.6845954476120171,False,1.5773476811737235,-0.012320354272486204,-0.013004949720098222,-0.013689545167710239,cov_halflife=60
blend,mv,2019-12-31,2020-01-31,0.02836440994331311,0.6791295258557979,False,1.4657674985657794,0.02768528041745731,0.02700615089160151,0.026327021365745714,cov_halflife=60
blend,mv,2020-01-31,2020-02-29,-0.005310847767891617,0.6253848875305223,False,1.4344606510551743,-0.00593623265542214,-0.006561617542952662,-0.007187002430483184,cov_halflife=60
blend,mv,2020-02-29,2020-03-31,0.03791854329469547,0.7342072342857685,False,1.1703131781582932,0.0371843360604097,0.03645012882612393,0.03571592159183816,cov_halflife=60
blend,mv,2020-03-31,2020-04-30,0.020651792210509008,0.5898777454380247,False,1.2509095814675557,0.020061914465070982,0.01947203671963296,0.018882158974194933,cov_halflife=60
blend,mv,2020-04-30,2020-05-31,0.0008893469593469107,0.999240053938301,False,0.8425982282899178,-0.0001098930945913904,-0.0011091331485296916,-0.002108373202467992,cov_halflife=60
blend,mv,2020-05-31,2020-06-30,0.013532434259541095,0.513675854792209,False,0.9872089980864384,0.013018758404748886,0.012505082549956676,0.011991406695164467,cov_halflife=60
blend,mv,2020-06-30,2020-07-31,0.028333849139838094,0.3374275125292351,False,1.0437115789986593,0.027996421627308858,0.027658994114779623,0.027321566602250387,cov_halflife=60
blend,mv,2020-07-31,2020-08-31,0.04283034577853517,0.35047207532607516,False,1.08992047673814,0.042479873703209096,0.04212940162788302,0.041778929552556944,cov_halflife=60
blend,mv,2020-08-31,2020-09-30,-0.010233547156957708,0.3548496809059705,False,1.0220317362061282,-0.01058839683786368,-0.010943246518769649,-0.01129809619967562,cov_halflife=60
blend,mv,2020-09-30,2020-10-31,-0.015139294109777605,0.314985680389521,False,0.9834047943438268,-0.015454279790167126,-0.015769265470556647,-0.016084251150946166,cov_halflife=60
blend,mv,2020-10-31,2020-11-30,-0.02685454713763116,0.334109862892017,False,0.994903155670525,-0.027188657000523177,-0.027522766863415194,-0.02785687672630721,cov_halflife=60
blend,mv,2020-11-30,2020-12-31,0.012085284803092088,0.5340789231627823,False,0.9613567528362,0.011551205879929305,0.011017126956766522,0.010483048033603741,cov_halflife=60
blend,mv,2020-12-31,2021-01-31,0.021579086550876377,0.4001223173849587,False,1.1336991835849393,0.02117896423349142,0.02077884191610646,0.0203787195987215,cov_halflife=60
blend,mv,2021-01-31,2021-02-28,-0.038700933807330806,0.45393355050555834,False,1.0680594274406974,-0.03915486735783637,-0.03960880090834192,-0.04006273445884748,cov_halflife=60
blend,mv,2021-02-28,2021-03-31,-0.039201194062735714,0.42883516256381454,False,0.9594417934459948,-0.039630029225299526,-0.040058864387863345,-0.04048769955042716,cov_halflife=60
blend,mv,2021-03-31,2021-04-30,0.007618992506404018,0.6273955777545671,False,0.7691609689218987,0.006991596928649451,0.006364201350894884,0.005736805773140317,cov_halflife=60
blend,mv,2021-04-30,2021-05-31,-0.014464723723539507,0.39618308013670295,False,0.8031042036051722,-0.014860906803676209,-0.015257089883812913,-0.015653272963949614,cov_halflife=60
blend,mv,2021-05-31,2021-06-30,-0.0029062933372851255,0.2843055734776724,False,0.8286572321857377,-0.003190598910762798,-0.0034749044842404702,-0.0037592100577181426,cov_halflife=60
blend,mv,2021-06-30,2021-07-31,0.012609103952117189,0.3163565421318376,False,0.9222396952440757,0.012292747409985351,0.011976390867853513,0.011660034325721677,cov_halflife=60
blend,mv,2021-07-31,2021-08-31,0.004283959453691192,0.47134597971663866,False,0.8203045108833573,0.003812613473974553,0.0033412674942579143,0.002869921514541276,cov_halflife=60
blend,mv,2021-08-31,2021-09-30,-0.010485483048561952,0.5189768383721695,False,0.9082665562081352,-0.011004459886934121,-0.01152343672530629,-0.01204241356367846,cov_halflife=60
blend,mv,2021-09-30,2021-10-31,0.006612571091240263,0.452817569238284,False,0.8936973194944293,0.0061597535220019786,0.005706935952763695,0.005254118383525411,cov_halflife=60
blend,mv,2021-10-31,2021-11-30,-0.00429289100951094,0.5141617068870582,False,0.9993914309541657,-0.004807052716397998,-0.005321214423285056,-0.005835376130172114,cov_halflife=60
blend,mv,2021-11-30,2021-12-31,-0.002805965766100287,0.5381457731432849,False,1.0897856130229144,-0.003344111539243572,-0.003882257312386857,-0.004420403085530142,cov_halflife=60
blend,mv,2021-12-31,2022-01-31,0.011456667304669464,0.5555518540753486,False,1.070111787693885,0.010901115450594115,0.010345563596518767,0.009790011742443417,cov_halflife=60
blend,mv,2022-01-31,2022-02-28,0.014658595037579,0.6265819533082564,False,1.1478223146609823,0.014032013084270744,0.013405431130962488,0.012778849177654232,cov_halflife=60
blend,mv,2022-02-28,2022-03-31,0.030118051097600157,0.7077352725925699,False,1.2078425767772567,0.029410315825007586,0.02870258055241502,0.027994845279822447,cov_halflife=60
blend,mv,2022-03-31,2022-04-30,0.021593647878953987,0.6027836840256054,False,1.0243610303529602,0.02099086419492838,0.020388080510902774,0.01978529682687717,cov_halflife=60
blend,mv,2022-04-30,2022-05-31,0.0007145741651459261,0.3453630272964404,False,0.8181939586025878,0.0003692111378494856,2.384811055304516e-05,-0.00032151491674339524,cov_halflife=60
blend,mv,2022-05-31,2022-06-30,0.005290228755834385,0.3706191937383272,False,0.9288460375417439,0.004919609562096057,0.004548990368357731,0.004178371174619403,cov_halflife=60
blend,mv,2022-06-30,2022-07-31,0.0015090654284234575,0.309831743934669,False,0.8415084182151693,0.0011992336844887884,0.0008894019405541195,0.0005795701966194505,cov_halflife=60
blend,mv,2022-07-31,2022-08-31,0.02699938846437713,0.3963472062444778,False,0.9285965765909368,0.02660304125813265,0.026206694051888173,0.025810346845643695,cov_halflife=60
blend,mv,2022-08-31,2022-09-30,0.00781355897276089,0.2867176507624682,False,0.9644430085336138,0.007526841321998421,0.0072401236712359525,0.0069534060204734845,cov_halflife=60
blend,mv,2022-09-30,2022-10-31,0.015605070137199244,0.24553865833682104,False,0.9387756075795569,0.015359531478862423,0.015113992820525602,0.014868454162188781,cov_halflife=60
blend,mv,2022-10-31,2022-11-30,-0.021725988800811325,0.40769828007682424,False,0.9711845374351686,-0.02213368708088815,-0.022541385360964974,-0.022949083641041798,cov_halflife=60
blend,mv,2022-11-30,2022-12-31,-0.00026905760732564394,0.3622424900717338,False,0.8774114430429453,-0.0006313000973973777,-0.0009935425874691116,-0.0013557850775408452,cov_halflife=60
blend,mv,2022-12-31,2023-01-31,-0.03586057673487619,0.26010861960177095,False,0.8566439497936914,-0.03612068535447796,-0.036380793974079735,-0.0366409025936815,cov_halflife=60
blend,mv,2023-01-31,2023-02-28,0.005671763088220079,0.367778350230021,False,0.9248874605472809,0.005303984737990057,0.004936206387760036,0.004568428037530016,cov_halflife=60
blend,mv,2023-02-28,2023-03-31,-0.007781879257183633,0.406560410811946,False,1.0093291081776359,-0.00818843966799558,-0.008595000078807525,-0.00900156048961947,cov_halflife=60
blend,mv,2023-03-31,2023-04-30,0.012279757569217257,0.595052538429197,False,1.0653777342994861,0.01168470503078806,0.011089652492358864,0.010494599953929666,cov_halflife=60
blend,mv,2023-04-30,2023-05-31,0.022678117509843814,0.710583341738971,False,1.1564816555499506,0.021967534168104843,0.02125695082636587,0.0205463674846269,cov_halflife=60
blend,mv,2023-05-31,2023-06-30,-0.002845649326740378,0.6233253800712764,False,1.1537916898951015,-0.003468974706811654,-0.004092300086882931,-0.004715625466954207,cov_halflife=60
blend,mv,2023-06-30,2023-07-31,-0.007810051315312007,0.6417970780973293,False,1.111864059457388,-0.008451848393409336,-0.009093645471506664,-0.009735442549603995,cov_halflife=60
blend,mv,2023-07-31,2023-08-31,0.002241976588863251,0.5333181744434369,False,1.312608352374198,0.001708658414419814,0.001175340239976377,0.0006420220655329401,cov_halflife=60
blend,mv,2023-08-31,2023-09-30,-0.014077294327330615,0.5196661589082874,False,1.2313805096900827,-0.014596960486238902,-0.01511662664514719,-0.015636292804055478,cov_halflife=60
blend,mv,2023-09-30,2023-10-31,0.019205278587954934,0.5637169385742026,False,1.2367177814778163,0.01864156164938073,0.018077844710806527,0.017514127772232328,cov_halflife=60
blend,mv,2023-10-31,2023-11-30,0.022953491820192753,0.6187894018169187,False,1.2248374011241339,0.022334702418375835,0.021715913016558917,0.021097123614741996,cov_halflife=60
blend,mv,2023-11-30,2023-12-31,-0.011121396629224107,0.7472949273060635,False,1.36399509516042,-0.011868691556530172,-0.012615986483836234,-0.013363281411142298,cov_halflife=60
blend,mv,2023-12-31,2024-01-31,0.021623757165299184,0.7315504024916248,False,1.0442510667083096,0.02089220676280756,0.020160656360315936,0.019429105957824308,cov_halflife=60
blend,mv,2024-01-31,2024-02-29,0.007130933242665245,0.5236010320524447,False,1.0946271456827479,0.0066073322106128,0.006083731178560356,0.005560130146507912,cov_halflife=60
blend,mv,2024-02-29,2024-03-31,-0.014162452862501862,0.423994550920994,False,1.1096154979910782,-0.014586447413422856,-0.01501044196434385,-0.015434436515264844,cov_halflife=60
blend,mv,2024-03-31,2024-04-30,-0.017170350321270154,0.4393891095791952,False,1.1317353349867552,-0.01760973943084935,-0.018049128540428543,-0.018488517650007738,cov_halflife=60
blend,mv,2024-04-30,2024-05-31,0.012657884064683784,0.47128629715742604,False,1.1604364905763502,0.012186597767526357,0.011715311470368932,0.011244025173211505,cov_halflife=60
blend,mv,2024-05-31,2024-06-30,0.0013308835551059334,0.5877907807840415,False,1.1504934617488305,0.0007430927743218919,0.00015530199353785035,-0.00043248878724619095,cov_halflife=60
blend,mv,2024-06-30,2024-07-31,-0.009154107994013625,0.511928223371664,False,1.2094002303685039,-0.009666036217385288,-0.010177964440756953,-0.010689892664128616,cov_halflife=60
blend,mv,2024-07-31,2024-08-31,0.003256145625650072,0.571582807129509,False,1.284206255978371,0.0026845628185205627,0.002112980011391054,0.0015413972042615447,cov_halflife=60
blend,mv,2024-08-31,2024-09-30,-0.002994780001614012,0.7631740097389015,False,1.3790279973428667,-0.0037579540113529134,-0.004521128021091815,-0.005284302030830717,cov_halflife=60
blend,mv,2024-09-30,2024-10-31,-0.0008679425884054545,0.5159214020602844,False,1.2400197909966297,-0.0013838639904657389,-0.0018997853925260232,-0.0024157067945863074,cov_halflife=60
blend,mv,2024-10-31,2024-11-30,0.005811335630952376,0.5900386295874361,False,1.2166255093866567,0.00522129700136494,0.004631258371777504,0.004041219742190068,cov_halflife=60
blend,mv,2024-11-30,2024-12-31,-0.006910598090388479,0.6336332520214517,False,1.2935909167480324,-0.007544231342409931,-0.008177864594431383,-0.008811497846452835,cov_halflife=60
blend,mv,2024-12-31,2025-01-31,0.017045093647015227,0.7366574622685718,False,1.3913584503352088,0.016308436184746655,0.015571778722478084,0.014835121260209512,cov_halflife=60
blend,mv,2025-01-31,2025-02-28,-0.004406739041264074,0.6480668978370199,False,1.1737615733589328,-0.0050548059391010945,-0.005702872836938114,-0.006350939734775134,cov_halflife=60
blend,mv,2025-02-28,2025-03-31,0.008421273780983049,0.5325490187850515,False,1.2365341859976149,0.007888724762197997,0.007356175743412946,0.006823626724627894,cov_halflife=60
blend,mv,2025-03-31,2025-04-30,0.026908460023048694,0.5098456035225307,False,1.252960491330059,0.02639861441952616,0.025888768816003632,0.0253789232124811,cov_halflife=60
blend,mv,2025-04-30,2025-05-31,0.015102170350313963,0.5472787395886497,False,1.3863421214723968,0.014554891610725314,0.014007612871136664,0.013460334131548015,cov_halflife=60
blend,mv,2025-05-31,2025-06-30,-0.007939738117374204,0.513483802976684,False,1.2659254265126885,-0.008453221920350888,-0.008966705723327572,-0.009480189526304255,cov_halflife=60
blend,mv,2025-06-30,2025-07-31,-0.024155123188379056,0.640041810455795,False,1.2200377020311868,-0.02479516499883485,-0.025435206809290647,-0.02607524861974644,cov_halflife=60
blend,mv,2025-07-31,2025-08-31,-0.012558194810660074,0.5197723951057152,False,1.2174449845671895,-0.01307796720576579,-0.013597739600871505,-0.01411751199597722,cov_halflife=60
blend,mv,2025-08-31,2025-09-30,0.02272163406173366,0.5488614676496394,False,1.3106340511559533,0.022172772594084022,0.021623911126434383,0.021075049658784744,cov_halflife=60
blend,mv,2025-09-30,2025-10-31,0.0028966558801451,0.4909705140701859,False,1.2277264155439727,0.002405685366074914,0.0019147148520047284,0.0014237443379345426,cov_halflife=60
blend,mv,2025-10-31,2025-11-30,-0.006322878356073275,0.605123382888164,False,1.0906660640776074,-0.0069280017389614385,-0.007533125121849603,-0.008138248504737766,cov_halflife=60
blend,mv,2025-11-30,2025-12-31,0.003770771972116332,0.5818053708025858,False,1.1324391431176686,0.003188966601313746,0.0026071612305111603,0.0020253558597085747,cov_halflife=60
blend,mv,2025-12-31,2026-01-31,0.0126797876441521,0.5669767643626387,False,1.2532923779694534,0.01211281087978946,0.011545834115426822,0.010978857351064183,cov_halflife=60
blend,mv,1995-01-31,1995-02-28,0.008591477246269538,0.9453106878844274,True,0.9453106878844274,0.00764616655838511,0.006700855870500683,0.005755545182616256,target_active_risk=0.03
blend,mv,1995-02-28,1995-03-31,-0.0013777069929161046,0.5441407974353728,False,0.9057738287113943,-0.0019218477903514774,-0.00246598858778685,-0.0030101293852222233,target_active_risk=0.03
blend,mv,1995-03-31,1995-04-30,0.017747778997048654,0.41210022167312943,False,0.9175315168409924,0.017335678775375524,0.016923578553702395,0.016511478332029265,target_active_risk=0.03
blend,mv,1995-04-30,1995-05-31,-0.0003790250555192635,0.43992417396439726,False,0.9942519080199681,-0.0008189492294836608,-0.0012588734034480581,-0.0016987975774124552,target_active_risk=0.03
blend,mv,1995-05-31,1995-06-30,0.009691934807959872,0.5159114070082588,False,0.9812368806374596,0.009176023400951612,0.008660111993943355,0.008144200586935095,target_active_risk=0.03
blend,mv,1995-06-30,1995-07-31,0.000528283234505449,0.37101183300259355,False,0.9837518562656384,0.00015727140150285538,-0.0002137404314997382,-0.0005847522645023317,target_active_risk=0.03
blend,mv,1995-07-31,1995-08-31,-0.0012302188361520846,0.4332821738829144,False,0.8841331318867232,-0.001663501010034999,-0.0020967831839179135,-0.0025300653578008278,target_active_risk=0.03
blend,mv,1995-08-31,1995-09-30,0.012506244873607589,0.40566967065965753,False,0.9301842678232314,0.012100575202947932,0.011694905532288274,0.011289235861628616,target_active_risk=0.03
blend,mv,1995-09-30,1995-10-31,0.020438959452889847,0.3812301730046852,False,0.9111261967634885,0.02005772927988516,0.019676499106880477,0.01929526893387579,target_active_risk=0.03
blend,mv,1995-10-31,1995-11-30,-0.014263822438655838,0.4626983081473425,False,0.9338755054695929,-0.01472652074680318,-0.015189219054950524,-0.015651917363097866,target_active_risk=0.03
blend,mv,1995-11-30,1995-12-31,-0.001559875836749821,0.37613741669656114,False,0.8694259148535132,-0.0019360132534463823,-0.0023121506701429435,-0.0026882880868395044,target_active_risk=0.03
blend,mv,1995-12-31,1996-01-31,0.003108397766069939,0.4468718762517595,False,1.0037235173165822,0.0026615258898181793,0.00221465401356642,0.0017677821373146604,target_active_risk=0.03
blend,mv,1996-01-31,1996-02-29,0.0035208509404197276,0.4349654758207582,False,0.9849435337902332,0.0030858854645989696,0.002650919988778211,0.002215954512957453,target_active_risk=0.03
blend,mv,1996-02-29,1996-03-31,-0.013902305577122227,0.4376673174078449,False,0.9824050200888202,-0.014339972894530073,-0.014777640211937917,-0.015215307529345762,target_active_risk=0.03
blend,mv,1996-03-31,1996-04-30,-0.005906503625904961,0.4194962437982924,False,1.0380576591696813,-0.0063259998697032535,-0.006745496113501546,-0.007164992357299838,target_active_risk=0.03
blend,mv,1996-04-30,1996-05-31,-0.0007352750857378696,0.517063943394617,False,1.0452983058955427,-0.0012523390291324867,-0.0017694029725271036,-0.0022864669159217204,target_active_risk=0.03
blend,mv,1996-05-31,1996-06-30,-0.0025873885148907476,0.558863338314077,False,1.1044860121645974,-0.0031462518532048246,-0.0037051151915189016,-0.004263978529832979,target_active_risk=0.03
blend,mv,1996-06-30,1996-07-31,0.006839202687438282,0.5312223696544901,False,1.1851669044916522,0.006307980317783792,0.005776757948129301,0.005245535578474811,target_active_risk=0.03
blend,mv,1996-07-31,1996-08-31,0.002495560112941866,0.4665361198790534,False,1.0622188492454743,0.0020290239930628126,0.001562487873183759,0.0010959517533047057,target_active_risk=0.03
blend,mv,1996-08-31,1996-09-30,0.004392040659645851,0.48855048614545293,False,1.0913052466716227,0.003903490173500398,0.003414939687354945,0.002926389201209492,target_active_risk=0.03
blend,mv,1996-09-30,1996-10-31,0.00354435764319988,0.6145289795047507,False,1.111432884534486,0.002929828663695129,0.0023152996841903782,0.0017007707046856277,target_active_risk=0.03
blend,mv,1996-10-31,1996-11-30,-0.006094772212442886,0.621996545544671,False,1.139042014408432,-0.006716768757987557,-0.007338765303532228,-0.0079607618490769,target_active_risk=0.03
blend,mv,1996-11-30,1996-12-31,0.0032941898811212774,0.5913051449953778,False,1.105641122561616,0.0027028847361259,0.002111579591130522,0.001520274446135144,target_active_risk=0.03
blend,mv,1996-12-31,1997-01-31,0.015062684692548144,0.5812206499181245,False,1.127647457172682,0.014481464042630019,0.013900243392711894,0.01331902274279377,target_active_risk=0.03
blend,mv,1997-01-31,1997-02-28,-0.011958994755571667,0.5540123843931637,False,1.0113259229422067,-0.012513007139964831,-0.013067019524357994,-0.013621031908751158,target_active_risk=0.03
blend,mv,1997-02-28,1997-03-31,0.006930574489706553,0.5470126644655345,False,0.9608443051948639,0.006383561825241019,0.005836549160775484,0.00528953649630995,target_active_risk=0.03
blend,mv,1997-03-31,1997-04-30,0.0087969028168113,0.5507171801746465,False,1.0442779690324255,0.008246185636636653,0.007695468456462007,0.00714475127628736,target_active_risk=0.03
blend,mv,1997-04-30,1997-05-31,-0.00119344854239117,0.557730110256352,False,1.0428330816494091,-0.001751178652647522,-0.002308908762903874,-0.002866638873160226,target_active_risk=0.03
blend,mv,1997-05-31,1997-06-30,0.008076622103761883,0.5368471583062812,False,0.999856401565392,0.007539774945455602,0.0070029277871493205,0.006466080628843039,target_active_risk=0.03
blend,mv,1997-06-30,1997-07-31,0.033216102003123894,0.5248389768006646,False,1.002824768238586,0.032691263026323227,0.032166424049522566,0.0316415850727219,target_active_risk=0.03
blend,mv,1997-07-31,1997-08-31,-0.017686315539855117,0.5206147235851782,False,0.9698975901060286,-0.018206930263440294,-0.018727544987025474,-0.01924815971061065,target_active_risk=0.03
blend,mv,1997-08-31,1997-09-30,-0.0007298477717050745,0.5486278518744748,False,0.8201820703685362,-0.0012784756235795494,-0.001827103475454024,-0.0023757313273284992,target_active_risk=0.03
blend,mv,1997-09-30,1997-10-31,0.010303562293621562,0.5453278752570614,False,0.9924057943733279,0.0097582344183645,0.009212906543107439,0.008667578667850378,target_active_risk=0.03
blend,mv,1997-10-31,1997-11-30,0.00012269660973825277,0.5757277569896174,False,1.0521779363741104,-0.00045303114725136465,-0.001028758904240982,-0.0016044866612305996,target_active_risk=0.03
blend,mv,1997-11-30,1997-12-31,0.007256896757420421,0.5363630266197088,False,0.9322290222266127,0.006720533730800712,0.0061841707041810036,0.005647807677561295,target_active_risk=0.03
blend,mv,1997-12-31,1998-01-31,0.004661965554956902,0.6652937479799379,False,0.9808272153695022,0.003996671806976965,0.0033313780589970263,0.0026660843110170884,target_active_risk=0.03
blend,mv,1998-01-31,1998-02-28,-0.0027667100266165756,0.5554122313801604,False,0.8624870507583581,-0.0033221222579967362,-0.0038775344893768964,-0.004432946720757057,target_active_risk=0.03
blend,mv,1998-02-28,1998-03-31,-0.0006366294682135673,0.6064128178043527,False,0.8949940783901539,-0.00124304228601792,-0.0018494551038222727,-0.0024558679216266257,target_active_risk=0.03
blend,mv,1998-03-31,1998-04-30,-0.010929479627692865,0.5230183150134725,False,0.9592008572580266,-0.011452497942706337,-0.011975516257719811,-0.012498534572733283,target_active_risk=0.03
blend,mv,1998-04-30,1998-05-31,0.01468774276518695,0.4677760138617274,False,0.9934360594732835,0.014219966751325223,0.013752190737463496,0.013284414723601768,target_active_risk=0.03
blend,mv,1998-05-31,1998-06-30,0.03241142165657241,0.43177835475142107,False,0.9797004890072579,0.03197964330182099,0.03154786494706957,0.031116086592318147,target_active_risk=0.03
blend,mv,1998-06-30,1998-07-31,0.013889624987116104,0.524008235524829,False,0.8983259332654759,0.013365616751591276,0.012841608516066446,0.012317600280541617,target_active_risk=0.03
blend,mv,1998-07-31,1998-08-31,0.00628125869940607,0.4065628341018068,False,0.8176996367299088,0.005874695865304263,0.0054681330312024564,0.00506157019710065,target_active_risk=0.03
blend,mv,1998-08-31,1998-09-30,-0.023674081431947512,0.32733512964563294,False,0.7562172424840043,-0.024001416561593145,-0.024328751691238777,-0.02465608682088441,target_active_risk=0.03
blend,mv,1998-09-30,1998-10-31,-0.011902354738999865,0.4977423588116633,False,0.7142478364440599,-0.012400097097811529,-0.012897839456623192,-0.013395581815434855,target_active_risk=0.03
blend,mv,1998-10-31,1998-11-30,0.006296888863740595,0.362631451535972,False,0.781542469734151,0.005934257412204623,0.005571625960668651,0.005208994509132679,target_active_risk=0.03
blend,mv,1998-11-30,1998-12-31,0.028914587715742075,0.3614770042913906,False,0.8420030358417601,0.028553110711450686,0.028191633707159294,0.027830156702867904,target_active_risk=0.03
blend,mv,1998-12-31,1999-01-31,0.027839086092819737,0.36931926230067763,False,0.7538489601769571,0.02746976683051906,0.027100447568218382,0.026731128305917704,target_active_risk=0.03
blend,mv,1999-01-31,1999-02-28,-0.005434417609264607,0.4027242607949225,False,0.7242613571913561,-0.005837141870059529,-0.0062398661308544524,-0.006642590391649375,target_active_risk=0.03
blend,mv,1999-02-28,1999-03-31,0.007907989464171667,0.3511989080933473,False,0.6760533550289047,0.0075567905560783195,0.007205591647984972,0.006854392739891625,target_active_risk=0.03
blend,mv,1999-03-31,1999-04-30,-0.030881878382599905,0.3032600600640808,False,0.7301822508612198,-0.031185138442663986,-0.03148839850272807,-0.03179165856279215,target_active_risk=0.03
blend,mv,1999-04-30,1999-05-31,-0.0031533384114817323,0.42283632374956065,False,0.7277972487983704,-0.003576174735231293,-0.003999011058980853,-0.004421847382730415,target_active_risk=0.03
blend,mv,1999-05-31,1999-06-30,0.01735416933329509,0.3885188247862181,False,0.8013661984787076,0.01696565050850887,0.016577131683722653,0.016188612858936434,target_active_risk=0.03
blend,mv,1999-06-30,1999-07-31,0.009760896410503662,0.37620442884038224,False,0.8373158881074146,0.009384691981663279,0.009008487552822898,0.008632283123982516,target_active_risk=0.03
blend,mv,1999-07-31,1999-08-31,0.005930227590071556,0.3752927800686364,False,0.8394364473448602,0.005554934810002919,0.005179642029934282,0.004804349249865647,target_active_risk=0.03
blend,mv,1999-08-31,1999-09-30,0.01401124548482264,0.35867019821659535,False,0.7660174848114439,0.013652575286606045,0.01329390508838945,0.012935234890172854,target_active_risk=0.03
blend,mv,1999-09-30,1999-10-31,0.021367388401343685,0.3156452486248392,False,0.7255969103406607,0.021051743152718846,0.020736097904094006,0.020420452655469167,target_active_risk=0.03
blend,mv,1999-10-31,1999-11-30,0.011892094967129185,0.41208517182186033,False,0.7076069163276866,0.011480009795307325,0.011067924623485464,0.010655839451663604,target_active_risk=0.03
blend,mv,1999-11-30,1999-12-31,0.027791152703324593,0.31754640191679295,False,0.6783408594246537,0.0274736063014078,0.027156059899491006,0.026838513497574212,target_active_risk=0.03
blend,mv,1999-12-31,2000-01-31,-0.004570257177973131,0.36444946841578124,False,0.6676229388809853,-0.0049347066463889125,-0.005299156114804694,-0.005663605583220475,target_active_risk=0.03
blend,mv,2000-01-31,2000-02-29,0.032649132054015186,0.3235511816817415,False,0.7110664173743195,0.03232558087233344,0.032002029690651704,0.03167847850896996,target_active_risk=0.03
blend,mv,2000-02-29,2000-03-31,0.0013871007327308153,0.3141606970192573,False,0.6622376588151337,0.001072940035711558,0.0007587793386923007,0.0004446186416730434,target_active_risk=0.03
blend,mv,2000-03-31,2000-04-30,-0.017958972406263495,0.36378078164251987,False,0.614109496232127,-0.018322753187906014,-0.018686533969548533,-0.019050314751191056,target_active_risk=0.03
blend,mv,2000-04-30,2000-05-31,-0.012398910911182365,0.3430280205311455,False,0.5522415150104678,-0.01274193893171351,-0.013084966952244656,-0.013427994972775801,target_active_risk=0.03
blend,mv,2000-05-31,2000-06-30,0.019745511693784676,0.3311395720633857,False,0.6741417945400795,0.01941437212172129,0.019083232549657905,0.018752092977594517,target_active_risk=0.03
blend,mv,2000-06-30,2000-07-31,-0.006309254852659071,0.25913394580569526,False,0.7075204099171714,-0.006568388798464766,-0.006827522744270462,-0.007086656690076157,target_active_risk=0.03
blend,mv,2000-07-31,2000-08-31,0.022411465486643533,0.2966764776235636,False,0.6911287116962384,0.022114789009019968,0.021818112531396407,0.021521436053772842,target_active_risk=0.03
blend,mv,2000-08-31,2000-09-30,-0.0003879590726561563,0.3663124312237873,False,0.6722033476140281,-0.0007542715038799437,-0.001120583935103731,-0.0014868963663275182,target_active_risk=0.03
blend,mv,2000-09-30,2000-10-31,-0.009350859028675832,0.27420262974262316,False,0.6965634708910747,-0.009625061658418456,-0.009899264288161078,-0.010173466917903702,target_active_risk=0.03
blend,mv,2000-10-31,2000-11-30,-0.014068009417884098,0.2733648142548675,False,0.6889570937453842,-0.014341374232138967,-0.014614739046393833,-0.014888103860648701,target_active_risk=0.03
blend,mv,2000-11-30,2000-12-31,0.0005753021852194758,0.2964600467674252,False,0.7050471052974094,0.00027884213845205056,-1.7617908315374674e-05,-0.0003140779550827998,target_active_risk=0.03
blend,mv,2000-12-31,2001-01-31,-0.03767388811214826,0.32728488478875295,False,0.7170026510595033,-0.03800117299693701,-0.038328457881725765,-0.03865574276651452,target_active_risk=0.03
blend,mv,2001-01-31,2001-02-28,0.004396190174395726,0.3953097412985658,False,0.664521302090229,0.00400088043309716,0.003605570691798594,0.003210260950500028,target_active_risk=0.03
blend,mv,2001-02-28,2001-03-31,0.005491922925404249,0.30865320135849467,False,0.6443329403787438,0.005183269724045754,0.004874616522687259,0.004565963321328765,target_active_risk=0.03
blend,mv,2001-03-31,2001-04-30,-0.00023993870191554005,0.34909471162594247,False,0.6074879138659856,-0.0005890334135414825,-0.0009381281251674249,-0.0012872228367933674,target_active_risk=0.03
blend,mv,2001-04-30,2001-05-31,0.004371361803431437,0.34578062034494733,False,0.6344139847607377,0.004025581183086489,0.003679800562741542,0.0033340199423965945,target_active_risk=0.03
blend,mv,2001-05-31,2001-06-30,0.003972198748202393,0.39995593483836567,False,0.6667622679153712,0.0035722428133640274,0.003172286878525662,0.0027723309436872958,target_active_risk=0.03
blend,mv,2001-06-30,2001-07-31,0.004251920170580634,0.37191812364540666,False,0.6942601102990029,0.0038800020469352274,0.003508083923289821,0.003136165799644414,target_active_risk=0.03
blend,mv,2001-07-31,2001-08-31,0.000811445987441067,0.39659838909065276,False,0.5954301896358067,0.0004148475983504142,1.824920925976145e-05,-0.0003783491798308912,target_active_risk=0.03
blend,mv,2001-08-31,2001-09-30,0.014933559854850703,0.3304239708437292,False,0.5897708799742432,0.014603135884006973,0.014272711913163245,0.013942287942319515,target_active_risk=0.03
blend,mv,2001-09-30,2001-10-31,-0.006252604273909003,0.35145004123112633,False,0.5475144717473823,-0.00660405431514013,-0.006955504356371256,-0.0073069543976023825,target_active_risk=0.03
blend,mv,2001-10-31,2001-11-30,-0.01795364945618834,0.30381994692748254,False,0.489761570419884,-0.01825746940311582,-0.018561289350043305,-0.018865109296970786,target_active_risk=0.03
blend,mv,2001-11-30,2001-12-31,0.009211367437335354,0.2651859253309076,False,0.5561041490296794,0.008946181512004447,0.008680995586673538,0.00841580966134263,target_active_risk=0.03
blend,mv,2001-12-31,2002-01-31,0.01439858026506836,0.3050195742955169,False,0.5891336673522131,0.014093560690772843,0.013788541116477327,0.01348352154218181,target_active_risk=0.03
blend,mv,2002-01-31,2002-02-28,0.011649458950737063,0.296075339770242,False,0.6092546053879724,0.011353383610966822,0.01105730827119658,0.010761232931426338,target_active_risk=0.03
blend,mv,2002-02-28,2002-03-31,0.005530426814718064,0.2958403397438105,False,0.6437569340654329,0.005234586474974253,0.004938746135230442,0.004642905795486632,target_active_risk=0.03
blend,mv,2002-03-31,2002-04-30,0.02005567829456845,0.29804337992661045,False,0.5721234087107075,0.01975763491464184,0.01945959153471523,0.01916154815478862,target_active_risk=0.03
blend,mv,2002-04-30,2002-05-31,0.0049551138032940265,0.23056170907257392,False,0.5839714539780737,0.004724552094221453,0.004493990385148879,0.004263428676076305,target_active_risk=0.03
blend,mv,2002-05-31,2002-06-30,0.0004942657138204259,0.233675685450239,False,0.5771527268637949,0.00026059002837018684,2.6914342919947816e-05,-0.0002067613425302912,target_active_risk=0.03
blend,mv,2002-06-30,2002-07-31,-0.010513683502209364,0.19179896093023757,False,0.5404348530406429,-0.010705482463139602,-0.010897281424069838,-0.011089080385000076,target_active_risk=0.03
blend,mv,2002-07-31,2002-08-31,0.017180742912486904,0.23166173912243498,False,0.5326064778640655,0.01694908117336447,0.016717419434242035,0.0164857576951196,target_active_risk=0.03
blend,mv,2002-08-31,2002-09-30,0.01679661573977299,0.25833499240604124,False,0.5943584991113086,0.01653828074736695,0.016279945754960907,0.016021610762554865,target_active_risk=0.03
blend,mv,2002-09-30,2002-10-31,-0.013591798832164676,0.24656381725764437,False,0.6428756037344562,-0.013838362649422321,-0.014084926466679965,-0.014331490283937608,target_active_risk=0.03
blend,mv,2002-10-31,2002-11-30,-0.020334668229974807,0.2980408846483052,False,0.6297757344261455,-0.020632709114623112,-0.020930749999271418,-0.021228790883919723,target_active_risk=0.03
blend,mv,2002-11-30,2002-12-31,0.013394881852005694,0.2707180383387192,False,0.5676510945087914,0.013124163813666975,0.012853445775328256,0.012582727736989537,target_active_risk=0.03
blend,mv,2002-12-31,2003-01-31,-0.002250709673795478,0.22751599837265382,False,0.6001631440095027,-0.0024782256721681316,-0.0027057416705407854,-0.0029332576689134393,target_active_risk=0.03
blend,mv,2003-01-31,2003-02-28,-0.0027581531840753376,0.22142487996589455,False,0.5679958201310076,-0.002979578064041232,-0.0032010029440071265,-0.0034224278239730213,target_active_risk=0.03
blend,mv,2003-02-28,2003-03-31,-0.009350845497098768,0.2994080330708325,False,0.6731663822958209,-0.0096502535301696,-0.009949661563240434,-0.010249069596311266,target_active_risk=0.03
blend,mv,2003-03-31,2003-04-30,-0.005402247218007509,0.27387017477462544,False,0.7422533213216259,-0.0056761173927821346,-0.005949987567556761,-0.006223857742331386,target_active_risk=0.03
blend,mv,2003-04-30,2003-05-31,-0.013466596107075528,0.3715905908915017,False,0.7837458833312623,-0.01383818669796703,-0.01420977728885853,-0.014581367879750033,target_active_risk=0.03
blend,mv,2003-05-31,2003-06-30,-0.0005868902020983153,0.3244670011522222,False,0.766201426571368,-0.0009113572032505375,-0.0012358242044027596,-0.001560291205554982,target_active_risk=0.03
blend,mv,2003-06-30,2003-07-31,-0.003439800113895202,0.3168925120811479,False,0.719694541956048,-0.00375669262597635,-0.004073585138057498,-0.0043904776501386454,target_active_risk=0.03
blend,mv,2003-07-31,2003-08-31,-0.005747555364443799,0.31485713795642606,False,0.6621903044820552,-0.006062412502400224,-0.006377269640356651,-0.006692126778313077,target_active_risk=0.03
blend,mv,2003-08-31,2003-09-30,0.008608084584813457,0.38561222242391285,False,0.7081562154725998,0.008222472362389543,0.00783686013996563,0.007451247917541718,target_active_risk=0.03
blend,mv,2003-09-30,2003-10-31,0.012093868948322095,0.3561778894768243,False,0.5877528116590808,0.01173769105884527,0.011381513169368446,0.011025335279891623,target_active_risk=0.03
blend,mv,2003-10-31,2003-11-30,0.007616679600034193,0.3077340574928731,False,0.6204469369723138,0.00730894554254132,0.007001211485048447,0.006693477427555573,target_active_risk=0.03
blend,mv,2003-11-30,2003-12-31,-0.014876063943114158,0.3039550504340286,False,0.5969069481955294,-0.015180018993548186,-0.015483974043982215,-0.015787929094416245,target_active_risk=0.03
blend,mv,2003-12-31,2004-01-31,-0.007612719718049036,0.23889657356818572,False,0.5307699203172607,-0.007851616291617222,-0.008090512865185407,-0.008329409438753592,target_active_risk=0.03
blend,mv,2004-01-31,2004-02-29,0.005604412671182722,0.25749696861430205,False,0.5963906499610628,0.00534691570256842,0.005089418733954118,0.004831921765339815,target_active_risk=0.03
blend,mv,2004-02-29,2004-03-31,0.004952909548916923,0.3989894560450319,False,0.7083983632601163,0.004553920092871891,0.00415493063682686,0.0037559411807818275,target_active_risk=0.03
blend,mv,2004-03-31,2004-04-30,-0.020066142636165588,0.29042062354504244,False,0.6871066138983514,-0.02035656325971063,-0.02064698388325567,-0.020937404506800716,target_active_risk=0.03
blend,mv,2004-04-30,2004-05-31,0.0019303000923361058,0.2737574710291904,False,0.6456681423190447,0.0016565426213069154,0.001382785150277725,0.0011090276792485344,target_active_risk=0.03
blend,mv,2004-05-31,2004-06-30,0.0014220721269897212,0.48795086048526914,False,0.8479565974854714,0.000934121266504452,0.00044617040601918287,-4.1780454466086234e-05,target_active_risk=0.03
blend,mv,2004-06-30,2004-07-31,-0.010255753455957422,0.3600974194301742,False,0.7756870463414781,-0.010615850875387597,-0.01097594829481777,-0.011336045714247945,target_active_risk=0.03
blend,mv,2004-07-31,2004-08-31,-0.005162662786970414,0.38666610642165866,False,0.770549988504665,-0.005549328893392073,-0.005935994999813732,-0.0063226611062353905,target_active_risk=0.03
blend,mv,2004-08-31,2004-09-30,0.013398292832850272,0.4440507657809013,False,0.8295513639160258,0.01295424206706937,0.01251019130128847,0.012066140535507568,target_active_risk=0.03
blend,mv,2004-09-30,2004-10-31,-0.010552132897612206,0.41421138707848254,False,0.8081921841885605,-0.010966344284690689,-0.01138055567176917,-0.011794767058847654,target_active_risk=0.03
blend,mv,2004-10-31,2004-11-30,0.009625041289633075,0.3539936945607686,False,0.7755954672367215,0.009271047595072307,0.008917053900511538,0.00856306020595077,target_active_risk=0.03
blend,mv,2004-11-30,2004-12-31,-0.0005695613059736829,0.35803617638623964,False,0.8114697010592913,-0.0009275974823599226,-0.0012856336587461622,-0.0016436698351324018,target_active_risk=0.03
blend,mv,2004-12-31,2005-01-31,0.01647053066328437,0.37950283134631835,False,0.7405557155384362,0.01609102783193805,0.015711525000591732,0.015332022169245414,target_active_risk=0.03
blend,mv,2005-01-31,2005-02-28,0.01936533193149736,0.3878506689638667,False,0.7846795137339173,0.018977481262533496,0.018589630593569627,0.01820177992460576,target_active_risk=0.03
blend,mv,2005-02-28,2005-03-31,-0.0019682852312084176,0.4109981779354217,False,0.6972093171400291,-0.0023792834091438393,-0.002790281587079261,-0.0032012797650146827,target_active_risk=0.03
blend,mv,2005-03-31,2005-04-30,-0.0009215067218441865,0.30382816391803247,False,0.6185308728167729,-0.001225334885762219,-0.0015291630496802515,-0.001832991213598284,target_active_risk=0.03
blend,mv,2005-04-30,2005-05-31,0.004213758979799444,0.26296277894211123,False,0.6861336291120957,0.003950796200857332,0.0036878334219152212,0.0034248706429731096,target_active_risk=0.03
blend,mv,2005-05-31,2005-06-30,0.0075197683710414975,0.22185844143104785,False,0.7271473118463394,0.007297909929610449,0.007076051488179402,0.006854193046748354,target_active_risk=0.03
blend,mv,2005-06-30,2005-07-31,0.0010401506389547924,0.21280475849818115,False,0.7341267978813167,0.0008273458804566112,0.00061454112195843,0.00040173636346024896,target_active_risk=0.03
blend,mv,2005-07-31,2005-08-31,0.0007357005823229463,0.33677586355046596,False,0.6606524466572293,0.00039892471877248033,6.214885522201434e-05,-0.0002746270083284516,target_active_risk=0.03
blend,mv,2005-08-31,2005-09-30,0.002441924372777739,0.2651720062382002,False,0.6130849503627996,0.002176752366539539,0.0019115803603013386,0.0016464083540631384,target_active_risk=0.03
blend,mv,2005-09-30,2005-10-31,-0.011458438058059536,0.19847067119137946,False,0.6463623359157242,-0.011656908729250915,-0.011855379400442295,-0.012053850071633674,target_active_risk=0.03
blend,mv,2005-10-31,2005-11-30,-0.00219833889354649,0.30218212928085697,False,0.689170021270219,-0.002500521022827347,-0.0028027031521082038,-0.003104885281389061,target_active_risk=0.03
blend,mv,2005-11-30,2005-12-31,-0.0007909581231050751,0.29976497198395485,False,0.7042845190366108,-0.00109072309508903,-0.0013904880670729848,-0.0016902530390569396,target_active_risk=0.03
blend,mv,2005-12-31,2006-01-31,0.016890271644152265,0.2972455980115601,False,0.7395773182264098,0.016593026046140706,0.016295780448129144,0.015998534850117586,target_active_risk=0.03
blend,mv,2006-01-31,2006-02-28,-0.00817433211945454,0.3495255688812256,False,0.7266957844125246,-0.008523857688335764,-0.008873383257216991,-0.009222908826098216,target_active_risk=0.03
blend,mv,2006-02-28,2006-03-31,0.004802697028984915,0.33821456872493266,False,0.6997869178313605,0.0044644824602599826,0.00412626789153505,0.0037880533228101167,target_active_risk=0.03
blend,mv,2006-03-31,2006-04-30,0.014756553327434821,0.3142003376735486,False,0.8279741013217103,0.014442352989761272,0.014128152652087724,0.013813952314414174,target_active_risk=0.03
blend,mv,2006-04-30,2006-05-31,-0.014591088609784784,0.3540093848582593,False,0.7501424426178096,-0.014945097994643042,-0.015299107379501303,-0.015653116764359563,target_active_risk=0.03
blend,mv,2006-05-31,2006-06-30,0.00018302547829415373,0.3400179743392273,False,0.6314019183275947,-0.0001569924960450736,-0.0004970104703843009,-0.0008370284447235283,target_active_risk=0.03
blend,mv,2006-06-30,2006-07-31,-0.009493826102005345,0.28998132007499305,False,0.7298550843133969,-0.009783807422080338,-0.010073788742155332,-0.010363770062230325,target_active_risk=0.03
blend,mv,2006-07-31,2006-08-31,-0.00987580481195027,0.30809894482727473,False,0.7519486339381719,-0.010183903756777545,-0.01049200270160482,-0.010800101646432093,target_active_risk=0.03
blend,mv,2006-08-31,2006-09-30,0.0017526910943651342,0.32374431596648967,False,0.7667353601975262,0.0014289467783986445,0.0011052024624321549,0.0007814581464656652,target_active_risk=0.03
blend,mv,2006-09-30,2006-10-31,-0.0038815148559942247,0.36264310273503647,False,0.7627430928227807,-0.004244157958729261,-0.004606801061464298,-0.004969444164199335,target_active_risk=0.03
blend,mv,2006-10-31,2006-11-30,0.0027606655116724768,0.3624910796612233,False,0.8034614545619844,0.0023981744320112535,0.00203568335235003,0.0016731922726888069,target_active_risk=0.03
blend,mv,2006-11-30,2006-12-31,0.0021230541928993368,0.33885714603058054,False,0.8514947465986187,0.0017841970468687562,0.0014453399008381757,0.0011064827548075951,target_active_risk=0.03
blend,mv,2006-12-31,2007-01-31,0.006642558904757831,0.2609498450219421,False,0.8561076881758266,0.006381609059735889,0.006120659214713947,0.005859709369692005,target_active_risk=0.03
blend,mv,2007-01-31,2007-02-28,0.0011941039442310015,0.40373537787224273,False,0.784611866260315,0.0007903685663587588,0.00038663318848651605,-1.710218938572668e-05,target_active_risk=0.03
blend,mv,2007-02-28,2007-03-31,0.015054768374696544,0.36114876781784044,False,0.7992807911658799,0.014693619606878703,0.014332470839060864,0.013971322071243023,target_active_risk=0.03
blend,mv,2007-03-31,2007-04-30,-0.005518126731781802,0.3380158221375876,False,0.7960901333749467,-0.0058561425539193895,-0.006194158376056977,-0.006532174198194565,target_active_risk=0.03
blend,mv,2007-04-30,2007-05-31,0.00019324007619486413,0.3008652448874503,False,0.7519736055369162,-0.00010762516869258619,-0.0004084904135800365,-0.0007093556584674869,target_active_risk=0.03
blend,mv,2007-05-31,2007-06-30,-0.0006214933866880164,0.30453559150233356,False,0.7590753965976,-0.0009260289781903501,-0.0012305645696926836,-0.0015351001611950171,target_active_risk=0.03
blend,mv,2007-06-30,2007-07-31,0.0074180386208126696,0.3156635147270312,False,0.7620315134741232,0.007102375106085639,0.006786711591358607,0.006471048076631576,target_active_risk=0.03
blend,mv,2007-07-31,2007-08-31,-0.00386101448524661,0.3062619516125947,False,0.703313191294803,-0.004167276436859204,-0.004473538388471799,-0.0047798003400843945,target_active_risk=0.03
blend,mv,2007-08-31,2007-09-30,0.01081755364994154,0.3553479517969784,False,0.7416651000000849,0.010462205698144562,0.010106857746347583,0.009751509794550604,target_active_risk=0.03
blend,mv,2007-09-30,2007-10-31,0.006192385902289996,0.3905074688622069,False,0.8921464879037924,0.005801878433427789,0.005411370964565582,0.0050208634957033755,target_active_risk=0.03
blend,mv,2007-10-31,2007-11-30,-0.0014786919326588883,0.3956373575836656,False,0.8826122554420442,-0.001874329290242554,-0.0022699666478262197,-0.002665604005409885,target_active_risk=0.03
blend,mv,2007-11-30,2007-12-31,0.007143723057794666,0.3672106946899295,False,0.8600952926562279,0.0067765123631047365,0.006409301668414807,0.006042090973724878,target_active_risk=0.03
blend,mv,2007-12-31,2008-01-31,-0.013697065386661628,0.33949405895176077,False,0.8362152286971144,-0.014036559445613389,-0.01437605350456515,-0.01471554756351691,target_active_risk=0.03
blend,mv,2008-01-31,2008-02-29,0.03192825373839735,0.30405474066416865,False,0.7522731483628673,0.03162419899773318,0.03132014425706901,0.03101608951640484,target_active_risk=0.03
blend,mv,2008-02-29,2008-03-31,-0.006819807436901372,0.41111456590693085,False,0.8459832481561412,-0.007230922002808303,-0.007642036568715233,-0.008053151134622164,target_active_risk=0.03
blend,mv,2008-03-31,2008-04-30,0.00743169623934683,0.3054342368203441,False,0.7807373111335794,0.007126262002526486,0.006820827765706142,0.006515393528885798,target_active_risk=0.03
blend,mv,2008-04-30,2008-05-31,0.016049911642680603,0.2759086977057337,False,0.8739397968355928,0.015774002944974868,0.015498094247269136,0.015222185549563403,target_active_risk=0.03
blend,mv,2008-05-31,2008-06-30,0.03505423934522097,0.3235744015576436,False,0.8263861189997761,0.03473066494366333,0.03440709054210568,0.03408351614054804,target_active_risk=0.03
blend,mv,2008-06-30,2008-07-31,-0.013959512189800013,0.2736525871682131,False,0.7349381017469755,-0.014233164776968225,-0.01450681736413644,-0.014780469951304652,target_active_risk=0.03
blend,mv,2008-07-31,2008-08-31,-0.011332720828950225,0.3395161202724398,False,0.6425468448296938,-0.011672236949222665,-0.012011753069495106,-0.012351269189767545,target_active_risk=0.03
blend,mv,2008-08-31,2008-09-30,-0.020793322860390782,0.29449183004912827,False,0.6749593231337043,-0.02108781469043991,-0.021382306520489038,-0.02167679835053817,target_active_risk=0.03
blend,mv,2008-09-30,2008-10-31,0.023545071315504287,0.2751990787698277,False,0.7282073916007245,0.02326987223673446,0.02299467315796463,0.022719474079194803,target_active_risk=0.03
blend,mv,2008-10-31,2008-11-30,0.0013014415253718998,0.3920855965089846,False,0.7824691435511558,0.0009093559288629151,0.0005172703323539305,0.00012518473584494593,target_active_risk=0.03
blend,mv,2008-11-30,2008-12-31,-0.016241452926956102,0.3795058284206574,False,0.6998653359909569,-0.01662095875537676,-0.017000464583797417,-0.017379970412218074,target_active_risk=0.03
blend,mv,2008-12-31,2009-01-31,0.017661963899765758,0.3196269465643779,False,0.6747177375844178,0.01734233695320138,0.017022710006637003,0.016703083060072624,target_active_risk=0.03
blend,mv,2009-01-31,2009-02-28,0.007199337348446973,0.3393809825241415,False,0.6488360344396367,0.0068599563659228315,0.00652057538339869,0.006181194400874548,target_active_risk=0.03
blend,mv,2009-02-28,2009-03-31,-0.015292887919897082,0.2943086520528425,False,0.6037140131780209,-0.015587196571949924,-0.01588150522400277,-0.01617581387605561,target_active_risk=0.03
blend,mv,2009-03-31,2009-04-30,-0.07193581785686395,0.30007357762589104,False,0.5585654323674959,-0.07223589143448984,-0.07253596501211573,-0.07283603858974162,target_active_risk=0.03
blend,mv,2009-04-30,2009-05-31,-0.007347511487543401,0.47778906365994844,False,0.4834756633323491,-0.007825300551203349,-0.008303089614863297,-0.008780878678523247,target_active_risk=0.03
blend,mv,2009-05-31,2009-06-30,0.0028048447421921367,0.20544073488295217,False,0.4818146744265928,0.0025994040073091845,0.0023939632724262324,0.00218852253754328,target_active_risk=0.03
blend,mv,2009-06-30,2009-07-31,-0.011047108720879826,0.2429688017727688,False,0.5431652279059331,-0.011290077522652596,-0.011533046324425363,-0.011776015126198133,target_active_risk=0.03
blend,mv,2009-07-31,2009-08-31,-0.005951717237861127,0.27100615264206374,False,0.5479692782811079,-0.006222723390503191,-0.006493729543145255,-0.006764735695787318,target_active_risk=0.03
blend,mv,2009-08-31,2009-09-30,-0.0030591597018963185,0.2546403964711142,False,0.5773881315419063,-0.0033138000983674327,-0.003568440494838547,-0.003823080891309661,target_active_risk=0.03
blend,mv,2009-09-30,2009-10-31,0.006806790414912667,0.3582822942832517,False,0.6783662544759006,0.006448508120629415,0.006090225826346164,0.005731943532062912,target_active_risk=0.03
blend,mv,2009-10-31,2009-11-30,0.007746154623209777,0.4119479933611203,False,0.5137804332648035,0.007334206629848657,0.006922258636487537,0.006510310643126416,target_active_risk=0.03
blend,mv,2009-11-30,2009-12-31,-0.0002553558736397196,0.31969397811917655,False,0.5986236136572813,-0.0005750498517588962,-0.0008947438298780727,-0.0012144378079972493,target_active_risk=0.03
blend,mv,2009-12-31,2010-01-31,-0.007183415377578583,0.26632343327272656,False,0.537561668190224,-0.00744973881085131,-0.007716062244124036,-0.007982385677396764,target_active_risk=0.03
blend,mv,2010-01-31,2010-02-28,0.00800062721570463,0.21964954431295386,False,0.4935388022535468,0.0077809776713916754,0.007561328127078722,0.007341678582765768,target_active_risk=0.03
blend,mv,2010-02-28,2010-03-31,0.004408056949597487,0.3672235746567398,False,0.4616099347690303,0.0040408333749407475,0.0036736098002840075,0.0033063862256272674,target_active_risk=0.03
blend,mv,2010-03-31,2010-04-30,0.003619874793015068,0.31818225021295293,False,0.45750094425246557,0.003301692542802115,0.002983510292589162,0.002665328042376209,target_active_risk=0.03
blend,mv,2010-04-30,2010-05-31,0.003877991309178746,0.31912007268608983,False,0.5689766799612374,0.003558871236492656,0.0032397511638065663,0.0029206310911204765,target_active_risk=0.03
blend,mv,2010-05-31,2010-06-30,-0.00649779285140082,0.35941043644839105,False,0.5634334330278654,-0.0068572032878492116,-0.007216613724297602,-0.0075760241607459936,target_active_risk=0.03
blend,mv,2010-06-30,2010-07-31,-0.0033060795655139915,0.29046917814794027,False,0.592988815537587,-0.0035965487436619317,-0.003887017921809872,-0.0041774870999578126,target_active_risk=0.03
blend,mv,2010-07-31,2010-08-31,0.014826806925821681,0.38464173706089083,False,0.5944761954627716,0.01444216518876079,0.014057523451699899,0.013672881714639009,target_active_risk=0.03
blend,mv,2010-08-31,2010-09-30,0.008799442043044598,0.2986386043459282,False,0.6939911686323716,0.00850080343869867,0.008202164834352743,0.007903526230006813,target_active_risk=0.03
blend,mv,2010-09-30,2010-10-31,0.00031249962690676125,0.33903432761874497,False,0.6265359428486782,-2.6534700711983703e-05,-0.00036556902833072866,-0.0007046033559494737,target_active_risk=0.03
blend,mv,2010-10-31,2010-11-30,0.0027355035232902013,0.26818162801888445,False,0.6151251019116742,0.002467321895271317,0.0021991402672524325,0.001930958639233548,target_active_risk=0.03
blend,mv,2010-11-30,2010-12-31,-0.019991642592499886,0.2887392643923528,False,0.6514287580921446,-0.020280381856892238,-0.020569121121284593,-0.020857860385676944,target_active_risk=0.03
blend,mv,2010-12-31,2011-01-31,-0.010945484065811445,0.4321616055879574,False,0.6648641234959696,-0.011377645671399402,-0.01180980727698736,-0.012241968882575317,target_active_risk=0.03
blend,mv,2011-01-31,2011-02-28,0.001582854807955402,0.35761610321364684,False,0.5669638218659194,0.0012252387047417552,0.0008676226015281084,0.0005100064983144614,target_active_risk=0.03
blend,mv,2011-02-28,2011-03-31,0.008550009439614802,0.3090622124009405,False,0.619503787994228,0.00824094722721386,0.007931885014812921,0.00762282280241198,target_active_risk=0.03
blend,mv,2011-03-31,2011-04-30,0.0009738697076873968,0.2569107439338474,False,0.6459974626786281,0.0007169589637535494,0.00046004821981970206,0.00020313747588585464,target_active_risk=0.03
blend,mv,2011-04-30,2011-05-31,-0.0018859458265654795,0.32983968810367087,False,0.6555536484328891,-0.0022157855146691502,-0.0025456252027728212,-0.002875464890876492,target_active_risk=0.03
blend,mv,2011-05-31,2011-06-30,0.004400502416138162,0.2472483526614416,False,0.6269155562268522,0.00415325406347672,0.0039060057108152788,0.0036587573581538368,target_active_risk=0.03
blend,mv,2011-06-30,2011-07-31,-0.0016637141708278956,0.3177259305065937,False,0.624925940409213,-0.0019814401013344895,-0.0022991660318410828,-0.002616891962347677,target_active_risk=0.03
blend,mv,2011-07-31,2011-08-31,-0.003057688631820214,0.3154360383266559,False,0.7303744855447686,-0.0033731246701468698,-0.003688560708473526,-0.004003996746800182,target_active_risk=0.03
blend,mv,2011-08-31,2011-09-30,-0.013537384316349632,0.3230401864295959,False,0.6310450809649478,-0.013860424502779228,-0.014183464689208823,-0.01450650487563842,target_active_risk=0.03
blend,mv,2011-09-30,2011-10-31,-0.0015793598004890444,0.4039697308421533,False,0.682235674674698,-0.0019833295313311976,-0.002387299262173351,-0.0027912689930155044,target_active_risk=0.03
blend,mv,2011-10-31,2011-11-30,0.004292402329517695,0.4844122880964128,False,0.6211666616958543,0.0038079900414212824,0.0033235777533248694,0.0028391654652284567,target_active_risk=0.03
blend,mv,2011-11-30,2011-12-31,0.004157786671691276,0.304096967726882,False,0.653798034183363,0.0038536897039643937,0.0035495927362375118,0.0032454957685106294,target_active_risk=0.03
blend,mv,2011-12-31,2012-01-31,-0.010324888540022876,0.2560983425900989,False,0.624220017104386,-0.010580986882612975,-0.010837085225203075,-0.011093183567793173,target_active_risk=0.03
blend,mv,2012-01-31,2012-02-29,0.0013502712381489083,0.24579348771593773,False,0.6385369109486939,0.0011044777504329705,0.0008586842627170328,0.000612890775001095,target_active_risk=0.03
blend,mv,2012-02-29,2012-03-31,0.006527290835542725,0.2726781078565672,False,0.7011066637648997,0.0062546127276861575,0.005981934619829591,0.005709256511973023,target_active_risk=0.03
blend,mv,2012-03-31,2012-04-30,0.004322277906454495,0.29912536022290215,False,0.6507930725731338,0.004023152546231593,0.0037240271860086906,0.0034249018257857884,target_active_risk=0.03
blend,mv,2012-04-30,2012-05-31,0.009645349165302753,0.23649976121182373,False,0.6734056814315688,0.00940884940409093,0.009172349642879106,0.008935849881667282,target_active_risk=0.03
blend,mv,2012-05-31,2012-06-30,-0.008553712284402779,0.21253763672464446,False,0.7176530211051582,-0.008766249921127423,-0.008978787557852069,-0.009191325194576713,target_active_risk=0.03
blend,mv,2012-06-30,2012-07-31,0.01693921660703667,0.24215310780411436,False,0.6839822470085464,0.016697063499232556,0.01645491039142844,0.016212757283624327,target_active_risk=0.03
blend,mv,2012-07-31,2012-08-31,-0.011237408229660236,0.32774380480164095,False,0.677017163022018,-0.011565152034461876,-0.011892895839263519,-0.012220639644065159,target_active_risk=0.03
blend,mv,2012-08-31,2012-09-30,-0.004728522896233241,0.2373243473672536,False,0.6492549782518016,-0.004965847243600495,-0.005203171590967748,-0.005440495938335002,target_active_risk=0.03
blend,mv,2012-09-30,2012-10-31,-0.00990444754781968,0.2788206293190728,False,0.6519025871927391,-0.010183268177138754,-0.010462088806457825,-0.010740909435776899,target_active_risk=0.03
blend,mv,2012-10-31,2012-11-30,0.005727587157460238,0.29598326631943783,False,0.692661299900251,0.0054316038911408,0.005135620624821362,0.004839637358501924,target_active_risk=0.03
blend,mv,2012-11-30,2012-12-31,-0.0025124828591921804,0.24015520014324926,False,0.6835549895945773,-0.0027526380593354298,-0.002992793259478679,-0.0032329484596219284,target_active_risk=0.03
blend,mv,2012-12-31,2013-01-31,0.011685982669373589,0.2897366050177582,False,0.6856423708716007,0.01139624606435583,0.011106509459338072,0.010816772854320315,target_active_risk=0.03
blend,mv,2013-01-31,2013-02-28,0.006282120456052677,0.30335235413427414,False,0.6528411376047488,0.005978768101918403,0.0056754157477841285,0.005372063393649855,target_active_risk=0.03
blend,mv,2013-02-28,2013-03-31,0.004308912115540781,0.320770901565004,False,0.6401647024573145,0.003988141213975777,0.0036673703124107727,0.003346599410845769,target_active_risk=0.03
blend,mv,2013-03-31,2013-04-30,0.009745582238911692,0.30545477481275146,False,0.631237240679772,0.00944012746409894,0.009134672689286189,0.008829217914473437,target_active_risk=0.03
blend,mv,2013-04-30,2013-05-31,-0.0033805151956619226,0.2541817787194727,False,0.650920260111159,-0.003634696974381395,-0.003888878753100868,-0.004143060531820341,target_active_risk=0.03
blend,mv,2013-05-31,2013-06-30,0.010854667669031983,0.26471668769177426,False,0.6333220250124584,0.010589950981340208,0.010325234293648435,0.01006051760595666,target_active_risk=0.03
blend,mv,2013-06-30,2013-07-31,0.005592542425007659,0.29732469375307763,False,0.6562137628241361,0.005295217731254582,0.004997893037501503,0.004700568343748426,target_active_risk=0.03
blend,mv,2013-07-31,2013-08-31,-0.002904773637368878,0.2660552801951535,False,0.574295972928221,-0.0031708289175640314,-0.003436884197759185,-0.0037029394779543386,target_active_risk=0.03
blend,mv,2013-08-31,2013-09-30,0.012333854151263784,0.25004205440678356,False,0.5606341542224683,0.012083812096857001,0.011833770042450217,0.011583727988043434,target_active_risk=0.03
blend,mv,2013-09-30,2013-10-31,0.0032636826435964938,0.23028394832607452,False,0.6045030754524799,0.003033398695270419,0.0028031147469443447,0.0025728307986182704,target_active_risk=0.03
blend,mv,2013-10-31,2013-11-30,0.011694842400173948,0.2270051747581869,False,0.5989734704260173,0.01146783722541576,0.011240832050657575,0.011013826875899387,target_active_risk=0.03
blend,mv,2013-11-30,2013-12-31,0.0026039855786899337,0.21395004291833586,False,0.6109780903436719,0.0023900355357715976,0.002176085492853262,0.0019621354499349264,target_active_risk=0.03
blend,mv,2013-12-31,2014-01-31,0.002378164522912212,0.23044992632588762,False,0.6051420341350006,0.0021477145965863244,0.001917264670260437,0.0016868147439345492,target_active_risk=0.03
blend,mv,2014-01-31,2014-02-28,0.008096666587067905,0.3065496433358024,False,0.6777559054493241,0.007790116943732103,0.007483567300396301,0.007177017657060498,target_active_risk=0.03
blend,mv,2014-02-28,2014-03-31,-0.005980953428516315,0.30731448962915703,False,0.6341169752200482,-0.006288267918145472,-0.006595582407774629,-0.006902896897403786,target_active_risk=0.03
blend,mv,2014-03-31,2014-04-30,-0.006413419187884578,0.17271122194357968,False,0.6358389464148073,-0.0065861304098281575,-0.006758841631771737,-0.006931552853715317,target_active_risk=0.03
blend,mv,2014-04-30,2014-05-31,0.009089167774471356,0.27486589249806404,False,0.6289347052659008,0.008814301881973291,0.008539435989475227,0.008264570096977163,target_active_risk=0.03
blend,mv,2014-05-31,2014-06-30,-0.006816091902950097,0.28767685879578214,False,0.680333873175,-0.00710376876174588,-0.007391445620541661,-0.007679122479337444,target_active_risk=0.03
blend,mv,2014-06-30,2014-07-31,0.008080247001411734,0.27669543605075464,False,0.6662619608021315,0.007803551565360979,0.007526856129310225,0.00725016069325947,target_active_risk=0.03
blend,mv,2014-07-31,2014-08-31,-0.004771137057333937,0.3070995506615358,False,0.7198648329825786,-0.005078236607995473,-0.005385336158657009,-0.005692435709318544,target_active_risk=0.03
blend,mv,2014-08-31,2014-09-30,0.01181053671480007,0.3529499964726981,False,0.7304872162151275,0.011457586718327372,0.011104636721854674,0.010751686725381975,target_active_risk=0.03
blend,mv,2014-09-30,2014-10-31,0.006153256960667691,0.3756038271017474,False,0.8967942408765118,0.005777653133565944,0.005402049306464197,0.005026445479362449,target_active_risk=0.03
blend,mv,2014-10-31,2014-11-30,-0.005741840508406178,0.34316500299678826,False,0.8050469738854941,-0.006085005511402966,-0.006428170514399754,-0.006771335517396543,target_active_risk=0.03
blend,mv,2014-11-30,2014-12-31,0.00043095502319229743,0.31894035763270573,False,0.8028164088778293,0.00011201466555959172,-0.000206925692073114,-0.0005258660497058198,target_active_risk=0.03
blend,mv,2014-12-31,2015-01-31,-0.0039509900922049136,0.29314107487042623,False,0.8379549399834777,-0.00424413116707534,-0.004537272241945766,-0.004830413316816193,target_active_risk=0.03
blend,mv,2015-01-31,2015-02-28,-0.005989689578067773,0.42479848909328277,False,0.7270662162386257,-0.006414488067161056,-0.006839286556254339,-0.0072640850453476215,target_active_risk=0.03
blend,mv,2015-02-28,2015-03-31,0.01077465989976265,0.36183481489141545,False,0.7601070424401017,0.010412825084871236,0.010050990269979819,0.009689155455088404,target_active_risk=0.03
blend,mv,2015-03-31,2015-04-30,-0.02081411619345054,0.3624723146186627,False,0.7839398202716049,-0.021176588508069204,-0.021539060822687868,-0.021901533137306528,target_active_risk=0.03
blend,mv,2015-04-30,2015-05-31,0.017560078197820152,0.3732723995558808,False,0.7177685162809053,0.01718680579826427,0.01681353339870839,0.01644026099915251,target_active_risk=0.03
blend,mv,2015-05-31,2015-06-30,0.014933164370298112,0.31771067640609646,False,0.7779281057291405,0.014615453693892015,0.014297743017485919,0.013980032341079822,target_active_risk=0.03
blend,mv,2015-06-30,2015-07-31,0.01899698474953865,0.308100368800983,False,0.7542957254533269,0.01868888438073767,0.018380784011936685,0.018072683643135704,target_active_risk=0.03
blend,mv,2015-07-31,2015-08-31,-0.004124227529409708,0.36182920457528195,False,0.8022090873305092,-0.00448605673398499,-0.004847885938560272,-0.005209715143135554,target_active_risk=0.03
blend,mv,2015-08-31,2015-09-30,0.0007668014678669799,0.31743008078525425,False,0.6734082806937497,0.0004493713870817256,0.00013194130629647137,-0.00018548877448878293,target_active_risk=0.03
blend,mv,2015-09-30,2015-10-31,0.004383375615326873,0.36181175533390686,False,0.7062389030802746,0.004021563859992966,0.0036597521046590593,0.003297940349325152,target_active_risk=0.03
blend,mv,2015-10-31,2015-11-30,0.00032481466629838684,0.41622252683426614,False,0.6964328659167336,-9.140786053587932e-05,-0.0005076303873701455,-0.0009238529142044116,target_active_risk=0.03
blend,mv,2015-11-30,2015-12-31,0.0026011099285123108,0.4325879217638622,False,0.7147465855022753,0.0021685220067484486,0.0017359340849845864,0.0013033461632207242,target_active_risk=0.03
blend,mv,2015-12-31,2016-01-31,-0.001483362074400014,0.3634032050425659,False,0.8159176343420832,-0.00184676527944258,-0.0022101684844851458,-0.0025735716895277116,target_active_risk=0.03
blend,mv,2016-01-31,2016-02-29,-0.020222783645960012,0.3960934653815974,False,0.8423872393116378,-0.02061887711134161,-0.021014970576723208,-0.021411064042104806,target_active_risk=0.03
blend,mv,2016-02-29,2016-03-31,-0.005053519672536351,0.4397155740092418,False,0.9025188088033289,-0.005493235246545592,-0.005932950820554834,-0.006372666394564077,target_active_risk=0.03
blend,mv,2016-03-31,2016-04-30,-0.0014119366078860168,0.37839828418638227,False,0.8635852403248406,-0.0017903348920723992,-0.0021687331762587814,-0.002547131460445164,target_active_risk=0.03
blend,mv,2016-04-30,2016-05-31,-0.0029582238443668705,0.3737660077052436,False,0.9477458423224988,-0.0033319898520721143,-0.0037057558597773576,-0.004079521867482601,target_active_risk=0.03
blend,mv,2016-05-31,2016-06-30,0.02050642572178905,0.37073147470955414,False,0.8639195540710162,0.020135694247079495,0.019764962772369943,0.019394231297660387,target_active_risk=0.03
blend,mv,2016-06-30,2016-07-31,0.00019598070932785137,0.3802479638448515,False,0.8678099410951116,-0.00018426725451700012,-0.0005645152183618516,-0.0009447631822067032,target_active_risk=0.03
blend,mv,2016-07-31,2016-08-31,-0.0017295264164440263,0.39888801204513374,False,0.7505663681000253,-0.00212841442848916,-0.002527302440534294,-0.0029261904525794274,target_active_risk=0.03
blend,mv,2016-08-31,2016-09-30,0.0016195054084946095,0.3504983345527628,False,0.6893860824937074,0.0012690070739418467,0.0009185087393890839,0.000568010404836321,target_active_risk=0.03
blend,mv,2016-09-30,2016-10-31,-0.001978619543309792,0.3388088866111527,False,0.7651682186175318,-0.002317428429920945,-0.0026562373165320975,-0.0029950462031432504,target_active_risk=0.03
blend,mv,2016-10-31,2016-11-30,-0.020843668610430945,0.34898604733376704,False,0.7327689534980295,-0.021192654657764712,-0.02154164070509848,-0.021890626752432245,target_active_risk=0.03
blend,mv,2016-11-30,2016-12-31,-0.0006101618915579324,0.40070054804584626,False,0.7703855398792067,-0.0010108624396037787,-0.001411562987649625,-0.0018122635356954712,target_active_risk=0.03
blend,mv,2016-12-31,2017-01-31,0.00850227276958152,0.4388077987168167,False,0.7150446124220542,0.008063464970864704,0.007624657172147886,0.00718584937343107,target_active_risk=0.03
blend,mv,2017-01-31,2017-02-28,-0.005302872072454231,0.3048179302124222,False,0.711650265950079,-0.005607690002666654,-0.005912507932879075,-0.006217325863091498,target_active_risk=0.03
blend,mv,2017-02-28,2017-03-31,-0.0069603141420504265,0.32347321516849625,False,0.7684700598593145,-0.007283787357218923,-0.007607260572387419,-0.007930733787555915,target_active_risk=0.03
blend,mv,2017-03-31,2017-04-30,0.008915977712006529,0.3620343093024082,False,0.8301432875986192,0.00855394340270412,0.008191909093401712,0.007829874784099303,target_active_risk=0.03
blend,mv,2017-04-30,2017-05-31,0.008314767995165213,0.5670791114510669,False,0.8750371192576175,0.007747688883714146,0.007180609772263079,0.006613530660812012,target_active_risk=0.03
blend,mv,2017-05-31,2017-06-30,-0.012710175771751934,0.49596138833628606,False,0.9628506304643156,-0.01320613716008822,-0.013702098548424507,-0.014198059936760793,target_active_risk=0.03
blend,mv,2017-06-30,2017-07-31,0.0017073442227452493,0.404444062937138,False,0.8576866465616494,0.0013029001598081113,0.0008984560968709732,0.0004940120339338352,target_active_risk=0.03
blend,mv,2017-07-31,2017-08-31,0.01171206977318298,0.35537847510959647,False,0.8067305302470331,0.011356691298073384,0.011001312822963787,0.010645934347854191,target_active_risk=0.03
blend,mv,2017-08-31,2017-09-30,-0.0010618660985819007,0.4052657745215884,False,0.9184047589644662,-0.0014671318731034892,-0.0018723976476250775,-0.002277663422146666,target_active_risk=0.03
blend,mv,2017-09-30,2017-10-31,0.01612454276246488,0.42122826577484734,False,0.9340998739840536,0.015703314496690036,0.015282086230915187,0.014860857965140339,target_active_risk=0.03
blend,mv,2017-10-31,2017-11-30,-0.006698712624772891,0.44087393166188144,False,0.8853486428555222,-0.007139586556434773,-0.007580460488096654,-0.008021334419758535,target_active_risk=0.03
blend,mv,2017-11-30,2017-12-31,-0.010735939173089517,0.5430979139720283,False,0.9250699355502884,-0.011279037087061544,-0.011822135001033574,-0.012365232915005601,target_active_risk=0.03
blend,mv,2017-12-31,2018-01-31,0.012871494526592895,0.409837299571954,False,0.8939618588326742,0.012461657227020941,0.012051819927448987,0.011641982627877034,target_active_risk=0.03
blend,mv,2018-01-31,2018-02-28,0.0042978096601458135,0.3766728098459817,False,0.9720998572639371,0.003921136850299832,0.00354446404045385,0.0031677912306078684,target_active_risk=0.03
blend,mv,2018-02-28,2018-03-31,0.006000034846480403,0.4602749460322052,False,0.9742261118085143,0.005539759900448198,0.005079484954415992,0.004619210008383787,target_active_risk=0.03
blend,mv,2018-03-31,2018-04-30,-0.004698655855667185,0.328533339800907,False,0.9558795248669332,-0.005027189195468092,-0.005355722535268999,-0.005684255875069906,target_active_risk=0.03
blend,mv,2018-04-30,2018-05-31,0.010770346802243242,0.34865754351359923,False,0.9070974160944353,0.010421689258729643,0.010073031715216044,0.009724374171702445,target_active_risk=0.03
blend,mv,2018-05-31,2018-06-30,-0.002957034757941098,0.4539945843604081,False,0.8636368180483761,-0.0034110293423015065,-0.0038650239266619143,-0.0043190185110223225,target_active_risk=0.03
blend,mv,2018-06-30,2018-07-31,-0.009549474836609674,0.32299232858946464,False,0.81409248718648,-0.009872467165199138,-0.010195459493788604,-0.010518451822378068,target_active_risk=0.03
blend,mv,2018-07-31,2018-08-31,0.015343535382067602,0.3627207658905228,False,0.8525286799368247,0.014980814616177078,0.014618093850286555,0.014255373084396034,target_active_risk=0.03
blend,mv,2018-08-31,2018-09-30,0.00686669958119704,0.36860701161815473,False,0.8516375026710725,0.0064980925695788845,0.00612948555796073,0.005760878546342576,target_active_risk=0.03
blend,mv,2018-09-30,2018-10-31,-0.019191764236741612,0.35569349366981623,False,0.8772868860960455,-0.01954745773041143,-0.019903151224081244,-0.02025884471775106,target_active_risk=0.03
blend,mv,2018-10-31,2018-11-30,-0.011647582433803986,0.4138461898549869,False,0.840354609639128,-0.012061428623658972,-0.012475274813513959,-0.012889121003368947,target_active_risk=0.03
blend,mv,2018-11-30,2018-12-31,0.0020664302036177994,0.41086470459116803,False,0.9139303501480145,0.0016555654990266313,0.0012447007944354632,0.0008338360898442953,target_active_risk=0.03
blend,mv,2018-12-31,2019-01-31,-0.005134578299771662,0.4016228175751877,False,0.9615593477336966,-0.00553620111734685,-0.005937823934922037,-0.0063394467524972254,target_active_risk=0.03
blend,mv,2019-01-31,2019-02-28,0.008837343823914847,0.47016337655821966,False,0.9714782353479429,0.008367180447356628,0.007897017070798408,0.0074268536942401885,target_active_risk=0.03
blend,mv,2019-02-28,2019-03-31,0.000642819018329498,0.3528144936330929,False,1.0126503930732311,0.00029000452469640504,-6.280996893668787e-05,-0.00041562446256978084,target_active_risk=0.03
blend,mv,2019-03-31,2019-04-30,-0.0035564322724107884,0.37104739915739954,False,0.9842265901789011,-0.0039274796715681876,-0.004298527070725588,-0.004669574469882987,target_active_risk=0.03
blend,mv,2019-04-30,2019-05-31,0.003406337613665082,0.4798109345446499,False,0.8732893688310058,0.0029265266791204322,0.0024467157445757825,0.0019669048100311322,target_active_risk=0.03
blend,mv,2019-05-31,2019-06-30,-0.01398877027872591,0.3981057816176167,False,0.8204631016800209,-0.014386876060343527,-0.014784981841961142,-0.01518308762357876,target_active_risk=0.03
blend,mv,2019-06-30,2019-07-31,0.015459781629679606,0.5105192980087374,False,0.8374140609020068,0.01494926233167087,0.01443874303366213,0.013928223735653394,target_active_risk=0.03
blend,mv,2019-07-31,2019-08-31,0.019331240863083323,0.35713748837608406,False,0.9098608839862437,0.01897410337470724,0.018616965886331154,0.01825982839795507,target_active_risk=0.03
blend,mv,2019-08-31,2019-09-30,-0.004579185648337863,0.42490053440383724,False,0.8263789989058405,-0.0050040861827417,-0.005428986717145538,-0.0058538872515493745,target_active_risk=0.03
blend,mv,2019-09-30,2019-10-31,-0.0008307282373585598,0.338418822512287,False,0.7759817781009263,-0.0011691470598708467,-0.0015075658823831338,-0.0018459847048954208,target_active_risk=0.03
blend,mv,2019-10-31,2019-11-30,0.004007571979854771,0.4310643786268987,False,0.928104068712132,0.003576507601227872,0.003145443222600973,0.0027143788439740746,target_active_risk=0.03
blend,mv,2019-11-30,2019-12-31,-0.006129038949950251,0.41824124051998607,False,0.9849731086551949,-0.006547280190470238,-0.006965521430990223,-0.007383762671510209,target_active_risk=0.03
blend,mv,2019-12-31,2020-01-31,0.015503967674926454,0.4161373423271594,False,0.8908461657770442,0.015087830332599294,0.014671692990272135,0.014255555647944975,target_active_risk=0.03
blend,mv,2020-01-31,2020-02-29,-0.003647506770759192,0.39292532499311106,False,0.9031082395217847,-0.004040432095752303,-0.004433357420745414,-0.004826282745738525,target_active_risk=0.03
blend,mv,2020-02-29,2020-03-31,0.024164304932218463,0.4424152054859069,False,0.695696666027088,0.023721889726732556,0.023279474521246648,0.022837059315760744,target_active_risk=0.03
blend,mv,2020-03-31,2020-04-30,0.016074953585118706,0.3505655786877559,False,0.7618162567437935,0.015724388006430952,0.015373822427743194,0.01502325684905544,target_active_risk=0.03
blend,mv,2020-04-30,2020-05-31,0.001167156208155978,0.5433085884144461,False,0.49555155248877913,0.0006238476197415319,8.05390313270858e-05,-0.0004627695570873602,target_active_risk=0.03
blend,mv,2020-05-31,2020-06-30,0.008222683137819453,0.29098215489516005,False,0.5699895937031841,0.007931700982924294,0.0076407188280291334,0.007349736673133973,target_active_risk=0.03
blend,mv,2020-06-30,2020-07-31,0.014531991134035643,0.20018816472270418,False,0.6116630334491552,0.014331802969312938,0.014131614804590235,0.01393142663986753,target_active_risk=0.03
blend,mv,2020-07-31,2020-08-31,0.024577376673724394,0.20893800147512934,False,0.6288164632997466,0.024368438672249266,0.024159500670774135,0.023950562669299007,target_active_risk=0.03
blend,mv,2020-08-31,2020-09-30,-0.006456895368331455,0.22360360536646176,False,0.5816640177456954,-0.0066804989736979166,-0.0069041025790643785,-0.00712770618443084,target_active_risk=0.03
blend,mv,2020-09-30,2020-10-31,-0.008897638384516673,0.18103240118167116,False,0.562988349687645,-0.009078670785698344,-0.009259703186880016,-0.009440735588061687,target_active_risk=0.03
blend,mv,2020-10-31,2020-11-30,-0.013972092468061153,0.20698922742799644,False,0.5649668145071216,-0.014179081695489149,-0.014386070922917146,-0.014593060150345142,target_active_risk=0.03
blend,mv,2020-11-30,2020-12-31,0.007488730121037672,0.3004825923339709,False,0.5303140006406595,0.007188247528703701,0.00688776493636973,0.006587282344035759,target_active_risk=0.03
blend,mv,2020-12-31,2021-01-31,0.01144405225074904,0.23393761681147104,False,0.6354066227577608,0.011210114633937568,0.010976177017126098,0.010742239400314626,target_active_risk=0.03
blend,mv,2021-01-31,2021-02-28,-0.018731696149313182,0.2569422333289839,False,0.6072706214122826,-0.018988638382642167,-0.01924558061597115,-0.019502522849300135,target_active_risk=0.03
blend,mv,2021-02-28,2021-03-31,-0.021686263466973527,0.24543871311975565,False,0.5176523260875321,-0.02193170218009328,-0.022177140893213036,-0.022422579606332795,target_active_risk=0.03
blend,mv,2021-03-31,2021-04-30,0.005077851655781398,0.3732819897262799,False,0.42931658355973185,0.004704569666055119,0.004331287676328838,0.003958005686602558,target_active_risk=0.03
blend,mv,2021-04-30,2021-05-31,-0.008223270656395465,0.19532889523449617,False,0.4360070885022688,-0.008418599551629961,-0.008613928446864458,-0.008809257342098954,target_active_risk=0.03
blend,mv,2021-05-31,2021-06-30,-0.00244283706099243,0.17652730238357067,False,0.46363566378332494,-0.0026193643633760006,-0.0027958916657595716,-0.002972418968143142,target_active_risk=0.03
blend,mv,2021-06-30,2021-07-31,0.007934872538497503,0.16344385299755576,False,0.4988382907971739,0.007771428685499947,0.007607984832502391,0.007444540979504835,target_active_risk=0.03
blend,mv,2021-07-31,2021-08-31,0.004080034931888941,0.2552935317199131,False,0.4851705516039513,0.0038247414001690277,0.0035694478684491146,0.0033141543367292015,target_active_risk=0.03
blend,mv,2021-08-31,2021-09-30,-0.007567675683383035,0.30618627137951415,False,0.5290852868882603,-0.00787386195476255,-0.008180048226142064,-0.008486234497521578,target_active_risk=0.03
blend,mv,2021-09-30,2021-10-31,0.004217762114710189,0.25781826102535943,False,0.5246607413417161,0.00395994385368483,0.0037021255926594702,0.003444307331634111,target_active_risk=0.03
blend,mv,2021-10-31,2021-11-30,-0.0016418582351475923,0.2828117297087248,False,0.5733867841696632,-0.0019246699648563172,-0.002207481694565042,-0.002490293424273767,target_active_risk=0.03
blend,mv,2021-11-30,2021-12-31,-0.0008722321523469198,0.28516553786543497,False,0.6283329301151493,-0.0011573976902123548,-0.0014425632280777897,-0.0017277287659432246,target_active_risk=0.03
blend,mv,2021-12-31,2022-01-31,0.004692070284659981,0.29519889563982266,False,0.6183295811975612,0.004396871389020158,0.0041016724933803355,0.003806473597740513,target_active_risk=0.03
blend,mv,2022-01-31,2022-02-28,0.0074379840374838085,0.34363353415766806,False,0.6651635291743774,0.0070943505033261405,0.006750716969168472,0.006407083435010804,target_active_risk=0.03
blend,mv,2022-02-28,2022-03-31,0.017008901813464615,0.3757851680583251,False,0.6841836206397932,0.01663311664540629,0.016257331477347963,0.01588154630928964,target_active_risk=0.03
blend,mv,2022-03-31,2022-04-30,0.01026791189360201,0.34294193828266484,False,0.5973640583717782,0.009924969955319345,0.00958202801703668,0.009239086078754014,target_active_risk=0.03
blend,mv,2022-04-30,2022-05-31,0.0017037976882560814,0.19622365551888996,False,0.4672695748864261,0.0015075740327371915,0.0013113503772183015,0.0011151267216994115,target_active_risk=0.03
blend,mv,2022-05-31,2022-06-30,0.0023129273065434033,0.2096002917708506,False,0.53923449020941,0.002103327014772553,0.001893726723001702,0.0016841264312308516,target_active_risk=0.03
blend,mv,2022-06-30,2022-07-31,0.002320207561809065,0.1635440761827092,False,0.48784186302456617,0.0021566634856263556,0.0019931194094436463,0.0018295753332609375,target_active_risk=0.03
blend,mv,2022-07-31,2022-08-31,0.014887745267390349,0.2326964828537965,False,0.5178178581386917,0.014655048784536552,0.014422352301682756,0.014189655818828958,target_active_risk=0.03
blend,mv,2022-08-31,2022-09-30,0.0039939053710487315,0.1622121966054254,False,0.5364029380558359,0.003831693174443306,0.0036694809778378807,0.0035072687812324555,target_active_risk=0.03
blend,mv,2022-09-30,2022-10-31,0.006914902079567887,0.13896361507880922,False,0.5290532132084993,0.006775938464489078,0.006636974849410268,0.006498011234331459,target_active_risk=0.03
blend,mv,2022-10-31,2022-11-30,-0.011110643440437922,0.22322978313379463,False,0.5435852919114982,-0.011333873223571716,-0.011557103006705512,-0.011780332789839306,target_active_risk=0.03
blend,mv,2022-11-30,2022-12-31,0.0005644978670066346,0.19672546843797561,False,0.47195037770876885,0.000367772398568659,0.0001710469301306834,-2.5678538307292195e-05,target_active_risk=0.03
blend,mv,2022-12-31,2023-01-31,-0.020248473475197676,0.14598783260692935,False,0.4755382241099828,-0.020394461307804604,-0.020540449140411535,-0.020686436973018463,target_active_risk=0.03
blend,mv,2023-01-31,2023-02-28,0.0035716260183416464,0.21090610584199818,False,0.5333597674570969,0.003360719912499648,0.00314981380665765,0.0029389077008156518,target_active_risk=0.03
blend,mv,2023-02-28,2023-03-31,-0.003443704988019385,0.2266126384483018,False,0.5634715634729397,-0.003670317626467687,-0.0038969302649159887,-0.0041235429033642905,target_active_risk=0.03
blend,mv,2023-03-31,2023-04-30,0.006924980877835607,0.32578731604990313,False,0.5963308276572544,0.006599193561785704,0.006273406245735801,0.005947618929685898,target_active_risk=0.03
blend,mv,2023-04-30,2023-05-31,0.014449584847429989,0.38917006899338386,False,0.6658940134214295,0.014060414778436605,0.01367124470944322,0.013282074640449837,target_active_risk=0.03
blend,mv,2023-05-31,2023-06-30,-0.0015315314664446022,0.3602181909985915,False,0.6309215009883965,-0.0018917496574431937,-0.0022519678484417853,-0.0026121860394403766,target_active_risk=0.03
blend,mv,2023-06-30,2023-07-31,-0.004526450779220254,0.36114669716473213,False,0.6061972498182714,-0.004887597476384986,-0.0052487441735497185,-0.00560989087071445,target_active_risk=0.03
blend,mv,2023-07-31,2023-08-31,0.0012440151542006106,0.3080322923977822,False,0.7418328566164851,0.0009359828618028285,0.0006279505694050463,0.000319918277007264,target_active_risk=0.03
blend,mv,2023-08-31,2023-09-30,-0.006431035989384094,0.3039467640030031,False,0.6999325346388168,-0.006734982753387097,-0.0070389295173901,-0.007342876281393103,target_active_risk=0.03
blend,mv,2023-09-30,2023-10-31,0.010066057555642936,0.32169308887171755,False,0.694838234756501,0.009744364466771219,0.0094226713778995,0.009100978289027783,target_active_risk=0.03
blend,mv,2023-10-31,2023-11-30,0.013915619578629497,0.3387037682981697,False,0.6993248591103811,0.013576915810331328,0.013238212042033157,0.012899508273734988,target_active_risk=0.03
blend,mv,2023-11-30,2023-12-31,-0.006419514332466262,0.42067139527694214,False,0.7801774575097782,-0.006840185727743205,-0.007260857123020147,-0.007681528518297089,target_active_risk=0.03
blend,mv,2023-12-31,2024-01-31,0.013120795466170494,0.4094763070467422,False,0.5868653877591141,0.012711319159123751,0.01230184285207701,0.011892366545030267,target_active_risk=0.03
blend,mv,2024-01-31,2024-02-29,0.004564600506961315,0.3035909879909984,False,0.6213228173871636,0.004261009518970317,0.0039574185309793185,0.0036538275429883202,target_active_risk=0.03
blend,mv,2024-02-29,2024-03-31,-0.007898864960654178,0.24556393114935102,False,0.6315277460605724,-0.008144428891803529,-0.00838999282295288,-0.008635556754102231,target_active_risk=0.03
blend,mv,2024-03-31,2024-04-30,-0.009827752090642242,0.25714044997984353,False,0.6469772916746228,-0.010084892540622085,-0.01034203299060193,-0.010599173440581772,target_active_risk=0.03
blend,mv,2024-04-30,2024-05-31,0.008602148710481726,0.28515015444774305,False,0.6818279550558768,0.008316998556033984,0.00803184840158624,0.007746698247138497,target_active_risk=0.03
blend,mv,2024-05-31,2024-06-30,0.0007310593724830419,0.33511221200395874,False,0.684043407532826,0.0003959471604790831,6.083494847512435e-05,-0.00027427726352883446,target_active_risk=0.03
blend,mv,2024-06-30,2024-07-31,-0.005624611744555235,0.26962416004225065,False,0.7056155014006282,-0.005894235904597486,-0.0061638600646397364,-0.006433484224681987,target_active_risk=0.03
blend,mv,2024-07-31,2024-08-31,-0.00010951066122213145,0.3123604455853809,False,0.7386754812795812,-0.00042187110680751237,-0.0007342315523928933,-0.0010465919979782742,target_active_risk=0.03
blend,mv,2024-08-31,2024-09-30,-0.0015464792870318132,0.4013498408176817,False,0.8063568281996912,-0.0019478291278494948,-0.0023491789686671764,-0.0027505288094848584,target_active_risk=0.03
blend,mv,2024-09-30,2024-10-31,-0.00013030968637257496,0.3032763737222723,False,0.715603999260208,-0.0004335860600948473,-0.0007368624338171196,-0.0010401388075393918,target_active_risk=0.03
blend,mv,2024-10-31,2024-11-30,0.004022136624118108,0.3514948860306786,False,0.6981113851200902,0.0036706417380874294,0.003319146852056751,0.002967651966026072,target_active_risk=0.03
blend,mv,2024-11-30,2024-12-31,-0.0037815438767828204,0.3692954914502158,False,0.743771079132094,-0.004150839368233036,-0.004520134859683252,-0.004889430351133468,target_active_risk=0.03
blend,mv,2024-12-31,2025-01-31,0.009207967615329745,0.4004622566998841,False,0.8086259453660573,0.00880750535862986,0.008407043101929976,0.008006580845230092,target_active_risk=0.03
blend,mv,2025-01-31,2025-02-28,-0.001374226483265736,0.37620486996349795,False,0.6833825964974706,-0.0017504313532292338,-0.002126636223192732,-0.0025028410931562297,target_active_risk=0.03
blend,mv,2025-02-28,2025-03-31,0.0062319339821955404,0.30649024391251717,False,0.7070196842756382,0.005925443738283023,0.005618953494370506,0.005312463250457989,target_active_risk=0.03
blend,mv,2025-03-31,2025-04-30,0.015492523435546192,0.2911603924608953,False,0.7155428410067844,0.015201363043085296,0.014910202650624402,0.014619042258163507,target_active_risk=0.03
blend,mv,2025-04-30,2025-05-31,0.007785682427924923,0.32924593879863984,False,0.802713614951126,0.007456436489126283,0.007127190550327644,0.006797944611529004,target_active_risk=0.03
blend,mv,2025-05-31,2025-06-30,-0.00467185429857764,0.30614513623719264,False,0.724894685087271,-0.004977999434814832,-0.005284144571052025,-0.005590289707289218,target_active_risk=0.03
blend,mv,2025-06-30,2025-07-31,-0.014562593411456163,0.38253920843722733,False,0.696191011684547,-0.01494513261989339,-0.015327671828330617,-0.015710211036767844,target_active_risk=0.03
blend,mv,2025-07-31,2025-08-31,-0.007001650677814864,0.30193698084153764,False,0.7023757343454163,-0.007303587658656401,-0.00760552463949794,-0.007907461620339477,target_active_risk=0.03
blend,mv,2025-08-31,2025-09-30,0.012900086716158696,0.3091139690796411,False,0.7688103686891066,0.012590972747079055,0.012281858777999415,0.011972744808919774,target_active_risk=0.03
blend,mv,2025-09-30,2025-10-31,0.0020303959851422854,0.29020513099611933,False,0.7341299118559396,0.001740190854146166,0.0014499857231500468,0.0011597805921539275,target_active_risk=0.03
blend,mv,2025-10-31,2025-11-30,-0.0016657017974633617,0.3413425362110936,False,0.6514220776564361,-0.002007044333674455,-0.002348386869885549,-0.0026897294060966425,target_active_risk=0.03
blend,mv,2025-11-30,2025-12-31,0.0022410306918223526,0.31372039483019204,False,0.668711137305329,0.0019273102969921607,0.0016135899021619685,0.0012998695073317764,target_active_risk=0.03
blend,mv,2025-12-31,2026-01-31,0.00791340892018153,0.33513874986837733,False,0.7252458927459168,0.007578270170313153,0.007243131420444775,0.006907992670576398,target_active_risk=0.03
blend,mv,1995-01-31,1995-02-28,0.022910605990052103,2.52082850102514,True,2.52082850102514,0.020389777489026963,0.017868948988001822,0.015348120486976684,target_active_risk=0.08
blend,mv,1995-02-28,1995-03-31,-0.0036738853144429456,1.4314327606646438,False,2.415396876563719,-0.00510531807510759,-0.0065367508357722336,-0.007968183596436876,target_active_risk=0.08
blend,mv,1995-03-31,1995-04-30,0.04732741065879641,1.1017374158423652,False,2.4467507115759797,0.04622567324295404,0.045123935827111675,0.04402219841126931,target_active_risk=0.08
blend,mv,1995-04-30,1995-05-31,-0.0010107334813846992,1.1822522646640867,False,2.6513384213865816,-0.002192985746048786,-0.003375238010712873,-0.00455749027537696,target_active_risk=0.08
blend,mv,1995-05-31,1995-06-30,0.02584515948789299,1.3766604554199864,False,2.616631681699893,0.024468499032473,0.023091838577053016,0.02171517812163303,target_active_risk=0.08
blend,mv,1995-06-30,1995-07-31,0.0014087552920145328,0.9894713642632043,False,2.623338283375036,0.00041928392775132856,-0.0005701874365118757,-0.00155965880077508,target_active_risk=0.08
blend,mv,1995-07-31,1995-08-31,-0.0032805835630722235,1.1543060252055475,False,2.3576883516979286,-0.004434889588277771,-0.005589195613483318,-0.006743501638688866,target_active_risk=0.08
blend,mv,1995-08-31,1995-09-30,0.03334998632962023,1.0833154729745669,False,2.48049138086195,0.03226667085664567,0.031183355383671098,0.03010003991069653,target_active_risk=0.08
blend,mv,1995-09-30,1995-10-31,0.05450389187437293,1.0070344530912507,False,2.4296698580359695,0.05349685742128168,0.05248982296819042,0.05148278851509917,target_active_risk=0.08
blend,mv,1995-10-31,1995-11-30,-0.038036859836415596,1.2149306512843616,False,2.490334681252248,-0.03925179048769996,-0.04046672113898432,-0.041681651790268684,target_active_risk=0.08
blend,mv,1995-11-30,1995-12-31,-0.004159668897999526,1.0236902815930242,False,2.3184691062760354,-0.005183359179592551,-0.006207049461185575,-0.007230739742778599,target_active_risk=0.08
blend,mv,1995-12-31,1996-01-31,0.00828906070951984,1.1928078252360101,False,2.676596046177552,0.007096252884283829,0.005903445059047819,0.004710637233811809,target_active_risk=0.08
blend,mv,1996-01-31,1996-02-29,0.009388935841119269,1.1562339966635244,False,2.6265160901072893,0.008232701844455745,0.00707646784779222,0.005920233851128696,target_active_risk=0.08
blend,mv,1996-02-29,1996-03-31,-0.03707281487232594,1.1635041530161747,False,2.619746720236854,-0.038236319025342115,-0.039399823178358294,-0.040563327331374466,target_active_risk=0.08
blend,mv,1996-03-31,1996-04-30,-0.01575067633574656,1.127198854543315,False,2.7681537577858166,-0.016877875190289875,-0.01800507404483319,-0.019132272899376506,target_active_risk=0.08
blend,mv,1996-04-30,1996-05-31,-0.0019607335619676487,1.376586887225999,False,2.7874621490547815,-0.003337320449193648,-0.004713907336419647,-0.0060904942236456455,target_active_risk=0.08
blend,mv,1996-05-31,1996-06-30,-0.006899702706375326,1.4921712383152144,False,2.9452960324389275,-0.00839187394469054,-0.009884045183005754,-0.01137621642132097,target_active_risk=0.08
blend,mv,1996-06-30,1996-07-31,0.01823787383316875,1.4178362623917289,False,3.160445078644406,0.016820037570777022,0.015402201308385294,0.013984365045993565,target_active_risk=0.08
blend,mv,1996-07-31,1996-08-31,0.006654826967844979,1.2404629282666249,False,2.8325835979879326,0.005414364039578354,0.004173901111311729,0.002933438183045104,target_active_risk=0.08
blend,mv,1996-08-31,1996-09-30,0.011712108425722267,1.2977987422359278,False,2.910147324457661,0.010414309683486339,0.009116510941250412,0.007818712199014484,target_active_risk=0.08
blend,mv,1996-09-30,1996-10-31,0.009451620381866341,1.6325672292593973,False,2.9638210254252964,0.007819053152606944,0.006186485923347546,0.0045539186940881495,target_active_risk=0.08
blend,mv,1996-10-31,1996-11-30,-0.016252725899847685,1.6555061838300071,False,3.0374453717558176,-0.017908232083677693,-0.0195637382675077,-0.02121924445133771,target_active_risk=0.08
blend,mv,1996-11-30,1996-12-31,0.00878450634965674,1.5881022614984712,False,2.9483763268309766,0.007196404088158269,0.0056083018266597975,0.004020199565161327,target_active_risk=0.08
blend,mv,1996-12-31,1997-01-31,0.04016715918012839,1.541967920344294,False,3.007059885793819,0.0386251912597841,0.0370832233394398,0.03554125541909551,target_active_risk=0.08
blend,mv,1997-01-31,1997-02-28,-0.031890652681524446,1.452438969614985,False,2.6968691278458845,-0.03334309165113943,-0.03479553062075442,-0.036247969590369404,target_active_risk=0.08
blend,mv,1997-02-28,1997-03-31,0.018481531972550813,1.4754218369788146,False,2.562251480519637,0.017006110135572,0.015530688298593184,0.014055266461614369,target_active_risk=0.08
blend,mv,1997-03-31,1997-04-30,0.023458407511496797,1.4697901222833698,False,2.7847412507531346,0.021988617389213427,0.020518827266930058,0.01904903714464669,target_active_risk=0.08
blend,mv,1997-04-30,1997-05-31,-0.003182529446376446,1.4735702095439966,False,2.7808882177317575,-0.004656099655920443,-0.00612966986546444,-0.007603240075008436,target_active_risk=0.08
blend,mv,1997-05-31,1997-06-30,0.021537658943365023,1.4326601259343401,False,2.6662837375077126,0.02010499881743068,0.018672338691496343,0.017239678565562,target_active_risk=0.08
blend,mv,1997-06-30,1997-07-31,0.0885762720083304,1.382350647925667,False,2.6741993819695633,0.08719392136040474,0.08581157071247907,0.0844292200645534,target_active_risk=0.08
blend,mv,1997-07-31,1997-08-31,-0.04716350810628031,1.3771989543241607,False,2.586393573616077,-0.04854070706060447,-0.04991790601492863,-0.05129510496925279,target_active_risk=0.08
blend,mv,1997-08-31,1997-09-30,-0.0019462607245468717,1.5163294426282903,False,2.18715218764943,-0.003462590167175162,-0.004978919609803453,-0.006495249052431743,target_active_risk=0.08
blend,mv,1997-09-30,1997-10-31,0.027476166116324165,1.4552551377535319,False,2.646415451662208,0.026020910978570632,0.024565655840817102,0.02311040070306357,target_active_risk=0.08
blend,mv,1997-10-31,1997-11-30,0.00032719095930200496,1.5350702060251131,False,2.8058078303309615,-0.0012078792467231081,-0.0027429494527482215,-0.004278019658773335,target_active_risk=0.08
blend,mv,1997-11-30,1997-12-31,0.019351724686454456,1.4301791098284682,False,2.485944059270967,0.017921545576625987,0.01649136646679752,0.015061187356969052,target_active_risk=0.08
blend,mv,1997-12-31,1998-01-31,0.012431908146551741,1.7615603800810153,False,2.6155392409853397,0.010670347766470726,0.00890878738638971,0.007147227006308696,target_active_risk=0.08
blend,mv,1998-01-31,1998-02-28,-0.007377893404310875,1.4734089472616216,False,2.2999654686889546,-0.008851302351572497,-0.010324711298834117,-0.01179812024609574,target_active_risk=0.08
blend,mv,1998-02-28,1998-03-31,-0.0016976785819028475,1.6227725703827671,False,2.3866508757070775,-0.003320451152285615,-0.004943223722668382,-0.006565996293051149,target_active_risk=0.08
blend,mv,1998-03-31,1998-04-30,-0.02914527900718098,1.395478257190134,False,2.5578689526880707,-0.030540757264371117,-0.031936235521561246,-0.03333171377875138,target_active_risk=0.08
blend,mv,1998-04-30,1998-05-31,0.03916731404049854,1.2526908440815638,False,2.649162825262089,0.037914623196416974,0.03666193235233541,0.03540924150825384,target_active_risk=0.08
blend,mv,1998-05-31,1998-06-30,0.08643045775085977,1.1454596568201385,False,2.612534637352688,0.08528499809403962,0.08413953843721948,0.08299407878039936,target_active_risk=0.08
blend,mv,1998-06-30,1998-07-31,0.03703899996564296,1.3517718283162665,False,2.3955358220412695,0.03568722813732669,0.03433545630901042,0.03298368448069416,target_active_risk=0.08
blend,mv,1998-07-31,1998-08-31,0.016750023198416192,1.064508246719951,False,2.18053236461309,0.01568551495169624,0.014621006704976292,0.01355649845825634,target_active_risk=0.08
blend,mv,1998-08-31,1998-09-30,-0.06313088381852672,0.8746126195173961,False,2.016579313290678,-0.06400549643804411,-0.06488010905756152,-0.06575472167707891,target_active_risk=0.08
blend,mv,1998-09-30,1998-10-31,-0.03173961263733299,1.4018378419767183,False,1.90466089718416,-0.03314145047930971,-0.034543288321286426,-0.03594512616326315,target_active_risk=0.08
blend,mv,1998-10-31,1998-11-30,0.016791703636641585,0.9777584260470332,False,2.084113252624403,0.01581394521059455,0.014836186784547518,0.013858428358500485,target_active_risk=0.08
blend,mv,1998-11-30,1998-12-31,0.07710556724197887,0.9620259088304909,False,2.2453414289113605,0.07614354133314838,0.07518151542431789,0.07421948951548739,target_active_risk=0.08
blend,mv,1998-12-31,1999-01-31,0.07423756291418598,0.9727465246868733,False,2.010263893805219,0.07326481638949911,0.07229206986481224,0.07131932334012536,target_active_risk=0.08
blend,mv,1999-01-31,1999-02-28,-0.01449178029137229,1.0395337515231435,False,1.9313636191769497,-0.015531314042895433,-0.016570847794418576,-0.01761038154594172,target_active_risk=0.08
blend,mv,1999-02-28,1999-03-31,0.021087971904457777,0.9452007022879239,False,1.8028089467437458,0.020142771202169854,0.019197570499881928,0.018252369797594006,target_active_risk=0.08
blend,mv,1999-03-31,1999-04-30,-0.08235167568693308,0.8063287486151147,False,1.9471526689632528,-0.08315800443554819,-0.08396433318416331,-0.08477066193277842,target_active_risk=0.08
blend,mv,1999-04-30,1999-05-31,-0.00840890243061795,1.183353221856982,False,1.9407926634623214,-0.009592255652474933,-0.010775608874331915,-0.011958962096188897,target_active_risk=0.08
blend,mv,1999-05-31,1999-06-30,0.0462777848887869,1.0382151229955492,False,2.136976529276554,0.045239569765791354,0.0442013546427958,0.043163139519800255,target_active_risk=0.08
blend,mv,1999-06-30,1999-07-31,0.026029057094676438,0.994495535460294,False,2.232842368286439,0.025034561559216142,0.02404006602375585,0.023045570488295555,target_active_risk=0.08
blend,mv,1999-07-31,1999-08-31,0.015813940240190817,0.9890942887567413,False,2.238497192919627,0.014824845951434075,0.013835751662677333,0.012846657373920593,target_active_risk=0.08
blend,mv,1999-08-31,1999-09-30,0.03736332129286037,0.9501625742694727,False,2.0427132928305176,0.0364131587185909,0.035462996144321426,0.03451283357005196,target_active_risk=0.08
blend,mv,1999-09-30,1999-10-31,0.056979702403583174,0.8280128401172391,False,1.9349250942417615,0.05615168956346594,0.055323676723348696,0.05449566388323146,target_active_risk=0.08
blend,mv,1999-10-31,1999-11-30,0.03171225324567782,1.0859066148673673,False,1.8869517768738313,0.030626346630810455,0.02954044001594309,0.02845453340107572,target_active_risk=0.08
blend,mv,1999-11-30,1999-12-31,0.07410974054219895,0.8380474495209879,False,1.8089089584657436,0.07327169309267796,0.07243364564315696,0.07159559819363598,target_active_risk=0.08
blend,mv,1999-12-31,2000-01-31,-0.012187352474595022,0.9421542000768104,False,1.7803278370159612,-0.013129506674671831,-0.014071660874748643,-0.015013815074825453,target_active_risk=0.08
blend,mv,2000-01-31,2000-02-29,0.08706435214404051,0.8669650981846427,False,1.8961771129981855,0.08619738704585587,0.08533042194767122,0.08446345684948658,target_active_risk=0.08
blend,mv,2000-02-29,2000-03-31,0.0036989352872821724,0.8237307010374324,False,1.7659670901736901,0.00287520458624474,0.0020514738852073075,0.001227743184169875,target_active_risk=0.08
blend,mv,2000-03-31,2000-04-30,-0.04789059308336932,0.9679478995750639,False,1.6376253232856721,-0.048858540982944385,-0.04982648888251945,-0.05079443678209451,target_active_risk=0.08
blend,mv,2000-04-30,2000-05-31,-0.033063762429819635,0.934765212839822,False,1.4726440400279142,-0.033998527642659454,-0.03493329285549928,-0.0358680580683391,target_active_risk=0.08
blend,mv,2000-05-31,2000-06-30,0.052654697850092455,0.8851583183319842,False,1.7977114521068787,0.05176953953176047,0.05088438121342849,0.0499992228950965,target_active_risk=0.08
blend,mv,2000-06-30,2000-07-31,-0.016824679607090866,0.6855524556701628,False,1.8867210931124572,-0.01751023206276103,-0.01819578451843119,-0.018881336974101354,target_active_risk=0.08
blend,mv,2000-07-31,2000-08-31,0.05976390796438275,0.7928328203714443,False,1.8430098978566354,0.05897107514401131,0.05817824232363986,0.05738540950326842,target_active_risk=0.08
blend,mv,2000-08-31,2000-09-30,-0.0010345575270830916,0.9583606808104054,False,1.792542260304075,-0.001992918207893497,-0.002951278888703902,-0.003909639569514308,target_active_risk=0.08
blend,mv,2000-09-30,2000-10-31,-0.024935624076468894,0.7313565931119026,False,1.857502589042866,-0.025666980669580796,-0.0263983372626927,-0.0271296938558046,target_active_risk=0.08
blend,mv,2000-10-31,2000-11-30,-0.037514691781024276,0.7308470344245956,False,1.837218916654358,-0.03824553881544887,-0.038976385849873466,-0.03970723288429806,target_active_risk=0.08
blend,mv,2000-11-30,2000-12-31,0.0015341391605852715,0.792663658286574,False,1.8801256141264253,0.0007414755022986974,-5.118815598787667e-05,-0.0008438518142744504,target_active_risk=0.08
blend,mv,2000-12-31,2001-01-31,-0.10046370163239537,0.871610189867856,False,1.912007069492009,-0.10133531182226323,-0.1022069220121311,-0.10307853220199895,target_active_risk=0.08
blend,mv,2001-01-31,2001-02-28,0.011723173798388595,1.1156771820193547,False,1.7720568055739445,0.01060749661636924,0.009491819434349884,0.008376142252330531,target_active_risk=0.08
blend,mv,2001-02-28,2001-03-31,0.014645127801077993,0.8205760501936108,False,1.7182211743433171,0.013824551750884382,0.013003975700690772,0.01218339965049716,target_active_risk=0.08
blend,mv,2001-03-31,2001-04-30,-0.0006398365384414395,0.9228690868322015,False,1.6199677703092954,-0.001562705625273641,-0.0024855747121058426,-0.003408443798938044,target_active_risk=0.08
blend,mv,2001-04-30,2001-05-31,0.011656964809150497,0.9223853202719379,False,1.691770626028634,0.01073457948887856,0.009812194168606621,0.008889808848334683,target_active_risk=0.08
blend,mv,2001-05-31,2001-06-30,0.01059252999520638,1.0655998772616586,False,1.7780327144409895,0.009526930117944723,0.008461330240683063,0.007395730363421405,target_active_risk=0.08
blend,mv,2001-06-30,2001-07-31,0.011338453788215026,0.9903130810161979,False,1.8513602941306744,0.010348140707198828,0.009357827626182631,0.008367514545166432,target_active_risk=0.08
blend,mv,2001-07-31,2001-08-31,0.002163855966509514,1.053999327354022,False,1.5878138390288183,0.001109856639155492,5.585731180146993e-05,-0.000998142015552552,target_active_risk=0.08
blend,mv,2001-08-31,2001-09-30,0.0398228262796019,0.8807869781338208,False,1.5727223465979816,0.038942039301468084,0.03806125232333426,0.03718046534520044,target_active_risk=0.08
blend,mv,2001-09-30,2001-10-31,-0.016673611397090674,0.9332653663473189,False,1.4600385913263527,-0.017606876763437994,-0.018540142129785313,-0.01947340749613263,target_active_risk=0.08
blend,mv,2001-10-31,2001-11-30,-0.04787639854983559,0.8184341262826826,False,1.3060308544530241,-0.04869483267611827,-0.04951326680240095,-0.05033170092868364,target_active_risk=0.08
blend,mv,2001-11-30,2001-12-31,0.024563646499560943,0.7135398938251332,False,1.4829443974124783,0.023850106605735808,0.023136566711910677,0.022423026818085542,target_active_risk=0.08
blend,mv,2001-12-31,2002-01-31,0.038396214040182286,0.8114283237279293,False,1.5710231129392354,0.03758478571645436,0.03677335739272643,0.0359619290689985,target_active_risk=0.08
blend,mv,2002-01-31,2002-02-28,0.03106522386863217,0.781200730864374,False,1.6246789477012598,0.030284023137767794,0.029502822406903422,0.028721621676039047,target_active_risk=0.08
blend,mv,2002-02-28,2002-03-31,0.014747804839248167,0.7850434119106922,False,1.716685157507821,0.013962761427337475,0.013177718015426783,0.01239267460351609,target_active_risk=0.08
blend,mv,2002-03-31,2002-04-30,0.053481808785515894,0.7877113625103332,False,1.5256624232285538,0.05269409742300556,0.051906386060495226,0.051118674697984895,target_active_risk=0.08
blend,mv,2002-04-30,2002-05-31,0.013213636808784072,0.6080165841744276,False,1.5572572106081966,0.012605620224609645,0.011997603640435216,0.011389587056260789,target_active_risk=0.08
blend,mv,2002-05-31,2002-06-30,0.0013180419035211377,0.6198011001841186,False,1.539073938303453,0.0006982408033370191,7.843970315290051e-05,-0.0005413613970312182,target_active_risk=0.08
blend,mv,2002-06-30,2002-07-31,-0.02803648933922497,0.5110934146545989,False,1.4411596081083808,-0.02854758275387957,-0.029058676168534168,-0.029569769583188764,target_active_risk=0.08
blend,mv,2002-07-31,2002-08-31,0.045815314433298414,0.6211871894772916,False,1.4202839409708414,0.045194127243821124,0.04457294005434383,0.043951752864866536,target_active_risk=0.08
blend,mv,2002-08-31,2002-09-30,0.04479097530606131,0.6942303392899294,False,1.5849559976301566,0.044096744966771385,0.04340251462748145,0.042708284288191525,target_active_risk=0.08
blend,mv,2002-09-30,2002-10-31,-0.03624479688577246,0.6604251654170055,False,1.7143349432918833,-0.036905222051189464,-0.03756564721660647,-0.038226072382023475,target_active_risk=0.08
blend,mv,2002-10-31,2002-11-30,-0.05422578194659947,0.8066373866702816,False,1.679401958469722,-0.05503241933326976,-0.055839056719940036,-0.05664569410661032,target_active_risk=0.08
blend,mv,2002-11-30,2002-12-31,0.035719684938681856,0.7659820818610295,False,1.5137362520234434,0.034953702856820826,0.034187720774959796,0.033421738693098765,target_active_risk=0.08
blend,mv,2002-12-31,2003-01-31,-0.006001892463454611,0.6073658308612202,False,1.6004350506920073,-0.006609258294315831,-0.007216624125177051,-0.007823989956038271,target_active_risk=0.08
blend,mv,2003-01-31,2003-02-28,-0.007355075157534234,0.5917734781881708,False,1.5146555203493532,-0.007946848635722405,-0.008538622113910576,-0.009130395592098746,target_active_risk=0.08
blend,mv,2003-02-28,2003-03-31,-0.024935587992263388,0.7972079315381728,False,1.7951103527888561,-0.025732795923801562,-0.026530003855339733,-0.027327211786877907,target_active_risk=0.08
blend,mv,2003-03-31,2003-04-30,-0.014405992581353359,0.7253487501140473,False,1.9793421901910022,-0.015131341331467407,-0.015856690081581453,-0.0165820388316955,target_active_risk=0.08
blend,mv,2003-04-30,2003-05-31,-0.035910922952201406,0.99755213183314,False,2.0899890222166992,-0.036908475084034546,-0.03790602721586769,-0.03890357934770083,target_active_risk=0.08
blend,mv,2003-05-31,2003-06-30,-0.0015650405389288418,0.8944847784929556,False,2.043203804190315,-0.0024595253174217973,-0.003354010095914753,-0.004248494874407709,target_active_risk=0.08
blend,mv,2003-06-30,2003-07-31,-0.009172800303720537,0.8454962965607955,False,1.9191854452161279,-0.010018296600281333,-0.010863792896842127,-0.011709289193402923,target_active_risk=0.08
blend,mv,2003-07-31,2003-08-31,-0.015326814305183461,0.8456531367218834,False,1.7658408119521474,-0.016172467441905345,-0.017018120578627227,-0.017863773715349113,target_active_risk=0.08
blend,mv,2003-08-31,2003-09-30,0.022954892226169227,1.0353845897751583,False,1.888416574593599,0.021919507636394067,0.02088412304661891,0.01984873845684375,target_active_risk=0.08
blend,mv,2003-09-30,2003-10-31,0.03225031719552559,0.938066385234909,False,1.5673408310908823,0.03131225081029068,0.03037418442505577,0.029436118039820863,target_active_risk=0.08
blend,mv,2003-10-31,2003-11-30,0.020311145600091188,0.8150720600908973,False,1.6545251652595032,0.01949607354000029,0.018681001479909393,0.017865929419818495,target_active_risk=0.08
blend,mv,2003-11-30,2003-12-31,-0.039669503848304415,0.8005805970852018,False,1.5917518618547453,-0.04047008444538962,-0.04127066504247482,-0.04207124563956002,target_active_risk=0.08
blend,mv,2003-12-31,2004-01-31,-0.020300585914797428,0.6620751340897097,False,1.4153864541793617,-0.020962661048887138,-0.021624736182976848,-0.022286811317066557,target_active_risk=0.08
blend,mv,2004-01-31,2004-02-29,0.014945100456487264,0.6912699972883763,False,1.5903750665628342,0.014253830459198888,0.013562560461910511,0.012871290464622135,target_active_risk=0.08
blend,mv,2004-02-29,2004-03-31,0.013207758797111793,1.0600613118904163,False,1.889062302026977,0.012147697485221378,0.01108763617333096,0.010027574861440545,target_active_risk=0.08
blend,mv,2004-03-31,2004-04-30,-0.05350971369644156,0.7740602900007079,False,1.832284303728937,-0.05428377398644227,-0.05505783427644297,-0.055831894566443684,target_active_risk=0.08
blend,mv,2004-04-30,2004-05-31,0.005147466912896282,0.7444200932225917,False,1.7217817128507857,0.00440304681967369,0.0036586267264510984,0.0029142066332285064,target_active_risk=0.08
blend,mv,2004-05-31,2004-06-30,0.003792192338639248,1.300382678266649,False,2.2612175932945906,0.002491809660372599,0.0011914269821059497,-0.00010895569616069896,target_active_risk=0.08
blend,mv,2004-06-30,2004-07-31,-0.02734867588255313,0.9581293151125382,False,2.0684987902439422,-0.02830680519766567,-0.029264934512778208,-0.030223063827890743,target_active_risk=0.08
blend,mv,2004-07-31,2004-08-31,-0.013767100765254442,1.032043708748235,False,2.054799969345774,-0.014799144474002678,-0.01583118818275091,-0.016863231891499148,target_active_risk=0.08
blend,mv,2004-08-31,2004-09-30,0.03572878088760073,1.1849709849436318,False,2.212136970442736,0.0345438099026571,0.03335883891771347,0.032173867932769835,target_active_risk=0.08
blend,mv,2004-09-30,2004-10-31,-0.028139021060299214,1.0929577689539478,False,2.155179157836162,-0.02923197882925316,-0.03032493659820711,-0.03141789436716106,target_active_risk=0.08
blend,mv,2004-10-31,2004-11-30,0.025666776772354863,0.96007995909221,False,2.068254579297924,0.024706696813262652,0.023746616854170444,0.022786536895078233,target_active_risk=0.08
blend,mv,2004-11-30,2004-12-31,-0.0015188301492631584,0.9474568332417199,False,2.163919202824777,-0.0024662869825048785,-0.003413743815746598,-0.004361200648988319,target_active_risk=0.08
blend,mv,2004-12-31,2005-01-31,0.04392141510209165,1.013200837225731,False,1.97481524143583,0.04290821426486592,0.04189501342764019,0.04088181259041446,target_active_risk=0.08
blend,mv,2005-01-31,2005-02-28,0.05164088515065962,1.0257639120761257,False,2.0924787032904466,0.05061512123858349,0.04958935732650737,0.04856359341443124,target_active_risk=0.08
blend,mv,2005-02-28,2005-03-31,-0.005248760616555781,1.0633358389130305,False,1.8592248457067446,-0.006312096455468812,-0.007375432294381842,-0.008438768133294873,target_active_risk=0.08
blend,mv,2005-03-31,2005-04-30,-0.0024573512582511618,0.8120978402744996,False,1.6494156608447277,-0.0032694490985256614,-0.004081546938800161,-0.004893644779074661,target_active_risk=0.08
blend,mv,2005-04-30,2005-05-31,0.011236690612798517,0.7006320560626996,False,1.8296896776322555,0.010536058556735818,0.009835426500673119,0.009134794444610418,target_active_risk=0.08
blend,mv,2005-05-31,2005-06-30,0.020052715656110658,0.5875156804174617,False,1.9390594982569052,0.019465199975693195,0.018877684295275733,0.01829016861485827,target_active_risk=0.08
blend,mv,2005-06-30,2005-07-31,0.0027737350372127813,0.5601150118408534,False,1.957671461016845,0.002213620025371928,0.0016535050135310745,0.001093390001690221,target_active_risk=0.08
blend,mv,2005-07-31,2005-08-31,0.0019618682195278532,0.8967513090831513,False,1.7617398577526118,0.001065116910444702,0.00016836560136155058,-0.0007283857077216007,target_active_risk=0.08
blend,mv,2005-08-31,2005-09-30,0.006511798327407308,0.7059200084344647,False,1.6348932009674657,0.005805878318972843,0.005099958310538379,0.004394038302103914,target_active_risk=0.08
blend,mv,2005-09-30,2005-10-31,-0.0305558348214921,0.5296285578602602,False,1.7236328957752642,-0.03108546337935236,-0.03161509193721262,-0.03214472049507288,target_active_risk=0.08
blend,mv,2005-10-31,2005-11-30,-0.005862237049457312,0.812736957363917,False,1.8377867233872502,-0.006674974006821229,-0.007487710964185146,-0.008300447921549063,target_active_risk=0.08
blend,mv,2005-11-30,2005-12-31,-0.0021092216616135336,0.801127509109244,False,1.8780920507642949,-0.0029103491707227775,-0.0037114766798320214,-0.004512604188941265,target_active_risk=0.08
blend,mv,2005-12-31,2006-01-31,0.045040724384406046,0.7928981949377074,False,1.9722061819370929,0.04424782618946834,0.04345492799453063,0.042662029799592924,target_active_risk=0.08
blend,mv,2006-01-31,2006-02-28,-0.021798218985212114,0.9189571071636786,False,1.9378554251000657,-0.022717176092375793,-0.023636133199539472,-0.02455509030670315,target_active_risk=0.08
blend,mv,2006-02-28,2006-03-31,0.012807192077293111,0.912412105478377,False,1.866098447550295,0.011894779971814734,0.010982367866336357,0.01006995576085798,target_active_risk=0.08
blend,mv,2006-03-31,2006-04-30,0.03935080887315951,0.8376273953945299,False,2.2079309368578945,0.03851318147776498,0.03767555408237045,0.03683792668697592,target_active_risk=0.08
blend,mv,2006-04-30,2006-05-31,-0.03890956962609276,0.9179232546743245,False,2.0003798469808256,-0.03982749288076708,-0.04074541613544141,-0.04166333939011573,target_active_risk=0.08
blend,mv,2006-05-31,2006-06-30,0.0004880679421177424,0.944032094412338,False,1.683738448873586,-0.0004559641522945957,-0.0013999962467069339,-0.002344028341119272,target_active_risk=0.08
blend,mv,2006-06-30,2006-07-31,-0.025316869605347604,0.7732623944774137,False,1.946280224835725,-0.026090131999825017,-0.026863394394302433,-0.027636656788779846,target_active_risk=0.08
blend,mv,2006-07-31,2006-08-31,-0.02633547949853406,0.8236982465179772,False,2.005196357168458,-0.027159177745052037,-0.027982875991570014,-0.028806574238087992,target_active_risk=0.08
blend,mv,2006-08-31,2006-09-30,0.004673842918307029,0.8709003317000815,False,2.0446276271934036,0.003802942586606947,0.0029320422549068657,0.002061141923206784,target_active_risk=0.08
blend,mv,2006-09-30,2006-10-31,-0.010350706282651268,0.9655169375759631,False,2.0339815808607487,-0.01131622322022723,-0.012281740157803195,-0.013247257095379158,target_active_risk=0.08
blend,mv,2006-10-31,2006-11-30,0.0073617746977932726,0.970398094536686,False,2.1425638788319583,0.006391376603256587,0.0054209785087199,0.004450580414183215,target_active_risk=0.08
blend,mv,2006-11-30,2006-12-31,0.00566147784773156,0.9018445330114935,False,2.2706526575963166,0.004759633314720067,0.003857788781708573,0.0029559442486970797,target_active_risk=0.08
blend,mv,2006-12-31,2007-01-31,0.017713490412687542,0.6927809249911888,False,2.2829538351355376,0.017020709487696354,0.016327928562705166,0.015635147637713974,target_active_risk=0.08
blend,mv,2007-01-31,2007-02-28,0.0031842771846160036,1.065356977510987,False,2.092298310027507,0.0021189202071050166,0.0010535632295940295,-1.1793747916957493e-05,target_active_risk=0.08
blend,mv,2007-02-28,2007-03-31,0.040146048999190796,0.9618142700661918,False,2.131415443109014,0.039184234729124606,0.03822242045905841,0.03726060618899222,target_active_risk=0.08
blend,mv,2007-03-31,2007-04-30,-0.0147150046180848,0.9039066594350954,False,2.122907022333192,-0.015618911277519895,-0.01652281793695499,-0.017426724596390088,target_active_risk=0.08
blend,mv,2007-04-30,2007-05-31,0.0005153068698529711,0.8169355308586609,False,2.0052629480984434,-0.0003016286610056898,-0.0011185641918643506,-0.001935499722723012,target_active_risk=0.08
blend,mv,2007-05-31,2007-06-30,-0.0016573156978347088,0.8118500393572146,False,2.0242010575936003,-0.0024691657371919236,-0.003281015776549138,-0.004092865815906352,target_active_risk=0.08
blend,mv,2007-06-30,2007-07-31,0.01978143632216712,0.8423341703621884,False,2.032084035930995,0.01893910215180493,0.018096767981442743,0.017254433811080553,target_active_risk=0.08
blend,mv,2007-07-31,2007-08-31,-0.010296038627324297,0.8082129680298876,False,1.875501843452808,-0.011104251595354185,-0.011912464563384073,-0.01272067753141396,target_active_risk=0.08
blend,mv,2007-08-31,2007-09-30,0.028846809733177443,0.9494358510678846,False,1.9777736000002266,0.02789737388210956,0.026947938031041674,0.02599850217997379,target_active_risk=0.08
blend,mv,2007-09-30,2007-10-31,0.01651302907277332,1.0403674488576662,False,2.3790573010767795,0.015472661623915654,0.014432294175057987,0.013391926726200322,target_active_risk=0.08
blend,mv,2007-10-31,2007-11-30,-0.00394317848709037,1.043951197041351,False,2.353632681178785,-0.004987129684131722,-0.006031080881173072,-0.007075032078214423,target_active_risk=0.08
blend,mv,2007-11-30,2007-12-31,0.019049928154119107,0.9790721069666485,False,2.293587447083274,0.01807085604715246,0.01709178394018581,0.016112711833219162,target_active_risk=0.08
blend,mv,2007-12-31,2008-01-31,-0.03652550769776434,0.9028940768273154,False,2.2299072765256387,-0.037428401774591655,-0.03833129585141897,-0.03923418992824628,target_active_risk=0.08
blend,mv,2008-01-31,2008-02-29,0.0851420099690596,0.832771791398507,False,2.0060617289676466,0.08430923817766109,0.08347646638626259,0.08264369459486408,target_active_risk=0.08
blend,mv,2008-02-29,2008-03-31,-0.018186153165070326,1.104331705448018,False,2.2559553284163765,-0.019290484870518345,-0.02039481657596636,-0.02149914828141438,target_active_risk=0.08
blend,mv,2008-03-31,2008-04-30,0.019817856638258226,0.825861899333793,False,2.081966163022878,0.018991994738924434,0.01816613283959064,0.017340270940256846,target_active_risk=0.08
blend,mv,2008-04-30,2008-05-31,0.04279976438048161,0.7362204263407766,False,2.3305061248949137,0.04206354395414083,0.04132732352780005,0.04059110310145928,target_active_risk=0.08
blend,mv,2008-05-31,2008-06-30,0.0934779715872559,0.8575432670949412,False,2.2036963173327364,0.09262042832016096,0.09176288505306603,0.09090534178597108,target_active_risk=0.08
blend,mv,2008-06-30,2008-07-31,-0.03722536583946669,0.7112905003869764,False,1.9598349379919342,-0.037936656339853665,-0.038647946840240636,-0.039359237340627615,target_active_risk=0.08
blend,mv,2008-07-31,2008-08-31,-0.030220588877200607,0.9254286106980768,False,1.7134582528791837,-0.031146017487898685,-0.03207144609859676,-0.03299687470929484,target_active_risk=0.08
blend,mv,2008-08-31,2008-09-30,-0.055448860961042075,0.7860350373786903,False,1.7998915283565449,-0.05623489599842076,-0.05702093103579946,-0.057806966073178145,target_active_risk=0.08
blend,mv,2008-09-30,2008-10-31,0.06278685684134477,0.7131587579144955,False,1.9418863776019317,0.06207369808343028,0.06136053932551578,0.060647380567601286,target_active_risk=0.08
blend,mv,2008-10-31,2008-11-30,0.003470510734325074,1.063232745383333,False,2.0865843828030823,0.0024072779889417408,0.0013440452435584077,0.0002808124981750746,target_active_risk=0.08
blend,mv,2008-11-30,2008-12-31,-0.04331054113854959,1.0110299645263792,False,1.8663075626425516,-0.04432157110307597,-0.04533260106760235,-0.046343631032128726,target_active_risk=0.08
blend,mv,2008-12-31,2009-01-31,0.04709857039937537,0.8856277521492456,False,1.799247300225114,0.04621294264722613,0.04532731489507688,0.044441687142927636,target_active_risk=0.08
blend,mv,2009-01-31,2009-02-28,0.019198232929191934,0.907984965459292,False,1.7302294251723647,0.01829024796373264,0.017382262998273352,0.01647427803281406,target_active_risk=0.08
blend,mv,2009-02-28,2009-03-31,-0.04078103445305889,0.7768358579248364,False,1.6099040351413891,-0.04155787031098373,-0.04233470616890856,-0.0431115420268334,target_active_risk=0.08
blend,mv,2009-03-31,2009-04-30,-0.19182884761830385,0.8260377933005184,False,1.4895078196466554,-0.19265488541160436,-0.1934809232049049,-0.1943069609982054,target_active_risk=0.08
blend,mv,2009-04-30,2009-05-31,-0.01959336396678241,1.434353793573426,False,1.2892684355529311,-0.021027717760355835,-0.022462071553929264,-0.02389642534750269,target_active_risk=0.08
blend,mv,2009-05-31,2009-06-30,0.007479585979179029,0.5552002371337643,False,1.2848391318042476,0.0069243857420452646,0.006369185504911501,0.005813985267777736,target_active_risk=0.08
blend,mv,2009-06-30,2009-07-31,-0.02945895658901287,0.6483412340192313,False,1.448440607749155,-0.030107297823032102,-0.030755639057051334,-0.03140398029107057,target_active_risk=0.08
blend,mv,2009-07-31,2009-08-31,-0.01587124596762967,0.7347117936660428,False,1.4612514087496207,-0.01660595776129571,-0.017340669554961757,-0.018075381348627798,target_active_risk=0.08
blend,mv,2009-08-31,2009-09-30,-0.008157759205056849,0.6840406727803354,False,1.5397016841117503,-0.008841799877837184,-0.00952584055061752,-0.010209881223397855,target_active_risk=0.08
blend,mv,2009-09-30,2009-10-31,0.018151441106433772,0.9563850617840253,False,1.8089766786024015,0.017195056044649746,0.016238670982865723,0.015282285921081697,target_active_risk=0.08
blend,mv,2009-10-31,2009-11-30,0.020656412328559404,1.087217758034557,False,1.3700811553728094,0.019569194570524848,0.01848197681249029,0.017394759054455734,target_active_risk=0.08
blend,mv,2009-11-30,2009-12-31,-0.0006809489963725836,0.8511700147315798,False,1.596329636419417,-0.0015321190111041634,-0.0023832890258357435,-0.0032344590405673232,target_active_risk=0.08
blend,mv,2009-12-31,2010-01-31,-0.019155774340209552,0.7105736104839679,False,1.4334977818405972,-0.01986634795069352,-0.020576921561177488,-0.021287495171661456,target_active_risk=0.08
blend,mv,2010-01-31,2010-02-28,0.021335005908545687,0.5907073666544863,False,1.316103472676125,0.0207442985418912,0.020153591175236716,0.01956288380858223,target_active_risk=0.08
blend,mv,2010-02-28,2010-03-31,0.011754818532259962,0.9679125989491424,False,1.2309598260507475,0.01078690593331082,0.009818993334361677,0.008851080735412534,target_active_risk=0.08
blend,mv,2010-03-31,2010-04-30,0.00965299944804018,0.8426005034816633,False,1.2200025180065748,0.008810398944558517,0.007967798441076854,0.0071251979375951905,target_active_risk=0.08
blend,mv,2010-04-30,2010-05-31,0.010341310157810014,0.8525145274477473,False,1.5172711465632998,0.009488795630362267,0.00863628110291452,0.0077837665754667724,target_active_risk=0.08
blend,mv,2010-05-31,2010-06-30,-0.017327447603735523,0.9580473918241907,False,1.5024891547409744,-0.018285494995559714,-0.019243542387383905,-0.020201589779208096,target_active_risk=0.08
blend,mv,2010-06-30,2010-07-31,-0.008816212174703974,0.7738446660600179,False,1.581303508100232,-0.009590056840763991,-0.01036390150682401,-0.011137746172884027,target_active_risk=0.08
blend,mv,2010-07-31,2010-08-31,0.039538151802191154,1.0297777886794175,False,1.5852698545673913,0.03850837401351174,0.03747859622483232,0.0364488184361529,target_active_risk=0.08
blend,mv,2010-08-31,2010-09-30,0.023465178781452264,0.8041065123468683,False,1.850643116352991,0.022661072269105395,0.021856965756758526,0.021052859244411658,target_active_risk=0.08
blend,mv,2010-09-30,2010-10-31,0.0008333323384180281,0.8929747483539975,False,1.6707625142631417,-5.964240993596944e-05,-0.000952617158289967,-0.0018455919066439645,target_active_risk=0.08
blend,mv,2010-10-31,2010-11-30,0.0072946760621072065,0.7148632192542689,False,1.640333605097798,0.006579812842852938,0.005864949623598669,0.0051500864043444,target_active_risk=0.08
blend,mv,2010-11-30,2010-12-31,-0.05331104691333304,0.7703919654192436,False,1.737143354912386,-0.05408143887875229,-0.05485183084417153,-0.055622222809590775,target_active_risk=0.08
blend,mv,2010-12-31,2011-01-31,-0.02918795750883053,1.1820092825976227,False,1.7729709959892523,-0.030369966791428154,-0.031551976074025774,-0.0327339853566234,target_active_risk=0.08
blend,mv,2011-01-31,2011-02-28,0.004220946154547738,0.9775176091440153,False,1.511903524975785,0.0032434285454037226,0.0022659109362597072,0.0012883933271156923,target_active_risk=0.08
blend,mv,2011-02-28,2011-03-31,0.02280002517230614,0.8234706418990138,False,1.6520101013179413,0.021976554530407127,0.02115308388850811,0.020329613246609098,target_active_risk=0.08
blend,mv,2011-03-31,2011-04-30,0.0025969858871663946,0.6821606956340523,False,1.7226599004763417,0.0019148251915323423,0.00123266449589829,0.0005505038002642376,target_active_risk=0.08
blend,mv,2011-04-30,2011-05-31,-0.005029188870841282,0.879559083880601,False,1.7481430624877043,-0.005908747954721884,-0.006788307038602484,-0.007667866122483085,target_active_risk=0.08
blend,mv,2011-05-31,2011-06-30,0.011734673109701768,0.6606989701427176,False,1.6717748166049395,0.01107397413955905,0.010413275169416333,0.009752576199273614,target_active_risk=0.08
blend,mv,2011-06-30,2011-07-31,-0.00443657112220772,0.8426071858161289,False,1.666469174424568,-0.0052791783080238484,-0.006121785493839978,-0.006964392679656107,target_active_risk=0.08
blend,mv,2011-07-31,2011-08-31,-0.008153836351520566,0.8403621644926951,False,1.94766529478605,-0.00899419851601326,-0.009834560680505956,-0.01067492284499865,target_active_risk=0.08
blend,mv,2011-08-31,2011-09-30,-0.03609969151026571,0.8616754430209983,False,1.6827868825731944,-0.03696136695328671,-0.0378230423963077,-0.038684717839328704,target_active_risk=0.08
blend,mv,2011-09-30,2011-10-31,-0.004211626134637453,1.0763042137563104,False,1.8192951324658617,-0.005287930348393763,-0.006364234562150073,-0.007440538775906384,target_active_risk=0.08
blend,mv,2011-10-31,2011-11-30,0.011446406212047188,1.2944763624382787,False,1.656444431188945,0.01015192984960891,0.008857453487170631,0.007562977124732351,target_active_risk=0.08
blend,mv,2011-11-30,2011-12-31,0.011087431124510065,0.8056802322700154,False,1.7434614244889683,0.01028175089224005,0.009476070659970035,0.00867039042770002,target_active_risk=0.08
blend,mv,2011-12-31,2012-01-31,-0.02753303610672767,0.6805944023849526,False,1.6645867122783626,-0.02821363050911262,-0.028894224911497575,-0.029574819313882526,target_active_risk=0.08
blend,mv,2012-01-31,2012-02-29,0.0036007233017304194,0.6668769617671696,False,1.7027650958631835,0.0029338463399632498,0.00226696937819608,0.0016000924164289105,target_active_risk=0.08
blend,mv,2012-02-29,2012-03-31,0.017406108894780604,0.7272609444504823,False,1.8696177700397332,0.01667884795033012,0.01595158700587964,0.015224326061429157,target_active_risk=0.08
blend,mv,2012-03-31,2012-04-30,0.011526074417211988,0.7883082961190279,False,1.7354481935283566,0.01073776612109296,0.009949457824973931,0.009161149528854905,target_active_risk=0.08
blend,mv,2012-04-30,2012-05-31,0.02572093110747402,0.6270186156194023,False,1.795748483817517,0.02509391249185462,0.024466893876235216,0.023839875260615814,target_active_risk=0.08
blend,mv,2012-05-31,2012-06-30,-0.02280989942507407,0.5741824444996176,False,1.913741389613755,-0.02338408186957369,-0.023958264314073306,-0.024532446758572923,target_active_risk=0.08
blend,mv,2012-06-30,2012-07-31,0.045171244285431116,0.6514472492266623,False,1.8239526586894568,0.044519797036204456,0.04386834978697779,0.04321690253775113,target_active_risk=0.08
blend,mv,2012-07-31,2012-08-31,-0.029966421945760647,0.8744055613700257,False,1.8053791013920475,-0.030840827507130672,-0.0317152330685007,-0.03258963862987072,target_active_risk=0.08
blend,mv,2012-08-31,2012-09-30,-0.012609394389955305,0.649376677735075,False,1.7313466086714708,-0.01325877106769038,-0.013908147745425455,-0.01455752442316053,target_active_risk=0.08
blend,mv,2012-09-30,2012-10-31,-0.026411860127519147,0.7483383154752421,False,1.7384068991806378,-0.027160198442994388,-0.027908536758469632,-0.028656875073944873,target_active_risk=0.08
blend,mv,2012-10-31,2012-11-30,0.015273565753227301,0.79171270627222,False,1.8470967997340029,0.014481853046955082,0.01369014034068286,0.01289842763441064,target_active_risk=0.08
blend,mv,2012-11-30,2012-12-31,-0.006699954291179152,0.6409237740384283,False,1.8228133055855398,-0.00734087806521758,-0.007981801839256009,-0.008622725613294437,target_active_risk=0.08
blend,mv,2012-12-31,2013-01-31,0.031162620451662914,0.7759435611398497,False,1.828379655657602,0.030386676890523063,0.029610733329383215,0.028834789768243364,target_active_risk=0.08
blend,mv,2013-01-31,2013-02-28,0.016752321216140478,0.7978647489426086,False,1.7409097002793301,0.01595445646719787,0.01515659171825526,0.014358726969312651,target_active_risk=0.08
blend,mv,2013-02-28,2013-03-31,0.011490432308108754,0.8494069098381146,False,1.7071058732195055,0.010641025398270639,0.009791618488432526,0.00894221157859441,target_active_risk=0.08
blend,mv,2013-03-31,2013-04-30,0.02598821930376451,0.8108496955325171,False,1.683299308479392,0.025177369608231994,0.024366519912699475,0.02355567021716696,target_active_risk=0.08
blend,mv,2013-04-30,2013-05-31,-0.0090147071884318,0.6758707652644593,False,1.7357873602964238,-0.00969057795369626,-0.010366448718960718,-0.011042319484225177,target_active_risk=0.08
blend,mv,2013-05-31,2013-06-30,0.028945780450751937,0.7094164061017291,False,1.6888587333665555,0.028236364044650207,0.027526947638548478,0.026817531232446748,target_active_risk=0.08
blend,mv,2013-06-30,2013-07-31,0.01491344646668709,0.7928647347128784,False,1.7499033675310298,0.014120581731974212,0.013327716997261334,0.012534852262548454,target_active_risk=0.08
blend,mv,2013-07-31,2013-08-31,-0.007746063032983675,0.6992673007406885,False,1.531455927808589,-0.008445330333724363,-0.009144597634465053,-0.00984386493520574,target_active_risk=0.08
blend,mv,2013-08-31,2013-09-30,0.03289027773670341,0.6690326469566267,False,1.4950244112599151,0.03222124508974678,0.031552212442790155,0.030883179795833528,target_active_risk=0.08
blend,mv,2013-09-30,2013-10-31,0.00870315371625732,0.6158609983478645,False,1.6120082012066137,0.008087292717909457,0.0074714317195615915,0.006855570721213728,target_active_risk=0.08
blend,mv,2013-10-31,2013-11-30,0.03118624640046386,0.6026404811881727,False,1.597262587802713,0.030583605919275687,0.029980965438087516,0.029378324956899342,target_active_risk=0.08
blend,mv,2013-11-30,2013-12-31,0.006943961543173153,0.5712852865636923,False,1.6292749075831245,0.006372676256609461,0.0058013909700457686,0.005230105683482077,target_active_risk=0.08
blend,mv,2013-12-31,2014-01-31,0.006341772061099233,0.6123974937213653,False,1.6137120910266687,0.0057293745673778675,0.005116977073656503,0.004504579579935137,target_active_risk=0.08
blend,mv,2014-01-31,2014-02-28,0.021591110898847743,0.8166031712356214,False,1.8073490811981978,0.02077450772761212,0.0199579045563765,0.019141301385140877,target_active_risk=0.08
blend,mv,2014-02-28,2014-03-31,-0.015949209142710176,0.8092717483611147,False,1.6909786005867953,-0.016758480891071292,-0.017567752639432405,-0.01837702438779352,target_active_risk=0.08
blend,mv,2014-03-31,2014-04-30,-0.017102451167692215,0.46185800408920985,False,1.69557052377282,-0.017564309171781426,-0.018026167175870637,-0.018488025179959844,target_active_risk=0.08
blend,mv,2014-04-30,2014-05-31,0.024237780731923612,0.738733526138766,False,1.677159214042402,0.023499047205784846,0.02276031367964608,0.022021580153507313,target_active_risk=0.08
blend,mv,2014-05-31,2014-06-30,-0.01817624507453359,0.7711285931826709,False,1.8142236618000003,-0.018947373667716264,-0.019718502260898933,-0.020489630854081606,target_active_risk=0.08
blend,mv,2014-06-30,2014-07-31,0.021547325337097956,0.7457182428191709,False,1.7766985621390177,0.020801607094278786,0.020055888851459616,0.019310170608640445,target_active_risk=0.08
blend,mv,2014-07-31,2014-08-31,-0.012723032152890503,0.8218692922318867,False,1.9196395546202096,-0.01354490144512239,-0.014366770737354276,-0.015188640029586163,target_active_risk=0.08
blend,mv,2014-08-31,2014-09-30,0.031494764572800205,0.9483233509553112,False,1.947965909907007,0.030546441221844894,0.029598117870889583,0.028649794519934272,target_active_risk=0.08
blend,mv,2014-09-30,2014-10-31,0.01640868522844717,1.0021258432743931,False,2.3914513090040317,0.015406559385172778,0.014404433541898383,0.01340230769862399,target_active_risk=0.08
blend,mv,2014-10-31,2014-11-30,-0.015311574689083137,0.9075428689892083,False,2.1467919303613177,-0.016219117558072347,-0.017126660427061555,-0.018034203296050762,target_active_risk=0.08
blend,mv,2014-11-30,2014-12-31,0.0011492133951794595,0.859182517566041,False,2.140843757007545,0.0002900308776134185,-0.0005691516399526225,-0.0014283341575186638,target_active_risk=0.08
blend,mv,2014-12-31,2015-01-31,-0.010535973579213096,0.7816129264492557,False,2.2345465066226073,-0.011317586505662352,-0.012099199432111608,-0.012880812358560863,target_active_risk=0.08
blend,mv,2015-01-31,2015-02-28,-0.015972505541514054,1.137494792775159,False,1.938843243303002,-0.017110000334289215,-0.018247495127064372,-0.01938498991983953,target_active_risk=0.08
blend,mv,2015-02-28,2015-03-31,0.028732426399367086,0.9762705554922719,False,2.026952113173605,0.027756155843874815,0.026779885288382543,0.025803614732890272,target_active_risk=0.08
blend,mv,2015-03-31,2015-04-30,-0.05550430984920145,0.96188720821337,False,2.0905061873909463,-0.05646619705741482,-0.05742808426562819,-0.058389971473841555,target_active_risk=0.08
blend,mv,2015-04-30,2015-05-31,0.046826875194187094,1.0410767754479489,False,1.9140493767490812,0.04578579841873914,0.0447447216432912,0.04370364486784325,target_active_risk=0.08
blend,mv,2015-05-31,2015-06-30,0.0398217716541283,0.8528162579213536,False,2.074474948611041,0.03896895539620695,0.03811613913828559,0.03726332288036424,target_active_risk=0.08
blend,mv,2015-06-30,2015-07-31,0.05065862599876975,0.813594007040558,False,2.0114552678755384,0.0498450319917292,0.04903143798468864,0.04821784397764808,target_active_risk=0.08
blend,mv,2015-07-31,2015-08-31,-0.010997940078425892,0.9644122173573707,False,2.1392242328813578,-0.011962352295783263,-0.012926764513140633,-0.013891176730498004,target_active_risk=0.08
blend,mv,2015-08-31,2015-09-30,0.0020448039143119495,0.8524563364537849,False,1.7957554151833326,0.0011923475778581644,0.0003398912414043795,-0.0005125650950494054,target_active_risk=0.08
blend,mv,2015-09-30,2015-10-31,0.011689001640871667,0.9643567404553322,False,1.883303741547399,0.010724644900416335,0.009760288159961003,0.008795931419505671,target_active_risk=0.08
blend,mv,2015-10-31,2015-11-30,0.0008661724434623659,1.1048068681307373,False,1.8571543091112896,-0.00023863442466837137,-0.0013434412927991086,-0.002448248160929846,target_active_risk=0.08
blend,mv,2015-11-30,2015-12-31,0.006936293142699496,1.1535013295361922,False,1.9059908946727342,0.005782791813163304,0.004629290483627112,0.0034757891540909192,target_active_risk=0.08
blend,mv,2015-12-31,2016-01-31,-0.003955632198400033,0.9707482484662489,False,2.175780358245556,-0.004926380446866282,-0.005897128695332531,-0.00686787694379878,target_active_risk=0.08
blend,mv,2016-01-31,2016-02-29,-0.05392742305589336,1.056162568560055,False,2.246365971497701,-0.054983585624453414,-0.056039748193013474,-0.057095910761573526,target_active_risk=0.08
blend,mv,2016-02-29,2016-03-31,-0.013476052460096935,1.1755083896296268,False,2.4067168234755436,-0.014651560849726561,-0.015827069239356187,-0.017002577628985816,target_active_risk=0.08
blend,mv,2016-03-31,2016-04-30,-0.0037651642876960463,1.018861771871777,False,2.3028939741995753,-0.004784026059567823,-0.005802887831439601,-0.006821749603311377,target_active_risk=0.08
blend,mv,2016-04-30,2016-05-31,-0.007888596918311657,0.9967990400743707,False,2.5273222461933305,-0.008885395958386028,-0.009882194998460398,-0.010878994038534769,target_active_risk=0.08
blend,mv,2016-05-31,2016-06-30,0.05468380192477082,0.9974263545707707,False,2.3037854775227102,0.05368637557020005,0.05268894921562928,0.051691522861058506,target_active_risk=0.08
blend,mv,2016-06-30,2016-07-31,0.0005226152248742744,1.0140684139241487,False,2.314159842920298,-0.0004914531890498744,-0.0015055216029740233,-0.002519590016898172,target_active_risk=0.08
blend,mv,2016-07-31,2016-08-31,-0.004612070443850741,1.0631298858562659,False,2.0015103149334013,-0.0056752003297070065,-0.006738330215563273,-0.007801460101419539,target_active_risk=0.08
blend,mv,2016-08-31,2016-09-30,0.004318681089318958,0.936311959379354,False,1.8383628866498862,0.003382369129939604,0.00244605717056025,0.001509745211180896,target_active_risk=0.08
blend,mv,2016-09-30,2016-10-31,-0.005276318782159439,0.9029009879968815,False,2.0404485829800847,-0.00617921977015632,-0.0070821207581532025,-0.007985021746150085,target_active_risk=0.08
blend,mv,2016-10-31,2016-11-30,-0.055583116294482496,0.9324878526462526,False,1.9540505426614119,-0.05651560414712875,-0.057448091999775,-0.058380579852421254,target_active_risk=0.08
blend,mv,2016-11-30,2016-12-31,-0.0016270983774878205,1.0900618055516953,False,2.054361439677885,-0.0027171601830395156,-0.003807221988591211,-0.0048972837941429065,target_active_risk=0.08
blend,mv,2016-12-31,2017-01-31,0.022672727385550723,1.1709040134511974,False,1.9067856331254784,0.021501823372099525,0.02033091935864833,0.01916001534519713,target_active_risk=0.08
blend,mv,2017-01-31,2017-02-28,-0.014140992193211282,0.8057117385190193,False,1.897734042533544,-0.014946703931730301,-0.01575241567024932,-0.01655812740876834,target_active_risk=0.08
blend,mv,2017-02-28,2017-03-31,-0.018560837712134473,0.8630744834469863,False,2.0492534929581723,-0.01942391219558146,-0.020286986679028444,-0.021150061162475434,target_active_risk=0.08
blend,mv,2017-03-31,2017-04-30,0.023775940565350734,0.9613839073525707,False,2.213715433596318,0.022814556657998163,0.02185317275064559,0.02089178884329302,target_active_risk=0.08
blend,mv,2017-04-30,2017-05-31,0.022172714653773906,1.5009496106214169,False,2.333432318020314,0.02067176504315249,0.019170815432531074,0.017669865821909655,target_active_risk=0.08
blend,mv,2017-05-31,2017-06-30,-0.03389380205800518,1.31304665068729,False,2.567601681238175,-0.035206848708692465,-0.03651989535937976,-0.037832942010067046,target_active_risk=0.08
blend,mv,2017-06-30,2017-07-31,0.004552917927320668,1.1061584744268322,False,2.287164390831065,0.003446759452893836,0.0023406009784670036,0.0012344425040401717,target_active_risk=0.08
blend,mv,2017-07-31,2017-08-31,0.031232186061821276,0.9461032260562958,False,2.151281413992088,0.03028608283576498,0.029339979609708685,0.02839387638365239,target_active_risk=0.08
blend,mv,2017-08-31,2017-09-30,-0.002831642929551734,1.081236254955452,False,2.4490793572385776,-0.003912879184507186,-0.004994115439462638,-0.00607535169441809,target_active_risk=0.08
blend,mv,2017-09-30,2017-10-31,0.042998780699906355,1.1230620280710644,False,2.4909329972908094,0.04187571867183529,0.04075265664376423,0.03962959461569316,target_active_risk=0.08
blend,mv,2017-10-31,2017-11-30,-0.017863233666061032,1.1562297024950778,False,2.3609297142813923,-0.01901946336855611,-0.020175693071051187,-0.021331922773546265,target_active_risk=0.08
blend,mv,2017-11-30,2017-12-31,-0.028629171128238713,1.4573961643535878,False,2.4668531614674363,-0.0300865672925923,-0.03154396345694589,-0.03300135962129948,target_active_risk=0.08
blend,mv,2017-12-31,2018-01-31,0.034323985404247706,1.107696144146725,False,2.3838982902204644,0.03321628926010098,0.03210859311595426,0.03100089697180753,target_active_risk=0.08
blend,mv,2018-01-31,2018-02-28,0.01146082576038883,1.0057664959134636,False,2.592266286037166,0.010455059264475366,0.009449292768561901,0.008443526272648438,target_active_risk=0.08
blend,mv,2018-02-28,2018-03-31,0.016000092923947738,1.2223395716421936,False,2.5979362981560383,0.014777753352305545,0.01355541378066335,0.012333074209021157,target_active_risk=0.08
blend,mv,2018-03-31,2018-04-30,-0.012529748948445824,0.8688203944015549,False,2.549012066311822,-0.013398569342847378,-0.014267389737248934,-0.015136210131650488,target_active_risk=0.08
blend,mv,2018-04-30,2018-05-31,0.02872092480598198,0.9362423668851455,False,2.418926442918494,0.027784682439096837,0.02684844007221169,0.025912197705326545,target_active_risk=0.08
blend,mv,2018-05-31,2018-06-30,-0.007885426021176256,1.187531993502789,False,2.30303151479567,-0.009072958014679045,-0.010260490008181834,-0.011448022001684623,target_active_risk=0.08
blend,mv,2018-06-30,2018-07-31,-0.025465266230959127,0.8657739008056412,False,2.1709132991639466,-0.02633104013176477,-0.02719681403257041,-0.02806258793337605,target_active_risk=0.08
blend,mv,2018-07-31,2018-08-31,0.04091609435218028,0.9669703660342842,False,2.273409813164866,0.039949123986145994,0.03898215362011171,0.03801518325407743,target_active_risk=0.08
blend,mv,2018-08-31,2018-09-30,0.018311198883192114,0.9764949144274466,False,2.2710333404561935,0.017334703968764666,0.01635820905433722,0.015381714139909774,target_active_risk=0.08
blend,mv,2018-09-30,2018-10-31,-0.0511780379646443,0.9429972401520205,False,2.339431696256121,-0.052121035204796315,-0.05306403244494834,-0.054007029685100356,target_active_risk=0.08
blend,mv,2018-10-31,2018-11-30,-0.031060219823477307,1.1286192980429357,False,2.240945625704342,-0.03218883912152024,-0.03331745841956318,-0.03444607771760611,target_active_risk=0.08
blend,mv,2018-11-30,2018-12-31,0.005510480542980798,1.1052336022138696,False,2.437147600394706,0.004405246940766929,0.003300013338553059,0.0021947797363391893,target_active_risk=0.08
blend,mv,2018-12-31,2019-01-31,-0.013692208799391098,1.072851752413932,False,2.5641582606231905,-0.014765060551805029,-0.01583791230421896,-0.016910764056632895,target_active_risk=0.08
blend,mv,2019-01-31,2019-02-28,0.02356625019710627,1.260257992039382,False,2.590608627594514,0.022305992205066887,0.021045734213027505,0.019785476220988123,target_active_risk=0.08
blend,mv,2019-02-28,2019-03-31,0.0017141840488786638,0.9415749066034215,False,2.700401048195283,0.0007726091422752423,-0.00016896576432817918,-0.0011105406709316008,target_active_risk=0.08
blend,mv,2019-03-31,2019-04-30,-0.009483819393095437,0.9887928136747992,False,2.62460424047707,-0.010472612206770237,-0.011461405020445035,-0.012450197834119835,target_active_risk=0.08
blend,mv,2019-04-30,2019-05-31,0.009083566969773546,1.2860634471818506,False,2.328771650216016,0.007797503522591695,0.0065114400754098445,0.005225376628227994,target_active_risk=0.08
blend,mv,2019-05-31,2019-06-30,-0.03730338740993575,1.0545394975118667,False,2.187901604480056,-0.03835792690744762,-0.03941246640495948,-0.040467005902471355,target_active_risk=0.08
blend,mv,2019-06-30,2019-07-31,0.0412260843458123,1.3954188271174073,False,2.2331041624053514,0.039830665518694894,0.03843524669157748,0.03703982786446008,target_active_risk=0.08
blend,mv,2019-07-31,2019-08-31,0.05154997563488885,0.9628843589012008,False,2.4262956906299826,0.05058709127598765,0.049624206917086446,0.04866132255818525,target_active_risk=0.08
blend,mv,2019-08-31,2019-09-30,-0.01221116172890097,1.0904576989994788,False,2.203677330415575,-0.01330161942790045,-0.014392077126899928,-0.015482534825899407,target_active_risk=0.08
blend,mv,2019-09-30,2019-10-31,-0.002215275299622827,0.9097259739579716,False,2.0692847416024702,-0.0031250012735807987,-0.004034727247538771,-0.0049444532214967425,target_active_risk=0.08
blend,mv,2019-10-31,2019-11-30,0.010686858612946059,1.149547819295561,False,2.474944183232352,0.009537310793650498,0.008387762974354937,0.007238215155059376,target_active_risk=0.08
blend,mv,2019-11-30,2019-12-31,-0.016344103866534006,1.11212550755904,False,2.6265949564138538,-0.017456229374093045,-0.018568354881652087,-0.019680480389211125,target_active_risk=0.08
blend,mv,2019-12-31,2020-01-31,0.04134391379980388,1.1204014844866486,False,2.375589775405452,0.040223512315317234,0.03910311083083058,0.037982709346343936,target_active_risk=0.08
blend,mv,2020-01-31,2020-02-29,-0.009726684722024526,1.0440648298848838,False,2.4082886387247595,-0.01077074955190941,-0.011814814381794294,-0.012858879211679178,target_active_risk=0.08
blend,mv,2020-02-29,2020-03-31,0.06443814648591589,1.188865795007275,False,1.855191109405568,0.06324928069090861,0.06206041489590134,0.06087154910089407,target_active_risk=0.08
blend,mv,2020-03-31,2020-04-30,0.042866542893649884,0.9631853625555563,False,2.031510017983449,0.04190335753109433,0.04094017216853877,0.03997698680598322,target_active_risk=0.08
blend,mv,2020-04-30,2020-05-31,0.0031124165550826055,1.3930929704181234,False,1.3214708066367444,0.001719323584664482,0.0003262306142463585,-0.0010668623561717648,target_active_risk=0.08
blend,mv,2020-05-31,2020-06-30,0.021927155034185214,0.7758512423887652,False,1.5199722498751578,0.021151303791796448,0.020375452549407685,0.01959960130701892,target_active_risk=0.08
blend,mv,2020-06-30,2020-07-31,0.03875197635742837,0.5261619318583183,False,1.6311014225310807,0.038225814425570055,0.03769965249371174,0.037173490561853414,target_active_risk=0.08
blend,mv,2020-07-31,2020-08-31,0.06553967112993175,0.5507951960733609,False,1.6768439021326575,0.0649888759338584,0.06443808073778504,0.06388728554171168,target_active_risk=0.08
blend,mv,2020-08-31,2020-09-30,-0.017218387648883886,0.5657035402699896,False,1.5511040473218545,-0.017784091189153875,-0.018349794729423864,-0.018915498269693853,target_active_risk=0.08
blend,mv,2020-09-30,2020-10-31,-0.023727035692044457,0.48368079204137265,False,1.50130226583372,-0.02421071648408583,-0.0246943972761272,-0.025178078068168575,target_active_risk=0.08
blend,mv,2020-10-31,2020-11-30,-0.037258913248163085,0.5546942080943652,False,1.5065781720189912,-0.03781360745625745,-0.03836830166435182,-0.03892299587244618,target_active_risk=0.08
blend,mv,2020-11-30,2020-12-31,0.019969946989433784,0.8309460735443118,False,1.4141706683750923,0.01913900091588947,0.01830805484234516,0.017477108768800848,target_active_risk=0.08
blend,mv,2020-12-31,2021-01-31,0.03051747266866411,0.6252698129213093,False,1.6944176606873627,0.029892202855742803,0.02926693304282149,0.028641663229900183,target_active_risk=0.08
blend,mv,2021-01-31,2021-02-28,-0.04995118973150183,0.6713833130785875,False,1.619388323766087,-0.05062257304458042,-0.05129395635765901,-0.0519653396707376,target_active_risk=0.08
blend,mv,2021-02-28,2021-03-31,-0.05783003591192941,0.6792308675944965,False,1.3804062029000856,-0.05850926677952391,-0.0591884976471184,-0.0598677285147129,target_active_risk=0.08
blend,mv,2021-03-31,2021-04-30,0.013540937748750396,1.0390240578072785,False,1.1448442228259517,0.012501913690943119,0.01146288963313584,0.01042386557532856,target_active_risk=0.08
blend,mv,2021-04-30,2021-05-31,-0.0219287217503879,0.5168603234734387,False,1.1626855693393834,-0.02244558207386134,-0.022962442397334776,-0.023479302720808216,target_active_risk=0.08
blend,mv,2021-05-31,2021-06-30,-0.0065142321626464805,0.47161806020460095,False,1.2363617700888665,-0.006985850222851081,-0.007457468283055682,-0.007929086343260283,target_active_risk=0.08
blend,mv,2021-06-30,2021-07-31,0.021159660102660006,0.4369170616975512,False,1.3302354421257974,0.020722743040962454,0.020285825979264902,0.019848908917567354,target_active_risk=0.08
blend,mv,2021-07-31,2021-08-31,0.010880093151703851,0.6743480745768661,False,1.293788137610537,0.010205745077126986,0.009531397002550119,0.008857048927973253,target_active_risk=0.08
blend,mv,2021-08-31,2021-09-30,-0.020180468489021434,0.8184893782910789,False,1.4108940983686946,-0.020998957867312512,-0.021817447245603593,-0.02263593662389467,target_active_risk=0.08
blend,mv,2021-09-30,2021-10-31,0.011247365639227172,0.6881506492131859,False,1.3990953102445767,0.010559214990013987,0.0098710643408008,0.009182913691587614,target_active_risk=0.08
blend,mv,2021-10-31,2021-11-30,-0.004378288627060246,0.7495363707958814,False,1.5290314244524352,-0.005127824997856127,-0.0058773613686520084,-0.00662689773944789,target_active_risk=0.08
blend,mv,2021-11-30,2021-12-31,-0.0023259524062584514,0.7610924435756494,False,1.675554480307065,-0.003087044849834101,-0.0038481372934097502,-0.004609229736985399,target_active_risk=0.08
blend,mv,2021-12-31,2022-01-31,0.01251218742575996,0.7886384296165022,False,1.6488788831934973,0.011723548996143458,0.010934910566526955,0.010146272136910453,target_active_risk=0.08
blend,mv,2022-01-31,2022-02-28,0.019834624099956833,0.9169115302875458,False,1.7737694111316726,0.018917712569669287,0.01800080103938174,0.017083889509094195,target_active_risk=0.08
blend,mv,2022-02-28,2022-03-31,0.04535707150257229,0.9971502130348898,False,1.8244896550394487,0.0443599212895374,0.04336277107650251,0.042365620863467617,target_active_risk=0.08
blend,mv,2022-03-31,2022-04-30,0.027381098382938694,0.8806755311654987,False,1.592970822324742,0.026500422851773196,0.0256197473206077,0.024739071789442197,target_active_risk=0.08
blend,mv,2022-04-30,2022-05-31,0.004543460502016215,0.5127206897249311,False,1.2460521996971365,0.004030739812291284,0.0035180191225663527,0.0030052984328414216,target_active_risk=0.08
blend,mv,2022-05-31,2022-06-30,0.006167806150782404,0.5583796711530054,False,1.4379586405584266,0.005609426479629399,0.0050510468084763935,0.0044926671373233884,target_active_risk=0.08
blend,mv,2022-06-30,2022-07-31,0.006187220164824176,0.43614479570111825,False,1.3009116347321765,0.005751075369123058,0.00531493057342194,0.004878785777720822,target_active_risk=0.08
blend,mv,2022-07-31,2022-08-31,0.03970065404637426,0.6175484202725183,False,1.3808476217031778,0.03908310562610174,0.038465557205829226,0.037848008785556705,target_active_risk=0.08
blend,mv,2022-08-31,2022-09-30,0.01065041432279662,0.428882627150447,False,1.4304078348155627,0.010221531695646173,0.009792649068495725,0.009363766441345279,target_active_risk=0.08
blend,mv,2022-09-30,2022-10-31,0.01843973887884769,0.3737391334863945,False,1.4108085685559981,0.018065999745361296,0.0176922606118749,0.017318521478388506,target_active_risk=0.08
blend,mv,2022-10-31,2022-11-30,-0.029628382507834453,0.5857244325339428,False,1.449560778430662,-0.030214106940368395,-0.03079983137290234,-0.03138555580543628,target_active_risk=0.08
blend,mv,2022-11-30,2022-12-31,0.001505327645351022,0.5427855869938715,False,1.258534340556717,0.0009625420583571505,0.000419756471363279,-0.00012302911563059232,target_active_risk=0.08
blend,mv,2022-12-31,2023-01-31,-0.053995929267193814,0.3896777980068366,False,1.2681019309599542,-0.05438560706520065,-0.054775284863207485,-0.055164962661214324,target_active_risk=0.08
blend,mv,2023-01-31,2023-02-28,0.009524336048911054,0.5819320162475294,False,1.4222927132189254,0.008942404032663524,0.008360472016415994,0.0077785400001684655,target_active_risk=0.08
blend,mv,2023-02-28,2023-03-31,-0.009183213301385025,0.6036327738563251,False,1.5025908359278395,-0.00978684607524135,-0.010390478849097676,-0.010994111622954,target_active_risk=0.08
blend,mv,2023-03-31,2023-04-30,0.018466615674228293,0.8716242133980737,False,1.5902155404193454,0.01759499146083022,0.016723367247432147,0.015851743034034072,target_active_risk=0.08
blend,mv,2023-04-30,2023-05-31,0.0385322262598133,1.0347863530591956,False,1.7757173691238122,0.0374974399067541,0.03646265355369491,0.03542786720063571,target_active_risk=0.08
blend,mv,2023-05-31,2023-06-30,-0.004084083910518939,0.9593925105448616,False,1.6824573359690576,-0.005043476421063801,-0.006002868931608663,-0.006962261442153525,target_active_risk=0.08
blend,mv,2023-06-30,2023-07-31,-0.012070535411254003,0.9662690782885565,False,1.6165259995153904,-0.01303680448954256,-0.014003073567831117,-0.014969342646119673,target_active_risk=0.08
blend,mv,2023-07-31,2023-08-31,0.003317373744534961,0.8209304274972057,False,1.9782209509772937,0.002496443317037755,0.0016755128895405494,0.0008545824620433437,target_active_risk=0.08
blend,mv,2023-08-31,2023-09-30,-0.01714942930502425,0.8105775854768724,False,1.8664867590368452,-0.01796000689050112,-0.018770584475977993,-0.019581162061454868,target_active_risk=0.08
blend,mv,2023-09-30,2023-10-31,0.02684282014838115,0.8602580072288328,False,1.8529019593506693,0.02598256214115232,0.025122304133923485,0.024262046126694654,target_active_risk=0.08
blend,mv,2023-10-31,2023-11-30,0.03710831887634533,0.8947097288932518,False,1.8648662909610163,0.03621360914745208,0.03531889941855883,0.034424189689665576,target_active_risk=0.08
blend,mv,2023-11-30,2023-12-31,-0.017118704886576692,1.10998396527482,False,2.0804732200260747,-0.018228688851851513,-0.019338672817126333,-0.020448656782401153,target_active_risk=0.08
blend,mv,2023-12-31,2024-01-31,0.03498878790978798,1.1112487863314815,False,1.5649743673576375,0.0338775391234565,0.03276629033712502,0.03165504155079354,target_active_risk=0.08
blend,mv,2024-01-31,2024-02-29,0.012172268018563505,0.8071736379319931,False,1.6568608463657692,0.011365094380631512,0.010557920742699518,0.009750747104767525,target_active_risk=0.08
blend,mv,2024-02-29,2024-03-31,-0.021063639895077816,0.6499951307027538,False,1.6840739894948595,-0.02171363502578057,-0.022363630156483325,-0.023013625287186076,target_active_risk=0.08
blend,mv,2024-03-31,2024-04-30,-0.026207338908379316,0.6915541282019901,False,1.725272777798994,-0.026898893036581308,-0.027590447164783295,-0.028282001292985286,target_active_risk=0.08
blend,mv,2024-04-30,2024-05-31,0.02293906322795127,0.7725738499123361,False,1.8182078801490054,0.022166489378038935,0.021393915528126597,0.020621341678214264,target_active_risk=0.08
blend,mv,2024-05-31,2024-06-30,0.0019494916599547777,0.8919052604820504,False,1.8241157534208694,0.0010575863994727271,0.0001656811389906768,-0.0007262241214913735,target_active_risk=0.08
blend,mv,2024-06-30,2024-07-31,-0.01499896465214729,0.7193471343270403,False,1.881641337068342,-0.01571831178647433,-0.01643765892080137,-0.01715700605512841,target_active_risk=0.08
blend,mv,2024-07-31,2024-08-31,-0.00029202842992567953,0.8358741188664955,False,1.9698012834122165,-0.001127902548792175,-0.0019637766676586705,-0.002799650786525166,target_active_risk=0.08
blend,mv,2024-08-31,2024-09-30,-0.004123944765418172,1.070312867566729,False,2.150284875199177,-0.0051942576329849005,-0.00626457050055163,-0.007334883368118359,target_active_risk=0.08
blend,mv,2024-09-30,2024-10-31,-0.0003474924969935342,0.8127065698315942,False,1.908277331360555,-0.0011601990668251283,-0.0019729056366567226,-0.0027856122064883167,target_active_risk=0.08
blend,mv,2024-10-31,2024-11-30,0.010725697664314957,0.9373385085258481,False,1.861630360320241,0.009788359155789109,0.00885102064726326,0.007913682138737412,target_active_risk=0.08
blend,mv,2024-11-30,2024-12-31,-0.010084117004754199,0.9837269878016389,False,1.9833895443522511,-0.011067843992555837,-0.012051570980357477,-0.013035297968159117,target_active_risk=0.08
blend,mv,2024-12-31,2025-01-31,0.024554580307545985,1.066568256974714,False,2.1563358543094857,0.023488012050571272,0.022421443793596556,0.021354875536621843,target_active_risk=0.08
blend,mv,2025-01-31,2025-02-28,-0.0036646039553752956,0.9858312216613343,False,1.8223535906599215,-0.00465043517703663,-0.005636266398697964,-0.006622097620359299,target_active_risk=0.08
blend,mv,2025-02-28,2025-03-31,0.016618490619188114,0.8170162963243676,False,1.8853858247350352,0.015801474322863746,0.01498445802653938,0.014167441730215011,target_active_risk=0.08
blend,mv,2025-03-31,2025-04-30,0.04131339582812317,0.7783869745073252,False,1.9081142426847593,0.04053500885361584,0.03975662187910852,0.03897823490460119,target_active_risk=0.08
blend,mv,2025-04-30,2025-05-31,0.020761819807799793,0.8828039945459154,False,2.14056963986967,0.019879015813253877,0.01899621181870796,0.018113407824162046,target_active_risk=0.08
blend,mv,2025-05-31,2025-06-30,-0.01245827812954037,0.8091116834772483,False,1.9330524935660562,-0.013267389813017618,-0.014076501496494866,-0.014885613179972114,target_active_risk=0.08
blend,mv,2025-06-30,2025-07-31,-0.03883358243054978,1.0298021924416267,False,1.8565093644921256,-0.03986338462299141,-0.04089318681543304,-0.04192298900787466,target_active_risk=0.08
blend,mv,2025-07-31,2025-08-31,-0.018671068474172985,0.8288856991864182,False,1.873001958254444,-0.019499954173359403,-0.02032883987254582,-0.02115772557173224,target_active_risk=0.08
blend,mv,2025-08-31,2025-09-30,0.034400231243089864,0.8283375095823446,False,2.050160983170951,0.03357189373350752,0.03274355622392518,0.03191521871434283,target_active_risk=0.08
blend,mv,2025-09-30,2025-10-31,0.005414389293712764,0.7664868300466173,False,1.9576797649491726,0.004647902463666146,0.0038814156336195293,0.0031149288035729117,target_active_risk=0.08
blend,mv,2025-10-31,2025-11-30,-0.004441871459902301,0.9084091372964687,False,1.7371255404171626,-0.00535028059719877,-0.0062586897344952385,-0.007167098871791707,target_active_risk=0.08
blend,mv,2025-11-30,2025-12-31,0.005976081844859609,0.8378836824320646,False,1.7832296994808776,0.005138198162427544,0.0043003144799954795,0.003462430797563415,target_active_risk=0.08
blend,mv,2025-12-31,2026-01-31,0.021102423787150746,0.8925878278789904,False,1.9339890473224453,0.020209835959271755,0.019317248131392767,0.018424660303513776,target_active_risk=0.08
blend,mv,1995-01-31,1995-02-28,0.013992770438920447,1.5909853123510915,True,1.5909853123510915,0.012401785126569354,0.010810799814218263,0.009219814501867173,neutrality=dollar_beta
blend,mv,1995-02-28,1995-03-31,-0.0022982709432685083,0.9053665325539453,False,1.5101105233090721,-0.0032036374758224536,-0.004109004008376399,-0.0050143705409303446,neutrality=dollar_beta
blend,mv,1995-03-31,1995-04-30,0.029266979958288506,0.6642318416788604,False,1.515231324902503,0.028602748116609646,0.027938516274930787,0.027274284433251923,neutrality=dollar_beta
blend,mv,1995-04-30,1995-05-31,0.0005358715687491431,0.7354118311800117,False,1.6526129705922197,-0.0001995402624308687,-0.0009349520936108805,-0.001670363924790892,neutrality=dollar_beta
blend,mv,1995-05-31,1995-06-30,0.014950765979883181,0.8590182184968923,False,1.6246635470465596,0.014091747761386289,0.013232729542889397,0.012373711324392505,neutrality=dollar_beta
blend,mv,1995-06-30,1995-07-31,-0.0006341692239746268,0.6189873160626351,False,1.6496870823980543,-0.001253156540037262,-0.001872143856099897,-0.0024911311721625322,neutrality=dollar_beta
blend,mv,1995-07-31,1995-08-31,-0.002056578342506782,0.7299320503345826,False,1.4543852267258197,-0.0027865103928413643,-0.003516442443175947,-0.00424637449351053,neutrality=dollar_beta
blend,mv,1995-08-31,1995-09-30,0.02288152615442253,0.6892685047797813,False,1.5464377734363786,0.02219225764964275,0.021502989144862966,0.020813720640083185,neutrality=dollar_beta
blend,mv,1995-09-30,1995-10-31,0.03574684063634304,0.6586397234664202,False,1.5107244761171308,0.03508820091287662,0.0344295611894102,0.03377092146594378,neutrality=dollar_beta
blend,mv,1995-10-31,1995-11-30,-0.024550422328635142,0.760704853251283,False,1.5677934206429973,-0.025311127181886425,-0.02607183203513771,-0.02683253688838899,neutrality=dollar_beta
blend,mv,1995-11-30,1995-12-31,-0.00047937765134626096,0.6371915271506765,False,1.428224666190273,-0.0011165691784969375,-0.001753760705647614,-0.0023909522327982906,neutrality=dollar_beta
blend,mv,1995-12-31,1996-01-31,0.005125345888719868,0.7574779544842323,False,1.6590665338102517,0.004367867934235636,0.0036103899797514036,0.0028529120252671716,neutrality=dollar_beta
blend,mv,1996-01-31,1996-02-29,0.005600995233799741,0.7275872174538444,False,1.6341535241804646,0.004873408016345897,0.004145820798892052,0.003418233581438208,neutrality=dollar_beta
blend,mv,1996-02-29,1996-03-31,-0.024251671925470872,0.7306213949280738,False,1.611675899112575,-0.024982293320398946,-0.02571291471532702,-0.026443536110255093,neutrality=dollar_beta
blend,mv,1996-03-31,1996-04-30,-0.01075866418080286,0.706734280264262,False,1.6881506895313512,-0.011465398461067122,-0.012172132741331384,-0.012878867021595646,neutrality=dollar_beta
blend,mv,1996-04-30,1996-05-31,-0.0018520160470373505,0.8457559255429941,False,1.7101650721362653,-0.0026977719725803447,-0.0035435278981233386,-0.004389283823666333,neutrality=dollar_beta
blend,mv,1996-05-31,1996-06-30,-0.0007804260329664839,0.968754887128535,False,1.8283433040021062,-0.0017491809200950188,-0.002717935807223554,-0.003686690694352089,neutrality=dollar_beta
blend,mv,1996-06-30,1996-07-31,0.012314730698880953,0.9127969761277558,False,1.9707072321154888,0.011401933722753197,0.010489136746625442,0.009576339770497686,neutrality=dollar_beta
blend,mv,1996-07-31,1996-08-31,0.004577983259218089,0.7566487113529707,False,1.7804688838804568,0.003821334547865118,0.003064685836512147,0.0023080371251591766,neutrality=dollar_beta
blend,mv,1996-08-31,1996-09-30,0.009108893548626238,0.7912512167420209,False,1.8310392720543716,0.008317642331884216,0.0075263911151421965,0.006735139898400175,neutrality=dollar_beta
blend,mv,1996-09-30,1996-10-31,0.005676875948719367,1.0517994463355487,False,1.8537316007472384,0.004625076502383817,0.003573277056048269,0.0025214776097127207,neutrality=dollar_beta
blend,mv,1996-10-31,1996-11-30,-0.011552330881183813,1.0557473059565048,False,1.9372709756946154,-0.012608078187140317,-0.013663825493096823,-0.014719572799053327,neutrality=dollar_beta
blend,mv,1996-11-30,1996-12-31,0.005985063797007504,1.0107396100212016,False,1.8464377796467697,0.004974324186986302,0.003963584576965101,0.002952844966943899,neutrality=dollar_beta
blend,mv,1996-12-31,1997-01-31,0.021985866215033838,1.0027303356238717,False,1.915065654509914,0.020983135879409965,0.019980405543786096,0.018977675208162223,neutrality=dollar_beta
blend,mv,1997-01-31,1997-02-28,-0.01852828197823169,0.9490741169176153,False,1.6952016835242352,-0.019477356095149306,-0.020426430212066922,-0.021375504328984538,neutrality=dollar_beta
blend,mv,1997-02-28,1997-03-31,0.013522616568904917,0.9398034322867249,False,1.626088515010951,0.012582813136618192,0.011643009704331467,0.010703206272044742,neutrality=dollar_beta
blend,mv,1997-03-31,1997-04-30,0.012722337276500423,0.888151246729426,False,1.748537153749006,0.011834186029770998,0.010946034783041571,0.010057883536312146,neutrality=dollar_beta
blend,mv,1997-04-30,1997-05-31,-0.0019691939195556627,0.9301784743403103,False,1.7378354773558868,-0.002899372393895973,-0.0038295508682362834,-0.004759729342576594,neutrality=dollar_beta
blend,mv,1997-05-31,1997-06-30,0.013305823405052382,0.8926298390690882,False,1.6691031680710133,0.012413193565983294,0.011520563726914205,0.010627933887845118,neutrality=dollar_beta
blend,mv,1997-06-30,1997-07-31,0.054016649547990146,0.8342902773463018,False,1.6735676468452048,0.053182359270643846,0.05234806899329754,0.05151377871595124,neutrality=dollar_beta
blend,mv,1997-07-31,1997-08-31,-0.030017475073163654,0.9040587571762327,False,1.736551261659811,-0.030921533830339888,-0.03182559258751612,-0.03272965134469235,neutrality=dollar_beta
blend,mv,1997-08-31,1997-09-30,-0.0024145167060094976,1.0048319710653775,False,1.4202342245006179,-0.0034193486770748753,-0.004424180648140253,-0.00542901261920563,neutrality=dollar_beta
blend,mv,1997-09-30,1997-10-31,0.020668969279737194,0.9049424409546198,False,1.6398923011588356,0.019764026838782575,0.018859084397827953,0.017954141956873334,neutrality=dollar_beta
blend,mv,1997-10-31,1997-11-30,0.0017412075052349622,0.9953830937944333,False,1.8069647293157687,0.0007458244114405287,-0.0002495586823539047,-0.0012449417761483377,neutrality=dollar_beta
blend,mv,1997-11-30,1997-12-31,0.012259565465881691,0.8731077282991198,False,1.5480508137694056,0.01138645773758257,0.010513350009283452,0.009640242280984332,neutrality=dollar_beta
blend,mv,1997-12-31,1998-01-31,0.004672121355696312,1.0975348601300858,False,1.6212481887217085,0.0035745864955662263,0.0024770516354361404,0.0013795167753060545,neutrality=dollar_beta
blend,mv,1998-01-31,1998-02-28,-0.0068163975168815975,0.9230452306774026,False,1.4129187942975283,-0.007739442747559,-0.008662487978236403,-0.009585533208913805,neutrality=dollar_beta
blend,mv,1998-02-28,1998-03-31,-0.00022096467315541613,1.017015792245692,False,1.4684274656599596,-0.0012379804654011081,-0.0022549962576468,-0.003272012049892492,neutrality=dollar_beta
blend,mv,1998-03-31,1998-04-30,-0.02115104010020583,0.8322655351026531,False,1.5442160787538204,-0.02198330563530848,-0.022815571170411136,-0.023647836705513788,neutrality=dollar_beta
blend,mv,1998-04-30,1998-05-31,0.026609556407382665,0.8051232326290142,False,1.6397754299512022,0.02580443317475365,0.024999309942124636,0.02419418670949562,neutrality=dollar_beta
blend,mv,1998-05-31,1998-06-30,0.05197521386654816,0.731647511263022,False,1.6391043188358503,0.05124356635528514,0.05051191884402211,0.04978027133275909,neutrality=dollar_beta
blend,mv,1998-06-30,1998-07-31,0.02273419455616922,0.840731143948487,False,1.4909702313761926,0.021893463412220735,0.021052732268272246,0.02021200112432376,neutrality=dollar_beta
blend,mv,1998-07-31,1998-08-31,0.004478384776918993,0.6730689537363753,False,1.3623222632605247,0.0038053158231826176,0.0031322468694462424,0.0024591779157098668,neutrality=dollar_beta
blend,mv,1998-08-31,1998-09-30,-0.04063249417885254,0.550653818933201,False,1.274280122288852,-0.041183147997785746,-0.04173380181671894,-0.04228445563565215,neutrality=dollar_beta
blend,mv,1998-09-30,1998-10-31,-0.006869891623898375,0.8387725325655433,False,1.24001118526803,-0.007708664156463919,-0.008547436689029462,-0.009386209221595006,neutrality=dollar_beta
blend,mv,1998-10-31,1998-11-30,0.015292500346467914,0.6837838459196703,False,1.3107744608175549,0.014608716500548244,0.013924932654628573,0.013241148808708903,neutrality=dollar_beta
blend,mv,1998-11-30,1998-12-31,0.04937752953742584,0.6314807715175373,False,1.3931824985564172,0.04874604876590831,0.04811456799439077,0.047483087222873234,neutrality=dollar_beta
blend,mv,1998-12-31,1999-01-31,0.04749544932514542,0.6026983782547891,False,1.2445676783187414,0.04689275094689063,0.046290052568635845,0.04568735419038105,neutrality=dollar_beta
blend,mv,1999-01-31,1999-02-28,-0.009075977661026984,0.6689455593880406,False,1.2030609920800952,-0.009744923220415024,-0.010413868779803066,-0.011082814339191106,neutrality=dollar_beta
blend,mv,1999-02-28,1999-03-31,0.013277270623176855,0.5839703186165083,False,1.1324225652131994,0.012693300304560347,0.012109329985943839,0.01152535966732733,neutrality=dollar_beta
blend,mv,1999-03-31,1999-04-30,-0.05107525032856745,0.5173123128173772,False,1.1995259792364226,-0.05159256264138482,-0.052109874954202204,-0.05262718726701958,neutrality=dollar_beta
blend,mv,1999-04-30,1999-05-31,-0.007383029694317825,0.7599791130357731,False,1.2186086431932042,-0.008143008807353597,-0.008902987920389372,-0.009662967033425144,neutrality=dollar_beta
blend,mv,1999-05-31,1999-06-30,0.028679886958772313,0.6476683524344463,False,1.3437766961166797,0.028032218606337866,0.02738455025390342,0.026736881901468973,neutrality=dollar_beta
blend,mv,1999-06-30,1999-07-31,0.015801812765298216,0.6228742380433236,False,1.3892512773395633,0.015178938527254892,0.014556064289211568,0.013933190051168245,neutrality=dollar_beta
blend,mv,1999-07-31,1999-08-31,0.00935881011325953,0.6252727689162882,False,1.393870648822419,0.008733537344343243,0.008108264575426955,0.007482991806510666,neutrality=dollar_beta
blend,mv,1999-08-31,1999-09-30,0.023947345322878337,0.5495079872452604,False,1.2834043913185453,0.023397837335633078,0.022848329348387816,0.022298821361142557,neutrality=dollar_beta
blend,mv,1999-09-30,1999-10-31,0.035920356564162044,0.5132568429123933,False,1.211881425524875,0.03540709972124965,0.03489384287833726,0.03438058603542486,neutrality=dollar_beta
blend,mv,1999-10-31,1999-11-30,0.02075774808758195,0.6543304808377755,False,1.168582914025724,0.020103417606744178,0.0194490871259064,0.018794756645068626,neutrality=dollar_beta
blend,mv,1999-11-30,1999-12-31,0.04850239226313917,0.5351538140083618,False,1.1253798510093305,0.047967238449130804,0.04743208463512245,0.04689693082111408,neutrality=dollar_beta
blend,mv,1999-12-31,2000-01-31,-0.008247226289070162,0.6090569060056079,False,1.1190849673937056,-0.00885628319507577,-0.009465340101081379,-0.010074397007086986,neutrality=dollar_beta
blend,mv,2000-01-31,2000-02-29,0.05405310535918417,0.5380363855265379,False,1.1949562767365378,0.05351506897365763,0.0529770325881311,0.05243899620260456,neutrality=dollar_beta
blend,mv,2000-02-29,2000-03-31,0.0034432087011369663,0.5155808906659672,False,1.0963573381043275,0.002927627810470999,0.0024120469198050318,0.0018964660291390645,neutrality=dollar_beta
blend,mv,2000-03-31,2000-04-30,-0.030071931711936357,0.6041806462232235,False,1.0180927468797867,-0.03067611235815958,-0.0312802930043828,-0.031884473650606024,neutrality=dollar_beta
blend,mv,2000-04-30,2000-05-31,-0.022200591745473654,0.5793584208899789,False,0.9172280319671039,-0.02277995016636363,-0.023359308587253613,-0.02393866700814359,neutrality=dollar_beta
blend,mv,2000-05-31,2000-06-30,0.0335201792009348,0.5534539150208294,False,1.1135044795518825,0.03296672528591397,0.03241327137089314,0.03185981745587231,neutrality=dollar_beta
blend,mv,2000-06-30,2000-07-31,-0.0057570381479588725,0.43504333439273096,False,1.161224044532827,-0.006192081482351603,-0.006627124816744334,-0.007062168151137065,neutrality=dollar_beta
blend,mv,2000-07-31,2000-08-31,0.03822522769075328,0.5131023717018718,False,1.146803601052029,0.03771212531905141,0.03719902294734954,0.036685920575647665,neutrality=dollar_beta
blend,mv,2000-08-31,2000-09-30,0.0012661596790519726,0.5787314225610991,False,1.1280275563571023,0.0006874282564908735,0.00010869683392977433,-0.0004700345886313247,neutrality=dollar_beta
blend,mv,2000-09-30,2000-10-31,-0.01596215961523914,0.4529667937599796,False,1.1711097644697246,-0.01641512640899912,-0.016868093202759102,-0.01732105999651908,neutrality=dollar_beta
blend,mv,2000-10-31,2000-11-30,-0.022640057591872594,0.4574597461253599,False,1.15418444209264,-0.023097517337997954,-0.023554977084123314,-0.024012436830248673,neutrality=dollar_beta
blend,mv,2000-11-30,2000-12-31,0.0007773642547564455,0.4883443734045874,False,1.1764821564882475,0.0002890198813518581,-0.00019932449205272936,-0.0006876688654573167,neutrality=dollar_beta
blend,mv,2000-12-31,2001-01-31,-0.0598229232556402,0.5846425944447631,False,1.212535676578212,-0.06040756585008496,-0.060992208444529725,-0.061576851038974485,neutrality=dollar_beta
blend,mv,2001-01-31,2001-02-28,0.0070838084345037165,0.640965185980346,False,1.1071785658772797,0.0064428432485233705,0.0058018780625430245,0.0051609128765626785,neutrality=dollar_beta
blend,mv,2001-02-28,2001-03-31,0.00973690726488513,0.49810133876828955,False,1.0699013720795918,0.00923880592611684,0.008740704587348552,0.008242603248580262,neutrality=dollar_beta
blend,mv,2001-03-31,2001-04-30,0.0020184415592404835,0.6155047717455085,False,1.026552380084804,0.001402936787494975,0.0007874320157494664,0.00017192724400395777,neutrality=dollar_beta
blend,mv,2001-04-30,2001-05-31,0.007717811285543222,0.5687115847377764,False,1.0584550803359396,0.007149099700805446,0.006580388116067669,0.006011676531329892,neutrality=dollar_beta
blend,mv,2001-05-31,2001-06-30,0.006443476536030327,0.686367714852685,False,1.1116090210046305,0.005757108821177642,0.005070741106324957,0.004384373391472272,neutrality=dollar_beta
blend,mv,2001-06-30,2001-07-31,0.007053965424737939,0.6274916018929497,False,1.159452574740212,0.0064264738228449894,0.005798982220952039,0.0051714906190590895,neutrality=dollar_beta
blend,mv,2001-07-31,2001-08-31,0.0004946846218333107,0.6641890189583426,False,0.9878606037370086,-0.00016950439712503198,-0.0008336934160833746,-0.0014978824350417174,neutrality=dollar_beta
blend,mv,2001-08-31,2001-09-30,0.020674850985077983,0.5442284263081143,False,1.0194347796593795,0.020130622558769868,0.019586394132461753,0.01904216570615364,neutrality=dollar_beta
blend,mv,2001-09-30,2001-10-31,-0.008146522590141175,0.6069034769678182,False,0.9864251641110103,-0.008753426067108994,-0.009360329544076812,-0.00996723302104463,neutrality=dollar_beta
blend,mv,2001-10-31,2001-11-30,-0.02374789677872692,0.5205026144647465,False,0.9285691210106319,-0.024268399393191666,-0.024788902007656415,-0.02530940462212116,neutrality=dollar_beta
blend,mv,2001-11-30,2001-12-31,0.016961706183056497,0.4772245580323292,False,0.9632308523534648,0.016484481625024167,0.01600725706699184,0.015530032508959509,neutrality=dollar_beta
blend,mv,2001-12-31,2002-01-31,0.02562356525171589,0.5151640266251609,False,0.991898854747073,0.025108401225090726,0.024593237198465567,0.024078073171840405,neutrality=dollar_beta
blend,mv,2002-01-31,2002-02-28,0.02061920684493281,0.5003482305808321,False,1.052066656546248,0.020118858614351975,0.019618510383771146,0.019118162153190312,neutrality=dollar_beta
blend,mv,2002-02-28,2002-03-31,0.009407978294315564,0.509106292115658,False,1.0853503609003439,0.008898872002199906,0.008389765710084249,0.00788065941796859,neutrality=dollar_beta
blend,mv,2002-03-31,2002-04-30,0.03342040435616944,0.4723247314500291,False,0.9535663923815996,0.03294807962471941,0.032475754893269385,0.032003430161819356,neutrality=dollar_beta
blend,mv,2002-04-30,2002-05-31,0.008371735360178895,0.36840348954245433,False,0.9869996726171847,0.00800333187063644,0.007634928381093987,0.007266524891551532,neutrality=dollar_beta
blend,mv,2002-05-31,2002-06-30,0.0015784452408906216,0.38940879607816653,False,0.97446347882786,0.0011890364448124552,0.0007996276487342885,0.0004102188526561221,neutrality=dollar_beta
blend,mv,2002-06-30,2002-07-31,-0.01761576337578891,0.31696922123942145,False,0.904749032064396,-0.017932732597028333,-0.018249701818267752,-0.018566671039507175,neutrality=dollar_beta
blend,mv,2002-07-31,2002-08-31,0.028360231523409916,0.3792536447249815,False,0.8884943875994563,0.027980977878684934,0.027601724233959953,0.027222470589234972,neutrality=dollar_beta
blend,mv,2002-08-31,2002-09-30,0.027567395009745622,0.4319754455202631,False,1.0017010273429088,0.02713541956422536,0.026703444118705098,0.026271468673184833,neutrality=dollar_beta
blend,mv,2002-09-30,2002-10-31,-0.023061520327714895,0.3950411130218418,False,1.065678134462145,-0.023456561440736736,-0.02385160255375858,-0.02424664366678042,neutrality=dollar_beta
blend,mv,2002-10-31,2002-11-30,-0.030670961280328684,0.4878947404457608,False,1.0673353559974805,-0.031158856020774443,-0.031646750761220206,-0.03213464550166597,neutrality=dollar_beta
blend,mv,2002-11-30,2002-12-31,0.018868774505694585,0.4630638664767256,False,0.9617992565052109,0.018405710639217858,0.017942646772741135,0.017479582906264408,neutrality=dollar_beta
blend,mv,2002-12-31,2003-01-31,-0.0040182887693750325,0.3909386928862075,False,1.015681810877914,-0.00440922746226124,-0.004800166155147448,-0.005191104848033655,neutrality=dollar_beta
blend,mv,2003-01-31,2003-02-28,-0.004890506907346945,0.37309868407318764,False,0.9894011538477286,-0.005263605591420133,-0.00563670427549332,-0.006009802959566508,neutrality=dollar_beta
blend,mv,2003-02-28,2003-03-31,-0.01851300131952116,0.5225955529720232,False,1.1482076919610085,-0.019035596872493184,-0.019558192425465207,-0.02008078797843723,neutrality=dollar_beta
blend,mv,2003-03-31,2003-04-30,-0.0030129038244251813,0.4593859554203688,False,1.27358337144061,-0.00347228977984555,-0.003931675735265919,-0.004391061690686288,neutrality=dollar_beta
blend,mv,2003-04-30,2003-05-31,-0.020973242341641937,0.6519940395278725,False,1.3274743355986565,-0.02162523638116981,-0.02227723042069768,-0.022929224460225554,neutrality=dollar_beta
blend,mv,2003-05-31,2003-06-30,-2.2427288960358383e-06,0.5502301188312034,False,1.2336260076843115,-0.0005524728477272392,-0.0011027029665584428,-0.0016529330853896462,neutrality=dollar_beta
blend,mv,2003-06-30,2003-07-31,-0.002190578784866194,0.5511029619037552,False,1.1570494876716495,-0.002741681746769949,-0.0032927847086737043,-0.0038438876705774597,neutrality=dollar_beta
blend,mv,2003-07-31,2003-08-31,-0.00920536819147187,0.5089184440730471,False,1.0987669361897805,-0.009714286635544918,-0.010223205079617964,-0.01073212352369101,neutrality=dollar_beta
blend,mv,2003-08-31,2003-09-30,0.01605218225141013,0.6577061371109638,False,1.2121229390437653,0.015394476114299166,0.014736769977188202,0.01407906384007724,neutrality=dollar_beta
blend,mv,2003-09-30,2003-10-31,0.011260543531795562,0.5879265460962713,False,1.107352850049509,0.01067261698569929,0.01008469043960302,0.009496763893506748,neutrality=dollar_beta
blend,mv,2003-10-31,2003-11-30,0.01176735703607245,0.5411800814929215,False,1.0691956488052485,0.011226176954579527,0.010684996873086607,0.010143816791593685,neutrality=dollar_beta
blend,mv,2003-11-30,2003-12-31,-0.025855120608742562,0.5374644375203645,False,1.004567270006076,-0.026392585046262927,-0.026930049483783292,-0.027467513921303657,neutrality=dollar_beta
blend,mv,2003-12-31,2004-01-31,-0.011237615394667508,0.4098292431363849,False,0.9644119516093543,-0.011647444637803893,-0.012057273880940278,-0.012467103124076662,neutrality=dollar_beta
blend,mv,2004-01-31,2004-02-29,0.0107379550752078,0.45307442746222354,False,1.0615807141396263,0.010284880647745577,0.009831806220283353,0.00937873179282113,neutrality=dollar_beta
blend,mv,2004-02-29,2004-03-31,0.011057763641951716,0.7503239736504993,False,1.34665262795029,0.010307439668301216,0.009557115694650717,0.008806791721000217,neutrality=dollar_beta
blend,mv,2004-03-31,2004-04-30,-0.024930169908354147,0.6183105009046301,False,1.2741565652714606,-0.025548480409258778,-0.02616679091016341,-0.02678510141106804,neutrality=dollar_beta
blend,mv,2004-04-30,2004-05-31,0.0009055329159653455,0.5080205491432693,False,1.1510243135229934,0.0003975123668220761,-0.00011050818232119324,-0.0006185287314644626,neutrality=dollar_beta
blend,mv,2004-05-31,2004-06-30,0.0001094581941356847,0.8595123297962393,False,1.4175298551346582,-0.0007500541356605545,-0.0016095664654567938,-0.002469078795253033,neutrality=dollar_beta
blend,mv,2004-06-30,2004-07-31,-0.016522345217771676,0.6214649437034846,False,1.3704420943128586,-0.017143810161475162,-0.017765275105178644,-0.01838674004888213,neutrality=dollar_beta
blend,mv,2004-07-31,2004-08-31,-0.007262998213203001,0.7111831526977422,False,1.3156243653074429,-0.007974181365900744,-0.008685364518598485,-0.009396547671296229,neutrality=dollar_beta
blend,mv,2004-08-31,2004-09-30,0.021884078027706647,0.7196307325325205,False,1.3860424161844487,0.021164447295174128,0.020444816562641605,0.019725185830109085,neutrality=dollar_beta
blend,mv,2004-09-30,2004-10-31,-0.01786060507141153,0.6891366464392483,False,1.3412024360343082,-0.01854974171785078,-0.019238878364290026,-0.019928015010729275,neutrality=dollar_beta
blend,mv,2004-10-31,2004-11-30,0.017025764828044597,0.6130895791745715,False,1.3071305654812277,0.016412675248870027,0.015799585669695453,0.015186496090520883,neutrality=dollar_beta
blend,mv,2004-11-30,2004-12-31,-0.0012081050881093533,0.5994637179746167,False,1.3383055026089328,-0.00180756880608397,-0.002407032524058587,-0.0030064962420332034,neutrality=dollar_beta
blend,mv,2004-12-31,2005-01-31,0.02710859270230732,0.6266995225643901,False,1.2268851048979523,0.026481893179742932,0.02585519365717854,0.02522849413461415,neutrality=dollar_beta
blend,mv,2005-01-31,2005-02-28,0.03236737162726684,0.6391588603457672,False,1.3033532672309438,0.031728212766921074,0.031089053906575306,0.03044989504622954,neutrality=dollar_beta
blend,mv,2005-02-28,2005-03-31,-0.003293222819260526,0.6752311895165196,False,1.1616400049778859,-0.003968454008777046,-0.004643685198293565,-0.005318916387810084,neutrality=dollar_beta
blend,mv,2005-03-31,2005-04-30,-0.000270146045265855,0.5045522059346724,False,1.0317632868470463,-0.0007746982512005275,-0.0012792504571352,-0.0017838026630698724,neutrality=dollar_beta
blend,mv,2005-04-30,2005-05-31,0.005032174750346097,0.43842846300169197,False,1.125025954758567,0.004593746287344405,0.004155317824342713,0.0037168893613410215,neutrality=dollar_beta
blend,mv,2005-05-31,2005-06-30,0.012644797377309131,0.37589556020445697,False,1.2150381563515975,0.012268901817104674,0.011893006256900217,0.01151711069669576,neutrality=dollar_beta
blend,mv,2005-06-30,2005-07-31,0.0019121412219405814,0.3516599842338461,False,1.225835609023302,0.0015604812377067352,0.001208821253472889,0.0008571612692390431,neutrality=dollar_beta
blend,mv,2005-07-31,2005-08-31,0.0018027467956432646,0.5392185684388855,False,1.0811188706111508,0.001263528227204379,0.0007243096587654936,0.00018509109032660803,neutrality=dollar_beta
blend,mv,2005-08-31,2005-09-30,0.003928004410414235,0.45177806542569127,False,1.0059404429215255,0.003476226344988544,0.003024448279562853,0.0025726702141371616,neutrality=dollar_beta
blend,mv,2005-09-30,2005-10-31,-0.02037368733204385,0.33350915410942517,False,1.0617107429939112,-0.020707196486153275,-0.0210407056402627,-0.021374214794372123,neutrality=dollar_beta
blend,mv,2005-10-31,2005-11-30,-0.006767891140778244,0.5181218441073819,False,1.1541528544447885,-0.007286012984885626,-0.007804134828993008,-0.00832225667310039,neutrality=dollar_beta
blend,mv,2005-11-30,2005-12-31,-0.001071033997478113,0.510329320790219,False,1.1625505818134219,-0.001581363318268332,-0.002091692639058551,-0.0026020219598487703,neutrality=dollar_beta
blend,mv,2005-12-31,2006-01-31,0.02482622481207358,0.4996627926837928,False,1.230869615299133,0.024326562019389788,0.023826899226705993,0.0233272364340222,neutrality=dollar_beta
blend,mv,2006-01-31,2006-02-28,-0.012757387664702987,0.5961045042047828,False,1.2225112608863713,-0.01335349216890777,-0.013949596673112553,-0.014545701177317336,neutrality=dollar_beta
blend,mv,2006-02-28,2006-03-31,0.003907249169472744,0.5924362393675615,False,1.1844194284058032,0.0033148129301051824,0.002722376690737621,0.0021299404513700593,neutrality=dollar_beta
blend,mv,2006-03-31,2006-04-30,0.0233460695813132,0.5619800992916265,False,1.3935805433264257,0.022784089482021572,0.022222109382729945,0.02166012928343832,neutrality=dollar_beta
blend,mv,2006-04-30,2006-05-31,-0.02280224698725327,0.634587668865944,False,1.2913265384069543,-0.023436834656119215,-0.02407142232498516,-0.024706009993851103,neutrality=dollar_beta
blend,mv,2006-05-31,2006-06-30,0.0007640920619614119,0.6293933198185339,False,1.0954940758638403,0.000134698742142878,-0.0004946945776756558,-0.0011240878974941898,neutrality=dollar_beta
blend,mv,2006-06-30,2006-07-31,-0.006256645120749374,0.5129265728145641,False,1.1972844380229315,-0.006769571693563938,-0.007282498266378503,-0.007795424839193066,neutrality=dollar_beta
blend,mv,2006-07-31,2006-08-31,-0.01583774414722217,0.543407549974805,False,1.23531702435375,-0.016381151697196974,-0.01692455924717178,-0.017467966797146583,neutrality=dollar_beta
blend,mv,2006-08-31,2006-09-30,0.002585135236969501,0.5460638134338887,False,1.2708510478050807,0.0020390714235356123,0.0014930076101017237,0.000946943796667835,neutrality=dollar_beta
blend,mv,2006-09-30,2006-10-31,-0.00642491606566946,0.614159762230869,False,1.2713614077720237,-0.007039075827900329,-0.007653235590131198,-0.008267395352362067,neutrality=dollar_beta
blend,mv,2006-10-31,2006-11-30,0.004439109346644798,0.6089227484134887,False,1.338743723371462,0.0038301865982313093,0.0032212638498178205,0.0026123411014043318,neutrality=dollar_beta
blend,mv,2006-11-30,2006-12-31,0.0035903598672136724,0.5619133553134471,False,1.4185514065399443,0.003028446511900225,0.002466533156586778,0.001904619801273331,neutrality=dollar_beta
blend,mv,2006-12-31,2007-01-31,0.01070993262619173,0.4462079854510474,False,1.429574970527074,0.010263724640740683,0.009817516655289635,0.00937130866983859,neutrality=dollar_beta
blend,mv,2007-01-31,2007-02-28,0.0020764529233688756,0.6871469550158873,False,1.3058015764369835,0.0013893059683529883,0.0007021590133371009,1.5012058321213755e-05,neutrality=dollar_beta
blend,mv,2007-02-28,2007-03-31,0.02510863415119735,0.6028767040306533,False,1.3329616057700635,0.0245057574471667,0.023902880743136044,0.02330000403910539,neutrality=dollar_beta
blend,mv,2007-03-31,2007-04-30,-0.008648229153289212,0.5669490305241262,False,1.3280109805324836,-0.009215178183813337,-0.009782127214337464,-0.01034907624486159,neutrality=dollar_beta
blend,mv,2007-04-30,2007-05-31,0.002485362339524174,0.5007485269674161,False,1.2839200762772542,0.0019846138125567576,0.0014838652855893417,0.0009831167586219257,neutrality=dollar_beta
blend,mv,2007-05-31,2007-06-30,-0.0008660531949684897,0.4949576996120796,False,1.2645242686399256,-0.0013610108945805693,-0.001855968594192649,-0.0023509262938047285,neutrality=dollar_beta
blend,mv,2007-06-30,2007-07-31,0.012377828406419041,0.5439465508735019,False,1.2726610858663607,0.01183388185554554,0.011289935304672037,0.010745988753798535,neutrality=dollar_beta
blend,mv,2007-07-31,2007-08-31,-0.003680184179601439,0.502926513962502,False,1.2129087467276374,-0.004183110693563941,-0.004686037207526443,-0.005188963721488945,neutrality=dollar_beta
blend,mv,2007-08-31,2007-09-30,0.01847656293413795,0.6012022939592453,False,1.2680818385996302,0.017875360640178705,0.01727415834621946,0.016672956052260213,neutrality=dollar_beta
blend,mv,2007-09-30,2007-10-31,0.007587835991133455,0.6661633697650778,False,1.5139666479026934,0.006921672621368377,0.006255509251603299,0.005589345881838221,neutrality=dollar_beta
blend,mv,2007-10-31,2007-11-30,0.0023820472500021865,0.6878668019316205,False,1.4583659554397805,0.0016941804480705659,0.0010063136461389453,0.0003184468442073247,neutrality=dollar_beta
blend,mv,2007-11-30,2007-12-31,0.011228717700771988,0.6269061626197854,False,1.4247195063082405,0.010601811538152203,0.009974905375532417,0.009347999212912631,neutrality=dollar_beta
blend,mv,2007-12-31,2008-01-31,-0.022388995116093935,0.5449939933764701,False,1.4001913602170313,-0.022933989109470407,-0.023478983102846875,-0.024023977096223344,neutrality=dollar_beta
blend,mv,2008-01-31,2008-02-29,0.053092552505942255,0.5353406419085134,False,1.2988885905188596,0.05255721186403374,0.052021871222125225,0.05148653058021672,neutrality=dollar_beta
blend,mv,2008-02-29,2008-03-31,-0.011357205233115173,0.6694433243225657,False,1.4101268014843857,-0.01202664855743774,-0.012696091881760305,-0.01336553520608287,neutrality=dollar_beta
blend,mv,2008-03-31,2008-04-30,0.012083411503496868,0.5144990290903839,False,1.3030881763858224,0.011568912474406483,0.0110544134453161,0.010539914416225716,neutrality=dollar_beta
blend,mv,2008-04-30,2008-05-31,0.02749694175575638,0.45319153727420936,False,1.4406991168122731,0.02704375021848217,0.026590558681207962,0.026137367143933752,neutrality=dollar_beta
blend,mv,2008-05-31,2008-06-30,0.05781443643989778,0.5497831523961285,False,1.3651944701032137,0.05726465328750165,0.056714870135105525,0.056165086982709396,neutrality=dollar_beta
blend,mv,2008-06-30,2008-07-31,-0.025620174633681984,0.48843130662592443,False,1.2144231791230233,-0.026108605940307908,-0.02659703724693383,-0.02708546855355976,neutrality=dollar_beta
blend,mv,2008-07-31,2008-08-31,-0.020457497381695968,0.5722405134071279,False,1.0525399598797938,-0.021029737895103096,-0.021601978408510223,-0.02217421892191735,neutrality=dollar_beta
blend,mv,2008-08-31,2008-09-30,-0.04752116930877869,0.5100249606126568,False,1.0821947576063886,-0.04803119426939135,-0.048541219230004005,-0.04905124419061666,neutrality=dollar_beta
blend,mv,2008-09-30,2008-10-31,0.03008347778948662,0.47542262567006066,False,1.1629747080690762,0.02960805516381656,0.029132632538146498,0.028657209912476438,neutrality=dollar_beta
blend,mv,2008-10-31,2008-11-30,-0.014400848520398862,0.8141399133812719,False,1.428425435215401,-0.015214988433780134,-0.016029128347161407,-0.01684326826054268,neutrality=dollar_beta
blend,mv,2008-11-30,2008-12-31,-0.018902827448046135,0.6773036701436185,False,1.274303300600141,-0.019580131118189754,-0.020257434788333372,-0.02093473845847699,neutrality=dollar_beta
blend,mv,2008-12-31,2009-01-31,0.01645469362723457,0.7902202500494655,False,1.4524300891309623,0.015664473377185104,0.014874253127135638,0.014084032877086173,neutrality=dollar_beta
blend,mv,2009-01-31,2009-02-28,0.006574158601487565,0.7608211880715945,False,1.3378279316626713,0.00581333741341597,0.005052516225344376,0.004291695037272781,neutrality=dollar_beta
blend,mv,2009-02-28,2009-03-31,-0.012340490695534292,0.7010960920930375,False,1.17868134303274,-0.01304158678762733,-0.013742682879720367,-0.014443778971813405,neutrality=dollar_beta
blend,mv,2009-03-31,2009-04-30,-0.06353747895751673,0.7423515628225681,False,1.1396208183644367,-0.0642798305203393,-0.06502218208316186,-0.06576453364598443,neutrality=dollar_beta
blend,mv,2009-04-30,2009-05-31,-0.013887721523458602,0.9047195482307924,False,1.0422157089299495,-0.014792441071689394,-0.015697160619920186,-0.01660188016815098,neutrality=dollar_beta
blend,mv,2009-05-31,2009-06-30,-0.0027543698996038606,0.5044990841242089,False,0.9723822199839571,-0.0032588689837280693,-0.003763368067852278,-0.004267867151976487,neutrality=dollar_beta
blend,mv,2009-06-30,2009-07-31,-0.011495778918941605,0.4235016283537502,False,0.9907750424657322,-0.011919280547295356,-0.012342782175649105,-0.012766283804002855,neutrality=dollar_beta
blend,mv,2009-07-31,2009-08-31,-0.00275020173576626,0.5322936003696083,False,0.9721633931479333,-0.003282495336135868,-0.0038147889365054764,-0.004347082536875085,neutrality=dollar_beta
blend,mv,2009-08-31,2009-09-30,-0.0025738235092521602,0.4702475943808162,False,1.0605451579500245,-0.0030440711036329765,-0.003514318698013793,-0.003984566292394609,neutrality=dollar_beta
blend,mv,2009-09-30,2009-10-31,0.009691463200847775,0.6112023520177493,False,1.1181830928852095,0.009080260848830025,0.008469058496812277,0.007857856144794527,neutrality=dollar_beta
blend,mv,2009-10-31,2009-11-30,0.013305739696826966,0.6299905063733927,False,0.8836790769952939,0.012675749190453573,0.012045758684080182,0.011415768177706788,neutrality=dollar_beta
blend,mv,2009-11-30,2009-12-31,-0.003760747480758268,0.6230628570010586,False,1.1038446695722945,-0.004383810337759327,-0.005006873194760385,-0.0056299360517614435,neutrality=dollar_beta
blend,mv,2009-12-31,2010-01-31,-0.009377078007682888,0.4733048915888309,False,0.9963195771268519,-0.009850382899271719,-0.010323687790860549,-0.01079699268244938,neutrality=dollar_beta
blend,mv,2010-01-31,2010-02-28,0.00705051423701519,0.44344870880779486,False,1.0398404415475748,0.006607065528207396,0.0061636168193996005,0.005720168110591806,neutrality=dollar_beta
blend,mv,2010-02-28,2010-03-31,-0.0025875329558476584,0.7509623831024228,False,1.056342871919196,-0.003338495338950081,-0.004089457722052504,-0.004840420105154927,neutrality=dollar_beta
blend,mv,2010-03-31,2010-04-30,-0.0008590269676098203,0.6123114670425754,False,0.9869499110450832,-0.0014713384346523957,-0.002083649901694971,-0.0026959613687375468,neutrality=dollar_beta
blend,mv,2010-04-30,2010-05-31,0.010899645017385363,0.622986736414577,False,1.0326923024789216,0.010276658280970786,0.00965367154455621,0.009030684808141632,neutrality=dollar_beta
blend,mv,2010-05-31,2010-06-30,-0.0024824583817734357,0.6349904196401817,False,1.0918791166183135,-0.0031174488014136174,-0.003752439221053799,-0.0043874296406939805,neutrality=dollar_beta
blend,mv,2010-06-30,2010-07-31,-0.014389978153203403,0.5096303563022118,False,1.0816861933816284,-0.014899608509505615,-0.015409238865807827,-0.015918869222110037,neutrality=dollar_beta
blend,mv,2010-07-31,2010-08-31,0.02596067309017626,0.7788877186961395,False,0.9859508005649006,0.02518178537148012,0.02440289765278398,0.02362400993408784,neutrality=dollar_beta
blend,mv,2010-08-31,2010-09-30,0.012439187884461616,0.5094749333765825,False,1.1680991518039605,0.011929712951085034,0.01142023801770845,0.010910763084331868,neutrality=dollar_beta
blend,mv,2010-09-30,2010-10-31,0.0008916697854099088,0.5301913255091303,False,1.0461069494752826,0.0003614784599007784,-0.00016871286560835193,-0.0006989041911174822,neutrality=dollar_beta
blend,mv,2010-10-31,2010-11-30,0.0023587879558091512,0.4516704180832011,False,1.060381837807247,0.0019071175377259502,0.0014554471196427492,0.001003776701559548,neutrality=dollar_beta
blend,mv,2010-11-30,2010-12-31,-0.03671670202845039,0.4960035380948657,False,1.1107158006114835,-0.03721270556654526,-0.03770870910464012,-0.03820471264273499,neutrality=dollar_beta
blend,mv,2010-12-31,2011-01-31,-0.020141852670497774,0.7466015605648734,False,1.1049659811147508,-0.020888454231062645,-0.02163505579162752,-0.022381657352192393,neutrality=dollar_beta
blend,mv,2011-01-31,2011-02-28,0.0033096559371183993,0.618646118042599,False,1.0031179092978437,0.0026910098190758005,0.0020723637010332014,0.0014537175829906024,neutrality=dollar_beta
blend,mv,2011-02-28,2011-03-31,0.013766068087444969,0.547541249474433,False,1.0760996038203032,0.013218526837970536,0.012670985588496103,0.01212344433902167,neutrality=dollar_beta
blend,mv,2011-03-31,2011-04-30,0.004250776651028156,0.4567186447717433,False,1.1153796457994862,0.003794058006256413,0.0033373393614846694,0.0028806207167129264,neutrality=dollar_beta
blend,mv,2011-04-30,2011-05-31,0.00021272890290020848,0.5548111007112295,False,1.0903127777589874,-0.000342082197811021,-0.0008968932985222505,-0.00145170439923348,neutrality=dollar_beta
blend,mv,2011-05-31,2011-06-30,0.008114339843055108,0.41870712566471746,False,1.0602949555730181,0.007695632717390391,0.007276925591725674,0.006858218466060956,neutrality=dollar_beta
blend,mv,2011-06-30,2011-07-31,0.0009568493526539218,0.5798348561717475,False,1.1063267262210665,0.00037701449648217433,-0.0002028203596895731,-0.0007826552158613207,neutrality=dollar_beta
blend,mv,2011-07-31,2011-08-31,0.0006378202600400196,0.5272389999339798,False,1.2575324762581432,0.00011058126010603968,-0.0004166577398279402,-0.00094389673976192,neutrality=dollar_beta
blend,mv,2011-08-31,2011-09-30,-0.011435510213767007,0.5654527346938959,False,1.1375010431832608,-0.012000962948460902,-0.0125664156831548,-0.013131868417848695,neutrality=dollar_beta
blend,mv,2011-09-30,2011-10-31,0.0015049383637592137,0.6063794684305275,False,1.1215768019643604,0.0008985588953286861,0.0002921794268981586,-0.00031420004153236885,neutrality=dollar_beta
blend,mv,2011-10-31,2011-11-30,0.004970274007930767,0.9741572424375949,False,1.149703745645708,0.003996116765493172,0.0030219595230555774,0.0020478022806179825,neutrality=dollar_beta
blend,mv,2011-11-30,2011-12-31,0.00304230588381279,0.60090683263929,False,1.1191425674051554,0.0024413990511735,0.0018404922185342098,0.0012395853858949198,neutrality=dollar_beta
blend,mv,2011-12-31,2012-01-31,-0.006466366123425796,0.45151784056087174,False,1.0827883656268202,-0.006917883963986668,-0.007369401804547539,-0.00782091964510841,neutrality=dollar_beta
blend,mv,2012-01-31,2012-02-29,0.004434567601942797,0.43809055075889913,False,1.152800181036451,0.003996477051183898,0.003558386500424999,0.0031202959496660996,neutrality=dollar_beta
blend,mv,2012-02-29,2012-03-31,0.011474087626913172,0.4745726582908066,False,1.2411152980675226,0.010999514968622365,0.010524942310331558,0.010050369652040751,neutrality=dollar_beta
blend,mv,2012-03-31,2012-04-30,0.004879147577594839,0.5262056664559487,False,1.1782095937560522,0.00435294191113889,0.0038267362446829413,0.0033005305782269926,neutrality=dollar_beta
blend,mv,2012-04-30,2012-05-31,0.010333977960314149,0.4172949457396027,False,1.1633603379254795,0.009916683014574545,0.009499388068834944,0.00908209312309534,neutrality=dollar_beta
blend,mv,2012-05-31,2012-06-30,-0.014621476528261164,0.36309948064096675,False,1.2212074317213037,-0.01498457600890213,-0.015347675489543097,-0.015710774970184065,neutrality=dollar_beta
blend,mv,2012-06-30,2012-07-31,0.02709981608684571,0.43257620814599296,False,1.1888255603472506,0.026667239878699716,0.026234663670553725,0.02580208746240773,neutrality=dollar_beta
blend,mv,2012-07-31,2012-08-31,-0.016510449184749258,0.5499284080503831,False,1.1586515031136024,-0.01706037759279964,-0.017610306000850024,-0.018160234408900407,neutrality=dollar_beta
blend,mv,2012-08-31,2012-09-30,-0.007736278981259237,0.4201282778033043,False,1.0883014072958628,-0.008156407259062541,-0.008576535536865847,-0.00899666381466915,neutrality=dollar_beta
blend,mv,2012-09-30,2012-10-31,-0.01770865635968663,0.4659827656370611,False,1.0673966788307492,-0.018174639125323692,-0.018640621890960753,-0.019106604656597814,neutrality=dollar_beta
blend,mv,2012-10-31,2012-11-30,0.009673785425162274,0.5076734289322472,False,1.1653687870446747,0.009166111996230027,0.00865843856729778,0.008150765138365532,neutrality=dollar_beta
blend,mv,2012-11-30,2012-12-31,-0.004501098780933794,0.41561157697290757,False,1.1335680659133052,-0.004916710357906701,-0.005332321934879609,-0.005747933511852516,neutrality=dollar_beta
blend,mv,2012-12-31,2013-01-31,0.01951819414479211,0.4880726571553214,False,1.1158569933846614,0.01903012148763679,0.01854204883048147,0.018053976173326148,neutrality=dollar_beta
blend,mv,2013-01-31,2013-02-28,0.010626874829676558,0.5129836062736255,False,1.0849896675284978,0.010113891223402933,0.009600907617129307,0.009087924010855682,neutrality=dollar_beta
blend,mv,2013-02-28,2013-03-31,0.007214544793868697,0.5308073182945661,False,1.0653418031298185,0.006683737475574131,0.006152930157279565,0.005622122838984999,neutrality=dollar_beta
blend,mv,2013-03-31,2013-04-30,0.016128437464900374,0.5076819319456025,False,1.0526965309410974,0.01562075553295477,0.015113073601009169,0.014605391669063567,neutrality=dollar_beta
blend,mv,2013-04-30,2013-05-31,-0.005778329031658921,0.4175449403078731,False,1.0838062177521415,-0.006195873971966794,-0.006613418912274667,-0.0070309638525825405,neutrality=dollar_beta
blend,mv,2013-05-31,2013-06-30,0.019621482673200494,0.4521490830290357,False,1.0554756679708608,0.019169333590171457,0.018717184507142423,0.018265035424113386,neutrality=dollar_beta
blend,mv,2013-06-30,2013-07-31,0.00915557017700029,0.5116785219473212,False,1.0924672266399402,0.008643891655052967,0.008132213133105647,0.007620534611158325,neutrality=dollar_beta
blend,mv,2013-07-31,2013-08-31,-0.006048127456264364,0.4511542600495074,False,0.9470978954321176,-0.006499281716313872,-0.0069504359763633795,-0.007401590236412887,neutrality=dollar_beta
blend,mv,2013-08-31,2013-09-30,0.017757970300911603,0.40948822119751815,False,0.9076111838500421,0.017348482079714084,0.016938993858516566,0.016529505637319048,neutrality=dollar_beta
blend,mv,2013-09-30,2013-10-31,0.005372977339604578,0.3892207315011092,False,1.0030159660414497,0.004983756608103469,0.0045945358766023596,0.004205315145101251,neutrality=dollar_beta
blend,mv,2013-10-31,2013-11-30,0.018409542909490005,0.38083006659851876,False,1.009127121692425,0.018028712842891488,0.017647882776292968,0.017267052709694447,neutrality=dollar_beta
blend,mv,2013-11-30,2013-12-31,0.001081076695729895,0.3629322888896099,False,1.0127184728150989,0.0007181444068402851,0.0003552121179506752,-7.720170938934788e-06,neutrality=dollar_beta
blend,mv,2013-12-31,2014-01-31,0.004644672343491682,0.39196259615488516,False,1.0107704370116912,0.004252709747336797,0.003860747151181912,0.0034687845550270264,neutrality=dollar_beta
blend,mv,2014-01-31,2014-02-28,0.012853684078888207,0.513064489769182,False,1.133296062122686,0.012340619589119025,0.011827555099349844,0.011314490609580662,neutrality=dollar_beta
blend,mv,2014-02-28,2014-03-31,-0.008760071580796409,0.5269706658011473,False,1.039174083511856,-0.009287042246597555,-0.009814012912398704,-0.01034098357819985,neutrality=dollar_beta
blend,mv,2014-03-31,2014-04-30,-0.009136991737982155,0.2965900820297396,False,1.0743276367101784,-0.009433581820011895,-0.009730171902041635,-0.010026761984071373,neutrality=dollar_beta
blend,mv,2014-04-30,2014-05-31,0.016602553314610583,0.4903694218338567,False,1.103521762141449,0.016112183892776726,0.01562181447094287,0.015131445049109012,neutrality=dollar_beta
blend,mv,2014-05-31,2014-06-30,-0.011824837361468271,0.4853051093596393,False,1.167654457478202,-0.012310142470827911,-0.01279544758018755,-0.01328075268954719,neutrality=dollar_beta
blend,mv,2014-06-30,2014-07-31,0.01373167795058221,0.4782754830975624,False,1.154896170688937,0.013253402467484647,0.012775126984387085,0.012296851501289523,neutrality=dollar_beta
blend,mv,2014-07-31,2014-08-31,-0.007721700616652819,0.5426068068736561,False,1.3024920101129245,-0.008264307423526475,-0.008806914230400132,-0.009349521037273788,neutrality=dollar_beta
blend,mv,2014-08-31,2014-09-30,0.022101165946239315,0.5989784531902028,False,1.2639337372232986,0.02150218749304911,0.02090320903985891,0.020304230586668706,neutrality=dollar_beta
blend,mv,2014-09-30,2014-10-31,0.010291156798495127,0.6823938441543291,False,1.4955087962890339,0.009608762954340797,0.00892636911018647,0.00824397526603214,neutrality=dollar_beta
blend,mv,2014-10-31,2014-11-30,-0.01020593916446486,0.5866967352690783,False,1.3275938613471947,-0.010792635899733938,-0.011379332635003018,-0.011966029370272096,neutrality=dollar_beta
blend,mv,2014-11-30,2014-12-31,0.0006004628182223249,0.538135535452494,False,1.3407396805711997,6.232728276983092e-05,-0.0004758082526826631,-0.0010139437881351572,neutrality=dollar_beta
blend,mv,2014-12-31,2015-01-31,-0.010637099519132892,0.48723641745781837,False,1.4146014147564132,-0.01112433593659071,-0.011611572354048529,-0.012098808771506347,neutrality=dollar_beta
blend,mv,2015-01-31,2015-02-28,-0.0051712707194691435,0.7400437681381844,False,1.2406172403557614,-0.005911314487607328,-0.006651358255745512,-0.007391402023883697,neutrality=dollar_beta
blend,mv,2015-02-28,2015-03-31,0.018400524052099174,0.6353921166376015,False,1.366938177778666,0.017765131935461573,0.017129739818823972,0.016494347702186368,neutrality=dollar_beta
blend,mv,2015-03-31,2015-04-30,-0.03550590440347886,0.6087307299330149,False,1.3531441096574781,-0.03611463513341187,-0.03672336586334489,-0.0373320965932779,neutrality=dollar_beta
blend,mv,2015-04-30,2015-05-31,0.02905529246082657,0.6447749712610883,False,1.2017640529561013,0.02841051748956548,0.027765742518304395,0.027120967547043306,neutrality=dollar_beta
blend,mv,2015-05-31,2015-06-30,0.0247160746559783,0.5425734265199258,False,1.3052376148684037,0.024173501229458376,0.023630927802938448,0.023088354376418523,neutrality=dollar_beta
blend,mv,2015-06-30,2015-07-31,0.028162669816912796,0.5252944808722237,False,1.2890752990223493,0.027637375336040573,0.02711208085516835,0.026586786374296123,neutrality=dollar_beta
blend,mv,2015-07-31,2015-08-31,-0.006889641509499436,0.6044102890948465,False,1.3395655786087175,-0.0074940517985942826,-0.00809846208768913,-0.008702872376783976,neutrality=dollar_beta
blend,mv,2015-08-31,2015-09-30,-0.0018654355426313636,0.5394682321772482,False,1.1146211785004343,-0.0024049037748086117,-0.00294437200698586,-0.003483840239163108,neutrality=dollar_beta
blend,mv,2015-09-30,2015-10-31,0.008887698826684295,0.5926931811493286,False,1.191860294484867,0.008295005645534967,0.007702312464385638,0.00710961928323631,neutrality=dollar_beta
blend,mv,2015-10-31,2015-11-30,0.003229326165260245,0.7213038004828511,False,1.1929758213555943,0.0025080223647773936,0.0017867185642945426,0.0010654147638116916,neutrality=dollar_beta
blend,mv,2015-11-30,2015-12-31,0.0016192752444917507,0.7351064683950194,False,1.212443373478878,0.0008841687760967313,0.00014906230770171192,-0.0005860441606933074,neutrality=dollar_beta
blend,mv,2015-12-31,2016-01-31,-0.00779703403813162,0.6173515260104178,False,1.3722082616778797,-0.008414385564142037,-0.009031737090152455,-0.009649088616162873,neutrality=dollar_beta
blend,mv,2016-01-31,2016-02-29,-0.03341180641144815,0.6492686990969242,False,1.4147745032218606,-0.03406107511054507,-0.034710343809642,-0.035359612508738925,neutrality=dollar_beta
blend,mv,2016-02-29,2016-03-31,-0.0009045236152070846,0.745536301451329,False,1.6560898453831843,-0.0016500599166584136,-0.0023955962181097428,-0.0031411325195610713,neutrality=dollar_beta
blend,mv,2016-03-31,2016-04-30,-0.002181720011825582,0.6958327352793947,False,1.564832716186531,-0.0028775527471049766,-0.0035733854823843713,-0.004269218217663766,neutrality=dollar_beta
blend,mv,2016-04-30,2016-05-31,-0.005449028135901983,0.6690036422713247,False,1.6987870368610005,-0.006118031778173308,-0.0067870354204446325,-0.007456039062715957,neutrality=dollar_beta
blend,mv,2016-05-31,2016-06-30,0.026078412132725198,0.6754975568815715,False,1.524149415339939,0.025402914575843625,0.024727417018962056,0.024051919462080483,neutrality=dollar_beta
blend,mv,2016-06-30,2016-07-31,0.00604145001236521,0.6443787789473467,False,1.5126840200825,0.005397071233417863,0.004752692454470516,0.004108313675523169,neutrality=dollar_beta
blend,mv,2016-07-31,2016-08-31,0.00044742596004532383,0.6804941234524639,False,1.298957748200553,-0.00023306816340714004,-0.0009135622868596039,-0.001594056410312068,neutrality=dollar_beta
blend,mv,2016-08-31,2016-09-30,0.003315869772690029,0.5967136587099351,False,1.153160070206488,0.002719156113980094,0.002122442455270159,0.0015257287965602239,neutrality=dollar_beta
blend,mv,2016-09-30,2016-10-31,-0.003325234683271076,0.5582605487048361,False,1.2798989826607692,-0.003883495231975912,-0.004441755780680748,-0.005000016329385584,neutrality=dollar_beta
blend,mv,2016-10-31,2016-11-30,-0.03174451919844883,0.5731671547183698,False,1.2165266312180283,-0.0323176863531672,-0.03289085350788557,-0.03346402066260394,neutrality=dollar_beta
blend,mv,2016-11-30,2016-12-31,-0.00176439271771245,0.6708168585291137,False,1.2947874652203277,-0.002435209576241564,-0.0031060264347706774,-0.003776843293299791,neutrality=dollar_beta
blend,mv,2016-12-31,2017-01-31,0.012104739992621785,0.701317092934655,False,1.1991180649991917,0.01140342289968713,0.010702105806752474,0.010000788713817819,neutrality=dollar_beta
blend,mv,2017-01-31,2017-02-28,-0.007404702487333495,0.4828363804506725,False,1.2437062045208132,-0.007887538867784167,-0.00837037524823484,-0.008853211628685513,neutrality=dollar_beta
blend,mv,2017-02-28,2017-03-31,-0.01281611072248848,0.5682603737429428,False,1.4078217590224082,-0.013384371096231423,-0.013952631469974367,-0.014520891843717309,neutrality=dollar_beta
blend,mv,2017-03-31,2017-04-30,0.014506886115729317,0.6201614080057339,False,1.4857119047844607,0.013886724707723582,0.01326656329971785,0.012646401891712115,neutrality=dollar_beta
blend,mv,2017-04-30,2017-05-31,0.017218044346407564,0.9855322272889971,False,1.5284255466477559,0.016232512119118567,0.01524697989182957,0.014261447664540572,neutrality=dollar_beta
blend,mv,2017-05-31,2017-06-30,-0.026776529524880233,0.8430244042375767,False,1.7156515095231655,-0.02761955392911781,-0.028462578333355387,-0.029305602737592962,neutrality=dollar_beta
blend,mv,2017-06-30,2017-07-31,0.002743362589290081,0.7245010968677473,False,1.5325102474597991,0.002018861492422334,0.0012943603955545865,0.000569859298686839,neutrality=dollar_beta
blend,mv,2017-07-31,2017-08-31,0.02033874189163642,0.6282139028086319,False,1.413662945907667,0.01971052798882779,0.019082314086019157,0.018454100183210524,neutrality=dollar_beta
blend,mv,2017-08-31,2017-09-30,-0.007164569559142313,0.7039723677598426,False,1.6282568144591236,-0.007868541926902155,-0.008572514294661998,-0.00927648666242184,neutrality=dollar_beta
blend,mv,2017-09-30,2017-10-31,0.02404081924946214,0.7306818182861752,False,1.650948460025882,0.023310137431175965,0.02257945561288979,0.021848773794603614,neutrality=dollar_beta
blend,mv,2017-10-31,2017-11-30,-0.009475345415947474,0.7490238466743259,False,1.6133332816969481,-0.0102243692626218,-0.010973393109296126,-0.011722416955970451,neutrality=dollar_beta
blend,mv,2017-11-30,2017-12-31,-0.0195514861878953,0.9722757964227005,False,1.5807076524975674,-0.020523761984318,-0.0214960377807407,-0.0224683135771634,neutrality=dollar_beta
blend,mv,2017-12-31,2018-01-31,0.019861363598824358,0.7070467219394915,False,1.5334971535906152,0.019154316876884868,0.018447270154945374,0.017740223433005884,neutrality=dollar_beta
blend,mv,2018-01-31,2018-02-28,0.005738707712812873,0.6398819537773084,False,1.6400501376996899,0.005098825759035565,0.004458943805258256,0.0038190618514809477,neutrality=dollar_beta
blend,mv,2018-02-28,2018-03-31,0.01228700490621531,0.7687421829919707,False,1.685077716645773,0.01151826272322334,0.010749520540231369,0.009980778357239397,neutrality=dollar_beta
blend,mv,2018-03-31,2018-04-30,-0.006265350584141591,0.5622108484117682,False,1.672239238323518,-0.00682756143255336,-0.007389772280965127,-0.007951983129376896,neutrality=dollar_beta
blend,mv,2018-04-30,2018-05-31,0.015509095705405249,0.6020269033785226,False,1.559796636122705,0.014907068802026725,0.014305041898648204,0.01370301499526968,neutrality=dollar_beta
blend,mv,2018-05-31,2018-06-30,-0.001715800609619492,0.7678256796191036,False,1.5677711222543456,-0.002483626289238596,-0.0032514519688576996,-0.004019277648476803,neutrality=dollar_beta
blend,mv,2018-06-30,2018-07-31,-0.01601233846655948,0.5545474033801825,False,1.4587488274897087,-0.016566885869939662,-0.017121433273319844,-0.017675980676700027,neutrality=dollar_beta
blend,mv,2018-07-31,2018-08-31,0.027987246087109736,0.6325472362307017,False,1.4693686334631288,0.027354698850879034,0.026722151614648332,0.026089604378417633,neutrality=dollar_beta
blend,mv,2018-08-31,2018-09-30,0.013663895537488984,0.614176208459804,False,1.4724933346735585,0.01304971932902918,0.012435543120569376,0.011821366912109572,neutrality=dollar_beta
blend,mv,2018-09-30,2018-10-31,-0.02897851567964136,0.5580561425425589,False,1.463987098378848,-0.02953657182218392,-0.030094627964726478,-0.030652684107269037,neutrality=dollar_beta
blend,mv,2018-10-31,2018-11-30,-0.019387284418439996,0.7031362496749402,False,1.409268072596994,-0.020090420668114936,-0.020793556917789877,-0.021496693167464817,neutrality=dollar_beta
blend,mv,2018-11-30,2018-12-31,0.0016168163921913017,0.66557823855819,False,1.543624446649626,0.0009512381536331116,0.0002856599150749216,-0.0003799183234832683,neutrality=dollar_beta
blend,mv,2018-12-31,2019-01-31,-0.0020932076212770373,0.7018015459373355,False,1.5886699037703302,-0.0027950091672143728,-0.003496810713151708,-0.004198612259089044,neutrality=dollar_beta
blend,mv,2019-01-31,2019-02-28,0.02145988903269339,0.7755349951277563,False,1.6323946105080358,0.020684354037565633,0.019908819042437877,0.01913328404731012,neutrality=dollar_beta
blend,mv,2019-02-28,2019-03-31,-0.007117925209362784,0.5510740035201919,False,1.6859673925430856,-0.007668999212882976,-0.008220073216403168,-0.008771147219923359,neutrality=dollar_beta
blend,mv,2019-03-31,2019-04-30,-0.004975287271418178,0.6996020091677413,False,1.6027186516783345,-0.00567488928058592,-0.006374491289753661,-0.007074093298921402,neutrality=dollar_beta
blend,mv,2019-04-30,2019-05-31,-0.005231997007879886,0.8764373574958708,False,1.482126820748662,-0.006108434365375757,-0.006984871722871628,-0.0078613090803675,neutrality=dollar_beta
blend,mv,2019-05-31,2019-06-30,-0.017653512910357234,0.6932380557255597,False,1.3713472695462168,-0.018346750966082792,-0.019039989021808354,-0.019733227077533912,neutrality=dollar_beta
blend,mv,2019-06-30,2019-07-31,0.027618447863713924,0.9412507120818786,False,1.4714136663000488,0.026677197151632047,0.025735946439550166,0.02479469572746829,neutrality=dollar_beta
blend,mv,2019-07-31,2019-08-31,0.020803991327079926,0.6839273867258484,False,1.6748226656052108,0.020120063940354076,0.01943613655362823,0.01875220916690238,neutrality=dollar_beta
blend,mv,2019-08-31,2019-09-30,-0.002919886207423255,0.7711583471936517,False,1.5510087051603547,-0.0036910445546169063,-0.004462202901810559,-0.00523336124900421,neutrality=dollar_beta
blend,mv,2019-09-30,2019-10-31,0.006733673739425579,0.6279604350681987,False,1.459518067109586,0.00610571330435738,0.005477752869289181,0.004849792434220982,neutrality=dollar_beta
blend,mv,2019-10-31,2019-11-30,0.00993639787059023,0.7305291547150997,False,1.579815165493623,0.00920586871587513,0.00847533956116003,0.007744810406444931,neutrality=dollar_beta
blend,mv,2019-11-30,2019-12-31,-0.0109451148692652,0.7372210283029839,False,1.6392948938016356,-0.011682335897568185,-0.012419556925871168,-0.013156777954174153,neutrality=dollar_beta
blend,mv,2019-12-31,2020-01-31,0.028862770471686693,0.6682121857399336,False,1.4884293786273906,0.028194558285946757,0.027526346100206826,0.02685813391446689,neutrality=dollar_beta
blend,mv,2020-01-31,2020-02-29,-0.006203242019754101,0.6676843877253695,False,1.518259524908822,-0.00687092640747947,-0.00753861079520484,-0.00820629518293021,neutrality=dollar_beta
blend,mv,2020-02-29,2020-03-31,0.03223001049248931,0.7471846191073155,False,1.240017613883506,0.031482825873382,0.03073564125427468,0.029988456635167363,neutrality=dollar_beta
blend,mv,2020-03-31,2020-04-30,0.03031635999758012,0.6423209903758034,False,1.342314909232025,0.029674039007204316,0.029031718016828512,0.028389397026452712,neutrality=dollar_beta
blend,mv,2020-04-30,2020-05-31,0.007929334940694421,0.8551613335583499,False,0.9329642101206097,0.007074173607136072,0.0062190122735777216,0.005363850940019371,neutrality=dollar_beta
blend,mv,2020-05-31,2020-06-30,0.01959220406110089,0.5295375634137907,False,1.0087890922269949,0.0190626664976871,0.018533128934273307,0.01800359137085952,neutrality=dollar_beta
blend,mv,2020-06-30,2020-07-31,0.02538971128081786,0.3375286679565421,False,1.0887023078369016,0.02505218261286132,0.024714653944904776,0.024377125276948235,neutrality=dollar_beta
blend,mv,2020-07-31,2020-08-31,0.0447195980585588,0.36116849706081183,False,1.0797871306226872,0.04435842956149799,0.04399726106443718,0.04363609256737637,neutrality=dollar_beta
blend,mv,2020-08-31,2020-09-30,-0.010788810239299838,0.38742478972212513,False,0.9731615938777366,-0.011176235029021963,-0.011563659818744089,-0.011951084608466214,neutrality=dollar_beta
blend,mv,2020-09-30,2020-10-31,-0.01493505895570266,0.3054498594961697,False,0.9335582508161152,-0.01524050881519883,-0.015545958674695,-0.015851408534191168,neutrality=dollar_beta
blend,mv,2020-10-31,2020-11-30,-0.024006898294507303,0.34634233939748904,False,0.9368799055395562,-0.02435324063390479,-0.02469958297330228,-0.02504592531269977,neutrality=dollar_beta
blend,mv,2020-11-30,2020-12-31,0.013110371369454992,0.503883840979331,False,0.8891235508096617,0.01260648752847566,0.012102603687496329,0.011598719846517,neutrality=dollar_beta
blend,mv,2020-12-31,2021-01-31,0.017514457315662153,0.3865524945668766,False,1.063166703106534,0.017127904821095278,0.0167413523265284,0.016354799831961524,neutrality=dollar_beta
blend,mv,2021-01-31,2021-02-28,-0.03994214091226882,0.43131301777451986,False,1.0594314545146641,-0.04037345393004334,-0.04080476694781786,-0.04123607996559238,neutrality=dollar_beta
blend,mv,2021-02-28,2021-03-31,-0.03582805827560395,0.4571360460192342,False,0.9222111801295486,-0.036285194321623186,-0.03674233036764242,-0.037199466413661654,neutrality=dollar_beta
blend,mv,2021-03-31,2021-04-30,0.00943205893403133,0.700892859695525,False,0.9639783400670372,0.008731166074335805,0.00803027321464028,0.007329380354944755,neutrality=dollar_beta
blend,mv,2021-04-30,2021-05-31,-0.019684609334270884,0.38738122648905116,False,0.9986490893381158,-0.020071990560759936,-0.020459371787248985,-0.020846753013738038,neutrality=dollar_beta
blend,mv,2021-05-31,2021-06-30,-0.004746309463385313,0.35633050444084163,False,0.9618778912153768,-0.005102639967826155,-0.005458970472266997,-0.0058153009767078385,neutrality=dollar_beta
blend,mv,2021-06-30,2021-07-31,0.018292285942022226,0.3293390372273385,False,1.0661425545561658,0.01796294690479489,0.017633607867567548,0.01730426883034021,neutrality=dollar_beta
blend,mv,2021-07-31,2021-08-31,0.008296506911322584,0.5148485694911351,False,1.1800102988531147,0.007781658341831449,0.007266809772340313,0.006751961202849178,neutrality=dollar_beta
blend,mv,2021-08-31,2021-09-30,-0.017321643993896494,0.6084542989721464,False,1.1097744721868374,-0.01793009829286864,-0.018538552591840788,-0.01914700689081293,neutrality=dollar_beta
blend,mv,2021-09-30,2021-10-31,-0.0031356403034863943,0.530919914086194,False,1.151464131002618,-0.0036665602175725885,-0.004197480131658783,-0.004728400045744976,neutrality=dollar_beta
blend,mv,2021-10-31,2021-11-30,-0.0016978243886131192,0.5441426307609541,False,1.2778882312764948,-0.0022419670193740736,-0.0027861096501350276,-0.0033302522808959815,neutrality=dollar_beta
blend,mv,2021-11-30,2021-12-31,0.004016491723878441,0.5511815572786857,False,1.3547245266816106,0.003465310166599756,0.00291412860932107,0.002362947052042384,neutrality=dollar_beta
blend,mv,2021-12-31,2022-01-31,0.016521814869205457,0.5983354210349973,False,1.1816894264033693,0.01592347944817046,0.015325144027135463,0.014726808606100466,neutrality=dollar_beta
blend,mv,2022-01-31,2022-02-28,0.010635033387076321,0.6186662845776197,False,1.1333889861915447,0.0100163671024987,0.009397700817921082,0.008779034533343461,neutrality=dollar_beta
blend,mv,2022-02-28,2022-03-31,0.02794160708463707,0.6729949785452769,False,1.1454677616942526,0.027268612106091793,0.026595617127546513,0.025922622149001238,neutrality=dollar_beta
blend,mv,2022-03-31,2022-04-30,0.018157567736021066,0.5898783440683844,False,0.9941151534901225,0.017567689391952683,0.016977811047884296,0.016387932703815913,neutrality=dollar_beta
blend,mv,2022-04-30,2022-05-31,0.0029796733023370377,0.32461900748974,False,0.7842836786969006,0.0026550542948472976,0.0023304352873575575,0.002005816279867818,neutrality=dollar_beta
blend,mv,2022-05-31,2022-06-30,0.001196686205884972,0.3247618290245037,False,0.8766785286995038,0.0008719243768604683,0.0005471625478359647,0.00022240071881146097,neutrality=dollar_beta
blend,mv,2022-06-30,2022-07-31,0.00777746573929958,0.2764103886279642,False,0.8035697727647727,0.007501055350671615,0.007224644962043651,0.0069482345734156875,neutrality=dollar_beta
blend,mv,2022-07-31,2022-08-31,0.02376329333006019,0.3743128306448323,False,0.8277398033423146,0.023388980499415356,0.023014667668770524,0.022640354838125692,neutrality=dollar_beta
blend,mv,2022-08-31,2022-09-30,0.005450865213511297,0.26876215458072916,False,0.8796714248155538,0.005182103058930568,0.0049133409043498385,0.0046445787497691095,neutrality=dollar_beta
blend,mv,2022-09-30,2022-10-31,0.01184789758824389,0.23007977204072153,False,0.8738564301195022,0.011617817816203168,0.011387738044162448,0.011157658272121725,neutrality=dollar_beta
blend,mv,2022-10-31,2022-11-30,-0.016739502916896246,0.38359712323389306,False,0.855337875466965,-0.01712310004013014,-0.017506697163364032,-0.017890294286597927,neutrality=dollar_beta
blend,mv,2022-11-30,2022-12-31,-0.0009501161795004377,0.32412763225153246,False,0.7628443949806585,-0.00127424381175197,-0.0015983714440035027,-0.001922499076255035,neutrality=dollar_beta
blend,mv,2022-12-31,2023-01-31,-0.028711318515813135,0.24611908103327448,False,0.7766646112901957,-0.028957437596846408,-0.029203556677879685,-0.02944967575891296,neutrality=dollar_beta
blend,mv,2023-01-31,2023-02-28,0.007059590281959425,0.35342824836806164,False,0.8762884687297966,0.006706162033591363,0.0063527337852233015,0.00599930553685524,neutrality=dollar_beta
blend,mv,2023-02-28,2023-03-31,-0.006744635182478087,0.3750778185132839,False,0.9424798275647405,-0.007119713000991371,-0.0074947908195046545,-0.00786986863801794,neutrality=dollar_beta
blend,mv,2023-03-31,2023-04-30,0.011038755342942989,0.5423504223804398,False,0.9939138587840741,0.010496404920562549,0.009954054498182109,0.00941170407580167,neutrality=dollar_beta
blend,mv,2023-04-30,2023-05-31,0.02368937764701642,0.6403301286284917,False,1.111238912131031,0.02304904751838793,0.022408717389759438,0.021768387261130947,neutrality=dollar_beta
blend,mv,2023-05-31,2023-06-30,-0.0018159023206470973,0.6012659323294343,False,1.048320187674334,-0.0024171682529765316,-0.003018434185305966,-0.0036197001176354,neutrality=dollar_beta
blend,mv,2023-06-30,2023-07-31,-0.008852032902564774,0.550234070945741,False,1.0407419162880278,-0.009402266973510515,-0.009952501044456255,-0.010502735115401996,neutrality=dollar_beta
blend,mv,2023-07-31,2023-08-31,0.002103943382818292,0.5224681724656524,False,1.2566930241733387,0.0015814752103526395,0.0010590070378869872,0.0005365388654213347,neutrality=dollar_beta
blend,mv,2023-08-31,2023-09-30,-0.00974521237774138,0.5237320243368755,False,1.2061196055616485,-0.010268944402078255,-0.01079267642641513,-0.011316408450752005,neutrality=dollar_beta
blend,mv,2023-09-30,2023-10-31,0.022519369309426527,0.5612968586517877,False,1.2108505951182678,0.02195807245077474,0.02139677559212295,0.020835478733471163,neutrality=dollar_beta
blend,mv,2023-10-31,2023-11-30,0.01862518674922375,0.5485186807449035,False,1.1985909354025845,0.018076668068478848,0.017528149387733945,0.01697963070698904,neutrality=dollar_beta
blend,mv,2023-11-30,2023-12-31,-0.013853039007750138,0.7045306114672589,False,1.3073798597556083,-0.014557569619217397,-0.015262100230684656,-0.015966630842151917,neutrality=dollar_beta
blend,mv,2023-12-31,2024-01-31,0.02528091877586686,0.6751010447088103,False,1.027943326002677,0.02460581773115805,0.02393071668644924,0.02325561564174043,neutrality=dollar_beta
blend,mv,2024-01-31,2024-02-29,0.006255096973943237,0.5251070628740233,False,1.0758025680318026,0.0057299899110692136,0.00520488284819519,0.004679775785321166,neutrality=dollar_beta
blend,mv,2024-02-29,2024-03-31,-0.013484206024596535,0.4300650221592452,False,1.0512619491087505,-0.01391427104675578,-0.014344336068915026,-0.014774401091074271,neutrality=dollar_beta
blend,mv,2024-03-31,2024-04-30,-0.014461177991681355,0.4428401124657911,False,1.0910852811044625,-0.014904018104147147,-0.015346858216612937,-0.015789698329078727,neutrality=dollar_beta
blend,mv,2024-04-30,2024-05-31,0.013419451244006215,0.5000924326925076,False,1.2000466830297418,0.012919358811313708,0.0124192663786212,0.011919173945928693,neutrality=dollar_beta
blend,mv,2024-05-31,2024-06-30,0.003471714694168907,0.5813625671133633,False,1.2162143464634003,0.0028903521270555437,0.0023089895599421803,0.001727626992828817,neutrality=dollar_beta
blend,mv,2024-06-30,2024-07-31,-0.01121252154248942,0.44404406306829675,False,1.1865974152647394,-0.011656565605557716,-0.012100609668626012,-0.012544653731694309,neutrality=dollar_beta
blend,mv,2024-07-31,2024-08-31,-0.00025846903748618424,0.5195519997015681,False,1.2304734707775056,-0.0007780210371877523,-0.0012975730368893204,-0.0018171250365908885,neutrality=dollar_beta
blend,mv,2024-08-31,2024-09-30,-0.0035096536701066613,0.6656259017402327,False,1.3713298320304397,-0.004175279571846894,-0.0048409054735871265,-0.00550653137532736,neutrality=dollar_beta
blend,mv,2024-09-30,2024-10-31,-0.0005261937089773162,0.5117906469020704,False,1.202042092642801,-0.0010379843558793868,-0.0015497750027814571,-0.0020615656496835275,neutrality=dollar_beta
blend,mv,2024-10-31,2024-11-30,0.0033191067063489737,0.6315757893383571,False,1.1906547551816558,0.0026875309170106164,0.0020559551276722594,0.0014243793383339023,neutrality=dollar_beta
blend,mv,2024-11-30,2024-12-31,-0.004995309649978715,0.6001726029858324,False,1.2523952120381425,-0.0055954822529645475,-0.00619565485595038,-0.006795827458936212,neutrality=dollar_beta
blend,mv,2024-12-31,2025-01-31,0.014214403662939065,0.6745473227662971,False,1.3431041546222178,0.013539856340172768,0.01286530901740647,0.012190761694640173,neutrality=dollar_beta
blend,mv,2025-01-31,2025-02-28,-0.0012881878860276084,0.6195766753447858,False,1.1369206518373285,-0.001907764561372394,-0.00252734123671718,-0.003146917912061966,neutrality=dollar_beta
blend,mv,2025-02-28,2025-03-31,0.011229638937550655,0.5119895865821763,False,1.1771648140394924,0.01071764935096848,0.010205659764386303,0.009693670177804127,neutrality=dollar_beta
blend,mv,2025-03-31,2025-04-30,0.025803875675562613,0.5033586349932602,False,1.1915113783347402,0.02530051704056935,0.024797158405576093,0.02429379977058283,neutrality=dollar_beta
blend,mv,2025-04-30,2025-05-31,0.014810918786273134,0.5473252505111651,False,1.3370494158857689,0.01426359353576197,0.013716268285250804,0.013168943034739639,neutrality=dollar_beta
blend,mv,2025-05-31,2025-06-30,-0.0061650960384003195,0.509083681195334,False,1.2115899465175135,-0.006674179719595654,-0.007183263400790988,-0.007692347081986322,neutrality=dollar_beta
blend,mv,2025-06-30,2025-07-31,-0.02423500296984568,0.6507143452131793,False,1.1608682349163786,-0.02488571731505886,-0.02553643166027204,-0.026187146005485218,neutrality=dollar_beta
blend,mv,2025-07-31,2025-08-31,-0.011358924165019496,0.5063221829677645,False,1.168520093494036,-0.01186524634798726,-0.012371568530955024,-0.01287789071392279,neutrality=dollar_beta
blend,mv,2025-08-31,2025-09-30,0.021298965040050067,0.5070180274438911,False,1.2936568513708167,0.020791947012606175,0.020284928985162286,0.019777910957718393,neutrality=dollar_beta
blend,mv,2025-09-30,2025-10-31,0.0036451112012609267,0.4826681405975863,False,1.2322817080440225,0.0031624430606633403,0.002679774920065754,0.002197106779468168,neutrality=dollar_beta
blend,mv,2025-10-31,2025-11-30,-0.00197243643146303,0.5768638006226433,False,1.1069220299952622,-0.002549300232085673,-0.003126164032708317,-0.00370302783333096,neutrality=dollar_beta
blend,mv,2025-11-30,2025-12-31,0.0035246597902771674,0.5205789098733504,False,1.119204206779699,0.003004080880403817,0.0024835019705304667,0.001962923060657116,neutrality=dollar_beta
blend,mv,2025-12-31,2026-01-31,0.0127974562004331,0.5568519387782658,False,1.209079017369901,0.012240604261654834,0.011683752322876568,0.011126900384098302,neutrality=dollar_beta
blend,mv,1995-01-31,1995-02-28,-0.010550067319422669,1.7431140768565008,True,1.7431140768565008,-0.01229318139627917,-0.01403629547313567,-0.01577940954999217,"heatmap:mom_lookback=6,cov_halflife=18"
blend,mv,1995-02-28,1995-03-31,-0.00034985816923631657,2.0913837653269165,False,1.8582057692272937,-0.002441241934563233,-0.0045326256998901495,-0.006624009465217066,"heatmap:mom_lookback=6,cov_halflife=18"
blend,mv,1995-03-31,1995-04-30,0.0021851995745184203,2.1095238839930586,False,1.5863693757618902,7.567569052536159e-05,-0.002033848193467697,-0.004143372077460756,"heatmap:mom_lookback=6,cov_halflife=18"
blend,mv,1995-04-30,1995-05-31,-0.014817680329782732,1.5698358576099503,False,1.933162509938093,-0.016387516187392683,-0.017957352045002633,-0.019527187902612583,"heatmap:mom_lookback=6,cov_halflife=18"
blend,mv,1995-05-31,1995-06-30,-0.002998951606909787,2.1148917413034334,False,1.9614343431192882,-0.00511384334821322,-0.007228735089516654,-0.009343626830820087,"heatmap:mom_lookback=6,cov_halflife=18"
blend,mv,1995-06-30,1995-07-31,-0.004024727085832946,1.785297740092163,False,1.9802066042921196,-0.005810024825925109,-0.007595322566017273,-0.009380620306109436,"heatmap:mom_lookback=6,cov_halflife=18"
blend,mv,1995-07-31,1995-08-31,0.005250759609574794,1.8057100604389975,False,1.8345295357457705,0.0034450495491357962,0.0016393394886967988,-0.0001663705717421986,"heatmap:mom_lookback=6,cov_halflife=18"
blend,mv,1995-08-31,1995-09-30,0.01555923462007551,1.6289385871128355,False,1.9328292388400723,0.013930296032962674,0.012301357445849839,0.010672418858737005,"heatmap:mom_lookback=6,cov_halflife=18"
blend,mv,1995-09-30,1995-10-31,0.024280816947123002,1.7120487363519714,False,1.7840427637762282,0.02256876821077103,0.02085671947441906,0.01914467073806709,"heatmap:mom_lookback=6,cov_halflife=18"
blend,mv,1995-10-31,1995-11-30,-0.028092118395398727,1.6849581390478519,False,1.7409772245440354,-0.02977707653444658,-0.031462034673494434,-0.033146992812542284,"heatmap:mom_lookback=6,cov_halflife=18"
blend,mv,1995-11-30,1995-12-31,0.02296467313222504,1.6715273796769439,False,1.8036643881455268,0.021293145752548096,0.019621618372871154,0.01795009099319421,"heatmap:mom_lookback=6,cov_halflife=18"
blend,mv,1995-12-31,1996-01-31,0.0070755360754426785,2.0318810393376454,False,1.8763255560076937,0.005043655036105033,0.003011773996767388,0.0009798929574297418,"heatmap:mom_lookback=6,cov_halflife=18"
blend,mv,1996-01-31,1996-02-29,0.0035734933597654965,1.6391762807545713,False,1.7763448015839116,0.0019343170790109253,0.00029514079825635397,-0.001344035482498218,"heatmap:mom_lookback=6,cov_halflife=18"
blend,mv,1996-02-29,1996-03-31,-0.013165197311387135,1.8698621910953552,False,1.824331018705688,-0.01503505950248249,-0.016904921693577844,-0.0187747838846732,"heatmap:mom_lookback=6,cov_halflife=18"
blend,mv,1996-03-31,1996-04-30,-0.006830523192296792,1.9235514624390475,False,2.10593513987837,-0.008754074654735839,-0.010677626117174887,-0.012601177579613935,"heatmap:mom_lookback=6,cov_halflife=18"
blend,mv,1996-04-30,1996-05-31,-0.00891869846573206,1.8726730737392894,False,1.987846677524062,-0.010791371539471349,-0.012664044613210638,-0.014536717686949929,"heatmap:mom_lookback=6,cov_halflife=18"
blend,mv,1996-05-31,1996-06-30,0.008288089214548867,1.6739520970923145,False,2.1917641403046573,0.006614137117456552,0.004940185020364238,0.0032662329232719233,"heatmap:mom_lookback=6,cov_halflife=18"
blend,mv,1996-06-30,1996-07-31,0.0012822744055203698,1.820062111497218,False,1.8781611018988467,-0.0005377877059768482,-0.0023578498174740663,-0.004177911928971284,"heatmap:mom_lookback=6,cov_halflife=18"
blend,mv,1996-07-31,1996-08-31,0.006109368275330884,1.7172048287818615,False,1.9169271580059029,0.004392163446549023,0.002674958617767161,0.0009577537889852994,"heatmap:mom_lookback=6,cov_halflife=18"
blend,mv,1996-08-31,1996-09-30,-0.006459488384462074,2.1773836140726277,False,2.056720436205862,-0.008636871998534702,-0.01081425561260733,-0.012991639226679959,"heatmap:mom_lookback=6,cov_halflife=18"
blend,mv,1996-09-30,1996-10-31,0.003216049168714064,2.555392998271847,False,2.1171891575457904,0.0006606561704422171,-0.0018947368278296297,-0.004450129826101477,"heatmap:mom_lookback=6,cov_halflife=18"
blend,mv,1996-10-31,1996-11-30,-0.0019568013519893433,2.6556409309073135,False,2.0202987722844394,-0.004612442282896657,-0.00726808321380397,-0.009923724144711283,"heatmap:mom_lookback=6,cov_halflife=18"
blend,mv,1996-11-30,1996-12-31,0.030230110734329935,2.8346613688093862,False,2.24864109441197,0.027395449365520547,0.024560787996711162,0.021726126627901778,"heatmap:mom_lookback=6,cov_halflife=18"
blend,mv,1996-12-31,1997-01-31,-0.0076759678207726665,1.923353190833644,False,1.9533345184499005,-0.00959932101160631,-0.011522674202439954,-0.013446027393273599,"heatmap:mom_lookback=6,cov_halflife=18"
blend,mv,1997-01-31,1997-02-28,-0.020745650363795064,2.0931009698260694,False,2.072393674792365,-0.022838751333621135,-0.024931852303447202,-0.027024953273273273,"heatmap:mom_lookback=6,cov_halflife=18"
blend,mv,1997-02-28,1997-03-31,0.00042252528370803166,2.741497251721311,False,2.127341996578237,-0.0023189719680132793,-0.0050604692197345905,-0.007801966471455902,"heatmap:mom_lookback=6,cov_halflife=18"
blend,mv,1997-03-31,1997-04-30,-0.014617847704860975,1.9301888993939684,False,2.353702363257452,-0.016548036604254943,-0.01847822550364891,-0.02040841440304288,"heatmap:mom_lookback=6,cov_halflife=18"
blend,mv,1997-04-30,1997-05-31,0.0014038922198844877,2.2549291543363124,False,2.183679684915788,-0.0008510369344518248,-0.0031059660887881374,-0.0053608952431244495,"heatmap:mom_lookback=6,cov_halflife=18"
blend,mv,1997-05-31,1997-06-30,0.0016913134091215741,2.8489359576924804,False,2.085884742271024,-0.0011576225485709062,-0.004006558506263387,-0.006855494463955868,"heatmap:mom_lookback=6,cov_halflife=18"
blend,mv,1997-06-30,1997-07-31,-0.0005139465107610958,2.5596169552335875,False,2.001453660825099,-0.003073563465994683,-0.005633180421228271,-0.008192797376461858,"heatmap:mom_lookback=6,cov_halflife=18"
blend,mv,1997-07-31,1997-08-31,-0.006543150158296512,2.5884737733269354,False,1.9171146011939086,-0.009131623931623447,-0.011720097704950383,-0.01430857147827732,"heatmap:mom_lookback=6,cov_halflife=18"
blend,mv,1997-08-31,1997-09-30,0.035056063624632434,2.392546770951098,False,2.022321092126124,0.03266351685368134,0.03027097008273024,0.02787842331177914,"heatmap:mom_lookback=6,cov_halflife=18"
blend,mv,1997-09-30,1997-10-31,0.03286376013867338,2.349562754560838,False,1.9033775284787362,0.03051419738411254,0.0281646346295517,0.025815071874990863,"heatmap:mom_lookback=6,cov_halflife=18"
blend,mv,1997-10-31,1997-11-30,-0.012928495956212005,2.296484506277209,False,1.9477558999998954,-0.015224980462489214,-0.01752146496876642,-0.01981794947504363,"heatmap:mom_lookback=6,cov_halflife=18"
blend,mv,1997-11-30,1997-12-31,-0.004240290902045059,1.753743250117989,False,1.8972643012141157,-0.005994034152163048,-0.0077477774022810374,-0.009501520652399027,"heatmap:mom_lookback=6,cov_halflife=18"
blend,mv,1997-12-31,1998-01-31,0.012648937256274372,1.9243460726058794,False,1.9474640423024057,0.010724591183668492,0.008800245111062614,0.006875899038456734,"heatmap:mom_lookback=6,cov_halflife=18"
blend,mv,1998-01-31,1998-02-28,-0.011415413130705833,2.007043908894534,False,1.8621579560995754,-0.013422457039600367,-0.015429500948494901,-0.017436544857389435,"heatmap:mom_lookback=6,cov_halflife=18"
blend,mv,1998-02-28,1998-03-31,0.009436870402629196,2.252721323241745,False,1.8646544727276604,0.0071841490793874505,0.0049314277561457055,0.0026787064329039604,"heatmap:mom_lookback=6,cov_halflife=18"
blend,mv,1998-03-31,1998-04-30,-0.04214876204290858,1.7635726291640221,False,1.9911694492820946,-0.0439123346720726,-0.04567590730123662,-0.047439479930400645,"heatmap:mom_lookback=6,cov_halflife=18"
blend,mv,1998-04-30,1998-05-31,-0.0015946156822448426,2.020421777802617,False,1.9612320460567667,-0.003615037460047459,-0.005635459237850076,-0.007655881015652693,"heatmap:mom_lookback=6,cov_halflife=18"
blend,mv,1998-05-31,1998-06-30,0.020114912741441414,1.4552573390234196,False,1.9699468571023464,0.018659655402417995,0.017204398063394574,0.015749140724371155,"heatmap:mom_lookback=6,cov_halflife=18"
blend,mv,1998-06-30,1998-07-31,0.01056443029990898,1.9880351674717551,False,1.7021159172305294,0.008576395132437225,0.006588359964965469,0.004600324797493714,"heatmap:mom_lookback=6,cov_halflife=18"
blend,mv,1998-07-31,1998-08-31,-0.009264366149421317,1.3315834565218978,False,1.8871432672022415,-0.010595949605943214,-0.011927533062465114,-0.013259116518987011,"heatmap:mom_lookback=6,cov_halflife=18"
blend,mv,1998-08-31,1998-09-30,-0.0005335081633530087,1.2207907365065498,False,1.6846082174572017,-0.0017542988998595585,-0.0029750896363661085,-0.004195880372872658,"heatmap:mom_lookback=6,cov_halflife=18"
blend,mv,1998-09-30,1998-10-31,-0.021603935302009027,1.5782251636860274,False,1.3529627627002923,-0.023182160465695052,-0.02476038562938108,-0.02633861079306711,"heatmap:mom_lookback=6,cov_halflife=18"
blend,mv,1998-10-31,1998-11-30,0.003561882424993121,1.5247885375999295,False,1.419610663511746,0.0020370938873931917,0.0005123053497932623,-0.0010124831878066676,"heatmap:mom_lookback=6,cov_halflife=18"
blend,mv,1998-11-30,1998-12-31,0.032812187323605545,1.4827280752100604,False,1.5557382704479648,0.03132945924839548,0.029846731173185426,0.028364003097975363,"heatmap:mom_lookback=6,cov_halflife=18"
blend,mv,1998-12-31,1999-01-31,0.031169758303255315,1.5147618928383968,False,1.4074039795936364,0.02965499641041692,0.028140234517578522,0.026625472624740125,"heatmap:mom_lookback=6,cov_halflife=18"
blend,mv,1999-01-31,1999-02-28,-0.017826714291077173,1.2350201689002531,False,1.3923806378795185,-0.019061734459977428,-0.02029675462887768,-0.021531774797777934,"heatmap:mom_lookback=6,cov_halflife=18"
blend,mv,1999-02-28,1999-03-31,-0.015523925765690384,1.5003337841155324,False,1.3733706048965515,-0.017024259549805916,-0.01852459333392145,-0.02002492711803698,"heatmap:mom_lookback=6,cov_halflife=18"
blend,mv,1999-03-31,1999-04-30,-0.040323809398149675,1.2187726596949096,False,1.4350616644206464,-0.041542582057844585,-0.042761354717539495,-0.043980127377234404,"heatmap:mom_lookback=6,cov_halflife=18"
blend,mv,1999-04-30,1999-05-31,-0.010267056790302443,1.4684664680171315,False,1.4223325752782368,-0.011735523258319575,-0.013203989726336707,-0.014672456194353839,"heatmap:mom_lookback=6,cov_halflife=18"
blend,mv,1999-05-31,1999-06-30,0.03128712899605635,1.5853852459296118,False,1.4450125114574681,0.02970174375012674,0.02811635850419713,0.026530973258267518,"heatmap:mom_lookback=6,cov_halflife=18"
blend,mv,1999-06-30,1999-07-31,0.007115406209789732,1.536912508948446,False,1.337319790330739,0.0055784937008412855,0.004041581191892839,0.0025046686829443936,"heatmap:mom_lookback=6,cov_halflife=18"
blend,mv,1999-07-31,1999-08-31,-0.004297189486210847,1.6673102107323323,False,1.4055733009664326,-0.005964499696943179,-0.007631809907675511,-0.009299120118407844,"heatmap:mom_lookback=6,cov_halflife=18"
blend,mv,1999-08-31,1999-09-30,0.012217351612344838,1.1977748568478304,False,1.3192753928468526,0.011019576755497007,0.009821801898649177,0.008624027041801346,"heatmap:mom_lookback=6,cov_halflife=18"
blend,mv,1999-09-30,1999-10-31,-0.013944344432851467,1.1541139264167641,False,1.4073409073886918,-0.015098458359268232,-0.016252572285684996,-0.01740668621210176,"heatmap:mom_lookback=6,cov_halflife=18"
blend,mv,1999-10-31,1999-11-30,-0.010403902217387032,1.9178877877138547,False,1.4409785990610375,-0.012321790005100886,-0.01423967779281474,-0.016157565580528596,"heatmap:mom_lookback=6,cov_halflife=18"
blend,mv,1999-11-30,1999-12-31,0.0018752311295540216,1.72635416697503,False,1.5229418023093846,0.0001488769625789916,-0.0015774772043960384,-0.0033038313713710686,"heatmap:mom_lookback=6,cov_halflife=18"
blend,mv,1999-12-31,2000-01-31,-0.010444483426914352,1.704569230763063,False,1.5211089141803913,-0.012149052657677415,-0.013853621888440477,-0.015558191119203542,"heatmap:mom_lookback=6,cov_halflife=18"
blend,mv,2000-01-31,2000-02-29,0.029124475584465962,1.563563867811101,False,1.3293186886386312,0.02756091171665486,0.02599734784884376,0.02443378398103266,"heatmap:mom_lookback=6,cov_halflife=18"
blend,mv,2000-02-29,2000-03-31,0.011772591506600222,1.676253175454351,False,1.4657796101135625,0.010096338331145871,0.00842008515569152,0.00674383198023717,"heatmap:mom_lookback=6,cov_halflife=18"
blend,mv,2000-03-31,2000-04-30,-0.020111211605479875,1.6853359800304113,False,1.3072639701630213,-0.021796547585510286,-0.023481883565540696,-0.02516721954557111,"heatmap:mom_lookback=6,cov_halflife=18"
blend,mv,2000-04-30,2000-05-31,-0.006606353656962576,1.5423768580067396,False,1.2511256126224044,-0.008148730514969315,-0.009691107372976055,-0.011233484230982794,"heatmap:mom_lookback=6,cov_halflife=18"
blend,mv,2000-05-31,2000-06-30,0.011066604233006441,1.7525027019873898,False,1.4501627037240479,0.009314101531019052,0.007561598829031662,0.0058090961270442715,"heatmap:mom_lookback=6,cov_halflife=18"
blend,mv,2000-06-30,2000-07-31,-0.00373545493529026,1.1494160687825872,False,1.4723462642787373,-0.004884871004072847,-0.0060342870728554345,-0.007183703141638022,"heatmap:mom_lookback=6,cov_halflife=18"
blend,mv,2000-07-31,2000-08-31,0.029477364001532943,1.4118099597151659,False,1.4286780562556098,0.028065554041817778,0.02665374408210261,0.025241934122387445,"heatmap:mom_lookback=6,cov_halflife=18"
blend,mv,2000-08-31,2000-09-30,0.004382369524497905,1.5523255315759223,False,1.3829262666983873,0.0028300439929219825,0.00127771846134606,-0.00027460707022986235,"heatmap:mom_lookback=6,cov_halflife=18"
blend,mv,2000-09-30,2000-10-31,-0.011561654408764074,1.2265918970161633,False,1.3920063240349612,-0.012788246305780238,-0.014014838202796401,-0.015241430099812565,"heatmap:mom_lookback=6,cov_halflife=18"
blend,mv,2000-10-31,2000-11-30,0.0003192548620013922,1.0428830935667426,False,1.2942180010835114,-0.0007236282315653504,-0.0017665113251320928,-0.0028093944186988354,"heatmap:mom_lookback=6,cov_halflife=18"
blend,mv,2000-11-30,2000-12-31,-0.013332767771709528,1.195007782441431,False,1.3989499446515943,-0.01452777555415096,-0.01572278333659239,-0.016917791119033822,"heatmap:mom_lookback=6,cov_halflife=18"
blend,mv,2000-12-31,2001-01-31,-0.03844664946169298,1.321173352607117,False,1.3565388098188724,-0.0397678228143001,-0.04108899616690721,-0.04241016951951433,"heatmap:mom_lookback=6,cov_halflife=18"
blend,mv,2001-01-31,2001-02-28,0.010880382388953145,1.3097260655306073,False,1.353515737816259,0.009570656323422537,0.00826093025789193,0.006951204192361323,"heatmap:mom_lookback=6,cov_halflife=18"
blend,mv,2001-02-28,2001-03-31,0.002048781812293671,1.1631139890087503,False,1.3730693997537171,0.0008856678232849208,-0.0002774461657238294,-0.00144056015473258,"heatmap:mom_lookback=6,cov_halflife=18"
blend,mv,2001-03-31,2001-04-30,-0.0033468826990178265,1.5149422158296224,False,1.2714470170518706,-0.0048618249148474485,-0.006376767130677072,-0.007891709346506693,"heatmap:mom_lookback=6,cov_halflife=18"
blend,mv,2001-04-30,2001-05-31,0.013775318595459845,1.317274117637198,False,1.24172689131873,0.012458044477822646,0.011140770360185449,0.00982349624254825,"heatmap:mom_lookback=6,cov_halflife=18"
blend,mv,2001-05-31,2001-06-30,0.005067311210556545,1.3862087398366,False,1.2744008252720724,0.003681102470719945,0.002294893730883345,0.0009086849910467446,"heatmap:mom_lookback=6,cov_halflife=18"
blend,mv,2001-06-30,2001-07-31,-0.0002184214504505724,1.4752590932039882,False,1.3388997095098791,-0.0016936805436545605,-0.003168939636858549,-0.004644198730062537,"heatmap:mom_lookback=6,cov_halflife=18"
blend,mv,2001-07-31,2001-08-31,-0.004246989025366061,1.2490915198486165,False,1.207126857067755,-0.005496080545214678,-0.006745172065063294,-0.007994263584911912,"heatmap:mom_lookback=6,cov_halflife=18"
blend,mv,2001-08-31,2001-09-30,0.02695809400294106,1.177167607468706,False,1.230411805987655,0.025780926395472352,0.024603758788003645,0.02342659118053494,"heatmap:mom_lookback=6,cov_halflife=18"
blend,mv,2001-09-30,2001-10-31,-0.007258779710352476,1.1045146571414062,False,1.0654529123941834,-0.008363294367493883,-0.00946780902463529,-0.010572323681776696,"heatmap:mom_lookback=6,cov_halflife=18"
blend,mv,2001-10-31,2001-11-30,-0.026697477680176142,1.2890888942758008,False,1.2960836938583136,-0.027986566574451942,-0.029275655468727742,-0.030564744363003545,"heatmap:mom_lookback=6,cov_halflife=18"
blend,mv,2001-11-30,2001-12-31,-0.0045437538348613495,1.4045365766203886,False,1.2257344906551728,-0.005948290411481738,-0.007352826988102127,-0.008757363564722516,"heatmap:mom_lookback=6,cov_halflife=18"
blend,mv,2001-12-31,2002-01-31,0.01739700743725946,1.5395075751424907,False,1.1722785689247286,0.01585749986211697,0.014317992286974479,0.012778484711831989,"heatmap:mom_lookback=6,cov_halflife=18"
blend,mv,2002-01-31,2002-02-28,-0.01940603455138899,1.307703498054743,False,1.2392220212372158,-0.020713738049443733,-0.022021441547498476,-0.023329145045553216,"heatmap:mom_lookback=6,cov_halflife=18"
blend,mv,2002-02-28,2002-03-31,0.0008008485321547004,1.386153614875888,False,1.3616906633863133,-0.0005853050827211877,-0.0019714586975970757,-0.0033576123124729636,"heatmap:mom_lookback=6,cov_halflife=18"
blend,mv,2002-03-31,2002-04-30,0.02427312522220845,1.4825797081538812,False,1.101342029198036,0.02279054551405457,0.021307965805900688,0.019825386097746804,"heatmap:mom_lookback=6,cov_halflife=18"
blend,mv,2002-04-30,2002-05-31,0.002030130369102284,1.2668837920875007,False,1.2089822159092565,0.0007632465770147834,-0.0005036372150727174,-0.001770521007160218,"heatmap:mom_lookback=6,cov_halflife=18"
blend,mv,2002-05-31,2002-06-30,0.007259015114455224,1.3238948199562903,False,1.1878693397039413,0.005935120294498933,0.004611225474542643,0.0032873306545863528,"heatmap:mom_lookback=6,cov_halflife=18"
blend,mv,2002-06-30,2002-07-31,0.0008190738845987079,1.2894064867502708,False,1.2801863997400182,-0.00047033260215156294,-0.0017597390889018338,-0.0030491455756521046,"heatmap:mom_lookback=6,cov_halflife=18"
blend,mv,2002-07-31,2002-08-31,0.012477848171154531,1.266917180887747,False,1.2241004066108936,0.011210930990266784,0.009944013809379038,0.008677096628491289,"heatmap:mom_lookback=6,cov_halflife=18"
blend,mv,2002-08-31,2002-09-30,0.020829725718475654,1.1079190012993805,False,1.293024219305981,0.019721806717176275,0.018613887715876895,0.017505968714577512,"heatmap:mom_lookback=6,cov_halflife=18"
blend,mv,2002-09-30,2002-10-31,-0.029009313600678797,1.3433317463498111,False,1.2637889451200783,-0.030352645347028608,-0.031695977093378416,-0.03303930883972823,"heatmap:mom_lookback=6,cov_halflife=18"
blend,mv,2002-10-31,2002-11-30,-0.02531847546838269,1.5645989546472459,False,1.243649942919918,-0.026883074423029937,-0.02844767337767718,-0.030012272332324428,"heatmap:mom_lookback=6,cov_halflife=18"
blend,mv,2002-11-30,2002-12-31,-0.00047840323656215286,1.1925701679837213,False,1.192634239134182,-0.0016709734045458743,-0.0028635435725295954,-0.0040561137405133165,"heatmap:mom_lookback=6,cov_halflife=18"
blend,mv,2002-12-31,2003-01-31,0.010651505418824944,1.1591845839313286,False,1.2586180540218606,0.009492320834893615,0.008333136250962287,0.007173951667030958,"heatmap:mom_lookback=6,cov_halflife=18"
blend,mv,2003-01-31,2003-02-28,-0.00027778438436720576,1.2730244397465122,False,1.367962429582417,-0.001550808824113718,-0.00282383326386023,-0.004096857703606743,"heatmap:mom_lookback=6,cov_halflife=18"
blend,mv,2003-02-28,2003-03-31,0.0009727024590695601,1.3180936522111173,False,1.3753355057894319,-0.00034539119314155723,-0.0016634848453526746,-0.0029815784975637917,"heatmap:mom_lookback=6,cov_halflife=18"
blend,mv,2003-03-31,2003-04-30,-0.02412726561889445,1.313304898738585,False,1.341698430375903,-0.025440570517633036,-0.02675387541637162,-0.028067180315110206,"heatmap:mom_lookback=6,cov_halflife=18"
blend,mv,2003-04-30,2003-05-31,-0.007776670654449322,1.4120846096506785,False,1.4186733978433916,-0.0091887552641,-0.01060083987375068,-0.012012924483401358,"heatmap:mom_lookback=6,cov_halflife=18"
blend,mv,2003-05-31,2003-06-30,-0.01921159574954755,1.3990415083507406,False,1.2758493329290665,-0.02061063725789829,-0.02200967876624903,-0.023408720274599774,"heatmap:mom_lookback=6,cov_halflife=18"
blend,mv,2003-06-30,2003-07-31,-0.00961313851343386,1.7599188554936458,False,1.3206619687549224,-0.011373057368927506,-0.013132976224421151,-0.014892895079914797,"heatmap:mom_lookback=6,cov_halflife=18"
blend,mv,2003-07-31,2003-08-31,-0.003214208080722281,1.2196509067974517,False,1.3155931302824941,-0.004433858987519732,-0.005653509894317184,-0.006873160801114636,"heatmap:mom_lookback=6,cov_halflife=18"
blend,mv,2003-08-31,2003-09-30,-0.0011141442955944427,1.5404657591909292,False,1.4782183048320816,-0.002654610054785372,-0.004195075813976301,-0.005735541573167231,"heatmap:mom_lookback=6,cov_halflife=18"
blend,mv,2003-09-30,2003-10-31,0.018728606808303225,1.175787515974315,False,1.4178159850412353,0.01755281929232891,0.016377031776354595,0.015201244260380279,"heatmap:mom_lookback=6,cov_halflife=18"
blend,mv,2003-10-31,2003-11-30,0.010308076674302362,1.26168918706159,False,1.2117909289694593,0.009046387487240772,0.0077846983001791815,0.0065230091131175914,"heatmap:mom_lookback=6,cov_halflife=18"
blend,mv,2003-11-30,2003-12-31,-0.026957179638807966,1.1960175763580354,False,1.3967099691293532,-0.028153197215166,-0.029349214791524036,-0.03054523236788207,"heatmap:mom_lookback=6,cov_halflife=18"
blend,mv,2003-12-31,2004-01-31,-0.016024540142271282,1.0519548312024254,False,1.1251166552151486,-0.01707649497347371,-0.018128449804676133,-0.019180404635878556,"heatmap:mom_lookback=6,cov_halflife=18"
blend,mv,2004-01-31,2004-02-29,0.014030072308023694,1.1376358393111032,False,1.4247625132299235,0.012892436468712591,0.011754800629401489,0.010617164790090384,"heatmap:mom_lookback=6,cov_halflife=18"
blend,mv,2004-02-29,2004-03-31,0.008913130458218399,1.3319403115591637,False,1.3196578701665307,0.007581190146659235,0.006249249835100072,0.004917309523540908,"heatmap:mom_lookback=6,cov_halflife=18"
blend,mv,2004-03-31,2004-04-30,-0.004398349403875073,1.0899697903278347,False,1.5464056933928925,-0.005488319194202908,-0.006578288984530743,-0.007668258774858577,"heatmap:mom_lookback=6,cov_halflife=18"
blend,mv,2004-04-30,2004-05-31,-0.006063283272327437,1.0174226199984175,False,1.3746371947009162,-0.007080705892325854,-0.008098128512324273,-0.009115551132322689,"heatmap:mom_lookback=6,cov_halflife=18"
blend,mv,2004-05-31,2004-06-30,0.014191264156485863,1.1310487903966966,False,1.3432887170353187,0.013060215366089166,0.011929166575692469,0.010798117785295772,"heatmap:mom_lookback=6,cov_halflife=18"
blend,mv,2004-06-30,2004-07-31,-0.0027084391006667505,0.8955515405650013,False,1.4059203818729988,-0.0036039906412317518,-0.0044995421817967535,-0.005395093722361754,"heatmap:mom_lookback=6,cov_halflife=18"
blend,mv,2004-07-31,2004-08-31,-0.00846297513399346,1.0893739071849071,False,1.346384331777619,-0.009552349041178366,-0.010641722948363274,-0.01173109685554818,"heatmap:mom_lookback=6,cov_halflife=18"
blend,mv,2004-08-31,2004-09-30,0.021251277785357542,1.4253759786465177,False,1.3540841223195101,0.019825901806711024,0.018400525828064507,0.01697514984941799,"heatmap:mom_lookback=6,cov_halflife=18"
blend,mv,2004-09-30,2004-10-31,-0.013580093179320353,1.1778708510257268,False,1.2919858816364769,-0.01475796403034608,-0.01593583488137181,-0.017113705732397535,"heatmap:mom_lookback=6,cov_halflife=18"
blend,mv,2004-10-31,2004-11-30,0.0037246654485205504,1.3173538881417481,False,1.5152570945184214,0.002407311560378802,0.0010899576722370541,-0.00022739621590469423,"heatmap:mom_lookback=6,cov_halflife=18"
blend,mv,2004-11-30,2004-12-31,-0.019606992508325104,1.577952101861617,False,1.4210078698751976,-0.02118494461018672,-0.022762896712048338,-0.024340848813909955,"heatmap:mom_lookback=6,cov_halflife=18"
blend,mv,2004-12-31,2005-01-31,0.008210215737317414,1.6572883553531175,False,1.5022668507218047,0.006552927381964296,0.004895639026611179,0.0032383506712580614,"heatmap:mom_lookback=6,cov_halflife=18"
blend,mv,2005-01-31,2005-02-28,0.023328062685361098,1.4824539437520625,False,1.5007544831100812,0.021845608741609034,0.020363154797856973,0.018880700854104912,"heatmap:mom_lookback=6,cov_halflife=18"
blend,mv,2005-02-28,2005-03-31,-0.007346159701749221,1.334432743982955,False,1.4751330336073818,-0.008680592445732176,-0.010015025189715131,-0.011349457933698086,"heatmap:mom_lookback=6,cov_halflife=18"
blend,mv,2005-03-31,2005-04-30,0.0015542045432728557,1.2882157773720533,False,1.2582097275971336,0.0002659887659008024,-0.001022227011471251,-0.0023104427888433043,"heatmap:mom_lookback=6,cov_halflife=18"
blend,mv,2005-04-30,2005-05-31,0.004931089175288114,0.9799982998902892,False,1.3696492099317608,0.003951090875397825,0.002971092575507536,0.0019910942756172466,"heatmap:mom_lookback=6,cov_halflife=18"
blend,mv,2005-05-31,2005-06-30,0.01281207666988563,1.1768047469239074,False,1.4018066013148935,0.011635271922961724,0.010458467176037815,0.009281662429113907,"heatmap:mom_lookback=6,cov_halflife=18"
blend,mv,2005-06-30,2005-07-31,-0.0009368003377738623,1.0730184717909446,False,1.534586243341326,-0.0020098188095648067,-0.003082837281355752,-0.004155855753146696,"heatmap:mom_lookback=6,cov_halflife=18"
blend,mv,2005-07-31,2005-08-31,0.00523819692177156,0.8598425152002565,False,1.502281149969457,0.004378354406571304,0.0035185118913710466,0.0026586693761707905,"heatmap:mom_lookback=6,cov_halflife=18"
blend,mv,2005-08-31,2005-09-30,-0.0014003169188887743,1.064423764650079,False,1.565744223660215,-0.002464740683538853,-0.0035291644481889326,-0.004593588212839011,"heatmap:mom_lookback=6,cov_halflife=18"
blend,mv,2005-09-30,2005-10-31,-0.02018814982273301,1.3531568702631296,False,1.392347684836542,-0.02154130669299614,-0.02289446356325927,-0.024247620433522396,"heatmap:mom_lookback=6,cov_halflife=18"
blend,mv,2005-10-31,2005-11-30,-0.00465242261333024,1.1632101769921344,False,1.455161937718825,-0.005815632790322374,-0.006978842967314509,-0.008142053144306643,"heatmap:mom_lookback=6,cov_halflife=18"
blend,mv,2005-11-30,2005-12-31,0.010928851305496052,1.5366925574902173,False,1.546250038997484,0.009392158748005836,0.007855466190515617,0.0063187736330254,"heatmap:mom_lookback=6,cov_halflife=18"
blend,mv,2005-12-31,2006-01-31,0.02872385112863728,1.181977222662091,False,1.2559311863549965,0.02754187390597519,0.026359896683313098,0.025177919460651007,"heatmap:mom_lookback=6,cov_halflife=18"
blend,mv,2006-01-31,2006-02-28,-0.004720232266445713,1.3535940051230577,False,1.3776617469826598,-0.006073826271568771,-0.007427420276691828,-0.008781014281814888,"heatmap:mom_lookback=6,cov_halflife=18"
blend,mv,2006-02-28,2006-03-31,0.015369051230001577,1.4591675968556426,False,1.5859515978808272,0.013909883633145935,0.01245071603629029,0.010991548439434649,"heatmap:mom_lookback=6,cov_halflife=18"
blend,mv,2006-03-31,2006-04-30,0.004625086869793772,1.7276385543976374,False,1.5072903686224943,0.002897448315396135,0.0011698097609984972,-0.0005578287933991396,"heatmap:mom_lookback=6,cov_halflife=18"
blend,mv,2006-04-30,2006-05-31,-0.022805450140577874,1.3813517151093988,False,1.5529042591382933,-0.024186801855687272,-0.02556815357079667,-0.026949505285906068,"heatmap:mom_lookback=6,cov_halflife=18"
blend,mv,2006-05-31,2006-06-30,-0.0018096726208562985,1.47093359081986,False,1.4977506609411109,-0.0032806062116761585,-0.004751539802496018,-0.006222473393315879,"heatmap:mom_lookback=6,cov_halflife=18"
blend,mv,2006-06-30,2006-07-31,0.0030155885723490107,1.305275401668023,False,1.5125793509267569,0.0017103131706809876,0.00040503776901296444,-0.0009002376326550585,"heatmap:mom_lookback=6,cov_halflife=18"
blend,mv,2006-07-31,2006-08-31,-0.026977710828913735,1.5816016319475683,False,1.4840554579961385,-0.028559312460861304,-0.03014091409280887,-0.03172251572475644,"heatmap:mom_lookback=6,cov_halflife=18"
blend,mv,2006-08-31,2006-09-30,0.006501497413599132,1.5297892868253318,False,1.653671115945229,0.0049717081267738,0.003441918839948468,0.001912129553123136,"heatmap:mom_lookback=6,cov_halflife=18"
blend,mv,2006-09-30,2006-10-31,-0.016588453574189015,1.612921677030431,False,1.5876034280238245,-0.018201375251219447,-0.01981429692824988,-0.02142721860528031,"heatmap:mom_lookback=6,cov_halflife=18"
blend,mv,2006-10-31,2006-11-30,-0.0002633924525843819,1.8716755888500094,False,1.5503136199478031,-0.0021350680414343915,-0.004006743630284401,-0.0058784192191344104,"heatmap:mom_lookback=6,cov_halflife=18"
blend,mv,2006-11-30,2006-12-31,0.011675103396224676,1.494690291382699,False,1.4203841724944117,0.010180413104841976,0.008685722813459277,0.007191032522076579,"heatmap:mom_lookback=6,cov_halflife=18"
blend,mv,2006-12-31,2007-01-31,0.0011601676548538698,1.7745012281829051,False,1.7303754453585005,-0.0006143335733290354,-0.0023888348015119404,-0.004163336029694846,"heatmap:mom_lookback=6,cov_halflife=18"
blend,mv,2007-01-31,2007-02-28,0.001496699506457655,1.0838525016390044,False,1.7193664460123406,0.00041284700481865073,-0.0006710054968203536,-0.001754857998459358,"heatmap:mom_lookback=6,cov_halflife=18"
blend,mv,2007-02-28,2007-03-31,0.01631069887628323,1.8610088894069734,False,1.670093132036569,0.014449689986876256,0.012588681097469282,0.010727672208062308,"heatmap:mom_lookback=6,cov_halflife=18"
blend,mv,2007-03-31,2007-04-30,-0.006147029677855279,1.6053884161667928,False,1.7973346056622121,-0.007752418094022072,-0.009357806510188865,-0.010963194926355658,"heatmap:mom_lookback=6,cov_halflife=18"
blend,mv,2007-04-30,2007-05-31,0.004474811741436467,1.8256183071335905,False,1.8354370891442309,0.002649193434302877,0.0008235751271692864,-0.001002043179964304,"heatmap:mom_lookback=6,cov_halflife=18"
blend,mv,2007-05-31,2007-06-30,0.003134037992190829,1.6415686857131961,False,1.830965866316386,0.001492469306477633,-0.00014909937923556328,-0.001790668064948759,"heatmap:mom_lookback=6,cov_halflife=18"
blend,mv,2007-06-30,2007-07-31,-0.0003926007479650283,1.8594893683117153,False,1.755377675659741,-0.0022520901162767434,-0.0041115794845884585,-0.0059710688529001745,"heatmap:mom_lookback=6,cov_halflife=18"
blend,mv,2007-07-31,2007-08-31,-0.000429074175826748,1.370546353662587,False,1.699977041995111,-0.0017996205294893352,-0.003170166883151922,-0.004540713236814509,"heatmap:mom_lookback=6,cov_halflife=18"
blend,mv,2007-08-31,2007-09-30,0.019537618936868156,1.8816553514700578,False,1.7404748862495272,0.017655963585398098,0.01577430823392804,0.013892652882457982,"heatmap:mom_lookback=6,cov_halflife=18"
blend,mv,2007-09-30,2007-10-31,0.01819439213265267,1.8429037232498788,False,1.8119086814700363,0.01635148840940279,0.014508584686152912,0.012665680962903034,"heatmap:mom_lookback=6,cov_halflife=18"
blend,mv,2007-10-31,2007-11-30,0.011598931915288406,1.6026266116208425,False,1.6983366258036545,0.009996305303667564,0.00839367869204672,0.006791052080425878,"heatmap:mom_lookback=6,cov_halflife=18"
blend,mv,2007-11-30,2007-12-31,0.012082193161121742,1.6614176029264178,False,1.6475816139450201,0.010420775558195325,0.008759357955268906,0.007097940352342489,"heatmap:mom_lookback=6,cov_halflife=18"
blend,mv,2007-12-31,2008-01-31,-0.03808522720791427,1.4513856622881034,False,1.668946841165414,-0.039536612870202374,-0.04098799853249047,-0.04243938419477858,"heatmap:mom_lookback=6,cov_halflife=18"
blend,mv,2008-01-31,2008-02-29,0.04235890330691461,1.9096761684713583,False,1.7165851753469243,0.04044922713844325,0.03853955096997189,0.03662987480150053,"heatmap:mom_lookback=6,cov_halflife=18"
blend,mv,2008-02-29,2008-03-31,-0.015180500522051003,1.9012714332322174,False,1.7792312731587079,-0.01708177195528322,-0.018983043388515437,-0.020884314821747654,"heatmap:mom_lookback=6,cov_halflife=18"
blend,mv,2008-03-31,2008-04-30,-0.0204875916647886,2.1146892958644474,False,1.590452550419651,-0.022602280960653046,-0.024716970256517493,-0.02683165955238194,"heatmap:mom_lookback=6,cov_halflife=18"
blend,mv,2008-04-30,2008-05-31,0.021590388777820484,1.6444726215800523,False,1.671827619558347,0.01994591615624043,0.01830144353466038,0.016656970913080327,"heatmap:mom_lookback=6,cov_halflife=18"
blend,mv,2008-05-31,2008-06-30,0.038292148466775,1.7507979517423389,False,1.7467099710131258,0.03654135051503266,0.03479055256329032,0.03303975461154798,"heatmap:mom_lookback=6,cov_halflife=18"
blend,mv,2008-06-30,2008-07-31,-0.029038156904135796,1.25317827627971,False,1.6139628923456768,-0.030291335180415508,-0.03154451345669522,-0.03279769173297493,"heatmap:mom_lookback=6,cov_halflife=18"
blend,mv,2008-07-31,2008-08-31,-0.014120582994479164,1.2859422483011247,False,1.4871023345570924,-0.015406525242780288,-0.016692467491081414,-0.01797840973938254,"heatmap:mom_lookback=6,cov_halflife=18"
blend,mv,2008-08-31,2008-09-30,-0.026542117433800947,1.9015179107039035,False,1.4605663914461147,-0.02844363534450485,-0.030345153255208753,-0.032246671165912656,"heatmap:mom_lookback=6,cov_halflife=18"
blend,mv,2008-09-30,2008-10-31,0.03831766379947644,1.1681414898636466,False,1.410042227643012,0.03714952230961279,0.035981380819749144,0.0348132393298855,"heatmap:mom_lookback=6,cov_halflife=18"
blend,mv,2008-10-31,2008-11-30,0.012389821450629088,1.283066437672708,False,1.312995836866061,0.01110675501295638,0.009823688575283672,0.008540622137610965,"heatmap:mom_lookback=6,cov_halflife=18"
blend,mv,2008-11-30,2008-12-31,-0.003476672397167434,1.2326774785899535,False,1.2038151325939486,-0.0047093498757573874,-0.00594202735434734,-0.007174704832937294,"heatmap:mom_lookback=6,cov_halflife=18"
blend,mv,2008-12-31,2009-01-31,0.032903345463714255,1.102574115804224,False,1.2120624080565967,0.03180077134791003,0.030698197232105807,0.029595623116301584,"heatmap:mom_lookback=6,cov_halflife=18"
blend,mv,2009-01-31,2009-02-28,-0.009665843891998628,1.0195278572787196,False,1.0514630932702311,-0.010685371749277348,-0.011704899606556067,-0.012724427463834787,"heatmap:mom_lookback=6,cov_halflife=18"
blend,mv,2009-02-28,2009-03-31,-0.01896421413131251,0.9612525262012172,False,1.0697899936648023,-0.019925466657513727,-0.020886719183714944,-0.02184797170991616,"heatmap:mom_lookback=6,cov_halflife=18"
blend,mv,2009-03-31,2009-04-30,-0.09499389794519049,1.2868758422884747,False,0.9642439535681239,-0.09628077378747896,-0.09756764962976744,-0.0988545254720559,"heatmap:mom_lookback=6,cov_halflife=18"
blend,mv,2009-04-30,2009-05-31,-0.014289841476331694,1.128546475538235,False,0.8525344733465967,-0.015418387951869929,-0.016546934427408164,-0.0176754809029464,"heatmap:mom_lookback=6,cov_halflife=18"
blend,mv,2009-05-31,2009-06-30,-0.005207581727025457,0.9974927083348076,False,1.1039142321051,-0.006205074435360265,-0.007202567143695073,-0.00820005985202988,"heatmap:mom_lookback=6,cov_halflife=18"
blend,mv,2009-06-30,2009-07-31,-0.014820358654389132,0.9931040210645087,False,1.1222025489144607,-0.01581346267545364,-0.01680656669651815,-0.017799670717582657,"heatmap:mom_lookback=6,cov_halflife=18"
blend,mv,2009-07-31,2009-08-31,-0.011248923419513225,1.141366000674924,False,1.1689241478407624,-0.01239028942018815,-0.013531655420863074,-0.014673021421537997,"heatmap:mom_lookback=6,cov_halflife=18"
blend,mv,2009-08-31,2009-09-30,-0.008270567728147686,1.16214554704161,False,0.8802886661270912,-0.009432713275189296,-0.010594858822230905,-0.011757004369272517,"heatmap:mom_lookback=6,cov_halflife=18"
blend,mv,2009-09-30,2009-10-31,0.006358634089045059,0.9243851781931468,False,1.0003958176165164,0.005434248910851912,0.004509863732658765,0.0035854785544656184,"heatmap:mom_lookback=6,cov_halflife=18"
blend,mv,2009-10-31,2009-11-30,-0.004088906421222197,1.035612469683022,False,1.1648139940894386,-0.005124518890905219,-0.006160131360588241,-0.0071957438302712624,"heatmap:mom_lookback=6,cov_halflife=18"
blend,mv,2009-11-30,2009-12-31,0.0005328754313935975,1.121044657287637,False,1.188941258616423,-0.0005881692258940394,-0.0017092138831816765,-0.0028302585404693134,"heatmap:mom_lookback=6,cov_halflife=18"
blend,mv,2009-12-31,2010-01-31,-0.00717224738045179,1.120268829524421,False,1.0854608913728836,-0.008292516209976212,-0.009412785039500632,-0.010533053869025054,"heatmap:mom_lookback=6,cov_halflife=18"
blend,mv,2010-01-31,2010-02-28,0.011922945422224171,0.7618176262000137,False,1.1570764037145356,0.011161127796024158,0.010399310169824144,0.00963749254362413,"heatmap:mom_lookback=6,cov_halflife=18"
blend,mv,2010-02-28,2010-03-31,-0.00038577416576616433,1.1482781752803504,False,1.069646268599425,-0.0015340523410465145,-0.002682330516326865,-0.0038306086916072156,"heatmap:mom_lookback=6,cov_halflife=18"
blend,mv,2010-03-31,2010-04-30,-0.0015608071174605404,1.034787210097768,False,1.0681996881631322,-0.0025955943275583083,-0.0036303815376560766,-0.004665168747753844,"heatmap:mom_lookback=6,cov_halflife=18"
blend,mv,2010-04-30,2010-05-31,0.0047830922785339555,0.9640181897626164,False,1.1018463822378841,0.003819074088771339,0.0028550558990087225,0.0018910377092461062,"heatmap:mom_lookback=6,cov_halflife=18"
blend,mv,2010-05-31,2010-06-30,-0.013650777195427169,0.8944589031655319,False,0.9215176060534706,-0.014545236098592701,-0.015439695001758232,-0.016334153904923765,"heatmap:mom_lookback=6,cov_halflife=18"
blend,mv,2010-06-30,2010-07-31,-0.019990473506050026,1.0900299340561936,False,1.153273848332126,-0.02108050344010622,-0.022170533374162416,-0.02326056330821861,"heatmap:mom_lookback=6,cov_halflife=18"
blend,mv,2010-07-31,2010-08-31,0.02007260884685988,1.0126702697769752,False,1.0691583917351433,0.019059938577082904,0.01804726830730593,0.017034598037528954,"heatmap:mom_lookback=6,cov_halflife=18"
blend,mv,2010-08-31,2010-09-30,0.012757383275970601,0.8386914741802418,False,1.0833949209511364,0.011918691801790358,0.011080000327610117,0.010241308853429876,"heatmap:mom_lookback=6,cov_halflife=18"
blend,mv,2010-09-30,2010-10-31,0.0051747559022106955,1.0965431661640506,False,1.0525024178593565,0.004078212736046645,0.0029816695698825944,0.0018851264037185438,"heatmap:mom_lookback=6,cov_halflife=18"
blend,mv,2010-10-31,2010-11-30,0.0018337958153143029,0.7258977817207611,False,1.0539197794891257,0.0011078980335935417,0.0003820002518727806,-0.0003438975298479805,"heatmap:mom_lookback=6,cov_halflife=18"
blend,mv,2010-11-30,2010-12-31,-0.020559240979983545,0.8870766915629378,False,1.2147098547613169,-0.021446317671546485,-0.02233339436310942,-0.02322047105467236,"heatmap:mom_lookback=6,cov_halflife=18"
blend,mv,2010-12-31,2011-01-31,-0.012410491171306817,1.1061732814544776,False,1.0259064596780423,-0.013516664452761295,-0.014622837734215771,-0.01572901101567025,"heatmap:mom_lookback=6,cov_halflife=18"
blend,mv,2011-01-31,2011-02-28,-0.0007601425604008374,0.9359837347248372,False,0.9808714512669893,-0.0016961262951256746,-0.002632110029850512,-0.0035680937645753493,"heatmap:mom_lookback=6,cov_halflife=18"
blend,mv,2011-02-28,2011-03-31,0.007535972241525677,1.065077539459294,False,1.1153465267951024,0.006470894702066383,0.0054058171626070895,0.004340739623147795,"heatmap:mom_lookback=6,cov_halflife=18"
blend,mv,2011-03-31,2011-04-30,-0.017527536611237356,0.9316307619226684,False,1.0397685351181607,-0.018459167373160026,-0.019390798135082692,-0.020322428897005362,"heatmap:mom_lookback=6,cov_halflife=18"
blend,mv,2011-04-30,2011-05-31,-0.008328192431428296,0.9117022789807381,False,0.946003238225631,-0.009239894710409034,-0.010151596989389772,-0.01106329926837051,"heatmap:mom_lookback=6,cov_halflife=18"
blend,mv,2011-05-31,2011-06-30,0.00563002954122539,1.1347887955618767,False,1.2563807806955165,0.004495240745663513,0.0033604519501016367,0.0022256631545397596,"heatmap:mom_lookback=6,cov_halflife=18"
blend,mv,2011-06-30,2011-07-31,0.0035140825485615894,1.064732869175446,False,1.334780567091002,0.0024493496793861432,0.0013846168102106971,0.000319883941035251,"heatmap:mom_lookback=6,cov_halflife=18"
blend,mv,2011-07-31,2011-08-31,0.012610080496384225,1.225992378286516,False,1.3158324705049382,0.01138408811809771,0.010158095739811192,0.008932103361524677,"heatmap:mom_lookback=6,cov_halflife=18"
blend,mv,2011-08-31,2011-09-30,0.021069023957133517,1.068063619500214,False,1.3933367452614518,0.020000960337633305,0.01893289671813309,0.017864833098632876,"heatmap:mom_lookback=6,cov_halflife=18"
blend,mv,2011-09-30,2011-10-31,-0.017982171794634988,1.145435946082615,False,0.9816741296769147,-0.019127607740717603,-0.02027304368680022,-0.021418479632882834,"heatmap:mom_lookback=6,cov_halflife=18"
blend,mv,2011-10-31,2011-11-30,0.0030776355487145907,1.3191908262408099,False,1.1808270813248518,0.0017584447224737807,0.0004392538962329708,-0.0008799369300078385,"heatmap:mom_lookback=6,cov_halflife=18"
blend,mv,2011-11-30,2011-12-31,0.011051220802941235,1.0858702079786762,False,1.327330298285795,0.009965350594962558,0.008879480386983883,0.007793610179005206,"heatmap:mom_lookback=6,cov_halflife=18"
blend,mv,2011-12-31,2012-01-31,-0.013150733000855399,1.107684861950298,False,1.2319262627123422,-0.014258417862805697,-0.015366102724755994,-0.01647378758670629,"heatmap:mom_lookback=6,cov_halflife=18"
blend,mv,2012-01-31,2012-02-29,0.004134060836597678,1.3577034701567599,False,1.3638864286875374,0.0027763573664409177,0.0014186538962841578,6.0950426127397844e-05,"heatmap:mom_lookback=6,cov_halflife=18"
blend,mv,2012-02-29,2012-03-31,0.02076154273751724,1.1013132253538394,False,1.1929892088046876,0.0196602295121634,0.01855891628680956,0.01745760306145572,"heatmap:mom_lookback=6,cov_halflife=18"
blend,mv,2012-03-31,2012-04-30,0.00357271285497739,1.0075627002279177,False,1.0425432675683053,0.0025651501547494723,0.0015575874545215545,0.0005500247542936368,"heatmap:mom_lookback=6,cov_halflife=18"
blend,mv,2012-04-30,2012-05-31,0.0066836368694644845,0.7955943338285234,False,1.2270487002330663,0.005888042535635961,0.005092448201807437,0.004296853867978914,"heatmap:mom_lookback=6,cov_halflife=18"
blend,mv,2012-05-31,2012-06-30,-0.0004894961587698091,0.969550201477379,False,1.1405550253116434,-0.0014590463602471883,-0.0024285965617245673,-0.0033981467632019464,"heatmap:mom_lookback=6,cov_halflife=18"
blend,mv,2012-06-30,2012-07-31,0.015818672043017873,1.2278538112742898,False,1.4840853756043066,0.014590818231743583,0.013362964420469293,0.012135110609195003,"heatmap:mom_lookback=6,cov_halflife=18"
blend,mv,2012-07-31,2012-08-31,-0.012170487256241976,1.309120698792618,False,1.3001462263551775,-0.013479607955034594,-0.014788728653827212,-0.01609784935261983,"heatmap:mom_lookback=6,cov_halflife=18"
blend,mv,2012-08-31,2012-09-30,-0.00401444158372334,1.3001039072304272,False,1.246807221570473,-0.005314545490953768,-0.006614649398184194,-0.007914753305414622,"heatmap:mom_lookback=6,cov_halflife=18"
blend,mv,2012-09-30,2012-10-31,-0.02372694844043843,1.3102081636676841,False,1.2207183024761081,-0.025037156604106114,-0.026347364767773798,-0.02765757293144148,"heatmap:mom_lookback=6,cov_halflife=18"
blend,mv,2012-10-31,2012-11-30,-0.0067943214397842575,1.0555815700501607,False,1.3432808965725964,-0.007849903009834418,-0.00890548457988458,-0.00996106614993474,"heatmap:mom_lookback=6,cov_halflife=18"
blend,mv,2012-11-30,2012-12-31,0.0031016539065881767,1.59376291691116,False,1.5790067453088124,0.0015078909896770166,-8.587192723414358e-05,-0.0016796348441453037,"heatmap:mom_lookback=6,cov_halflife=18"
blend,mv,2012-12-31,2013-01-31,0.0238094117055603,1.4869601946902837,False,1.563934824904412,0.022322451510870017,0.020835491316179733,0.01934853112148945,"heatmap:mom_lookback=6,cov_halflife=18"
blend,mv,2013-01-31,2013-02-28,0.004262444416863048,1.5365922570350454,False,1.4978316939554956,0.002725852159828003,0.0011892599027929574,-0.00034733235424208846,"heatmap:mom_lookback=6,cov_halflife=18"
blend,mv,2013-02-28,2013-03-31,0.0018429027105107906,1.5074592596881213,False,1.2078038751121998,0.0003354434508226693,-0.001172015808865452,-0.002679475068553574,"heatmap:mom_lookback=6,cov_halflife=18"
blend,mv,2013-03-31,2013-04-30,0.02117370850907609,1.6786004326458446,False,1.31271858830439,0.019495108076430245,0.0178165076437844,0.016137907211138558,"heatmap:mom_lookback=6,cov_halflife=18"
blend,mv,2013-04-30,2013-05-31,-0.0027771623961032254,1.3826401164693611,False,1.1468193080933418,-0.004159802512572587,-0.005542442629041948,-0.006925082745511309,"heatmap:mom_lookback=6,cov_halflife=18"
blend,mv,2013-05-31,2013-06-30,0.02433328232311071,1.0124329184766836,False,1.1098765767277952,0.023320849404634025,0.02230841648615734,0.021295983567680657,"heatmap:mom_lookback=6,cov_halflife=18"
blend,mv,2013-06-30,2013-07-31,0.00035297381580905147,1.159617771874806,False,1.175299452098995,-0.0008066439560657545,-0.0019662617279405607,-0.003125879499815367,"heatmap:mom_lookback=6,cov_halflife=18"
blend,mv,2013-07-31,2013-08-31,-0.010808218897399045,0.9921708761560069,False,1.0879200768686166,-0.011800389773555051,-0.012792560649711059,-0.013784731525867067,"heatmap:mom_lookback=6,cov_halflife=18"
blend,mv,2013-08-31,2013-09-30,0.018301713701166258,0.9302256670894373,False,1.1276476895552374,0.017371488034076822,0.016441262366987383,0.015511036699897946,"heatmap:mom_lookback=6,cov_halflife=18"
blend,mv,2013-09-30,2013-10-31,-0.006208698427718516,1.09741221637821,False,1.4136893585396726,-0.007306110644096727,-0.008403522860474936,-0.009500935076853147,"heatmap:mom_lookback=6,cov_halflife=18"
blend,mv,2013-10-31,2013-11-30,0.018173456455578864,1.2454394252434602,False,1.595698997156228,0.016928017030335404,0.015682577605091945,0.014437138179848484,"heatmap:mom_lookback=6,cov_halflife=18"
blend,mv,2013-11-30,2013-12-31,0.005105267773502255,1.5700958956670494,False,1.5156757743319482,0.003535171877835205,0.0019650759821681556,0.00039498008650110626,"heatmap:mom_lookback=6,cov_halflife=18"
blend,mv,2013-12-31,2014-01-31,0.011948588081584876,1.5995442757447422,False,1.5136438689629506,0.010349043805840133,0.008749499530095392,0.0071499552543506486,"heatmap:mom_lookback=6,cov_halflife=18"
blend,mv,2014-01-31,2014-02-28,0.0013717717033089698,1.2414728910984514,False,1.4961180087727952,0.0001302988122105183,-0.0011111740788879332,-0.0023526469699863845,"heatmap:mom_lookback=6,cov_halflife=18"
blend,mv,2014-02-28,2014-03-31,-0.008928915798680824,1.2630880144570171,False,1.359480056465392,-0.01019200381313784,-0.011455091827594858,-0.012718179842051876,"heatmap:mom_lookback=6,cov_halflife=18"
blend,mv,2014-03-31,2014-04-30,-0.00582704597125952,1.12389677634277,False,1.3412087516986442,-0.006950942747602291,-0.008074839523945061,-0.00919873630028783,"heatmap:mom_lookback=6,cov_halflife=18"
blend,mv,2014-04-30,2014-05-31,0.017584840114259703,1.016186559335343,False,1.5638266478401859,0.01656865355492436,0.015552466995589018,0.014536280436253674,"heatmap:mom_lookback=6,cov_halflife=18"
blend,mv,2014-05-31,2014-06-30,0.0007993768636517844,1.5092280989794182,False,1.5765312051604092,-0.0007098512353276338,-0.002219079334307052,-0.0037283074332864707,"heatmap:mom_lookback=6,cov_halflife=18"
blend,mv,2014-06-30,2014-07-31,0.01207187966643232,1.515803512144516,False,1.752660048467771,0.010556076154287804,0.009040272642143288,0.007524469129998772,"heatmap:mom_lookback=6,cov_halflife=18"
blend,mv,2014-07-31,2014-08-31,0.00802954349148368,1.5817371240947053,False,1.7302811602638446,0.006447806367388975,0.004866069243294269,0.0032843321191995643,"heatmap:mom_lookback=6,cov_halflife=18"
blend,mv,2014-08-31,2014-09-30,0.016486096257765932,1.2807676218916,False,1.460742488993564,0.015205328635874333,0.013924561013982732,0.012643793392091133,"heatmap:mom_lookback=6,cov_halflife=18"
blend,mv,2014-09-30,2014-10-31,0.002115779997073916,1.207556718576605,False,1.5325616397770614,0.000908223278497311,-0.0002993334400792939,-0.001506890158655899,"heatmap:mom_lookback=6,cov_halflife=18"
blend,mv,2014-10-31,2014-11-30,0.010312000461484913,1.1766486632732256,False,1.652218693061214,0.009135351798211688,0.00795870313493846,0.0067820544716652355,"heatmap:mom_lookback=6,cov_halflife=18"
blend,mv,2014-11-30,2014-12-31,0.013873095875033993,1.2789450752601879,False,1.5944070367538052,0.012594150799773805,0.011315205724513618,0.01003626064925343,"heatmap:mom_lookback=6,cov_halflife=18"
blend,mv,2014-12-31,2015-01-31,-0.01085227984121087,1.4128638210929076,False,1.6830568835142563,-0.012265143662303777,-0.013678007483396684,-0.015090871304489592,"heatmap:mom_lookback=6,cov_halflife=18"
blend,mv,2015-01-31,2015-02-28,-0.0026755759288987877,1.4855572060235447,False,1.5432655630411947,-0.004161133134922333,-0.005646690340945877,-0.007132247546969422,"heatmap:mom_lookback=6,cov_halflife=18"
blend,mv,2015-02-28,2015-03-31,0.00946879741917332,1.5729335309301073,False,1.5839604269811909,0.007895863888243213,0.006322930357313105,0.004749996826382998,"heatmap:mom_lookback=6,cov_halflife=18"
blend,mv,2015-03-31,2015-04-30,-0.024524340365667145,1.3621951194579107,False,1.603472009071466,-0.025886535485125053,-0.027248730604582966,-0.028610925724040878,"heatmap:mom_lookback=6,cov_halflife=18"
blend,mv,2015-04-30,2015-05-31,0.026398773687603613,1.6951108063798652,False,1.606357329411256,0.024703662881223748,0.023008552074843883,0.021313441268464017,"heatmap:mom_lookback=6,cov_halflife=18"
blend,mv,2015-05-31,2015-06-30,0.012587956315680332,1.6043775871524408,False,1.790602834421549,0.010983578728527892,0.00937920114137545,0.007774823554223009,"heatmap:mom_lookback=6,cov_halflife=18"
blend,mv,2015-06-30,2015-07-31,0.0023638741248409325,1.8507581842065084,False,1.6454751052799976,0.000513115940634424,-0.0013376422435720844,-0.0031884004277785926,"heatmap:mom_lookback=6,cov_halflife=18"
blend,mv,2015-07-31,2015-08-31,-0.0005412746535691909,1.2586553823515314,False,1.619307416227769,-0.0017999300359207225,-0.003058585418272254,-0.004317240800623785,"heatmap:mom_lookback=6,cov_halflife=18"
blend,mv,2015-08-31,2015-09-30,-0.011367884670318315,1.74625832264833,False,1.488097482973003,-0.013114142992966645,-0.014860401315614974,-0.016606659638263306,"heatmap:mom_lookback=6,cov_halflife=18"
blend,mv,2015-09-30,2015-10-31,-0.002252633877521652,1.4113182825740789,False,1.3913507052473686,-0.0036639521600957308,-0.00507527044266981,-0.006486588725243889,"heatmap:mom_lookback=6,cov_halflife=18"
blend,mv,2015-10-31,2015-11-30,-0.002129195270752923,1.490256418769991,False,1.3784230942282385,-0.003619451689522914,-0.005109708108292905,-0.006599964527062896,"heatmap:mom_lookback=6,cov_halflife=18"
blend,mv,2015-11-30,2015-12-31,-0.005409313500723376,1.5931162527226286,False,1.6472017496956084,-0.0070024297534460045,-0.008595546006168632,-0.010188662258891262,"heatmap:mom_lookback=6,cov_halflife=18"
blend,mv,2015-12-31,2016-01-31,-0.01164227283549367,1.6253644480333609,False,1.5350481198249617,-0.01326763728352703,-0.014893001731560392,-0.016518366179593753,"heatmap:mom_lookback=6,cov_halflife=18"
blend,mv,2016-01-31,2016-02-29,-0.012325087254778865,1.4548928348959924,False,1.7827630606741298,-0.013779980089674857,-0.01523487292457085,-0.016689765759466842,"heatmap:mom_lookback=6,cov_halflife=18"
blend,mv,2016-02-29,2016-03-31,-0.021373140285969903,1.9522932091240652,False,1.8218021764938261,-0.02332543349509397,-0.02527772670421803,-0.027230019913342098,"heatmap:mom_lookback=6,cov_halflife=18"
blend,mv,2016-03-31,2016-04-30,0.013969028296470544,1.9223749767676315,False,1.4785392643554345,0.012046653319702913,0.010124278342935281,0.008201903366167648,"heatmap:mom_lookback=6,cov_halflife=18"
blend,mv,2016-04-30,2016-05-31,-0.019908037377034882,1.4337659628142676,False,1.671075932246186,-0.02134180333984915,-0.022775569302663418,-0.024209335265477687,"heatmap:mom_lookback=6,cov_halflife=18"
blend,mv,2016-05-31,2016-06-30,0.029186814661664836,1.4963891474457331,False,1.427774166679527,0.027690425514219102,0.02619403636677337,0.024697647219327636,"heatmap:mom_lookback=6,cov_halflife=18"
blend,mv,2016-06-30,2016-07-31,0.011234557954738109,2.0082650465548797,False,1.690720594502263,0.009226292908183229,0.0072180278616283495,0.005209762815073469,"heatmap:mom_lookback=6,cov_halflife=18"
blend,mv,2016-07-31,2016-08-31,-0.026319337127689364,1.9787793316345348,False,1.31153113206693,-0.0282981164593239,-0.030276895790958436,-0.03225567512259297,"heatmap:mom_lookback=6,cov_halflife=18"
blend,mv,2016-08-31,2016-09-30,0.008195167306237669,1.93761984492661,False,1.6496727191427027,0.006257547461311058,0.004319927616384448,0.0023823077714578388,"heatmap:mom_lookback=6,cov_halflife=18"
blend,mv,2016-09-30,2016-10-31,0.0011974882873591174,1.615641639233444,False,1.6335372047729892,-0.00041815335187432665,-0.0020337949911077707,-0.003649436630341215,"heatmap:mom_lookback=6,cov_halflife=18"
blend,mv,2016-10-31,2016-11-30,-0.037493028933399446,1.770802410983101,False,1.704852650147508,-0.03926383134438255,-0.041034633755365646,-0.04280543616634875,"heatmap:mom_lookback=6,cov_halflife=18"
blend,mv,2016-11-30,2016-12-31,0.004072312722294777,1.776236871800109,False,1.675089274304621,0.0022960758504946676,0.0005198389786945589,-0.0012563978931055498,"heatmap:mom_lookback=6,cov_halflife=18"
blend,mv,2016-12-31,2017-01-31,-0.006465319800368009,1.665347610802853,False,1.576462138633302,-0.008130667411170862,-0.009796015021973714,-0.011461362632776568,"heatmap:mom_lookback=6,cov_halflife=18"
blend,mv,2017-01-31,2017-02-28,0.004848732927219486,1.1789908448265753,False,1.4807821094717941,0.0036697420823929103,0.002490751237566335,0.0013117603927397595,"heatmap:mom_lookback=6,cov_halflife=18"
blend,mv,2017-02-28,2017-03-31,-0.007169665758400074,1.6540931972224322,False,1.6594746652543308,-0.008823758955622506,-0.01047785215284494,-0.01213194535006737,"heatmap:mom_lookback=6,cov_halflife=18"
blend,mv,2017-03-31,2017-04-30,0.006689913556653365,1.8318821046804707,False,1.7565946544524746,0.0048580314519728945,0.0030261493472924237,0.0011942672426119528,"heatmap:mom_lookback=6,cov_halflife=18"
blend,mv,2017-04-30,2017-05-31,0.004164278033518581,1.9299443177539821,False,1.7538938493235336,0.0022343337157645984,0.0003043893980106162,-0.001625554919743366,"heatmap:mom_lookback=6,cov_halflife=18"
blend,mv,2017-05-31,2017-06-30,-0.00623707921373658,2.1990526332740132,False,1.8013478787897104,-0.008436131847010593,-0.010635184480284606,-0.01283423711355862,"heatmap:mom_lookback=6,cov_halflife=18"
blend,mv,2017-06-30,2017-07-31,-0.00956643830901652,1.6996943439439556,False,1.5869623132962676,-0.011266132652960476,-0.012965826996904432,-0.014665521340848389,"heatmap:mom_lookback=6,cov_halflife=18"
blend,mv,2017-07-31,2017-08-31,0.025796701142930333,1.683643885607774,False,1.6233331059985907,0.02411305725732256,0.022429413371714786,0.02074576948610701,"heatmap:mom_lookback=6,cov_halflife=18"
blend,mv,2017-08-31,2017-09-30,0.006168485966143343,1.8021690157365053,False,1.9308716331034244,0.004366316950406838,0.002564147934670332,0.0007619789189338266,"heatmap:mom_lookback=6,cov_halflife=18"
blend,mv,2017-09-30,2017-10-31,0.025173831883406803,2.0627819750264393,False,1.880015818022188,0.023111049908380366,0.021048267933353924,0.018985485958327483,"heatmap:mom_lookback=6,cov_halflife=18"
blend,mv,2017-10-31,2017-11-30,-0.01708178425171364,1.5123003743028018,False,2.099169119341065,-0.01859408462601644,-0.020106385000319242,-0.021618685374622044,"heatmap:mom_lookback=6,cov_halflife=18"
blend,mv,2017-11-30,2017-12-31,-0.0016519819142555637,2.2713334925710313,False,1.7720399629573353,-0.003923315406826595,-0.006194648899397626,-0.008465982391968658,"heatmap:mom_lookback=6,cov_halflife=18"
blend,mv,2017-12-31,2018-01-31,0.02359110894734003,1.6985045097451497,False,1.9392251905834643,0.02189260443759488,0.020194099927849728,0.01849559541810458,"heatmap:mom_lookback=6,cov_halflife=18"
blend,mv,2018-01-31,2018-02-28,-0.012345118438888731,1.4691193431161125,False,1.9395051347429142,-0.013814237782004843,-0.015283357125120956,-0.01675247646823707,"heatmap:mom_lookback=6,cov_halflife=18"
blend,mv,2018-02-28,2018-03-31,-0.010994340836403734,2.0065325488470793,False,1.831469518785445,-0.013000873385250813,-0.015007405934097894,-0.01701393848294497,"heatmap:mom_lookback=6,cov_halflife=18"
blend,mv,2018-03-31,2018-04-30,0.004585579438728821,1.7089553634625556,False,1.4740947278618524,0.002876624075266265,0.0011676687118037095,-0.000541286651658846,"heatmap:mom_lookback=6,cov_halflife=18"
blend,mv,2018-04-30,2018-05-31,0.020969514205622295,1.5853890914446016,False,1.5821223438151117,0.019384125114177694,0.017798736022733092,0.01621334693128849,"heatmap:mom_lookback=6,cov_halflife=18"
blend,mv,2018-05-31,2018-06-30,-0.02404593235215302,1.8271930759947492,False,1.7486528425339,-0.02587312542814777,-0.02770031850414252,-0.02952751158013727,"heatmap:mom_lookback=6,cov_halflife=18"
blend,mv,2018-06-30,2018-07-31,-0.0031446940778369972,1.532525109032043,False,1.6690874015847514,-0.00467721918686904,-0.006209744295901083,-0.0077422694049331265,"heatmap:mom_lookback=6,cov_halflife=18"
blend,mv,2018-07-31,2018-08-31,0.03901091433569076,1.269022295615825,False,1.765380137875803,0.037741892040074936,0.03647286974445911,0.035203847448843285,"heatmap:mom_lookback=6,cov_halflife=18"
blend,mv,2018-08-31,2018-09-30,0.02023626881352738,1.4865461074392228,False,2.015176847269547,0.018749722706088157,0.017263176598648934,0.01577663049120971,"heatmap:mom_lookback=6,cov_halflife=18"
blend,mv,2018-09-30,2018-10-31,-0.024756429835655357,1.3611242627095,False,1.6760630924397544,-0.02611755409836486,-0.027478678361074357,-0.028839802623783856,"heatmap:mom_lookback=6,cov_halflife=18"
blend,mv,2018-10-31,2018-11-30,-0.004344061287660221,1.246667927073999,False,1.492482182266885,-0.00559072921473422,-0.006837397141808219,-0.008084065068882217,"heatmap:mom_lookback=6,cov_halflife=18"
blend,mv,2018-11-30,2018-12-31,0.011167375841728899,1.4083416625878555,False,1.5642170927817376,0.009759034179141044,0.008350692516553187,0.0069423508539653315,"heatmap:mom_lookback=6,cov_halflife=18"
blend,mv,2018-12-31,2019-01-31,-0.0201350328128893,1.1200801806198777,False,1.5113674893722053,-0.02125511299350918,-0.022375193174129056,-0.023495273354748936,"heatmap:mom_lookback=6,cov_halflife=18"
blend,mv,2019-01-31,2019-02-28,0.0036627009947136375,1.0976183936706723,False,1.6324922922063285,0.002565082601042965,0.0014674642073722929,0.00036984581370162056,"heatmap:mom_lookback=6,cov_halflife=18"
blend,mv,2019-02-28,2019-03-31,-0.011162454267327282,1.080892896766394,False,1.6458880263135873,-0.012243347164093676,-0.01332424006086007,-0.014405132957626465,"heatmap:mom_lookback=6,cov_halflife=18"
blend,mv,2019-03-31,2019-04-30,-0.02007121749558096,1.514896979615858,False,1.713932182501324,-0.02158611447519682,-0.023101011454812678,-0.024615908434428534,"heatmap:mom_lookback=6,cov_halflife=18"
blend,mv,2019-04-30,2019-05-31,0.016827981948835107,1.6587445605336268,False,1.5898361549944673,0.01516923738830148,0.013510492827767853,0.011851748267234227,"heatmap:mom_lookback=6,cov_halflife=18"
blend,mv,2019-05-31,2019-06-30,-0.018468238702933022,1.30966011885553,False,1.579699773290757,-0.019777898821788552,-0.021087558940644083,-0.022397219059499613,"heatmap:mom_lookback=6,cov_halflife=18"
blend,mv,2019-06-30,2019-07-31,0.022156762991753697,1.2020876316108877,False,1.62717917421842,0.02095467536014281,0.01975258772853192,0.018550500096921035,"heatmap:mom_lookback=6,cov_halflife=18"
blend,mv,2019-07-31,2019-08-31,0.03916068337372192,1.2963689233403073,False,1.4572200892306146,0.03786431445038162,0.03656794552704131,0.035271576603701005,"heatmap:mom_lookback=6,cov_halflife=18"
blend,mv,2019-08-31,2019-09-30,-0.0065885024734221795,0.7960197422723391,False,1.4098175244970699,-0.007384522215694519,-0.008180541957966858,-0.008976561700239197,"heatmap:mom_lookback=6,cov_halflife=18"
blend,mv,2019-09-30,2019-10-31,0.018805706376978183,0.9899888622201398,False,1.2612508306334087,0.017815717514758043,0.016825728652537904,0.015835739790317764,"heatmap:mom_lookback=6,cov_halflife=18"
blend,mv,2019-10-31,2019-11-30,0.013794607011322211,1.0593659501609707,False,1.2173155859115743,0.01273524106116124,0.01167587511100027,0.0106165091608393,"heatmap:mom_lookback=6,cov_halflife=18"
blend,mv,2019-11-30,2019-12-31,-0.0037603063330748925,1.5774902407446418,False,1.7117882520752317,-0.005337796573819534,-0.006915286814564176,-0.008492777055308818,"heatmap:mom_lookback=6,cov_halflife=18"
blend,mv,2019-12-31,2020-01-31,0.013446729807100192,1.7599924334466925,False,1.7795606510588913,0.0116867373736535,0.009926744940206806,0.008166752506760114,"heatmap:mom_lookback=6,cov_halflife=18"
blend,mv,2020-01-31,2020-02-29,0.013308529785544468,1.1938067635888994,False,1.689341151370637,0.012114723021955568,0.01092091625836667,0.009727109494777769,"heatmap:mom_lookback=6,cov_halflife=18"
blend,mv,2020-02-29,2020-03-31,0.05012089679687509,1.3067551820389713,False,1.4366950951800777,0.04881414161483612,0.04750738643279715,0.04620063125075818,"heatmap:mom_lookback=6,cov_halflife=18"
blend,mv,2020-03-31,2020-04-30,0.029089794022340857,1.148546483847,False,1.2367013409699454,0.027941247538493856,0.02679270105464686,0.025644154570799858,"heatmap:mom_lookback=6,cov_halflife=18"
blend,mv,2020-04-30,2020-05-31,-0.0031698605179151947,1.1108463280984102,False,1.0538164295031793,-0.004280706846013605,-0.005391553174112015,-0.006502399502210425,"heatmap:mom_lookback=6,cov_halflife=18"
blend,mv,2020-05-31,2020-06-30,0.008416312839870906,0.9369578145660604,False,1.0674740647871241,0.007479355025304845,0.006542397210738785,0.005605439396172725,"heatmap:mom_lookback=6,cov_halflife=18"
blend,mv,2020-06-30,2020-07-31,0.018830019715567397,1.124361895705645,False,1.1235362737746053,0.01770565781986175,0.01658129592415611,0.015456934028450463,"heatmap:mom_lookback=6,cov_halflife=18"
blend,mv,2020-07-31,2020-08-31,0.020655672350787854,1.2151778270988742,False,1.1266739918059139,0.01944049452368898,0.018225316696590103,0.01701013886949123,"heatmap:mom_lookback=6,cov_halflife=18"
blend,mv,2020-08-31,2020-09-30,-0.005602408369403899,0.8881433927943218,False,0.9390378612227854,-0.00649055176219822,-0.0073786951549925425,-0.008266838547786863,"heatmap:mom_lookback=6,cov_halflife=18"
blend,mv,2020-09-30,2020-10-31,0.0013885434671952513,1.0803862369069468,False,1.150411701489486,0.0003081572302883046,-0.0007722290066186422,-0.001852615243525589,"heatmap:mom_lookback=6,cov_halflife=18"
blend,mv,2020-10-31,2020-11-30,-0.000995487160826663,1.1319433064950852,False,0.9792363878056919,-0.002127430467321748,-0.0032593737738168334,-0.004391317080311919,"heatmap:mom_lookback=6,cov_halflife=18"
blend,mv,2020-11-30,2020-12-31,0.013614324533821467,1.2461855832064532,False,0.9574828257744923,0.012368138950615013,0.01112195336740856,0.009875767784202107,"heatmap:mom_lookback=6,cov_halflife=18"
blend,mv,2020-12-31,2021-01-31,0.018268916894516794,0.9618632980873281,False,1.0011155892055645,0.017307053596429464,0.016345190298342138,0.015383327000254809,"heatmap:mom_lookback=6,cov_halflife=18"
blend,mv,2021-01-31,2021-02-28,-0.008044306190035317,0.8060707236553994,False,0.9495724814988731,-0.008850376913690717,-0.009656447637346115,-0.010462518361001516,"heatmap:mom_lookback=6,cov_halflife=18"
blend,mv,2021-02-28,2021-03-31,-0.02563850066060285,1.0182848260156439,False,1.104930964996887,-0.02665678548661849,-0.027675070312634137,-0.02869335513864978,"heatmap:mom_lookback=6,cov_halflife=18"
blend,mv,2021-03-31,2021-04-30,0.0077993202981915125,1.1633959812536847,False,0.9431226217443354,0.006635924316937828,0.005472528335684143,0.004309132354430458,"heatmap:mom_lookback=6,cov_halflife=18"
blend,mv,2021-04-30,2021-05-31,-0.004151213408858566,0.921005062154412,False,0.8820846180357876,-0.005072218471012978,-0.00599322353316739,-0.006914228595321802,"heatmap:mom_lookback=6,cov_halflife=18"
blend,mv,2021-05-31,2021-06-30,-0.00823521972874972,1.0828887403201146,False,1.229933811243763,-0.009318108469069835,-0.01040099720938995,-0.011483885949710065,"heatmap:mom_lookback=6,cov_halflife=18"
blend,mv,2021-06-30,2021-07-31,0.0025044323914240477,1.259092825414347,False,1.0779262008003347,0.0012453395660097007,-1.375325940464623e-05,-0.0012728460848189932,"heatmap:mom_lookback=6,cov_halflife=18"
blend,mv,2021-07-31,2021-08-31,0.010612833257712711,0.9021746955829031,False,1.037125949091735,0.009710658562129808,0.008808483866546904,0.007906309170964002,"heatmap:mom_lookback=6,cov_halflife=18"
blend,mv,2021-08-31,2021-09-30,-0.021922950292878298,1.2997569208605,False,1.3421369277489028,-0.0232227072137388,-0.024522464134599298,-0.0258222210554598,"heatmap:mom_lookback=6,cov_halflife=18"
blend,mv,2021-09-30,2021-10-31,0.012235643234735066,1.21036331056142,False,1.3001100014716367,0.011025279924173646,0.009814916613612225,0.008604553303050806,"heatmap:mom_lookback=6,cov_halflife=18"
blend,mv,2021-10-31,2021-11-30,-0.010868546086168052,1.143246740253912,False,1.2796514268153139,-0.012011792826421964,-0.013155039566675875,-0.014298286306929787,"heatmap:mom_lookback=6,cov_halflife=18"
blend,mv,2021-11-30,2021-12-31,-0.0026049199992380203,0.985520180077455,False,1.05836548756404,-0.003590440179315475,-0.004575960359392931,-0.005561480539470386,"heatmap:mom_lookback=6,cov_halflife=18"
blend,mv,2021-12-31,2022-01-31,-0.003494674218927155,0.9787016579148675,False,1.1187601579724973,-0.0044733758768420225,-0.00545207753475689,-0.006430779192671758,"heatmap:mom_lookback=6,cov_halflife=18"
blend,mv,2022-01-31,2022-02-28,-0.012126046235941615,0.892846750509937,False,1.0366835940848322,-0.013018892986451551,-0.01391173973696149,-0.014804586487471426,"heatmap:mom_lookback=6,cov_halflife=18"
blend,mv,2022-02-28,2022-03-31,0.024778918246918556,0.7746938974098253,False,0.9627604797235615,0.02400422434950873,0.023229530452098905,0.022454836554689078,"heatmap:mom_lookback=6,cov_halflife=18"
blend,mv,2022-03-31,2022-04-30,0.016907595431329168,0.7676528621735956,False,1.0097128778806532,0.01613994256915557,0.015372289706981977,0.01460463684480838,"heatmap:mom_lookback=6,cov_halflife=18"
blend,mv,2022-04-30,2022-05-31,0.005944179348769557,0.8970857158655552,False,0.8716486300076514,0.005047093632904002,0.004150007917038446,0.003252922201172891,"heatmap:mom_lookback=6,cov_halflife=18"
blend,mv,2022-05-31,2022-06-30,-0.014341826472184696,0.9251788071756264,False,1.0756219418864648,-0.015267005279360323,-0.01619218408653595,-0.017117362893711574,"heatmap:mom_lookback=6,cov_halflife=18"
blend,mv,2022-06-30,2022-07-31,0.002268082388909479,0.8555650275897382,False,0.9463980021664922,0.001412517361319741,0.0005569523337300027,-0.0002986126938597355,"heatmap:mom_lookback=6,cov_halflife=18"
blend,mv,2022-07-31,2022-08-31,0.012041448020172608,1.0578342128700544,False,1.1071574699637317,0.010983613807302554,0.009925779594432499,0.008867945381562445,"heatmap:mom_lookback=6,cov_halflife=18"
blend,mv,2022-08-31,2022-09-30,0.007206809474886545,0.8811370821440755,False,1.1181186713559343,0.00632567239274247,0.005444535310598394,0.004563398228454318,"heatmap:mom_lookback=6,cov_halflife=18"
blend,mv,2022-09-30,2022-10-31,0.010821924558088405,0.5087016073857326,False,1.0530470565559538,0.010313222950702673,0.009804521343316941,0.009295819735931209,"heatmap:mom_lookback=6,cov_halflife=18"
blend,mv,2022-10-31,2022-11-30,-0.04360369027556113,0.7889521250414239,False,1.1244580293461341,-0.044392642400602554,-0.04518159452564398,-0.0459705466506854,"heatmap:mom_lookback=6,cov_halflife=18"
blend,mv,2022-11-30,2022-12-31,-0.002118098179587977,0.9393613770446475,False,1.0889186971820723,-0.0030574595566326248,-0.0039968209336772725,-0.0049361823107219194,"heatmap:mom_lookback=6,cov_halflife=18"
blend,mv,2022-12-31,2023-01-31,-0.021355064400106403,0.7424313152100059,False,1.112867245478441,-0.02209749571531641,-0.022839927030526414,-0.02358235834573642,"heatmap:mom_lookback=6,cov_halflife=18"
blend,mv,2023-01-31,2023-02-28,-0.01192156622757331,0.7790673035324422,False,1.0080171403922158,-0.012700633531105752,-0.013479700834638196,-0.014258768138170638,"heatmap:mom_lookback=6,cov_halflife=18"
blend,mv,2023-02-28,2023-03-31,0.0069340229027101165,0.8562362787288939,False,0.9182721777584644,0.0060777866239812225,0.005221550345252329,0.004365314066523435,"heatmap:mom_lookback=6,cov_halflife=18"
blend,mv,2023-03-31,2023-04-30,0.00013085785728905906,1.0279843016277115,False,0.9890863257423331,-0.0008971264443386525,-0.001925110745966364,-0.0029530950475940756,"heatmap:mom_lookback=6,cov_halflife=18"
blend,mv,2023-04-30,2023-05-31,0.0039185666415172795,0.6567722587894524,False,1.068399016747135,0.003261794382727827,0.0026050221239383746,0.001948249865148922,"heatmap:mom_lookback=6,cov_halflife=18"
blend,mv,2023-05-31,2023-06-30,0.0029368764864762783,0.8769279740180649,False,1.201682251989878,0.0020599485124582133,0.0011830205384401485,0.0003060925644220837,"heatmap:mom_lookback=6,cov_halflife=18"
blend,mv,2023-06-30,2023-07-31,-0.007689002639944127,0.9918874552913559,False,0.8936749462198982,-0.008680890095235483,-0.009672777550526838,-0.010664665005818193,"heatmap:mom_lookback=6,cov_halflife=18"
blend,mv,2023-07-31,2023-08-31,0.0031660271896569044,0.7315116697297899,False,1.1166500581329633,0.0024345155199271143,0.0017030038501973247,0.0009714921804675346,"heatmap:mom_lookback=6,cov_halflife=18"
blend,mv,2023-08-31,2023-09-30,-0.009175413920560115,0.7772634280239997,False,1.1102516408769436,-0.009952677348584115,-0.010729940776608115,-0.011507204204632113,"heatmap:mom_lookback=6,cov_halflife=18"
blend,mv,2023-09-30,2023-10-31,-0.00796294818186969,0.8356049273649904,False,1.195002524368608,-0.008798553109234681,-0.009634158036599672,-0.010469762963964662,"heatmap:mom_lookback=6,cov_halflife=18"
blend,mv,2023-10-31,2023-11-30,0.005272102523163904,0.7677371474348325,False,1.1066910448394696,0.004504365375729072,0.0037366282282942395,0.002968891080859407,"heatmap:mom_lookback=6,cov_halflife=18"
blend,mv,2023-11-30,2023-12-31,-0.01704925510387958,0.8763090761034715,False,1.1653564434160522,-0.017925564179983054,-0.018801873256086524,-0.019678182332189997,"heatmap:mom_lookback=6,cov_halflife=18"
blend,mv,2023-12-31,2024-01-31,0.028984701364027594,0.7995587552575951,False,1.077674964037042,0.02818514260877,0.027385583853512405,0.02658602509825481,"heatmap:mom_lookback=6,cov_halflife=18"
blend,mv,2024-01-31,2024-02-29,-0.005759674395150219,0.7518479667343064,False,1.0768357156696935,-0.0065115223618845254,-0.007263370328618832,-0.008015218295353139,"heatmap:mom_lookback=6,cov_halflife=18"
blend,mv,2024-02-29,2024-03-31,-0.01575699002028273,0.7153128849811077,False,0.9671572567290865,-0.016472302905263837,-0.017187615790244946,-0.01790292867522605,"heatmap:mom_lookback=6,cov_halflife=18"
blend,mv,2024-03-31,2024-04-30,-0.02250693454845284,0.6632360300466984,False,0.9081799783536051,-0.02317017057849954,-0.02383340660854624,-0.024496642638592938,"heatmap:mom_lookback=6,cov_halflife=18"
blend,mv,2024-04-30,2024-05-31,0.006544804629821487,0.8296865298848565,False,1.006643652581484,0.00571511809993663,0.004885431570051774,0.004055745040166918,"heatmap:mom_lookback=6,cov_halflife=18"
blend,mv,2024-05-31,2024-06-30,0.011193157470346009,0.752551165693005,False,1.053051215463824,0.010440606304653004,0.009688055138959999,0.008935503973266994,"heatmap:mom_lookback=6,cov_halflife=18"
blend,mv,2024-06-30,2024-07-31,-0.011894759122175622,0.8654759083413365,False,1.1707487281277997,-0.012760235030516959,-0.013625710938858294,-0.014491186847199631,"heatmap:mom_lookback=6,cov_halflife=18"
blend,mv,2024-07-31,2024-08-31,0.004324058506356399,0.8254153244171002,False,1.103680385156686,0.0034986431819392988,0.0026732278575221985,0.0018478125331050986,"heatmap:mom_lookback=6,cov_halflife=18"
blend,mv,2024-08-31,2024-09-30,-0.004904143640002126,0.7581861773872404,False,1.0860902035442446,-0.005662329817389366,-0.0064205159947766065,-0.007178702172163847,"heatmap:mom_lookback=6,cov_halflife=18"
blend,mv,2024-09-30,2024-10-31,-0.007490633407506233,0.7137089683667116,False,1.096249210996719,-0.008204342375872944,-0.008918051344239656,-0.009631760312606368,"heatmap:mom_lookback=6,cov_halflife=18"
blend,mv,2024-10-31,2024-11-30,0.01774711379993884,0.6273372377541139,False,1.1206829448505313,0.017119776562184726,0.016492439324430612,0.0158651020866765,"heatmap:mom_lookback=6,cov_halflife=18"
blend,mv,2024-11-30,2024-12-31,0.014008080120183616,0.9061809373694268,False,1.0904944918925006,0.01310189918281419,0.012195718245444761,0.011289537308075335,"heatmap:mom_lookback=6,cov_halflife=18"
blend,mv,2024-12-31,2025-01-31,0.009705202655747156,0.7988457694294664,False,1.1651290867321968,0.00890635688631769,0.008107511116888223,0.007308665347458757,"heatmap:mom_lookback=6,cov_halflife=18"
blend,mv,2025-01-31,2025-02-28,-0.0030674121494605956,0.9475024987570019,False,1.0625783498481634,-0.004014914648217597,-0.004962417146974599,-0.0059099196457316015,"heatmap:mom_lookback=6,cov_halflife=18"
blend,mv,2025-02-28,2025-03-31,-0.024008558875101598,0.9605616723735599,False,1.1576515454081757,-0.02496912054747516,-0.025929682219848718,-0.026890243892222276,"heatmap:mom_lookback=6,cov_halflife=18"
blend,mv,2025-03-31,2025-04-30,-4.867574220890877e-05,1.0548405174165036,False,1.0035404423813257,-0.0011035162596254124,-0.0021583567770419162,-0.0032131972944584196,"heatmap:mom_lookback=6,cov_halflife=18"
blend,mv,2025-04-30,2025-05-31,0.011391098496487577,1.1807857093656335,False,1.3847271131872665,0.010210312787121943,0.00902952707775631,0.007848741368390677,"heatmap:mom_lookback=6,cov_halflife=18"
blend,mv,2025-05-31,2025-06-30,0.021528370686930063,1.0344917877836044,False,1.0779636807578235,0.02049387889914646,0.019459387111362855,0.01842489532357925,"heatmap:mom_lookback=6,cov_halflife=18"
blend,mv,2025-06-30,2025-07-31,-0.014445191399906451,0.6935647053824439,False,1.0716517001165697,-0.015138756105288895,-0.01583232081067134,-0.016525885516053784,"heatmap:mom_lookback=6,cov_halflife=18"
blend,mv,2025-07-31,2025-08-31,0.0005950598081956912,0.6258356696051505,False,1.1291565150017038,-3.07758614094592e-05,-0.0006566115310146096,-0.0012824472006197603,"heatmap:mom_lookback=6,cov_halflife=18"
blend,mv,2025-08-31,2025-09-30,0.030294444990153265,0.7179426219022754,False,1.1207554034150555,0.02957650236825099,0.028858559746348714,0.02814061712444644,"heatmap:mom_lookback=6,cov_halflife=18"
blend,mv,2025-09-30,2025-10-31,0.005153181503483895,0.7949055775003363,False,1.0802900273800486,0.004358275925983559,0.003563370348483222,0.002768464770982886,"heatmap:mom_lookback=6,cov_halflife=18"
blend,mv,2025-10-31,2025-11-30,-0.007578777314007196,0.6855062066093132,False,0.9736477483333962,-0.008264283520616509,-0.008949789727225823,-0.009635295933835136,"heatmap:mom_lookback=6,cov_halflife=18"
blend,mv,2025-11-30,2025-12-31,0.014303661691785992,0.6623311999640262,False,1.0579685660104825,0.013641330491821965,0.012978999291857939,0.012316668091893914,"heatmap:mom_lookback=6,cov_halflife=18"
blend,mv,2025-12-31,2026-01-31,0.00569328239104729,0.6498576075505009,False,1.1029250124653351,0.0050434247834967895,0.004393567175946288,0.0037437095683957875,"heatmap:mom_lookback=6,cov_halflife=18"
blend,mv,1995-01-31,1995-02-28,-0.010913415704436786,1.450415365609577,True,1.450415365609577,-0.012363831070046363,-0.01381424643565594,-0.015264661801265518,"heatmap:mom_lookback=6,cov_halflife=60"
blend,mv,1995-02-28,1995-03-31,0.0024426991719734732,1.7366931821711156,False,1.4895224915107121,0.0007060059898023577,-0.0010306871923687578,-0.0027673803745398738,"heatmap:mom_lookback=6,cov_halflife=60"
blend,mv,1995-03-31,1995-04-30,0.0023797047610945375,1.6486918915469355,False,1.273130250931687,0.000731012869547602,-0.0009176790219993336,-0.0025663709135462696,"heatmap:mom_lookback=6,cov_halflife=60"
blend,mv,1995-04-30,1995-05-31,-0.011864996185675394,1.2877058480458987,False,1.5701186256114346,-0.013152702033721294,-0.014440407881767193,-0.01572811372981309,"heatmap:mom_lookback=6,cov_halflife=60"
blend,mv,1995-05-31,1995-06-30,0.0021664046936571953,1.6446770049570931,False,1.635521204742278,0.0005217276887001022,-0.001122949316256991,-0.0027676263212140844,"heatmap:mom_lookback=6,cov_halflife=60"
blend,mv,1995-06-30,1995-07-31,-7.622498270439509e-05,1.4567250893498205,False,1.6188996538297824,-0.0015329500720542156,-0.002989675161404036,-0.004446400250753857,"heatmap:mom_lookback=6,cov_halflife=60"
blend,mv,1995-07-31,1995-08-31,0.004132195604871291,1.5145333029551968,False,1.533447259619166,0.0026176623019160943,0.0011031289989608972,-0.0004114043039943,"heatmap:mom_lookback=6,cov_halflife=60"
blend,mv,1995-08-31,1995-09-30,0.013285236076539331,1.390176785583366,False,1.546687489027878,0.011895059290955965,0.010504882505372598,0.009114705719789232,"heatmap:mom_lookback=6,cov_halflife=60"
blend,mv,1995-09-30,1995-10-31,0.023360135166837027,1.351615726703385,False,1.4695159005904006,0.022008519440133642,0.020656903713430257,0.01930528798672687,"heatmap:mom_lookback=6,cov_halflife=60"
blend,mv,1995-10-31,1995-11-30,-0.026105587603994045,1.2934284264115732,False,1.4540822733579821,-0.027399016030405617,-0.028692444456817193,-0.029985872883228765,"heatmap:mom_lookback=6,cov_halflife=60"
blend,mv,1995-11-30,1995-12-31,0.017583106154978434,1.2789719758285814,False,1.510120487206041,0.016304134179149853,0.015025162203321271,0.01374619022749269,"heatmap:mom_lookback=6,cov_halflife=60"
blend,mv,1995-12-31,1996-01-31,0.0032786293869504495,1.5632849213832274,False,1.494615878366007,0.001715344465567222,0.0001520595441839947,-0.0014112253771992327,"heatmap:mom_lookback=6,cov_halflife=60"
blend,mv,1996-01-31,1996-02-29,-0.0013591490942914254,1.2465850782219554,False,1.4905868688948565,-0.002605734172513381,-0.0038523192507353365,-0.0050989043289572916,"heatmap:mom_lookback=6,cov_halflife=60"
blend,mv,1996-02-29,1996-03-31,-0.015524026822092347,1.4790194641084518,False,1.4679272005839972,-0.0170030462862008,-0.01848206575030925,-0.019961085214417702,"heatmap:mom_lookback=6,cov_halflife=60"
blend,mv,1996-03-31,1996-04-30,-0.006234424609753311,1.495490201603225,False,1.6068833548075308,-0.007729914811356536,-0.00922540501295976,-0.010720895214562987,"heatmap:mom_lookback=6,cov_halflife=60"
blend,mv,1996-04-30,1996-05-31,-0.007160347497505085,1.4635749861801375,False,1.525718451874511,-0.008623922483685223,-0.01008749746986536,-0.011551072456045497,"heatmap:mom_lookback=6,cov_halflife=60"
blend,mv,1996-05-31,1996-06-30,0.011020951512002077,1.3228624395253223,False,1.6273886684136674,0.009698089072476756,0.008375226632951432,0.00705236419342611,"heatmap:mom_lookback=6,cov_halflife=60"
blend,mv,1996-06-30,1996-07-31,-0.0003968608415150056,1.2824236221433714,False,1.5121965595719102,-0.001679284463658377,-0.002961708085801748,-0.00424413170794512,"heatmap:mom_lookback=6,cov_halflife=60"
blend,mv,1996-07-31,1996-08-31,0.003538483280635274,1.3136797417227908,False,1.5098103221799508,0.0022248035389124832,0.0009111237971896925,-0.0004025559445330982,"heatmap:mom_lookback=6,cov_halflife=60"
blend,mv,1996-08-31,1996-09-30,-0.003133744904003694,1.6985413717070357,False,1.6085147126480501,-0.004832286275710729,-0.006530827647417765,-0.008229369019124801,"heatmap:mom_lookback=6,cov_halflife=60"
blend,mv,1996-09-30,1996-10-31,0.0031110650331688484,1.9951819265961939,False,1.6214177152817264,0.0011158831065726546,-0.0008792988200235392,-0.0028744807466197335,"heatmap:mom_lookback=6,cov_halflife=60"
blend,mv,1996-10-31,1996-11-30,0.0009316181727000352,1.9968903448704396,False,1.683175241229154,-0.0010652721721704046,-0.0030621625170408444,-0.005059052861911283,"heatmap:mom_lookback=6,cov_halflife=60"
blend,mv,1996-11-30,1996-12-31,0.024491137521820604,2.2501740578945104,False,1.7981263267624008,0.022240963463926094,0.019990789406031582,0.017740615348137072,"heatmap:mom_lookback=6,cov_halflife=60"
blend,mv,1996-12-31,1997-01-31,-0.0022799123278606248,1.5172855276994723,False,1.4972485886926172,-0.003797197855560097,-0.00531448338325957,-0.006831768910959041,"heatmap:mom_lookback=6,cov_halflife=60"
blend,mv,1997-01-31,1997-02-28,-0.022315878939578655,1.6225383469523422,False,1.6523671628185526,-0.023938417286530997,-0.02556095563348334,-0.02718349398043568,"heatmap:mom_lookback=6,cov_halflife=60"
blend,mv,1997-02-28,1997-03-31,0.002765915832196739,2.1211780048700852,False,1.6469316883497567,0.0006447378273266536,-0.0014764401775434316,-0.0035976181824135165,"heatmap:mom_lookback=6,cov_halflife=60"
blend,mv,1997-03-31,1997-04-30,-0.009514877673666761,1.6284520334411439,False,1.9306677863820192,-0.011143329707107904,-0.012771781740549049,-0.014400233773990193,"heatmap:mom_lookback=6,cov_halflife=60"
blend,mv,1997-04-30,1997-05-31,0.002204798591112722,1.7660169114727864,False,1.7405833758552756,0.00043878167963993576,-0.0013272352318328506,-0.0030932521433056368,"heatmap:mom_lookback=6,cov_halflife=60"
blend,mv,1997-05-31,1997-06-30,0.002814930384673296,2.1622894596327464,False,1.655531130216767,0.0006526409250405497,-0.0015096485345921966,-0.003671937994224944,"heatmap:mom_lookback=6,cov_halflife=60"
blend,mv,1997-06-30,1997-07-31,-0.0005251708954934751,2.0070935244853167,False,1.6197054364196362,-0.002532264419978792,-0.004539357944464108,-0.006546451468949426,"heatmap:mom_lookback=6,cov_halflife=60"
blend,mv,1997-07-31,1997-08-31,-0.0058859273603507935,2.1118206004018027,False,1.6012714441457505,-0.007997747960752597,-0.0101095685611544,-0.012221389161556202,"heatmap:mom_lookback=6,cov_halflife=60"
blend,mv,1997-08-31,1997-09-30,0.031120447493415977,2.0040674516948687,False,1.7135623599598861,0.02911638004172111,0.02711231259002624,0.025108245138331372,"heatmap:mom_lookback=6,cov_halflife=60"
blend,mv,1997-09-30,1997-10-31,0.028322525784654915,1.86372386681342,False,1.6002672709867307,0.026458801917841494,0.024595078051028077,0.022731354184214656,"heatmap:mom_lookback=6,cov_halflife=60"
blend,mv,1997-10-31,1997-11-30,-0.00743586355813349,1.919382615848598,False,1.6148146667485914,-0.009355246173982089,-0.011274628789830685,-0.013194011405679284,"heatmap:mom_lookback=6,cov_halflife=60"
blend,mv,1997-11-30,1997-12-31,-0.0067370419818707904,1.3985710669708438,False,1.5597046885987804,-0.008135613048841634,-0.009534184115812479,-0.010932755182783322,"heatmap:mom_lookback=6,cov_halflife=60"
blend,mv,1997-12-31,1998-01-31,0.010859110640832743,1.7262848235230552,False,1.619465763469569,0.009132825817309688,0.0074065409937866325,0.0056802561702635765,"heatmap:mom_lookback=6,cov_halflife=60"
blend,mv,1998-01-31,1998-02-28,-0.015675214645199442,1.8588514047166886,False,1.6547150497775085,-0.01753406604991613,-0.01939291745463282,-0.02125176885934951,"heatmap:mom_lookback=6,cov_halflife=60"
blend,mv,1998-02-28,1998-03-31,0.009036180760401939,2.0125248239242817,False,1.5815446502807566,0.007023655936477658,0.005011131112553376,0.0029986062886290937,"heatmap:mom_lookback=6,cov_halflife=60"
blend,mv,1998-03-31,1998-04-30,-0.038054762197062005,1.5866420582977732,False,1.6918519480558911,-0.03964140425535978,-0.04122804631365755,-0.042814688371955324,"heatmap:mom_lookback=6,cov_halflife=60"
blend,mv,1998-04-30,1998-05-31,-0.000742397124677733,1.66824040371172,False,1.6393579725076168,-0.002410637528389453,-0.004078877932101173,-0.005747118335812893,"heatmap:mom_lookback=6,cov_halflife=60"
blend,mv,1998-05-31,1998-06-30,0.014706560866333172,1.2858761166759218,False,1.6399216663589125,0.01342068474965725,0.01213480863298133,0.010848932516305407,"heatmap:mom_lookback=6,cov_halflife=60"
blend,mv,1998-06-30,1998-07-31,0.01432213936746815,1.7665231122654472,False,1.5079815113021877,0.012555616255202703,0.010789093142937255,0.00902257003067181,"heatmap:mom_lookback=6,cov_halflife=60"
blend,mv,1998-07-31,1998-08-31,-0.0014505482049805677,1.1045420781656274,False,1.640479397118591,-0.002555090283146195,-0.003659632361311823,-0.0047641744394774505,"heatmap:mom_lookback=6,cov_halflife=60"
blend,mv,1998-08-31,1998-09-30,0.004987064844202165,1.1027617915991883,False,1.6729017567223985,0.0038843030526029766,0.0027815412610037882,0.0016787794694045999,"heatmap:mom_lookback=6,cov_halflife=60"
blend,mv,1998-09-30,1998-10-31,-0.03004263011108975,1.5655600735106074,False,1.3289287997743535,-0.03160819018460036,-0.033173750258110965,-0.03473931033162157,"heatmap:mom_lookback=6,cov_halflife=60"
blend,mv,1998-10-31,1998-11-30,0.004611659486579376,1.4758947505350384,False,1.458350016727997,0.003135764736044338,0.0016598699855092996,0.00018397523497426082,"heatmap:mom_lookback=6,cov_halflife=60"
blend,mv,1998-11-30,1998-12-31,0.0418498549360457,1.5205692373274404,False,1.5721503092903737,0.040329285698718256,0.038808716461390814,0.03728814722406338,"heatmap:mom_lookback=6,cov_halflife=60"
blend,mv,1998-12-31,1999-01-31,0.037184654671772475,1.5384714643879471,False,1.4138730461110656,0.03564618320738453,0.03410771174299658,0.032569240278608635,"heatmap:mom_lookback=6,cov_halflife=60"
blend,mv,1999-01-31,1999-02-28,-0.020900283723230054,1.1745326118451938,False,1.3364803362650195,-0.02207481633507525,-0.02324934894692044,-0.024423881558765636,"heatmap:mom_lookback=6,cov_halflife=60"
blend,mv,1999-02-28,1999-03-31,-0.0077304620371828345,1.4644829857285435,False,1.3853525319678461,-0.009194945022911377,-0.01065942800863992,-0.012123910994368464,"heatmap:mom_lookback=6,cov_halflife=60"
blend,mv,1999-03-31,1999-04-30,-0.04606510953668748,1.1978899472908393,False,1.4066339904167084,-0.047262999483978316,-0.04846088943126916,-0.049658779378559996,"heatmap:mom_lookback=6,cov_halflife=60"
blend,mv,1999-04-30,1999-05-31,-0.011912291135888334,1.4587643083785715,False,1.4073648740046873,-0.013371055444266906,-0.014829819752645476,-0.01628858406102405,"heatmap:mom_lookback=6,cov_halflife=60"
blend,mv,1999-05-31,1999-06-30,0.034300949340876005,1.6703001595100526,False,1.4934682272740822,0.032630649181365955,0.0309603490218559,0.029290048862345847,"heatmap:mom_lookback=6,cov_halflife=60"
blend,mv,1999-06-30,1999-07-31,0.007507517496885829,1.5672598666275326,False,1.4039542847240016,0.005940257630258297,0.0043729977636307645,0.0028057378970032312,"heatmap:mom_lookback=6,cov_halflife=60"
blend,mv,1999-07-31,1999-08-31,-0.006574278456928403,1.7703175346649767,False,1.4546321056667746,-0.00834459599159338,-0.010114913526258356,-0.011885231060923334,"heatmap:mom_lookback=6,cov_halflife=60"
blend,mv,1999-08-31,1999-09-30,0.0146744188579923,1.2696342841254558,False,1.3814726681014813,0.013404784573866844,0.012135150289741388,0.010865516005615933,"heatmap:mom_lookback=6,cov_halflife=60"
blend,mv,1999-09-30,1999-10-31,-0.009110999519093313,1.242935351194267,False,1.4364161148970824,-0.01035393487028758,-0.011596870221481847,-0.012839805572676114,"heatmap:mom_lookback=6,cov_halflife=60"
blend,mv,1999-10-31,1999-11-30,-0.012668821425089096,1.9941120621165191,False,1.5200346084061818,-0.014662933487205616,-0.016657045549322135,-0.018651157611438655,"heatmap:mom_lookback=6,cov_halflife=60"
blend,mv,1999-11-30,1999-12-31,-0.0028780782166321532,1.7044062218935594,False,1.5537927010108934,-0.004582484438525713,-0.006286890660419272,-0.007991296882312832,"heatmap:mom_lookback=6,cov_halflife=60"
blend,mv,1999-12-31,2000-01-31,-0.01280897348923661,1.6975330850932342,False,1.5727471361068577,-0.014506506574329845,-0.01620403965942308,-0.017901572744516314,"heatmap:mom_lookback=6,cov_halflife=60"
blend,mv,2000-01-31,2000-02-29,0.03664556066275837,1.638334610112101,False,1.4077472365172299,0.03500722605264627,0.03336889144253417,0.03173055683242207,"heatmap:mom_lookback=6,cov_halflife=60"
blend,mv,2000-02-29,2000-03-31,0.010036894629801046,1.7468404230736567,False,1.5162755057818111,0.008290054206727389,0.006543213783653732,0.004796373360580076,"heatmap:mom_lookback=6,cov_halflife=60"
blend,mv,2000-03-31,2000-04-30,-0.024767436658659468,1.8099967180670697,False,1.4110276780778073,-0.026577433376726536,-0.02838743009479361,-0.030197426812860678,"heatmap:mom_lookback=6,cov_halflife=60"
blend,mv,2000-04-30,2000-05-31,-0.0034948077816771617,1.6146289685955793,False,1.3241233885348984,-0.005109436750272741,-0.00672406571886832,-0.008338694687463899,"heatmap:mom_lookback=6,cov_halflife=60"
blend,mv,2000-05-31,2000-06-30,0.012680235936138089,1.828467645381292,False,1.530812656174337,0.010851768290756797,0.009023300645375504,0.007194832999994212,"heatmap:mom_lookback=6,cov_halflife=60"
blend,mv,2000-06-30,2000-07-31,-0.004698622865151445,1.296473060694379,False,1.5055756206070114,-0.005995095925845824,-0.007291568986540203,-0.008588042047234581,"heatmap:mom_lookback=6,cov_halflife=60"
blend,mv,2000-07-31,2000-08-31,0.031488175180041975,1.4894554804507132,False,1.4817440534918913,0.02999871969959126,0.02850926421914055,0.027019808738689834,"heatmap:mom_lookback=6,cov_halflife=60"
blend,mv,2000-08-31,2000-09-30,0.009224900673077796,1.6360331234231198,False,1.4438092179868551,0.007588867549654676,0.005952834426231556,0.004316801302808437,"heatmap:mom_lookback=6,cov_halflife=60"
blend,mv,2000-09-30,2000-10-31,-0.018165895220558864,1.2559921892806543,False,1.447918427024417,-0.01942188740983952,-0.020677879599120173,-0.021933871788400828,"heatmap:mom_lookback=6,cov_halflife=60"
blend,mv,2000-10-31,2000-11-30,0.006893441953775875,1.1043723479516203,False,1.35307956809739,0.0057890696058242545,0.0046846972578726345,0.003580324909921014,"heatmap:mom_lookback=6,cov_halflife=60"
blend,mv,2000-11-30,2000-12-31,-0.0058858988774101164,1.285337810564681,False,1.4609005907474926,-0.007171236687974798,-0.008456574498539478,-0.00974191230910416,"heatmap:mom_lookback=6,cov_halflife=60"
blend,mv,2000-12-31,2001-01-31,-0.04926973881593415,1.3967528490816405,False,1.3976305243821772,-0.050666491665015786,-0.052063244514097426,-0.053459997363179065,"heatmap:mom_lookback=6,cov_halflife=60"
blend,mv,2001-01-31,2001-02-28,0.018958104482596497,1.3547241522451252,False,1.3459580564788938,0.017603380330351373,0.016248656178106245,0.014893932025861121,"heatmap:mom_lookback=6,cov_halflife=60"
blend,mv,2001-02-28,2001-03-31,0.0021271767787309757,1.2582725862219704,False,1.3955155559190124,0.0008689041925090053,-0.0003893683937129652,-0.0016476409799349354,"heatmap:mom_lookback=6,cov_halflife=60"
blend,mv,2001-03-31,2001-04-30,-0.009687840386172283,1.5496054350506148,False,1.2934694126347963,-0.011237445821222897,-0.012787051256273513,-0.014336656691324128,"heatmap:mom_lookback=6,cov_halflife=60"
blend,mv,2001-04-30,2001-05-31,0.015320006736773965,1.4184903961774604,False,1.2508612100435663,0.013901516340596505,0.012483025944419045,0.011064535548241584,"heatmap:mom_lookback=6,cov_halflife=60"
blend,mv,2001-05-31,2001-06-30,0.0041317292649241935,1.3957845613494693,False,1.3627764556953408,0.0027359447035747242,0.001340160142225255,-5.562441912421428e-05,"heatmap:mom_lookback=6,cov_halflife=60"
blend,mv,2001-06-30,2001-07-31,0.0011053902002299114,1.5236301624664397,False,1.3916837927459043,-0.00041823996223652824,-0.0019418701247029678,-0.003465500287169408,"heatmap:mom_lookback=6,cov_halflife=60"
blend,mv,2001-07-31,2001-08-31,-0.0007494813879026566,1.3502149290938388,False,1.2614416760576435,-0.0020996963169964953,-0.003449911246090334,-0.004800126175184174,"heatmap:mom_lookback=6,cov_halflife=60"
blend,mv,2001-08-31,2001-09-30,0.03339964269335113,1.0994585274050082,False,1.2631559517161195,0.03230018416594612,0.03120072563854111,0.0301012671111361,"heatmap:mom_lookback=6,cov_halflife=60"
blend,mv,2001-09-30,2001-10-31,-0.011863888270156567,1.147062054322877,False,1.1733106589954343,-0.013010950324479444,-0.01415801237880232,-0.015305074433125197,"heatmap:mom_lookback=6,cov_halflife=60"
blend,mv,2001-10-31,2001-11-30,-0.03433508209536815,1.2605286812745347,False,1.2883722980226886,-0.03559561077664268,-0.036856139457917214,-0.03811666813919175,"heatmap:mom_lookback=6,cov_halflife=60"
blend,mv,2001-11-30,2001-12-31,-0.005342468621564155,1.4037912637013283,False,1.2514455977707646,-0.006746259885265483,-0.008150051148966811,-0.00955384241266814,"heatmap:mom_lookback=6,cov_halflife=60"
blend,mv,2001-12-31,2002-01-31,0.02028857360879683,1.5522837563108842,False,1.2777569664306703,0.018736289852485946,0.017184006096175063,0.015631722339864176,"heatmap:mom_lookback=6,cov_halflife=60"
blend,mv,2002-01-31,2002-02-28,-0.01716972358292646,1.3025771667035484,False,1.265362739552227,-0.018472300749630008,-0.019774877916333554,-0.021077455083037103,"heatmap:mom_lookback=6,cov_halflife=60"
blend,mv,2002-02-28,2002-03-31,-0.0003233060074942052,1.4606456230746914,False,1.368825446519167,-0.0017839516305688968,-0.003244597253643588,-0.00470524287671828,"heatmap:mom_lookback=6,cov_halflife=60"
blend,mv,2002-03-31,2002-04-30,0.02725298315840602,1.538550050894076,False,1.1838466971910402,0.025714433107511942,0.024175883056617865,0.022637333005723792,"heatmap:mom_lookback=6,cov_halflife=60"
blend,mv,2002-04-30,2002-05-31,0.0016923424929493674,1.29574963555335,False,1.2754344319956437,0.00039659285739601733,-0.0008991567781573328,-0.002194906413710683,"heatmap:mom_lookback=6,cov_halflife=60"
blend,mv,2002-05-31,2002-06-30,0.008139386701411941,1.3594655432001372,False,1.2634753867704838,0.006779921158211803,0.005420455615011666,0.004060990071811529,"heatmap:mom_lookback=6,cov_halflife=60"
blend,mv,2002-06-30,2002-07-31,-0.0004608186014282231,1.380851999768082,False,1.304094766148688,-0.001841670601196305,-0.003222522600964387,-0.004603374600732469,"heatmap:mom_lookback=6,cov_halflife=60"
blend,mv,2002-07-31,2002-08-31,0.014315706870785639,1.2764125125505967,False,1.2888462507813851,0.013039294358235042,0.011762881845684445,0.010486469333133849,"heatmap:mom_lookback=6,cov_halflife=60"
blend,mv,2002-08-31,2002-09-30,0.02258381620359898,1.2040677835606655,False,1.325578951624243,0.021379748420038317,0.02017568063647765,0.018971612852916986,"heatmap:mom_lookback=6,cov_halflife=60"
blend,mv,2002-09-30,2002-10-31,-0.0325774961634587,1.3826890752865386,False,1.3387142063332662,-0.03396018523874524,-0.03534287431403178,-0.036725563389318316,"heatmap:mom_lookback=6,cov_halflife=60"
blend,mv,2002-10-31,2002-11-30,-0.031924929137202275,1.5475261182251512,False,1.3443872135338615,-0.03347245525542743,-0.03501998137365258,-0.03656750749187773,"heatmap:mom_lookback=6,cov_halflife=60"
blend,mv,2002-11-30,2002-12-31,0.004954431367117682,1.3006361834679836,False,1.296125575122437,0.0036537951836496984,0.002353159000181715,0.0010525228167137311,"heatmap:mom_lookback=6,cov_halflife=60"
blend,mv,2002-12-31,2003-01-31,0.012465848690724434,1.1112854535544667,False,1.3101494125614366,0.011354563237169968,0.010243277783615501,0.009131992330061034,"heatmap:mom_lookback=6,cov_halflife=60"
blend,mv,2003-01-31,2003-02-28,-0.0010118104510013922,1.3720843357582986,False,1.3560408017227015,-0.0023838947867596905,-0.0037559791225179892,-0.005128063458276289,"heatmap:mom_lookback=6,cov_halflife=60"
blend,mv,2003-02-28,2003-03-31,0.0005616284343915094,1.3180782328492073,False,1.411587901739068,-0.000756449798457698,-0.0020745280313069054,-0.003392606264156112,"heatmap:mom_lookback=6,cov_halflife=60"
blend,mv,2003-03-31,2003-04-30,-0.027041542184950598,1.3793405822961828,False,1.3231116061574826,-0.02842088276724678,-0.029800223349542965,-0.031179563931839148,"heatmap:mom_lookback=6,cov_halflife=60"
blend,mv,2003-04-30,2003-05-31,-0.007654151651554869,1.4549479817456679,False,1.4351930918157378,-0.009109099633300536,-0.010564047615046205,-0.012018995596791872,"heatmap:mom_lookback=6,cov_halflife=60"
blend,mv,2003-05-31,2003-06-30,-0.019852516803759043,1.4340479701602362,False,1.3228011230428165,-0.02128656477391928,-0.022720612744079514,-0.024154660714239752,"heatmap:mom_lookback=6,cov_halflife=60"
blend,mv,2003-06-30,2003-07-31,-0.01278746021324834,1.7318243518523406,False,1.3352946491128386,-0.01451928456510068,-0.01625110891695302,-0.01798293326880536,"heatmap:mom_lookback=6,cov_halflife=60"
blend,mv,2003-07-31,2003-08-31,-0.003081041644360297,1.2164744517474289,False,1.3402665128768096,-0.004297516096107725,-0.005513990547855155,-0.006730464999602583,"heatmap:mom_lookback=6,cov_halflife=60"
blend,mv,2003-08-31,2003-09-30,-0.0027966755194180743,1.5886076184982088,False,1.4463524800546739,-0.004385283137916283,-0.005973890756414492,-0.007562498374912701,"heatmap:mom_lookback=6,cov_halflife=60"
blend,mv,2003-09-30,2003-10-31,0.022525278242668905,1.2191875854518375,False,1.3580425260269682,0.02130609065721707,0.02008690307176523,0.018867715486313393,"heatmap:mom_lookback=6,cov_halflife=60"
blend,mv,2003-10-31,2003-11-30,0.011059276556342803,1.2294384128339495,False,1.21319268162244,0.009829838143508855,0.008600399730674904,0.007370961317840955,"heatmap:mom_lookback=6,cov_halflife=60"
blend,mv,2003-11-30,2003-12-31,-0.027636216015547492,1.1870614008610094,False,1.365702834932194,-0.028823277416408503,-0.03001033881726951,-0.03119740021813052,"heatmap:mom_lookback=6,cov_halflife=60"
blend,mv,2003-12-31,2004-01-31,-0.015376778494073987,1.0205765252207708,False,1.0933996138142839,-0.01639735501929476,-0.017417931544515527,-0.0184385080697363,"heatmap:mom_lookback=6,cov_halflife=60"
blend,mv,2004-01-31,2004-02-29,0.013807123191833689,1.1112309680820744,False,1.3761757077485317,0.012695892223751615,0.01158466125566954,0.010473430287587465,"heatmap:mom_lookback=6,cov_halflife=60"
blend,mv,2004-02-29,2004-03-31,0.006047173760997789,1.3498967880269308,False,1.273927778241245,0.004697276972970859,0.003347380184943928,0.001997483396916997,"heatmap:mom_lookback=6,cov_halflife=60"
blend,mv,2004-03-31,2004-04-30,-0.006809523297887296,1.0775763138547718,False,1.4656957859413484,-0.007887099611742068,-0.00896467592559684,-0.010042252239451611,"heatmap:mom_lookback=6,cov_halflife=60"
blend,mv,2004-04-30,2004-05-31,-0.006585675604618635,1.044412359253072,False,1.319381962681523,-0.007630087963871707,-0.008674500323124779,-0.009718912682377852,"heatmap:mom_lookback=6,cov_halflife=60"
blend,mv,2004-05-31,2004-06-30,0.015027986039336196,1.0708235726495368,False,1.2408859852435659,0.013957162466686658,0.012886338894037123,0.011815515321387585,"heatmap:mom_lookback=6,cov_halflife=60"
blend,mv,2004-06-30,2004-07-31,-0.004944746816225662,0.8705769541652265,False,1.313021194716107,-0.005815323770390888,-0.006685900724556115,-0.007556477678721341,"heatmap:mom_lookback=6,cov_halflife=60"
blend,mv,2004-07-31,2004-08-31,-0.009455824228277749,1.0358509806448002,False,1.2490961995908287,-0.010491675208922548,-0.01152752618956735,-0.01256337717021215,"heatmap:mom_lookback=6,cov_halflife=60"
blend,mv,2004-08-31,2004-09-30,0.019976573749786626,1.2569228188159736,False,1.2360803605094346,0.018719650930970652,0.017462728112154678,0.016205805293338704,"heatmap:mom_lookback=6,cov_halflife=60"
blend,mv,2004-09-30,2004-10-31,-0.012351091110061994,1.046328888624366,False,1.2318224905710529,-0.01339741999868636,-0.014443748887310726,-0.015490077775935092,"heatmap:mom_lookback=6,cov_halflife=60"
blend,mv,2004-10-31,2004-11-30,0.00605187109758433,1.187275028115558,False,1.4266553071978445,0.0048645960694687716,0.0036773210413532137,0.002490046013237656,"heatmap:mom_lookback=6,cov_halflife=60"
blend,mv,2004-11-30,2004-12-31,-0.016931351107224855,1.318465796296024,False,1.3342813366831874,-0.018249816903520878,-0.0195682826998169,-0.020886748496112925,"heatmap:mom_lookback=6,cov_halflife=60"
blend,mv,2004-12-31,2005-01-31,0.009895619918102585,1.3892846304317088,False,1.4113560702060182,0.008506335287670877,0.007117050657239167,0.005727766026807459,"heatmap:mom_lookback=6,cov_halflife=60"
blend,mv,2005-01-31,2005-02-28,0.020436808035118884,1.359188687202924,False,1.3953337612102688,0.01907761934791596,0.017718430660713037,0.016359241973510113,"heatmap:mom_lookback=6,cov_halflife=60"
blend,mv,2005-02-28,2005-03-31,-0.007480297900736198,1.1529763778767899,False,1.345862814992054,-0.008633274278612988,-0.009786250656489777,-0.010939227034366568,"heatmap:mom_lookback=6,cov_halflife=60"
blend,mv,2005-03-31,2005-04-30,3.0141741357092565e-05,1.0918424720974604,False,1.2014480112134327,-0.001061700730740368,-0.0021535432028378285,-0.003245385674935289,"heatmap:mom_lookback=6,cov_halflife=60"
blend,mv,2005-04-30,2005-05-31,0.004361452711409156,0.8689300882574391,False,1.2422973621176,0.0034925226231517165,0.0026235925348942774,0.0017546624466368383,"heatmap:mom_lookback=6,cov_halflife=60"
blend,mv,2005-05-31,2005-06-30,0.011545441874130547,1.008745122686147,False,1.2823604343978778,0.010536696751444401,0.009527951628758254,0.008519206506072106,"heatmap:mom_lookback=6,cov_halflife=60"
blend,mv,2005-06-30,2005-07-31,0.0009755415420472077,0.9505728794054765,False,1.4296030072461934,2.4968662641731195e-05,-0.0009256042167637453,-0.001876177096169222,"heatmap:mom_lookback=6,cov_halflife=60"
blend,mv,2005-07-31,2005-08-31,0.006170668399073185,0.7484150287709319,False,1.4801001511139769,0.0054222533703022525,0.004673838341531321,0.00392542331276039,"heatmap:mom_lookback=6,cov_halflife=60"
blend,mv,2005-08-31,2005-09-30,0.0032878678343911116,0.9690943202865727,False,1.4072663137774581,0.002318773514104539,0.0013496791938179661,0.00038058487353139327,"heatmap:mom_lookback=6,cov_halflife=60"
blend,mv,2005-09-30,2005-10-31,-0.021775854626355735,1.1719423470056585,False,1.2453403095315463,-0.022947796973361394,-0.024119739320367053,-0.02529168166737271,"heatmap:mom_lookback=6,cov_halflife=60"
blend,mv,2005-10-31,2005-11-30,-0.004282746078015517,0.9623175310020321,False,1.2824622354550963,-0.005245063609017549,-0.0062073811400195815,-0.007169698671021614,"heatmap:mom_lookback=6,cov_halflife=60"
blend,mv,2005-11-30,2005-12-31,0.010386460647610521,1.3461500924044738,False,1.380278136043203,0.009040310555206047,0.007694160462801573,0.0063480103703970996,"heatmap:mom_lookback=6,cov_halflife=60"
blend,mv,2005-12-31,2006-01-31,0.029637491762449807,1.0485126113550907,False,1.2151348898365524,0.028588979151094717,0.027540466539739624,0.026491953928384535,"heatmap:mom_lookback=6,cov_halflife=60"
blend,mv,2006-01-31,2006-02-28,-0.0030027672588103477,1.1333946335650447,False,1.2720342556064053,-0.0041361618923753925,-0.005269556525940437,-0.006402951159505482,"heatmap:mom_lookback=6,cov_halflife=60"
blend,mv,2006-02-28,2006-03-31,0.015279045891482655,1.1678794172076745,False,1.4190205822074757,0.01411116647427498,0.012943287057067305,0.011775407639859632,"heatmap:mom_lookback=6,cov_halflife=60"
blend,mv,2006-03-31,2006-04-30,0.006412611416318878,1.3650732614996397,False,1.4360504520423538,0.005047538154819238,0.0036824648933195987,0.0023173916318199586,"heatmap:mom_lookback=6,cov_halflife=60"
blend,mv,2006-04-30,2006-05-31,-0.020413392245435667,1.1322412558771484,False,1.3955086904913654,-0.021545633501312816,-0.022677874757189964,-0.023810116013067113,"heatmap:mom_lookback=6,cov_halflife=60"
blend,mv,2006-05-31,2006-06-30,-0.0015982121060429632,1.1625955514373603,False,1.3353678359235737,-0.0027608076574803233,-0.003923403208917684,-0.005085998760355044,"heatmap:mom_lookback=6,cov_halflife=60"
blend,mv,2006-06-30,2006-07-31,0.0001824450626726106,1.1168155610161123,False,1.43511461218512,-0.0009343704983435018,-0.0020511860593596144,-0.0031680016203757266,"heatmap:mom_lookback=6,cov_halflife=60"
blend,mv,2006-07-31,2006-08-31,-0.023626656169975124,1.2236317967685166,False,1.2506353097847964,-0.02485028796674364,-0.026073919763512157,-0.027297551560280672,"heatmap:mom_lookback=6,cov_halflife=60"
blend,mv,2006-08-31,2006-09-30,0.0068743993910172,1.2817803551126894,False,1.4508223050909768,0.00559261903590451,0.004310838680791821,0.003029058325679132,"heatmap:mom_lookback=6,cov_halflife=60"
blend,mv,2006-09-30,2006-10-31,-0.0160443982808848,1.3730995930025356,False,1.3417159196649515,-0.017417497873887335,-0.01879059746688987,-0.020163697059892405,"heatmap:mom_lookback=6,cov_halflife=60"
blend,mv,2006-10-31,2006-11-30,-0.003874408397722954,1.5044820918280206,False,1.272431111173451,-0.005378890489550975,-0.006883372581378996,-0.008387854673207016,"heatmap:mom_lookback=6,cov_halflife=60"
blend,mv,2006-11-30,2006-12-31,0.011935197827313887,1.2293145413635989,False,1.2826476393184887,0.010705883285950289,0.009476568744586689,0.00824725420322309,"heatmap:mom_lookback=6,cov_halflife=60"
blend,mv,2006-12-31,2007-01-31,0.0012061711708255625,1.3079002100280313,False,1.3679441757784387,-0.0001017290392024688,-0.0014096292492305,-0.002717529459258531,"heatmap:mom_lookback=6,cov_halflife=60"
blend,mv,2007-01-31,2007-02-28,0.0008509636335706391,0.9873835125940307,False,1.3600314806920144,-0.00013641987902339155,-0.0011238033916174221,-0.002111186904211453,"heatmap:mom_lookback=6,cov_halflife=60"
blend,mv,2007-02-28,2007-03-31,0.013518899662203676,1.3887986373128112,False,1.3327164886638412,0.012130101024890864,0.010741302387578054,0.009352503750265244,"heatmap:mom_lookback=6,cov_halflife=60"
blend,mv,2007-03-31,2007-04-30,-0.005223685399415264,1.3142447270581785,False,1.4700891368729876,-0.006537930126473443,-0.007852174853531622,-0.0091664195805898,"heatmap:mom_lookback=6,cov_halflife=60"
blend,mv,2007-04-30,2007-05-31,0.007361792803140293,1.3240816346253204,False,1.5192824256991713,0.006037711168514972,0.004713629533889652,0.003389547899264332,"heatmap:mom_lookback=6,cov_halflife=60"
blend,mv,2007-05-31,2007-06-30,0.0037045967893369895,1.2200390676417057,False,1.4673822508192125,0.002484557721695284,0.0012645186540535783,4.4479586411872666e-05,"heatmap:mom_lookback=6,cov_halflife=60"
blend,mv,2007-06-30,2007-07-31,0.0011320036914545437,1.3356898777352555,False,1.4376855034317881,-0.0002036861862807118,-0.0015393760640159673,-0.002875065941751223,"heatmap:mom_lookback=6,cov_halflife=60"
blend,mv,2007-07-31,2007-08-31,-0.0021910007110438026,1.078175416569068,False,1.4647973401462826,-0.0032691761276128707,-0.004347351544181938,-0.0054255269607510065,"heatmap:mom_lookback=6,cov_halflife=60"
blend,mv,2007-08-31,2007-09-30,0.021659906974299543,1.4734605184764564,False,1.448792937230456,0.020186446455823088,0.018712985937346632,0.017239525418870173,"heatmap:mom_lookback=6,cov_halflife=60"
blend,mv,2007-09-30,2007-10-31,0.016155394843936122,1.4209467669087117,False,1.49177658875028,0.014734448077027411,0.0133135013101187,0.011892554543209987,"heatmap:mom_lookback=6,cov_halflife=60"
blend,mv,2007-10-31,2007-11-30,0.011597903231187093,1.242855225981111,False,1.4790111331503326,0.010355048005205982,0.009112192779224872,0.00786933755324376,"heatmap:mom_lookback=6,cov_halflife=60"
blend,mv,2007-11-30,2007-12-31,0.012486328009830742,1.230940167562364,False,1.361859138828975,0.011255387842268379,0.010024447674706014,0.008793507507143649,"heatmap:mom_lookback=6,cov_halflife=60"
blend,mv,2007-12-31,2008-01-31,-0.03600253365574468,1.0744922471755392,False,1.4801412157744156,-0.03707702590292022,-0.03815151815009576,-0.03922601039727129,"heatmap:mom_lookback=6,cov_halflife=60"
blend,mv,2008-01-31,2008-02-29,0.04389570463190971,1.4383983304619845,False,1.3783914081932411,0.04245730630144773,0.041018907970985743,0.03958050964052376,"heatmap:mom_lookback=6,cov_halflife=60"
blend,mv,2008-02-29,2008-03-31,-0.009123365536247704,1.5746658577085895,False,1.600469946204661,-0.010698031393956293,-0.012272697251664882,-0.013847363109373474,"heatmap:mom_lookback=6,cov_halflife=60"
blend,mv,2008-03-31,2008-04-30,-0.0073991537482935256,1.7024419533502733,False,1.3666516505135455,-0.0091015957016438,-0.010804037654994072,-0.012506479608344345,"heatmap:mom_lookback=6,cov_halflife=60"
blend,mv,2008-04-30,2008-05-31,0.025123289688245815,1.2094653115791605,False,1.480562227096369,0.023913824376666653,0.022704359065087495,0.021494893753508333,"heatmap:mom_lookback=6,cov_halflife=60"
blend,mv,2008-05-31,2008-06-30,0.046934175189068866,1.3576230322173628,False,1.4828957683961363,0.0455765521568515,0.04421892912463414,0.04286130609241678,"heatmap:mom_lookback=6,cov_halflife=60"
blend,mv,2008-06-30,2008-07-31,-0.027265871337611425,0.9364176682698574,False,1.3914162867158704,-0.028202289005881283,-0.02913870667415114,-0.030075124342420996,"heatmap:mom_lookback=6,cov_halflife=60"
blend,mv,2008-07-31,2008-08-31,-0.021664194657070077,1.0326454430254666,False,1.2604968950044795,-0.022696840100095542,-0.023729485543121008,-0.024762130986146477,"heatmap:mom_lookback=6,cov_halflife=60"
blend,mv,2008-08-31,2008-09-30,-0.024927203908279048,1.4625007495757791,False,1.3500272859437576,-0.026389704657854826,-0.027852205407430605,-0.029314706157006386,"heatmap:mom_lookback=6,cov_halflife=60"
blend,mv,2008-09-30,2008-10-31,0.04110917275989311,0.8963459797844445,False,1.3744568184544421,0.040212826780108665,0.039316480800324224,0.03842013482053978,"heatmap:mom_lookback=6,cov_halflife=60"
blend,mv,2008-10-31,2008-11-30,0.014854031789082598,1.2473860477669143,False,1.3470818394659674,0.013606645741315683,0.01235925969354877,0.011111873645781855,"heatmap:mom_lookback=6,cov_halflife=60"
blend,mv,2008-11-30,2008-12-31,-0.008349940435635963,1.2675336855603763,False,1.2041012951048857,-0.009617474121196339,-0.010885007806756716,-0.012152541492317093,"heatmap:mom_lookback=6,cov_halflife=60"
blend,mv,2008-12-31,2009-01-31,0.027166675206381007,1.1791979751142203,False,1.2930017992098977,0.025987477231266785,0.024808279256152567,0.023629081281038345,"heatmap:mom_lookback=6,cov_halflife=60"
blend,mv,2009-01-31,2009-02-28,0.00016366829957208134,0.9902942157109282,False,1.155773299591975,-0.000826625916138847,-0.0018169201318497753,-0.0028072143475607035,"heatmap:mom_lookback=6,cov_halflife=60"
blend,mv,2009-02-28,2009-03-31,-0.023491758191264162,0.9982143521321263,False,1.155370698052637,-0.02448997254339629,-0.025488186895528415,-0.02648640124766054,"heatmap:mom_lookback=6,cov_halflife=60"
blend,mv,2009-03-31,2009-04-30,-0.1271116017421332,1.3370675847507598,False,1.083391941034656,-0.12844866932688398,-0.12978573691163472,-0.1311228044963855,"heatmap:mom_lookback=6,cov_halflife=60"
blend,mv,2009-04-30,2009-05-31,-0.014461597828368328,1.265938120657737,False,0.9968453450623157,-0.015727535949026067,-0.016993474069683802,-0.01825941219034154,"heatmap:mom_lookback=6,cov_halflife=60"
blend,mv,2009-05-31,2009-06-30,-0.003629637578792619,1.0662562393104111,False,1.231011374527739,-0.00469589381810303,-0.005762150057413441,-0.0068284062967238525,"heatmap:mom_lookback=6,cov_halflife=60"
blend,mv,2009-06-30,2009-07-31,-0.018697868563548367,1.1634933621814652,False,1.283049237221065,-0.019861361925729834,-0.021024855287911298,-0.02218834865009276,"heatmap:mom_lookback=6,cov_halflife=60"
blend,mv,2009-07-31,2009-08-31,-0.01286608538060877,1.2655039335060705,False,1.3068033987055339,-0.01413158931411484,-0.01539709324762091,-0.016662597181126983,"heatmap:mom_lookback=6,cov_halflife=60"
blend,mv,2009-08-31,2009-09-30,-0.009112073749865524,1.2789965947468347,False,1.0496661372104927,-0.010391070344612358,-0.011670066939359194,-0.012949063534106027,"heatmap:mom_lookback=6,cov_halflife=60"
blend,mv,2009-09-30,2009-10-31,0.003925214699658938,1.0782975100375884,False,1.1515608335734544,0.00284691718962135,0.0017686196795837611,0.0006903221695461728,"heatmap:mom_lookback=6,cov_halflife=60"
blend,mv,2009-10-31,2009-11-30,-0.0025178367316233134,1.0683289785511119,False,1.2776277865197279,-0.003586165710174425,-0.004654494688725537,-0.005722823667276649,"heatmap:mom_lookback=6,cov_halflife=60"
blend,mv,2009-11-30,2009-12-31,-0.0009949751934380821,1.1953874580981236,False,1.2810640309004544,-0.0021903626515362056,-0.0033857501096343293,-0.004581137567732453,"heatmap:mom_lookback=6,cov_halflife=60"
blend,mv,2009-12-31,2010-01-31,-0.0056636012721721736,1.1596180752387828,False,1.248123636600255,-0.006823219347410956,-0.00798283742264974,-0.009142455497888523,"heatmap:mom_lookback=6,cov_halflife=60"
blend,mv,2010-01-31,2010-02-28,0.012425677188091804,0.8554008153889988,False,1.245399368465957,0.011570276372702805,0.010714875557313807,0.009859474741924806,"heatmap:mom_lookback=6,cov_halflife=60"
blend,mv,2010-02-28,2010-03-31,-0.00035396225403414017,1.2371316424833556,False,1.2369602659133974,-0.0015910938965174957,-0.0028282255390008515,-0.004065357181484207,"heatmap:mom_lookback=6,cov_halflife=60"
blend,mv,2010-03-31,2010-04-30,-0.0025191894373376208,1.0631504907666647,False,1.2338253423894283,-0.0035823399281042856,-0.0046454904188709505,-0.005708640909637614,"heatmap:mom_lookback=6,cov_halflife=60"
blend,mv,2010-04-30,2010-05-31,0.00411818049576697,1.1027818067497015,False,1.2327987508173843,0.0030153986890172685,0.001912616882267567,0.0008098350755178655,"heatmap:mom_lookback=6,cov_halflife=60"
blend,mv,2010-05-31,2010-06-30,-0.01635291533477269,1.0225945594139618,False,1.044299704697956,-0.017375509894186653,-0.018398104453600614,-0.019420699013014575,"heatmap:mom_lookback=6,cov_halflife=60"
blend,mv,2010-06-30,2010-07-31,-0.019945954748407213,1.0704568358907405,False,1.23523709250196,-0.021016411584297953,-0.022086868420188695,-0.023157325256079435,"heatmap:mom_lookback=6,cov_halflife=60"
blend,mv,2010-07-31,2010-08-31,0.024214259917588923,1.0380363376325303,False,1.1244752739830661,0.02317622357995639,0.022138187242323863,0.021100150904691334,"heatmap:mom_lookback=6,cov_halflife=60"
blend,mv,2010-08-31,2010-09-30,0.01782580778568482,0.8637560214593676,False,1.18766882461724,0.01696205176422545,0.016098295742766083,0.015234539721306716,"heatmap:mom_lookback=6,cov_halflife=60"
blend,mv,2010-09-30,2010-10-31,0.00783721642504881,1.1783392292616335,False,1.1369569044043062,0.006658877195787176,0.0054805379665255425,0.00430219873726391,"heatmap:mom_lookback=6,cov_halflife=60"
blend,mv,2010-10-31,2010-11-30,0.004347988524911603,0.8097780979605295,False,1.0968136212348838,0.003538210426951073,0.0027284323289905434,0.0019186542310300142,"heatmap:mom_lookback=6,cov_halflife=60"
blend,mv,2010-11-30,2010-12-31,-0.020465159884499887,0.9002567423621988,False,1.2732146620909568,-0.021365416626862085,-0.022265673369224283,-0.023165930111586484,"heatmap:mom_lookback=6,cov_halflife=60"
blend,mv,2010-12-31,2011-01-31,-0.01597391393067077,1.162710871677488,False,1.1452883696045149,-0.017136624802348257,-0.018299335674025745,-0.019462046545703233,"heatmap:mom_lookback=6,cov_halflife=60"
blend,mv,2011-01-31,2011-02-28,-0.0003274233074746805,0.934484644895063,False,1.125703903685541,-0.0012619079523697434,-0.0021963925972648063,-0.0031308772421598696,"heatmap:mom_lookback=6,cov_halflife=60"
blend,mv,2011-02-28,2011-03-31,0.010459658842283613,1.1210157621774663,False,1.1263815183287436,0.009338643080106146,0.00821762731792868,0.007096611555751213,"heatmap:mom_lookback=6,cov_halflife=60"
blend,mv,2011-03-31,2011-04-30,-0.018809304778277552,0.9271666549110177,False,1.1006470411635407,-0.01973647143318857,-0.020663638088099588,-0.021590804743010606,"heatmap:mom_lookback=6,cov_halflife=60"
blend,mv,2011-04-30,2011-05-31,-0.013013832803875398,0.9229048150522744,False,0.9979496528682119,-0.013936737618927672,-0.014859642433979947,-0.01578254724903222,"heatmap:mom_lookback=6,cov_halflife=60"
blend,mv,2011-05-31,2011-06-30,0.004529401554777292,1.13434972278326,False,1.3468748375934687,0.0033950518319940323,0.0022607021092107727,0.0011263523864275126,"heatmap:mom_lookback=6,cov_halflife=60"
blend,mv,2011-06-30,2011-07-31,0.0029968758820855127,1.192486763995532,False,1.3538112921620744,0.0018043891180899805,0.0006119023540944483,-0.0005805844099010839,"heatmap:mom_lookback=6,cov_halflife=60"
blend,mv,2011-07-31,2011-08-31,0.012303796801075961,1.2006432191310565,False,1.3685085201891254,0.011103153581944905,0.009902510362813848,0.008701867143682792,"heatmap:mom_lookback=6,cov_halflife=60"
blend,mv,2011-08-31,2011-09-30,0.02404971859779932,1.047257413795528,False,1.4024454363400025,0.023002461184003793,0.021955203770208265,0.020907946356412736,"heatmap:mom_lookback=6,cov_halflife=60"
blend,mv,2011-09-30,2011-10-31,-0.025987076642669846,1.0848262517471223,False,1.0189862472308933,-0.02707190289441697,-0.02815672914616409,-0.029241555397911213,"heatmap:mom_lookback=6,cov_halflife=60"
blend,mv,2011-10-31,2011-11-30,0.0025649800284339563,1.1965719006986655,False,1.1710068434534242,0.0013684081277352909,0.00017183622703662547,-0.0010247356736620404,"heatmap:mom_lookback=6,cov_halflife=60"
blend,mv,2011-11-30,2011-12-31,0.011053080076781007,1.0579373054343777,False,1.3734105528341525,0.00999514277134663,0.008937205465912252,0.007879268160477874,"heatmap:mom_lookback=6,cov_halflife=60"
blend,mv,2011-12-31,2012-01-31,-0.015704666625451134,1.0689126382525023,False,1.2370425717855997,-0.016773579263703636,-0.01784249190195614,-0.01891140454020864,"heatmap:mom_lookback=6,cov_halflife=60"
blend,mv,2012-01-31,2012-02-29,0.005594810166881708,1.3412066920456753,False,1.3678607634960063,0.004253603474836032,0.002912396782790357,0.0015711900907446818,"heatmap:mom_lookback=6,cov_halflife=60"
blend,mv,2012-02-29,2012-03-31,0.01868350976357549,1.0176433853167084,False,1.1593693897822723,0.01766586637825878,0.016648222992942073,0.015630579607625362,"heatmap:mom_lookback=6,cov_halflife=60"
blend,mv,2012-03-31,2012-04-30,0.00212402194510036,1.0053307907514561,False,1.072397987154222,0.001118691154348904,0.000113360363597448,-0.0008919704271540085,"heatmap:mom_lookback=6,cov_halflife=60"
blend,mv,2012-04-30,2012-05-31,0.006471097719731039,0.7863873909221901,False,1.1642889818802684,0.005684710328808849,0.004898322937886659,0.004111935546964469,"heatmap:mom_lookback=6,cov_halflife=60"
blend,mv,2012-05-31,2012-06-30,0.00204804506937281,0.9520009252080844,False,1.1169067281530554,0.0010960441441647257,0.00014404321895664118,-0.0008079577062514434,"heatmap:mom_lookback=6,cov_halflife=60"
blend,mv,2012-06-30,2012-07-31,0.014476316732044222,1.1667570443178759,False,1.4100328324977969,0.013309559687726347,0.01214280264340847,0.010976045599090593,"heatmap:mom_lookback=6,cov_halflife=60"
blend,mv,2012-07-31,2012-08-31,-0.012598088578265181,1.2511814891630837,False,1.2961797348939275,-0.013849270067428265,-0.015100451556591349,-0.016351633045754432,"heatmap:mom_lookback=6,cov_halflife=60"
blend,mv,2012-08-31,2012-09-30,-0.0038356788255092004,1.156709360093464,False,1.1921212828020806,-0.004992388185602664,-0.006149097545696128,-0.007305806905789592,"heatmap:mom_lookback=6,cov_halflife=60"
blend,mv,2012-09-30,2012-10-31,-0.024776241222806188,1.2095170846757706,False,1.1507228729246486,-0.025985758307481958,-0.027195275392157728,-0.028404792476833498,"heatmap:mom_lookback=6,cov_halflife=60"
blend,mv,2012-10-31,2012-11-30,-0.006255038886569919,0.9416210925102543,False,1.315931051203149,-0.007196659979080173,-0.008138281071590427,-0.009079902164100682,"heatmap:mom_lookback=6,cov_halflife=60"
blend,mv,2012-11-30,2012-12-31,0.005447837153991756,1.5369446464503416,False,1.4741844219800007,0.003910892507541414,0.0023739478610910725,0.0008370032146407308,"heatmap:mom_lookback=6,cov_halflife=60"
blend,mv,2012-12-31,2013-01-31,0.019069086195881536,1.5010954085010852,False,1.419357146280991,0.01756799078738045,0.016066895378879367,0.014565799970378279,"heatmap:mom_lookback=6,cov_halflife=60"
blend,mv,2013-01-31,2013-02-28,-0.0006237318711647188,1.496220513194731,False,1.4502845051910374,-0.0021199523843594497,-0.0036161728975541807,-0.005112393410748912,"heatmap:mom_lookback=6,cov_halflife=60"
blend,mv,2013-02-28,2013-03-31,0.0006332074065165914,1.3070831866842425,False,1.218265915238649,-0.0006738757801676512,-0.001980958966851894,-0.0032880421535361358,"heatmap:mom_lookback=6,cov_halflife=60"
blend,mv,2013-03-31,2013-04-30,0.014849472089051283,1.4682300254881029,False,1.3007517683895995,0.01338124206356318,0.011913012038075077,0.010444782012586973,"heatmap:mom_lookback=6,cov_halflife=60"
blend,mv,2013-04-30,2013-05-31,-0.0003596945438460867,1.3194655194237992,False,1.1085659801977217,-0.001679160063269886,-0.0029986255826936854,-0.004318091102117484,"heatmap:mom_lookback=6,cov_halflife=60"
blend,mv,2013-05-31,2013-06-30,0.020893103904625444,0.8903244583708677,False,1.0803703915057496,0.020002779446254577,0.01911245498788371,0.01822213052951284,"heatmap:mom_lookback=6,cov_halflife=60"
blend,mv,2013-06-30,2013-07-31,0.001012241960146568,1.0840636547950533,False,1.1066391327287324,-7.182169464848534e-05,-0.0011558853494435387,-0.002239949004238592,"heatmap:mom_lookback=6,cov_halflife=60"
blend,mv,2013-07-31,2013-08-31,-0.010542044601835452,0.9656973159269431,False,0.9792692969116424,-0.011507741917762394,-0.012473439233689338,-0.01343913654961628,"heatmap:mom_lookback=6,cov_halflife=60"
blend,mv,2013-08-31,2013-09-30,0.016380965699387826,0.8135109857221606,False,1.0939936997526587,0.015567454713665666,0.014753943727943504,0.013940432742221344,"heatmap:mom_lookback=6,cov_halflife=60"
blend,mv,2013-09-30,2013-10-31,-0.005240352682339106,0.932412014713766,False,1.242726489824755,-0.006172764697052873,-0.007105176711766638,-0.008037588726480405,"heatmap:mom_lookback=6,cov_halflife=60"
blend,mv,2013-10-31,2013-11-30,0.016497016387267603,1.1121764331487467,False,1.4067041661980733,0.015384839954118856,0.014272663520970109,0.013160487087821363,"heatmap:mom_lookback=6,cov_halflife=60"
blend,mv,2013-11-30,2013-12-31,0.005092046180694971,1.3903073881594772,False,1.3274941424527842,0.0037017387925354943,0.002311431404376017,0.00092112401621654,"heatmap:mom_lookback=6,cov_halflife=60"
blend,mv,2013-12-31,2014-01-31,0.0089422264145864,1.276661636432,False,1.2889653713414888,0.007665564778154399,0.006388903141722399,0.005112241505290399,"heatmap:mom_lookback=6,cov_halflife=60"
blend,mv,2014-01-31,2014-02-28,0.0009425693223954295,1.0884093854288073,False,1.3097357324847676,-0.00014584006303337794,-0.0012342494484621853,-0.0023226588338909927,"heatmap:mom_lookback=6,cov_halflife=60"
blend,mv,2014-02-28,2014-03-31,-0.008604405052997456,1.0905475507326143,False,1.2198595077650194,-0.009694952603730071,-0.010785500154462686,-0.011876047705195299,"heatmap:mom_lookback=6,cov_halflife=60"
blend,mv,2014-03-31,2014-04-30,-0.006465246334720054,0.8695374787897693,False,1.2330240482905754,-0.007334783813509823,-0.008204321292299593,-0.009073858771089361,"heatmap:mom_lookback=6,cov_halflife=60"
blend,mv,2014-04-30,2014-05-31,0.015366329584589753,0.8723146651759767,False,1.328082044111004,0.014494014919413777,0.0136217002542378,0.012749385589061822,"heatmap:mom_lookback=6,cov_halflife=60"
blend,mv,2014-05-31,2014-06-30,0.0019080177500048518,1.3358452034185078,False,1.370876189198784,0.000572172546586344,-0.0007636726568321637,-0.002099517860250672,"heatmap:mom_lookback=6,cov_halflife=60"
blend,mv,2014-06-30,2014-07-31,0.011142493785603409,1.3038921438298423,False,1.459384440585394,0.009838601641773565,0.008534709497943724,0.007230817354113882,"heatmap:mom_lookback=6,cov_halflife=60"
blend,mv,2014-07-31,2014-08-31,0.004724457584407877,1.3136838758166551,False,1.4436021161458066,0.0034107737085912215,0.0020970898327745662,0.0007834059569579114,"heatmap:mom_lookback=6,cov_halflife=60"
blend,mv,2014-08-31,2014-09-30,0.014905812944407537,1.0949851502700128,False,1.223763946472979,0.013810827794137524,0.012715842643867513,0.0116208574935975,"heatmap:mom_lookback=6,cov_halflife=60"
blend,mv,2014-09-30,2014-10-31,0.002903344473410331,0.9782531167372316,False,1.3191605625099616,0.0019250913566730993,0.0009468382399358678,-3.141487680136416e-05,"heatmap:mom_lookback=6,cov_halflife=60"
blend,mv,2014-10-31,2014-11-30,0.008589890597967678,0.9404459288094777,False,1.410162826354016,0.0076494446691582,0.006708998740348722,0.005768552811539245,"heatmap:mom_lookback=6,cov_halflife=60"
blend,mv,2014-11-30,2014-12-31,0.012729393001020411,1.005136321798806,False,1.3350220477536823,0.011724256679221605,0.010719120357422798,0.009713984035623993,"heatmap:mom_lookback=6,cov_halflife=60"
blend,mv,2014-12-31,2015-01-31,-0.0072837687333805684,1.142094982784011,False,1.4213352328274929,-0.00842586371616458,-0.009567958698948591,-0.010710053681732602,"heatmap:mom_lookback=6,cov_halflife=60"
blend,mv,2015-01-31,2015-02-28,-0.005660145906552372,1.107033108757775,False,1.3241289782506427,-0.006767179015310147,-0.007874212124067923,-0.008981245232825697,"heatmap:mom_lookback=6,cov_halflife=60"
blend,mv,2015-02-28,2015-03-31,0.008945692130166723,1.246733114428488,False,1.371222453818028,0.0076989590157382345,0.006452225901309746,0.005205492786881259,"heatmap:mom_lookback=6,cov_halflife=60"
blend,mv,2015-03-31,2015-04-30,-0.023217741761225236,1.0813583880650002,False,1.371261310998607,-0.024299100149290237,-0.025380458537355235,-0.026461816925420236,"heatmap:mom_lookback=6,cov_halflife=60"
blend,mv,2015-04-30,2015-05-31,0.026117668233302426,1.3495888953041004,False,1.3176991393229387,0.024768079337998326,0.023418490442694225,0.022068901547390125,"heatmap:mom_lookback=6,cov_halflife=60"
blend,mv,2015-05-31,2015-06-30,0.011091105603863902,1.3396967323990463,False,1.4885004971154165,0.009751408871464855,0.00841171213906581,0.007072015406666763,"heatmap:mom_lookback=6,cov_halflife=60"
blend,mv,2015-06-30,2015-07-31,0.0020138060243116156,1.431229978304819,False,1.4275392605717383,0.0005825760460067965,-0.0008486539322980226,-0.0022798839106028417,"heatmap:mom_lookback=6,cov_halflife=60"
blend,mv,2015-07-31,2015-08-31,-0.003607798007459828,1.2023872207051525,False,1.4072352477266001,-0.004810185228164981,-0.006012572448870133,-0.007214959669575286,"heatmap:mom_lookback=6,cov_halflife=60"
blend,mv,2015-08-31,2015-09-30,-0.008370908291475227,1.4198047318008011,False,1.3032694418477289,-0.009790713023276028,-0.01121051775507683,-0.012630322486877631,"heatmap:mom_lookback=6,cov_halflife=60"
blend,mv,2015-09-30,2015-10-31,-0.007191618408839632,1.0671242487074868,False,1.220758961755103,-0.008258742657547119,-0.009325866906254605,-0.010392991154962092,"heatmap:mom_lookback=6,cov_halflife=60"
blend,mv,2015-10-31,2015-11-30,-0.0012589922115830464,1.3171462943418886,False,1.152648757265534,-0.002576138505924935,-0.0038932848002668236,-0.005210431094608712,"heatmap:mom_lookback=6,cov_halflife=60"
blend,mv,2015-11-30,2015-12-31,-0.004984246524997281,1.3569517529744382,False,1.4146645139030716,-0.00634119827797172,-0.007698150030946158,-0.009055101783920595,"heatmap:mom_lookback=6,cov_halflife=60"
blend,mv,2015-12-31,2016-01-31,-0.008734825918554772,1.3793471487035909,False,1.286237345886784,-0.010114173067258363,-0.011493520215961953,-0.012872867364665544,"heatmap:mom_lookback=6,cov_halflife=60"
blend,mv,2016-01-31,2016-02-29,-0.007886466568348174,1.1834503239547454,False,1.5182045162315174,-0.00906991689230292,-0.010253367216257664,-0.01143681754021241,"heatmap:mom_lookback=6,cov_halflife=60"
blend,mv,2016-02-29,2016-03-31,-0.01890532140208366,1.5991753857156525,False,1.5246007396320882,-0.020504496787799312,-0.022103672173514964,-0.02370284755923062,"heatmap:mom_lookback=6,cov_halflife=60"
blend,mv,2016-03-31,2016-04-30,0.016183961296837874,1.5419773277039381,False,1.2911630283053939,0.014641983969133935,0.013100006641429997,0.01155802931372606,"heatmap:mom_lookback=6,cov_halflife=60"
blend,mv,2016-04-30,2016-05-31,-0.017709071372543878,1.1765377447957803,False,1.3783249202889374,-0.018885609117339656,-0.02006214686213544,-0.021238684606931218,"heatmap:mom_lookback=6,cov_halflife=60"
blend,mv,2016-05-31,2016-06-30,0.030650880431141943,1.3419920233803864,False,1.2536239769152786,0.02930888840776156,0.02796689638438117,0.026624904361000783,"heatmap:mom_lookback=6,cov_halflife=60"
blend,mv,2016-06-30,2016-07-31,0.007707089182134398,1.5859611791388062,False,1.3669364571844465,0.006121128002995592,0.004535166823856785,0.0029492056447179794,"heatmap:mom_lookback=6,cov_halflife=60"
blend,mv,2016-07-31,2016-08-31,-0.023144693738729495,1.5015657464561305,False,1.1533017465486444,-0.024646259485185625,-0.026147825231641757,-0.027649390978097887,"heatmap:mom_lookback=6,cov_halflife=60"
blend,mv,2016-08-31,2016-09-30,0.005742860737844666,1.5452699169322388,False,1.4551098451733755,0.004197590820912428,0.0026523209039801886,0.0011070509870479495,"heatmap:mom_lookback=6,cov_halflife=60"
blend,mv,2016-09-30,2016-10-31,-0.0003185902165972864,1.4260788920008227,False,1.3557254413621267,-0.0017446691085981091,-0.0031707480005989316,-0.0045968268925997546,"heatmap:mom_lookback=6,cov_halflife=60"
blend,mv,2016-10-31,2016-11-30,-0.030695539011110672,1.5306721811555446,False,1.452973942660081,-0.032226211192266215,-0.03375688337342176,-0.035287555554577306,"heatmap:mom_lookback=6,cov_halflife=60"
blend,mv,2016-11-30,2016-12-31,0.0034826366666017706,1.590913855822158,False,1.4410433027703338,0.0018917228107796125,0.0003008089549574543,-0.0012901049008647038,"heatmap:mom_lookback=6,cov_halflife=60"
blend,mv,2016-12-31,2017-01-31,-0.008277330211010663,1.4986557540255425,False,1.264285981400008,-0.009775985965036206,-0.011274641719061748,-0.012773297473087291,"heatmap:mom_lookback=6,cov_halflife=60"
blend,mv,2017-01-31,2017-02-28,0.003324778559718118,0.9371161914542704,False,1.3237280888137901,0.0023876623682638474,0.001450546176809577,0.0005134299853553066,"heatmap:mom_lookback=6,cov_halflife=60"
blend,mv,2017-02-28,2017-03-31,-0.00689524512411052,1.3997505186689891,False,1.4345778660421247,-0.00829499564277951,-0.009694746161448498,-0.011094496680117487,"heatmap:mom_lookback=6,cov_halflife=60"
blend,mv,2017-03-31,2017-04-30,0.001985455455887093,1.5107230169975123,False,1.3921549970499831,0.00047473243888958056,-0.0010359905781079318,-0.0025467135951054445,"heatmap:mom_lookback=6,cov_halflife=60"
blend,mv,2017-04-30,2017-05-31,0.0018668017809049015,1.5886217371861562,False,1.4773542776159814,0.00027818004371874525,-0.001310441693467411,-0.0028990634306535674,"heatmap:mom_lookback=6,cov_halflife=60"
blend,mv,2017-05-31,2017-06-30,-3.82450635144787e-05,1.8472838487147814,False,1.4834536618514638,-0.00188552891222926,-0.003732812760944041,-0.005580096609658823,"heatmap:mom_lookback=6,cov_halflife=60"
blend,mv,2017-06-30,2017-07-31,-0.008963768541871564,1.3138812654224037,False,1.3773533769367712,-0.010277649807293968,-0.011591531072716372,-0.012905412338138775,"heatmap:mom_lookback=6,cov_halflife=60"
blend,mv,2017-07-31,2017-08-31,0.025679444139596053,1.2486646769309777,False,1.3878983313424134,0.024430779462665076,0.023182114785734096,0.02193345010880312,"heatmap:mom_lookback=6,cov_halflife=60"
blend,mv,2017-08-31,2017-09-30,0.001971434841077128,1.4033066107850052,False,1.6361344915813907,0.0005681282302921226,-0.0008351783804928826,-0.002238484991277888,"heatmap:mom_lookback=6,cov_halflife=60"
blend,mv,2017-09-30,2017-10-31,0.02180284661453394,1.5159526115793656,False,1.6637907986839444,0.020286894002954574,0.018770941391375206,0.01725498877979584,"heatmap:mom_lookback=6,cov_halflife=60"
blend,mv,2017-10-31,2017-11-30,-0.016096633911834808,1.1644938617173728,False,1.7033002388905703,-0.017261127773552182,-0.018425621635269555,-0.019590115496986926,"heatmap:mom_lookback=6,cov_halflife=60"
blend,mv,2017-11-30,2017-12-31,-0.0028424849478785818,1.547008311668746,False,1.5737169722165114,-0.004389493259547328,-0.005936501571216074,-0.00748350988288482,"heatmap:mom_lookback=6,cov_halflife=60"
blend,mv,2017-12-31,2018-01-31,0.01913592235138035,1.4289731060612758,False,1.6137616266712946,0.017706949245319077,0.0162779761392578,0.014849003033196525,"heatmap:mom_lookback=6,cov_halflife=60"
blend,mv,2018-01-31,2018-02-28,-0.012150220346768457,1.1249949720147359,False,1.612603765190011,-0.013275215318783194,-0.01440021029079793,-0.015525205262812664,"heatmap:mom_lookback=6,cov_halflife=60"
blend,mv,2018-02-28,2018-03-31,-0.010190415956641425,1.5678822465198785,False,1.5348043901952246,-0.011758298203161304,-0.013326180449681183,-0.014894062696201062,"heatmap:mom_lookback=6,cov_halflife=60"
blend,mv,2018-03-31,2018-04-30,0.007319797766764893,1.3146175382478924,False,1.3635306101723739,0.006005180228517001,0.004690562690269108,0.003375945152021216,"heatmap:mom_lookback=6,cov_halflife=60"
blend,mv,2018-04-30,2018-05-31,0.02015042639538108,1.2693018115187313,False,1.4533956435527553,0.01888112458386235,0.01761182277234362,0.016342520960824888,"heatmap:mom_lookback=6,cov_halflife=60"
blend,mv,2018-05-31,2018-06-30,-0.017534765779460317,1.4356777560465641,False,1.5856930915586926,-0.018970443535506882,-0.020406121291553444,-0.02184179904760001,"heatmap:mom_lookback=6,cov_halflife=60"
blend,mv,2018-06-30,2018-07-31,9.837658387654619e-05,1.2187281340019775,False,1.551871552908614,-0.0011203515501254314,-0.002339079684127409,-0.0035578078181293864,"heatmap:mom_lookback=6,cov_halflife=60"
blend,mv,2018-07-31,2018-08-31,0.03699291612896512,0.9620856680384595,False,1.6310644085975494,0.03603083046092666,0.0350687447928882,0.03410665912484974,"heatmap:mom_lookback=6,cov_halflife=60"
blend,mv,2018-08-31,2018-09-30,0.0192868546243286,1.2363416584135236,False,1.7602451390904004,0.018050512965915075,0.01681417130750155,0.015577829649088028,"heatmap:mom_lookback=6,cov_halflife=60"
blend,mv,2018-09-30,2018-10-31,-0.024712692452862273,1.1077509212861902,False,1.4660262862206934,-0.025820443374148464,-0.026928194295434655,-0.028035945216720842,"heatmap:mom_lookback=6,cov_halflife=60"
blend,mv,2018-10-31,2018-11-30,-0.0046379252978223035,0.9119077266013454,False,1.3432574445634493,-0.005549833024423649,-0.0064617407510249945,-0.0073736484776263395,"heatmap:mom_lookback=6,cov_halflife=60"
blend,mv,2018-11-30,2018-12-31,0.01014097738933377,1.29270074191003,False,1.3733759721888164,0.00884827664742374,0.007555575905513711,0.00626287516360368,"heatmap:mom_lookback=6,cov_halflife=60"
blend,mv,2018-12-31,2019-01-31,-0.023770950759054495,1.0399573308032661,False,1.4301152900546577,-0.02481090808985776,-0.025850865420661027,-0.026890822751464295,"heatmap:mom_lookback=6,cov_halflife=60"
blend,mv,2019-01-31,2019-02-28,0.0019101624104088872,0.983489284106111,False,1.5801841615487364,0.0009266731263027762,-5.681615780333475e-05,-0.001040305441909446,"heatmap:mom_lookback=6,cov_halflife=60"
blend,mv,2019-02-28,2019-03-31,-0.00581597956744746,1.0222571897894326,False,1.5715608504044447,-0.006838236757236893,-0.007860493947026325,-0.008882751136815758,"heatmap:mom_lookback=6,cov_halflife=60"
blend,mv,2019-03-31,2019-04-30,-0.018736333188792257,1.270906214441786,False,1.6030023383451406,-0.020007239403234043,-0.02127814561767583,-0.022549051832117615,"heatmap:mom_lookback=6,cov_halflife=60"
blend,mv,2019-04-30,2019-05-31,0.014879788729030296,1.433858425975482,False,1.5639819837193158,0.013445930303054814,0.012012071877079332,0.01057821345110385,"heatmap:mom_lookback=6,cov_halflife=60"
blend,mv,2019-05-31,2019-06-30,-0.01706868918170966,1.3825542823848205,False,1.5208547337671934,-0.01845124346409448,-0.0198337977464793,-0.02121635202886412,"heatmap:mom_lookback=6,cov_halflife=60"
blend,mv,2019-06-30,2019-07-31,0.019953275763177066,1.1016983779155627,False,1.556698983272885,0.018851577385261505,0.01774987900734594,0.016648180629430378,"heatmap:mom_lookback=6,cov_halflife=60"
blend,mv,2019-07-31,2019-08-31,0.040248039168522196,1.1354642642872188,False,1.4350170219360445,0.039112574904234976,0.037977110639947756,0.036841646375660536,"heatmap:mom_lookback=6,cov_halflife=60"
blend,mv,2019-08-31,2019-09-30,-0.009140808281830646,0.745338950230376,False,1.4089175427990528,-0.009886147232061021,-0.010631486182291398,-0.011376825132521775,"heatmap:mom_lookback=6,cov_halflife=60"
blend,mv,2019-09-30,2019-10-31,0.013336909358427311,0.9404514910128862,False,1.2636196705926586,0.012396457867414425,0.01145600637640154,0.010515554885388653,"heatmap:mom_lookback=6,cov_halflife=60"
blend,mv,2019-10-31,2019-11-30,0.008896202324624491,0.9841257286240596,False,1.2104848227137588,0.007912076596000432,0.0069279508673763725,0.005943825138752312,"heatmap:mom_lookback=6,cov_halflife=60"
blend,mv,2019-11-30,2019-12-31,-0.004567020708957181,1.4062998945822636,False,1.5700808103356947,-0.005973320603539445,-0.007379620498121709,-0.008785920392703973,"heatmap:mom_lookback=6,cov_halflife=60"
blend,mv,2019-12-31,2020-01-31,0.016884298523171585,1.5436869317377704,False,1.6408884932785446,0.015340611591433814,0.013796924659696045,0.012253237727958274,"heatmap:mom_lookback=6,cov_halflife=60"
blend,mv,2020-01-31,2020-02-29,0.015017937181022125,1.1129225329854326,False,1.5973315679160325,0.013905014648036692,0.01279209211505126,0.011679169582065826,"heatmap:mom_lookback=6,cov_halflife=60"
blend,mv,2020-02-29,2020-03-31,0.04594752914688898,1.2581726013652461,False,1.4609782769371726,0.04468935654552374,0.043431183944158486,0.04217301134279324,"heatmap:mom_lookback=6,cov_halflife=60"
blend,mv,2020-03-31,2020-04-30,0.01644107870703007,1.1628693197728472,False,1.3036826327911462,0.015278209387257224,0.014115340067484376,0.012952470747711529,"heatmap:mom_lookback=6,cov_halflife=60"
blend,mv,2020-04-30,2020-05-31,-0.0034562285148928965,1.1892078505030659,False,1.1837471618098527,-0.004645436365395963,-0.005834644215899028,-0.0070238520664020945,"heatmap:mom_lookback=6,cov_halflife=60"
blend,mv,2020-05-31,2020-06-30,0.010026937138529656,1.0217394030731972,False,1.1615669559947173,0.009005197735456459,0.007983458332383262,0.006961718929310065,"heatmap:mom_lookback=6,cov_halflife=60"
blend,mv,2020-06-30,2020-07-31,0.02340031884235822,1.087057346615078,False,1.2985446136077614,0.022313261495743142,0.021226204149128066,0.020139146802512987,"heatmap:mom_lookback=6,cov_halflife=60"
blend,mv,2020-07-31,2020-08-31,0.025765760374076664,1.194112502580499,False,1.3105223009951796,0.024571647871496165,0.023377535368915667,0.022183422866335168,"heatmap:mom_lookback=6,cov_halflife=60"
blend,mv,2020-08-31,2020-09-30,-0.004637342663480131,0.9084718533358712,False,1.150710249098435,-0.005545814516816003,-0.006454286370151874,-0.007362758223487744,"heatmap:mom_lookback=6,cov_halflife=60"
blend,mv,2020-09-30,2020-10-31,-0.0014065611879241827,1.2430187849026229,False,1.2759163526549655,-0.0026495799728268057,-0.0038925987577294284,-0.005135617542632052,"heatmap:mom_lookback=6,cov_halflife=60"
blend,mv,2020-10-31,2020-11-30,-0.0008225382420795655,1.2040281547722875,False,1.08635297372098,-0.002026566396851853,-0.0032305945516241407,-0.004434622706396428,"heatmap:mom_lookback=6,cov_halflife=60"
blend,mv,2020-11-30,2020-12-31,0.014653015078621627,1.3662794993413276,False,1.1430302527760765,0.013286735579280298,0.011920456079938972,0.010554176580597645,"heatmap:mom_lookback=6,cov_halflife=60"
blend,mv,2020-12-31,2021-01-31,0.021753884517716742,1.051196289214302,False,1.0961706027872349,0.02070268822850244,0.019651491939288137,0.018600295650073834,"heatmap:mom_lookback=6,cov_halflife=60"
blend,mv,2021-01-31,2021-02-28,-0.007765990245278053,0.9227833176724654,False,1.0298737477607265,-0.008688773562950518,-0.009611556880622983,-0.01053434019829545,"heatmap:mom_lookback=6,cov_halflife=60"
blend,mv,2021-02-28,2021-03-31,-0.026682581374741204,1.106573199837768,False,1.1702164178032497,-0.02778915457457897,-0.02889572777441674,-0.030002300974254506,"heatmap:mom_lookback=6,cov_halflife=60"
blend,mv,2021-03-31,2021-04-30,0.006591126199498524,1.2013883155564626,False,0.9896519152735707,0.0053897378839420605,0.004188349568385598,0.002986961252829136,"heatmap:mom_lookback=6,cov_halflife=60"
blend,mv,2021-04-30,2021-05-31,0.0008085840047724818,0.9445956717935492,False,0.9074344560813017,-0.0001360116670210674,-0.0010806073388146165,-0.002025203010608166,"heatmap:mom_lookback=6,cov_halflife=60"
blend,mv,2021-05-31,2021-06-30,-0.016383248514485325,1.1543985326182773,False,1.3390895726710985,-0.017537647047103602,-0.01869204557972188,-0.019846444112340156,"heatmap:mom_lookback=6,cov_halflife=60"
blend,mv,2021-06-30,2021-07-31,-0.0034643072918611796,1.2010568857327366,False,1.203158415241126,-0.004665364177593916,-0.005866421063326653,-0.007067477949059389,"heatmap:mom_lookback=6,cov_halflife=60"
blend,mv,2021-07-31,2021-08-31,0.008055920710025104,0.9427779546009771,False,1.1030930903567142,0.007113142755424127,0.00617036480082315,0.005227586846222173,"heatmap:mom_lookback=6,cov_halflife=60"
blend,mv,2021-08-31,2021-09-30,-0.02151648051683088,1.384717490044783,False,1.3265927048974697,-0.022901198006875664,-0.024285915496920447,-0.02567063298696523,"heatmap:mom_lookback=6,cov_halflife=60"
blend,mv,2021-09-30,2021-10-31,0.01042658760254813,1.3297774981644086,False,1.373274295885977,0.009096810104383722,0.007767032606219313,0.006437255108054905,"heatmap:mom_lookback=6,cov_halflife=60"
blend,mv,2021-10-31,2021-11-30,-0.010843661827556863,1.1619769425469595,False,1.325555412025472,-0.012005638770103822,-0.013167615712650781,-0.014329592655197742,"heatmap:mom_lookback=6,cov_halflife=60"
blend,mv,2021-11-30,2021-12-31,-0.00972946833355989,1.0491381156807977,False,1.1069703124682475,-0.010778606449240688,-0.011827744564921486,-0.012876882680602282,"heatmap:mom_lookback=6,cov_halflife=60"
blend,mv,2021-12-31,2022-01-31,-0.0020096774345798457,1.0560136346881022,False,1.24088277937659,-0.003065691069267948,-0.00412170470395605,-0.005177718338644152,"heatmap:mom_lookback=6,cov_halflife=60"
blend,mv,2022-01-31,2022-02-28,-0.012718127100179456,0.9294061758155566,False,1.1982365159508812,-0.013647533275995013,-0.014576939451810569,-0.015506345627626126,"heatmap:mom_lookback=6,cov_halflife=60"
blend,mv,2022-02-28,2022-03-31,0.027941901438621675,0.8516539164445058,False,1.1272448446477343,0.02709024752217717,0.026238593605732663,0.02538693968928816,"heatmap:mom_lookback=6,cov_halflife=60"
blend,mv,2022-03-31,2022-04-30,0.026621469384277608,0.7509180900800349,False,1.1027175872292323,0.025870551294197575,0.025119633204117538,0.024368715114037504,"heatmap:mom_lookback=6,cov_halflife=60"
blend,mv,2022-04-30,2022-05-31,0.004505431240648401,0.9601311008757049,False,1.009577426654392,0.0035453001397726964,0.0025851690388969915,0.0016250379380212867,"heatmap:mom_lookback=6,cov_halflife=60"
blend,mv,2022-05-31,2022-06-30,-0.008890787699647677,0.9254771771433762,False,1.2034954647154947,-0.009816264876791053,-0.01074174205393443,-0.011667219231077806,"heatmap:mom_lookback=6,cov_halflife=60"
blend,mv,2022-06-30,2022-07-31,-0.003056612018762258,0.894569636933808,False,1.047670957475779,-0.003951181655696066,-0.004845751292629874,-0.005740320929563681,"heatmap:mom_lookback=6,cov_halflife=60"
blend,mv,2022-07-31,2022-08-31,0.01738876537397218,1.0675653696244052,False,1.15098195493769,0.016321200004347773,0.01525363463472337,0.014186069265098964,"heatmap:mom_lookback=6,cov_halflife=60"
blend,mv,2022-08-31,2022-09-30,0.008413385989246375,0.9260943631661608,False,1.239290412592317,0.007487291626080214,0.006561197262914053,0.005635102899747892,"heatmap:mom_lookback=6,cov_halflife=60"
blend,mv,2022-09-30,2022-10-31,0.014749711859755687,0.5525229910819649,False,1.201393659742896,0.014197188868673723,0.013644665877591756,0.013092142886509792,"heatmap:mom_lookback=6,cov_halflife=60"
blend,mv,2022-10-31,2022-11-30,-0.05085332840296565,0.8634702129174309,False,1.2704726816565008,-0.05171679861588308,-0.052580268828800514,-0.053443739041717946,"heatmap:mom_lookback=6,cov_halflife=60"
blend,mv,2022-11-30,2022-12-31,-0.0061382902969408844,1.0015395901076507,False,1.311711427867001,-0.007139829887048536,-0.008141369477156185,-0.009142909067263836,"heatmap:mom_lookback=6,cov_halflife=60"
blend,mv,2022-12-31,2023-01-31,-0.020669577054387125,0.8906722097582324,False,1.2507278919465188,-0.02156024926414536,-0.02245092147390359,-0.023341593683661822,"heatmap:mom_lookback=6,cov_halflife=60"
blend,mv,2023-01-31,2023-02-28,-0.014998600669498085,0.8912764597145588,False,1.1978135436670543,-0.015889877129212644,-0.016781153588927202,-0.01767243004864176,"heatmap:mom_lookback=6,cov_halflife=60"
blend,mv,2023-02-28,2023-03-31,0.005358172937522524,0.9633939975754128,False,1.046384344342434,0.004394778939947111,0.003431384942371698,0.0024679909447962852,"heatmap:mom_lookback=6,cov_halflife=60"
blend,mv,2023-03-31,2023-04-30,0.0018629941837205496,1.1094841059414937,False,1.1083482701131524,0.000753510077779056,-0.00035597402816243766,-0.0014654581341039315,"heatmap:mom_lookback=6,cov_halflife=60"
blend,mv,2023-04-30,2023-05-31,0.0014199676371752785,0.7024184652965108,False,1.1999293973797103,0.0007175491718787678,1.5130706582257031e-05,-0.0006872877587142537,"heatmap:mom_lookback=6,cov_halflife=60"
blend,mv,2023-05-31,2023-06-30,0.00480184528460103,0.9622768235564151,False,1.3720954545214432,0.003839568461044615,0.0028772916374882,0.0019150148139317849,"heatmap:mom_lookback=6,cov_halflife=60"
blend,mv,2023-06-30,2023-07-31,-0.007063635040021787,1.1571783634933717,False,0.990505459842537,-0.00822081340351516,-0.00937799176700853,-0.010535170130501901,"heatmap:mom_lookback=6,cov_halflife=60"
blend,mv,2023-07-31,2023-08-31,0.0036668327954360856,0.7432744295231296,False,1.2539957069534018,0.002923558365912956,0.0021802839363898262,0.0014370095068666966,"heatmap:mom_lookback=6,cov_halflife=60"
blend,mv,2023-08-31,2023-09-30,-0.013927148436623266,0.7752961356952977,False,1.2305667766938175,-0.014702444572318563,-0.015477740708013861,-0.01625303684370916,"heatmap:mom_lookback=6,cov_halflife=60"
blend,mv,2023-09-30,2023-10-31,-0.010795949251408352,0.9373967208510873,False,1.241612448128192,-0.011733345972259439,-0.012670742693110526,-0.013608139413961613,"heatmap:mom_lookback=6,cov_halflife=60"
blend,mv,2023-10-31,2023-11-30,0.0031507641775375297,0.8111492720008177,False,1.1016545415616867,0.002339614905536712,0.0015284656335358944,0.0007173163615350766,"heatmap:mom_lookback=6,cov_halflife=60"
blend,mv,2023-11-30,2023-12-31,-0.020291105535596442,1.0174412469941359,False,1.2449052004449257,-0.021308546782590577,-0.022325988029584715,-0.02334342927657885,"heatmap:mom_lookback=6,cov_halflife=60"
blend,mv,2023-12-31,2024-01-31,0.03049090951184725,0.8774038215298218,False,1.2162219245632802,0.029613505690317427,0.028736101868787604,0.027858698047257782,"heatmap:mom_lookback=6,cov_halflife=60"
blend,mv,2024-01-31,2024-02-29,-0.008767891467197968,0.8062098380158151,False,1.1263431626178058,-0.009574101305213783,-0.010380311143229598,-0.011186520981245413,"heatmap:mom_lookback=6,cov_halflife=60"
blend,mv,2024-02-29,2024-03-31,-0.01772459132785889,0.8092328392946151,False,1.0755350631741984,-0.018533824167153507,-0.01934305700644812,-0.020152289845742737,"heatmap:mom_lookback=6,cov_halflife=60"
blend,mv,2024-03-31,2024-04-30,-0.022843463719289088,0.7731067050801068,False,1.0346740801633059,-0.023616570424369196,-0.0243896771294493,-0.02516278383452941,"heatmap:mom_lookback=6,cov_halflife=60"
blend,mv,2024-04-30,2024-05-31,0.006463803704230578,0.8831816831660282,False,1.0786983594304185,0.00558062202106455,0.0046974403378985214,0.0038142586547324935,"heatmap:mom_lookback=6,cov_halflife=60"
blend,mv,2024-05-31,2024-06-30,0.010282134934621625,0.839966018287802,False,1.1186161219109965,0.009442168916333822,0.008602202898046021,0.007762236879758218,"heatmap:mom_lookback=6,cov_halflife=60"
blend,mv,2024-06-30,2024-07-31,-0.0100473345706242,0.9659560163071071,False,1.2961228718052655,-0.011013290586931308,-0.011979246603238415,-0.012945202619545522,"heatmap:mom_lookback=6,cov_halflife=60"
blend,mv,2024-07-31,2024-08-31,0.006172570254448577,0.8984835701630038,False,1.2006217844593499,0.005274086684285573,0.0043756031141225695,0.0034771195439595656,"heatmap:mom_lookback=6,cov_halflife=60"
blend,mv,2024-08-31,2024-09-30,-0.0037410069990797966,0.8437388581050664,False,1.195431176514421,-0.004584745857184863,-0.00542848471528993,-0.006272223573394996,"heatmap:mom_lookback=6,cov_halflife=60"
blend,mv,2024-09-30,2024-10-31,-0.007640353204172846,0.7300715535094168,False,1.2029814465133195,-0.008370424757682262,-0.00910049631119168,-0.009830567864701097,"heatmap:mom_lookback=6,cov_halflife=60"
blend,mv,2024-10-31,2024-11-30,0.01671168695371449,0.6104530427015443,False,1.18226323572691,0.016101233911012945,0.015490780868311401,0.014880327825609857,"heatmap:mom_lookback=6,cov_halflife=60"
blend,mv,2024-11-30,2024-12-31,0.012684359472783532,0.918542457408904,False,1.1871259186452,0.011765817015374628,0.010847274557965724,0.00992873210055682,"heatmap:mom_lookback=6,cov_halflife=60"
blend,mv,2024-12-31,2025-01-31,0.013459571088421277,0.8098932034491769,False,1.2610931283369504,0.0126496778849721,0.011839784681522924,0.011029891478073747,"heatmap:mom_lookback=6,cov_halflife=60"
blend,mv,2025-01-31,2025-02-28,-0.005473200301300851,1.0377687251791037,False,1.126143383504291,-0.006510969026479955,-0.007548737751659058,-0.008586506476838162,"heatmap:mom_lookback=6,cov_halflife=60"
blend,mv,2025-02-28,2025-03-31,-0.028562730776112277,0.85651807050472,False,1.2449900325917709,-0.029419248846616997,-0.030275766917121718,-0.031132284987626435,"heatmap:mom_lookback=6,cov_halflife=60"
blend,mv,2025-03-31,2025-04-30,0.004510177835259371,1.0157971794370786,False,1.0654219603212312,0.0034943806558222924,0.0024785834763852137,0.0014627862969481351,"heatmap:mom_lookback=6,cov_halflife=60"
blend,mv,2025-04-30,2025-05-31,0.01075666235108243,1.108186884741876,False,1.4154705299426251,0.009648475466340555,0.008540288581598679,0.007432101696856802,"heatmap:mom_lookback=6,cov_halflife=60"
blend,mv,2025-05-31,2025-06-30,0.016377634314929074,1.0719936840670121,False,1.117776432522935,0.015305640630862063,0.014233646946795051,0.013161653262728038,"heatmap:mom_lookback=6,cov_halflife=60"
blend,mv,2025-06-30,2025-07-31,-0.01744232195340476,0.718568759286363,False,1.1335545969621774,-0.018160890712691124,-0.018879459471977486,-0.019598028231263852,"heatmap:mom_lookback=6,cov_halflife=60"
blend,mv,2025-07-31,2025-08-31,0.001267488544483207,0.607091875615025,False,1.12675700506179,0.000660396668868182,5.3304793253157066e-05,-0.000553787082361868,"heatmap:mom_lookback=6,cov_halflife=60"
blend,mv,2025-08-31,2025-09-30,0.03127992019257958,0.8631020976555949,False,1.1741401472232058,0.030416818094923984,0.02955371599726839,0.028690613899612794,"heatmap:mom_lookback=6,cov_halflife=60"
blend,mv,2025-09-30,2025-10-31,0.010987764347312183,0.7808441000803088,False,1.0619360884960216,0.010206920247231875,0.009426076147151565,0.008645232047071256,"heatmap:mom_lookback=6,cov_halflife=60"
blend,mv,2025-10-31,2025-11-30,-0.011487401778819684,0.6435290003344364,False,0.9808225822602239,-0.01213093077915412,-0.012774459779488555,-0.013417988779822993,"heatmap:mom_lookback=6,cov_halflife=60"
blend,mv,2025-11-30,2025-12-31,0.014161360064004234,0.6433327601788158,False,1.0632323076677155,0.013518027303825418,0.012874694543646602,0.012231361783467787,"heatmap:mom_lookback=6,cov_halflife=60"
blend,mv,2025-12-31,2026-01-31,0.006369867091677776,0.6428565204151142,False,1.0624964034732778,0.005727010571262662,0.005084154050847547,0.0044412975304324335,"heatmap:mom_lookback=6,cov_halflife=60"
blend,mv,1995-01-31,1995-02-28,0.0025956748284153316,1.8494211535675105,True,1.8494211535675105,0.0007462536748478212,-0.0011031674787196893,-0.0029525886322871995,"heatmap:mom_lookback=9,cov_halflife=18"
blend,mv,1995-02-28,1995-03-31,-0.003979985164338354,1.485295552694878,False,1.7523824521083438,-0.005465280717033232,-0.00695057626972811,-0.008435871822422988,"heatmap:mom_lookback=9,cov_halflife=18"
blend,mv,1995-03-31,1995-04-30,0.028925754561167555,1.2623215948547832,False,1.7670490432800354,0.02766343296631277,0.026401111371457987,0.025138789776603204,"heatmap:mom_lookback=9,cov_halflife=18"
blend,mv,1995-04-30,1995-05-31,-0.009345687992704075,1.1039997048585501,False,1.7270803775119752,-0.010449687697562625,-0.011553687402421176,-0.012657687107279726,"heatmap:mom_lookback=9,cov_halflife=18"
blend,mv,1995-05-31,1995-06-30,0.005969347548926916,1.4035257426125862,False,1.8235435884865445,0.00456582180631433,0.0031622960637017433,0.0017587703210891568,"heatmap:mom_lookback=9,cov_halflife=18"
blend,mv,1995-06-30,1995-07-31,-0.007130487164853078,1.1551046256821684,False,1.856752767601988,-0.008285591790535247,-0.009440696416217415,-0.010595801041899583,"heatmap:mom_lookback=9,cov_halflife=18"
blend,mv,1995-07-31,1995-08-31,0.0027367206552210165,1.3037156486735166,False,1.7373585121315571,0.0014330050065475,0.00012928935787398337,-0.0011744262907995334,"heatmap:mom_lookback=9,cov_halflife=18"
blend,mv,1995-08-31,1995-09-30,0.021518344478868835,1.2173853828940755,False,1.7783494957886405,0.02030095909597476,0.019083573713080684,0.01786618833018661,"heatmap:mom_lookback=9,cov_halflife=18"
blend,mv,1995-09-30,1995-10-31,0.029501960167379045,1.4204105275249659,False,1.7600373968505358,0.02808154963985408,0.02666113911232911,0.025240728584804147,"heatmap:mom_lookback=9,cov_halflife=18"
blend,mv,1995-10-31,1995-11-30,-0.028075517936131607,1.234428414975077,False,1.658400198592381,-0.029309946351106685,-0.030544374766081763,-0.03177880318105684,"heatmap:mom_lookback=9,cov_halflife=18"
blend,mv,1995-11-30,1995-12-31,0.006287894442002023,1.0833748569695933,False,1.609446128715349,0.00520451958503243,0.004121144728062836,0.003037769871093243,"heatmap:mom_lookback=9,cov_halflife=18"
blend,mv,1995-12-31,1996-01-31,0.005731693198370389,1.260158181894603,False,1.7539193520228507,0.0044715350164757865,0.003211376834581183,0.00195121865268658,"heatmap:mom_lookback=9,cov_halflife=18"
blend,mv,1996-01-31,1996-02-29,0.00172047080548405,1.0804198721130254,False,1.8351875092749574,0.0006400509333710246,-0.0004403689387420008,-0.0015207888108550263,"heatmap:mom_lookback=9,cov_halflife=18"
blend,mv,1996-02-29,1996-03-31,-0.019475070338072657,1.2208795227750648,False,1.7570280770789328,-0.02069594986084772,-0.021916829383622785,-0.023137708906397852,"heatmap:mom_lookback=9,cov_halflife=18"
blend,mv,1996-03-31,1996-04-30,-0.014374812702614237,1.3182794252261747,False,1.8537313803383833,-0.01569309212784041,-0.017011371553066586,-0.018329650978292762,"heatmap:mom_lookback=9,cov_halflife=18"
blend,mv,1996-04-30,1996-05-31,-0.004444052609985244,1.390411296145289,False,1.9375805577485132,-0.005834463906130533,-0.007224875202275822,-0.008615286498421111,"heatmap:mom_lookback=9,cov_halflife=18"
blend,mv,1996-05-31,1996-06-30,0.004989205594468495,1.303443087089014,False,2.184286118094358,0.0036857625073794813,0.0023823194202904673,0.0010788763332014537,"heatmap:mom_lookback=9,cov_halflife=18"
blend,mv,1996-06-30,1996-07-31,0.01053802842198435,1.3580685982198821,False,2.2678026785718752,0.009179959823764468,0.007821891225544586,0.006463822627324704,"heatmap:mom_lookback=9,cov_halflife=18"
blend,mv,1996-07-31,1996-08-31,0.008537967479537516,1.2570670891244198,False,2.0621496125496765,0.007280900390413096,0.0060238333012886764,0.004766766212164257,"heatmap:mom_lookback=9,cov_halflife=18"
blend,mv,1996-08-31,1996-09-30,-0.0021058073752319925,1.6427770636292036,False,2.118730293168136,-0.003748584438861196,-0.0053913615024904,-0.007034138566119603,"heatmap:mom_lookback=9,cov_halflife=18"
blend,mv,1996-09-30,1996-10-31,0.001566800785206112,2.0056628095996865,False,2.1410382055458577,-0.00043886202439357433,-0.0024445248339932607,-0.004450187643592948,"heatmap:mom_lookback=9,cov_halflife=18"
blend,mv,1996-10-31,1996-11-30,-0.004118148055168944,1.9351407635702196,False,1.871370652254053,-0.006053288818739164,-0.007988429582309383,-0.009923570345879602,"heatmap:mom_lookback=9,cov_halflife=18"
blend,mv,1996-11-30,1996-12-31,0.01709918919000554,1.931379137700796,False,1.9151157161563197,0.015167810052304744,0.013236430914603949,0.011305051776903151,"heatmap:mom_lookback=9,cov_halflife=18"
blend,mv,1996-12-31,1997-01-31,0.012823482571131951,1.414666159055422,False,1.7856517205916287,0.01140881641207653,0.009994150253021108,0.008579484093965684,"heatmap:mom_lookback=9,cov_halflife=18"
blend,mv,1997-01-31,1997-02-28,-0.019013562346136825,1.3944484474678027,False,1.8313041392089549,-0.020408010793604627,-0.02180245924107243,-0.023196907688540234,"heatmap:mom_lookback=9,cov_halflife=18"
blend,mv,1997-02-28,1997-03-31,0.0020489882398855306,1.7874896601685288,False,1.9491282361453328,0.0002614985797170016,-0.0015259910804515274,-0.0033134807406200563,"heatmap:mom_lookback=9,cov_halflife=18"
blend,mv,1997-03-31,1997-04-30,0.0016060098313439644,1.4023928294037749,False,2.191031242234243,0.00020361700194018945,-0.0011987758274635855,-0.00260116865686736,"heatmap:mom_lookback=9,cov_halflife=18"
blend,mv,1997-04-30,1997-05-31,-0.000864689257404504,1.6753824554042445,False,1.9971108443869083,-0.0025400717128087483,-0.004215454168212993,-0.005890836623617238,"heatmap:mom_lookback=9,cov_halflife=18"
blend,mv,1997-05-31,1997-06-30,0.009979560339281879,1.9285519472335781,False,2.02399340776066,0.0080510083920483,0.0061224564448147225,0.004193904497581144,"heatmap:mom_lookback=9,cov_halflife=18"
blend,mv,1997-06-30,1997-07-31,0.02971914352159795,1.7866196447406069,False,1.7743419595557839,0.02793252387685734,0.026145904232116733,0.02435928458737613,"heatmap:mom_lookback=9,cov_halflife=18"
blend,mv,1997-07-31,1997-08-31,-0.026144672853656244,1.6510340845903395,False,1.8426392977919532,-0.027795706938246584,-0.029446741022836922,-0.031097775107427263,"heatmap:mom_lookback=9,cov_halflife=18"
blend,mv,1997-08-31,1997-09-30,0.015344683519141457,1.7973046379648685,False,1.8810571159035803,0.013547378881176589,0.01175007424321172,0.009952769605246851,"heatmap:mom_lookback=9,cov_halflife=18"
blend,mv,1997-09-30,1997-10-31,0.030643119178747118,1.7431645778422138,False,1.858035195377064,0.028899954600904904,0.02715679002306269,0.025413625445220477,"heatmap:mom_lookback=9,cov_halflife=18"
blend,mv,1997-10-31,1997-11-30,-0.005207156733076305,1.6013834270010103,False,1.9686590031607796,-0.006808540160077315,-0.008409923587078325,-0.010011307014079335,"heatmap:mom_lookback=9,cov_halflife=18"
blend,mv,1997-11-30,1997-12-31,0.0032158277493976027,1.3477033944998953,False,1.7142859338083805,0.0018681243548977074,0.0005204209603978122,-0.0008272824341020832,"heatmap:mom_lookback=9,cov_halflife=18"
blend,mv,1997-12-31,1998-01-31,0.01624678753912609,1.60034253500267,False,1.9432440368985473,0.01464644500412342,0.01304610246912075,0.01144575993411808,"heatmap:mom_lookback=9,cov_halflife=18"
blend,mv,1998-01-31,1998-02-28,-0.006482326738720253,1.5201276980748692,False,1.5893493396805003,-0.008002454436795123,-0.009522582134869992,-0.01104270983294486,"heatmap:mom_lookback=9,cov_halflife=18"
blend,mv,1998-02-28,1998-03-31,0.0016211842022700606,1.505724011966188,False,1.6280207489174812,0.00011546019030387244,-0.0013902638216623157,-0.002895987833628504,"heatmap:mom_lookback=9,cov_halflife=18"
blend,mv,1998-03-31,1998-04-30,-0.028686856941458557,1.175572354110359,False,1.8197619477522322,-0.029862429295568916,-0.031038001649679275,-0.03221357400378964,"heatmap:mom_lookback=9,cov_halflife=18"
blend,mv,1998-04-30,1998-05-31,0.019117505904964638,1.4187903157483461,False,1.766413261768449,0.01769871558921629,0.016279925273467947,0.0148611349577196,"heatmap:mom_lookback=9,cov_halflife=18"
blend,mv,1998-05-31,1998-06-30,0.04591575864018826,1.1871104187032722,False,1.8666064381665455,0.044728648221484986,0.043541537802781714,0.04235442738407844,"heatmap:mom_lookback=9,cov_halflife=18"
blend,mv,1998-06-30,1998-07-31,0.02008260773856846,1.4924771155820455,False,1.5852252338317374,0.018590130622986412,0.017097653507404366,0.015605176391822323,"heatmap:mom_lookback=9,cov_halflife=18"
blend,mv,1998-07-31,1998-08-31,-0.011368851758621535,0.9378868334567274,False,1.5037860064652473,-0.012306738592078263,-0.013244625425534989,-0.014182512258991717,"heatmap:mom_lookback=9,cov_halflife=18"
blend,mv,1998-08-31,1998-09-30,-0.02145790398704464,0.8036413310002869,False,1.4216283055811898,-0.022261545318044928,-0.023065186649045215,-0.023868827980045502,"heatmap:mom_lookback=9,cov_halflife=18"
blend,mv,1998-09-30,1998-10-31,-0.02541135779933882,1.1619061277122402,False,1.198880491559136,-0.02657326392705106,-0.0277351700547633,-0.028897076182475542,"heatmap:mom_lookback=9,cov_halflife=18"
blend,mv,1998-10-31,1998-11-30,0.005354928224670969,0.956574318867006,False,1.3274619746653742,0.004398353905803963,0.0034417795869369563,0.0024852052680699507,"heatmap:mom_lookback=9,cov_halflife=18"
blend,mv,1998-11-30,1998-12-31,0.04345524750681595,0.8448348274359944,False,1.3621436319229263,0.042610412679379955,0.041765577851943965,0.04092074302450797,"heatmap:mom_lookback=9,cov_halflife=18"
blend,mv,1998-12-31,1999-01-31,0.03173504692951698,0.9512281862465459,False,1.2326138080477185,0.030783818743270436,0.029832590557023888,0.028881362370777344,"heatmap:mom_lookback=9,cov_halflife=18"
blend,mv,1999-01-31,1999-02-28,-0.013826950663301158,0.9333612452365391,False,1.2499223853490606,-0.014760311908537696,-0.015693673153774235,-0.016627034399010775,"heatmap:mom_lookback=9,cov_halflife=18"
blend,mv,1999-02-28,1999-03-31,-0.0004456461077351123,0.9524003536524961,False,1.1647953360319683,-0.0013980464613876085,-0.0023504468150401044,-0.0033028471686926005,"heatmap:mom_lookback=9,cov_halflife=18"
blend,mv,1999-03-31,1999-04-30,-0.045735843935815854,0.7882039619568701,False,1.2755999374220717,-0.04652404789777272,-0.04731225185972959,-0.04810045582168646,"heatmap:mom_lookback=9,cov_halflife=18"
blend,mv,1999-04-30,1999-05-31,-0.013161417523423426,1.0461066768967873,False,1.3074444947034793,-0.014207524200320213,-0.015253630877217001,-0.016299737554113788,"heatmap:mom_lookback=9,cov_halflife=18"
blend,mv,1999-05-31,1999-06-30,0.03408008817249518,1.1558928381121967,False,1.3824009955927477,0.03292419533438298,0.03176830249627079,0.03061240965815859,"heatmap:mom_lookback=9,cov_halflife=18"
blend,mv,1999-06-30,1999-07-31,0.009256157683495816,1.0184488121780422,False,1.2505950693189591,0.008237708871317775,0.007219260059139732,0.0062008112469616895,"heatmap:mom_lookback=9,cov_halflife=18"
blend,mv,1999-07-31,1999-08-31,-0.005464540086497644,0.9234617008002707,False,1.22772457666253,-0.006388001787297914,-0.007311463488098185,-0.008234925188898456,"heatmap:mom_lookback=9,cov_halflife=18"
blend,mv,1999-08-31,1999-09-30,0.020672528711865146,0.7481927833182631,False,1.2642285824398878,0.019924335928546883,0.01917614314522862,0.018427950361910358,"heatmap:mom_lookback=9,cov_halflife=18"
blend,mv,1999-09-30,1999-10-31,0.011269959806000401,0.7088831818909186,False,1.1868425848303814,0.010561076624109482,0.009852193442218564,0.009143310260327647,"heatmap:mom_lookback=9,cov_halflife=18"
blend,mv,1999-10-31,1999-11-30,-0.0015534464324076626,1.0747615175314793,False,1.2869086640067582,-0.0026282079499391417,-0.003702969467470621,-0.004777730985002101,"heatmap:mom_lookback=9,cov_halflife=18"
blend,mv,1999-11-30,1999-12-31,0.032386589206615544,0.9405973924379295,False,1.2132440910074853,0.031445991814177614,0.030505394421739686,0.029564797029301756,"heatmap:mom_lookback=9,cov_halflife=18"
blend,mv,1999-12-31,2000-01-31,-0.00014767920103424522,0.8572680656232885,False,1.2758965069699706,-0.0010049472666575337,-0.0018622153322808222,-0.0027194833979041107,"heatmap:mom_lookback=9,cov_halflife=18"
blend,mv,2000-01-31,2000-02-29,0.05162835654810658,0.7447417005167627,False,1.0883994263861143,0.05088361484758982,0.050138873147073056,0.04939413144655629,"heatmap:mom_lookback=9,cov_halflife=18"
blend,mv,2000-02-29,2000-03-31,0.0028766698295202256,0.7803465093945715,False,1.129846829409072,0.002096323320125654,0.0013159768107310825,0.0005356303013365109,"heatmap:mom_lookback=9,cov_halflife=18"
blend,mv,2000-03-31,2000-04-30,-0.026491946434157507,0.9286805217811389,False,1.1305816507928534,-0.027420626955938648,-0.028349307477719785,-0.029277987999500925,"heatmap:mom_lookback=9,cov_halflife=18"
blend,mv,2000-04-30,2000-05-31,-0.01733329098572554,0.8764742620886309,False,1.0457430045740193,-0.01820976524781417,-0.019086239509902802,-0.019962713771991433,"heatmap:mom_lookback=9,cov_halflife=18"
blend,mv,2000-05-31,2000-06-30,0.0324997486719155,1.0388354069580898,False,1.2320755995670314,0.03146091326495741,0.030422077857999316,0.02938324245104123,"heatmap:mom_lookback=9,cov_halflife=18"
blend,mv,2000-06-30,2000-07-31,-0.0007174229405528424,0.6550153703754445,False,1.209816599154705,-0.0013724383109282872,-0.0020274536813037316,-0.002682469051679176,"heatmap:mom_lookback=9,cov_halflife=18"
blend,mv,2000-07-31,2000-08-31,0.043273155795923994,0.7172758179441385,False,1.1655040231203877,0.042555879977979855,0.041838604160035715,0.041121328342091576,"heatmap:mom_lookback=9,cov_halflife=18"
blend,mv,2000-08-31,2000-09-30,0.0006999286602248135,0.7966518273193236,False,1.1361733891832069,-9.672316709451016e-05,-0.0008933749944138338,-0.0016900268217331575,"heatmap:mom_lookback=9,cov_halflife=18"
blend,mv,2000-09-30,2000-10-31,-0.011237520845933215,0.6278057424354875,False,1.2244105548961064,-0.011865326588368702,-0.01249313233080419,-0.013120938073239677,"heatmap:mom_lookback=9,cov_halflife=18"
blend,mv,2000-10-31,2000-11-30,-0.004623601998403716,0.6319110224911955,False,1.1873653116739245,-0.0052555130208949115,-0.005887424043386108,-0.006519335065877303,"heatmap:mom_lookback=9,cov_halflife=18"
blend,mv,2000-11-30,2000-12-31,-0.0032350047070809143,0.6330182659427399,False,1.1810117989728293,-0.0038680229730236543,-0.004501041238966394,-0.005134059504909134,"heatmap:mom_lookback=9,cov_halflife=18"
blend,mv,2000-12-31,2001-01-31,-0.06165050789464173,0.7802374734848933,False,1.1577297904684363,-0.06243074536812662,-0.06321098284161152,-0.06399122031509641,"heatmap:mom_lookback=9,cov_halflife=18"
blend,mv,2001-01-31,2001-02-28,0.012842896774416327,0.8247050848987065,False,1.1178177461091423,0.012018191689517621,0.011193486604618915,0.010368781519720208,"heatmap:mom_lookback=9,cov_halflife=18"
blend,mv,2001-02-28,2001-03-31,0.0020052380629462054,0.806046472737049,False,1.145862391888597,0.0011991915902091563,0.00039314511747210747,-0.0004129013552649414,"heatmap:mom_lookback=9,cov_halflife=18"
blend,mv,2001-03-31,2001-04-30,-0.0034713629299556797,0.975878718956619,False,1.023655063814947,-0.004447241648912299,-0.005423120367868918,-0.006398999086825537,"heatmap:mom_lookback=9,cov_halflife=18"
blend,mv,2001-04-30,2001-05-31,0.010214565160345508,0.8821485575731374,False,1.1016930581059645,0.00933241660277237,0.008450268045199234,0.007568119487626096,"heatmap:mom_lookback=9,cov_halflife=18"
blend,mv,2001-05-31,2001-06-30,0.001220469291894742,0.8658552874303996,False,1.126155878391805,0.00035461400446434226,-0.0005112412829660574,-0.001377096570396457,"heatmap:mom_lookback=9,cov_halflife=18"
blend,mv,2001-06-30,2001-07-31,0.006829816587689819,0.974558715426283,False,1.2116170467297396,0.005855257872263537,0.004880699156837254,0.00390614044141097,"heatmap:mom_lookback=9,cov_halflife=18"
blend,mv,2001-07-31,2001-08-31,0.00819741665434155,0.9557826596997666,False,0.9506828316994272,0.007241633994641784,0.006285851334942017,0.0053300686752422504,"heatmap:mom_lookback=9,cov_halflife=18"
blend,mv,2001-08-31,2001-09-30,0.020772348353286802,0.665004902550149,False,1.0516851518470984,0.020107343450736653,0.019442338548186503,0.018777333645636354,"heatmap:mom_lookback=9,cov_halflife=18"
blend,mv,2001-09-30,2001-10-31,-0.011910069253833156,0.6344054574554797,False,0.8550734545464383,-0.012544474711288636,-0.013178880168744116,-0.013813285626199595,"heatmap:mom_lookback=9,cov_halflife=18"
blend,mv,2001-10-31,2001-11-30,-0.029402842024137916,0.7350578516202741,False,0.8829760202465479,-0.03013789987575819,-0.030872957727378463,-0.03160801557899874,"heatmap:mom_lookback=9,cov_halflife=18"
blend,mv,2001-11-30,2001-12-31,0.004758674976892012,0.792552713714545,False,0.9904440702133751,0.003966122263177467,0.0031735695494629216,0.0023810168357483764,"heatmap:mom_lookback=9,cov_halflife=18"
blend,mv,2001-12-31,2002-01-31,0.02608651947218384,0.8628053502709478,False,1.06840008218572,0.02522371412191289,0.024360908771641945,0.023498103421370996,"heatmap:mom_lookback=9,cov_halflife=18"
blend,mv,2002-01-31,2002-02-28,-0.0025503703314681083,0.7809937968725648,False,1.1986179650459694,-0.003331364128340673,-0.004112357925213238,-0.004893351722085803,"heatmap:mom_lookback=9,cov_halflife=18"
blend,mv,2002-02-28,2002-03-31,0.005355520093841572,0.6066825252884941,False,1.1404958810570531,0.004748837568553078,0.004142155043264584,0.0035354725179760904,"heatmap:mom_lookback=9,cov_halflife=18"
blend,mv,2002-03-31,2002-04-30,0.03605841967493786,0.7882875918224309,False,1.0924559311036315,0.03527013208311543,0.034481844491293,0.03369355689947057,"heatmap:mom_lookback=9,cov_halflife=18"
blend,mv,2002-04-30,2002-05-31,0.009518490788282952,0.684423164952542,False,0.9543076347774195,0.00883406762333041,0.008149644458377868,0.007465221293425327,"heatmap:mom_lookback=9,cov_halflife=18"
blend,mv,2002-05-31,2002-06-30,0.005319249555078346,0.5405368448263735,False,1.0414173954931116,0.004778712710251973,0.004238175865425599,0.0036976390205992254,"heatmap:mom_lookback=9,cov_halflife=18"
blend,mv,2002-06-30,2002-07-31,-0.020300496014921083,0.6058744189816471,False,1.1054979611334212,-0.02090637043390273,-0.021512244852884378,-0.022118119271866025,"heatmap:mom_lookback=9,cov_halflife=18"
blend,mv,2002-07-31,2002-08-31,0.012264662444685274,0.6134788277031623,False,1.0405921609093542,0.011651183616982112,0.01103770478927895,0.010424225961575787,"heatmap:mom_lookback=9,cov_halflife=18"
blend,mv,2002-08-31,2002-09-30,0.025856023026570977,0.5501450623815727,False,1.0438670190330535,0.025305877964189403,0.024755732901807832,0.02420558783942626,"heatmap:mom_lookback=9,cov_halflife=18"
blend,mv,2002-09-30,2002-10-31,-0.03569614341632771,0.5967399826520869,False,0.9488279787367199,-0.03629288339897979,-0.03688962338163188,-0.037486363364283966,"heatmap:mom_lookback=9,cov_halflife=18"
blend,mv,2002-10-31,2002-11-30,-0.039263692337625514,0.6813681486051486,False,0.9129080992540956,-0.039945060486230664,-0.04062642863483581,-0.04130779678344096,"heatmap:mom_lookback=9,cov_halflife=18"
blend,mv,2002-11-30,2002-12-31,0.011945066126034664,0.6910002390778291,False,1.1131273571720524,0.011254065886956835,0.010563065647879006,0.009872065408801176,"heatmap:mom_lookback=9,cov_halflife=18"
blend,mv,2002-12-31,2003-01-31,0.005318232251627905,0.6649459920073876,False,1.175574114509986,0.004653286259620517,0.0039883402676131295,0.0033233942756057426,"heatmap:mom_lookback=9,cov_halflife=18"
blend,mv,2003-01-31,2003-02-28,-0.00031021161962982235,0.6174607948630574,False,1.122134815169037,-0.0009276724144928797,-0.0015451332093559373,-0.0021625940042189944,"heatmap:mom_lookback=9,cov_halflife=18"
blend,mv,2003-02-28,2003-03-31,0.0021851634900237936,0.6567139235053023,False,1.2616031766327935,0.0015284495665184913,0.0008717356430131889,0.00021502171950788657,"heatmap:mom_lookback=9,cov_halflife=18"
blend,mv,2003-03-31,2003-04-30,-0.013188375261782173,0.6125632725083755,False,1.269152940423256,-0.013800938534290548,-0.014413501806798923,-0.015026065079307298,"heatmap:mom_lookback=9,cov_halflife=18"
blend,mv,2003-04-30,2003-05-31,-0.011538221113554297,0.7217385048019451,False,1.285367481648828,-0.012259959618356242,-0.012981698123158188,-0.013703436627960133,"heatmap:mom_lookback=9,cov_halflife=18"
blend,mv,2003-05-31,2003-06-30,-0.006857335703745858,0.7288145013453722,False,1.294677582111538,-0.007586150205091229,-0.008314964706436601,-0.009043779207781974,"heatmap:mom_lookback=9,cov_halflife=18"
blend,mv,2003-06-30,2003-07-31,-0.0068884589449923934,0.965419735924891,False,1.0386107947480883,-0.007853878680917284,-0.008819298416842175,-0.009784718152767068,"heatmap:mom_lookback=9,cov_halflife=18"
blend,mv,2003-07-31,2003-08-31,-0.0028974716741186042,0.7019441026255585,False,1.102130399557634,-0.003599415776744163,-0.004301359879369721,-0.00500330398199528,"heatmap:mom_lookback=9,cov_halflife=18"
blend,mv,2003-08-31,2003-09-30,0.014009749968475926,0.6577787323237179,False,1.0976510006914137,0.013351971236152208,0.012694192503828491,0.012036413771504773,"heatmap:mom_lookback=9,cov_halflife=18"
blend,mv,2003-09-30,2003-10-31,0.022458474734097594,0.5562859754309399,False,1.0706664342755061,0.021902188758666653,0.021345902783235716,0.020789616807804775,"heatmap:mom_lookback=9,cov_halflife=18"
blend,mv,2003-10-31,2003-11-30,0.013608044170054852,0.5189876649303494,False,1.1354048753916608,0.013089056505124503,0.012570068840194152,0.012051081175263803,"heatmap:mom_lookback=9,cov_halflife=18"
blend,mv,2003-11-30,2003-12-31,-0.026150901002808667,0.5366575613213098,False,1.090304518921638,-0.026687558564129975,-0.027224216125451287,-0.027760873686772596,"heatmap:mom_lookback=9,cov_halflife=18"
blend,mv,2003-12-31,2004-01-31,-0.01764819885218197,0.5478877620040229,False,0.9359185188409219,-0.018196086614185994,-0.018743974376190017,-0.01929186213819404,"heatmap:mom_lookback=9,cov_halflife=18"
blend,mv,2004-01-31,2004-02-29,0.007628336334997867,0.4578628540099295,False,0.8856693428882624,0.007170473480987937,0.006712610626978008,0.006254747772968078,"heatmap:mom_lookback=9,cov_halflife=18"
blend,mv,2004-02-29,2004-03-31,0.009715943370417007,0.7674198779003618,False,1.1162759708839352,0.008948523492516645,0.008181103614616284,0.007413683736715922,"heatmap:mom_lookback=9,cov_halflife=18"
blend,mv,2004-03-31,2004-04-30,-0.02349227902717336,0.6083613183624448,False,1.1959879076751105,-0.024100640345535804,-0.024709001663898247,-0.025317362982260692,"heatmap:mom_lookback=9,cov_halflife=18"
blend,mv,2004-04-30,2004-05-31,0.00023259247785116505,0.6049957923513581,False,1.2247102662333227,-0.0003724033145001931,-0.0009773991068515512,-0.0015823948992029094,"heatmap:mom_lookback=9,cov_halflife=18"
blend,mv,2004-05-31,2004-06-30,0.005973474347018883,0.6020667538001214,False,1.4067253864627436,0.005371407593218761,0.00476934083941864,0.004167274085618519,"heatmap:mom_lookback=9,cov_halflife=18"
blend,mv,2004-06-30,2004-07-31,-0.01892954129402172,0.6143284876690731,False,1.3552525437216927,-0.019543869781690794,-0.020158198269359866,-0.02077252675702894,"heatmap:mom_lookback=9,cov_halflife=18"
blend,mv,2004-07-31,2004-08-31,-0.012932880803127551,0.6178009954130586,False,1.1420169273532943,-0.01355068179854061,-0.014168482793953668,-0.014786283789366727,"heatmap:mom_lookback=9,cov_halflife=18"
blend,mv,2004-08-31,2004-09-30,0.019523785781165655,0.8063616144462921,False,1.2210576867170395,0.018717424166719364,0.01791106255227307,0.01710470093782678,"heatmap:mom_lookback=9,cov_halflife=18"
blend,mv,2004-09-30,2004-10-31,-0.008734525627146623,0.768575620685498,False,1.3414427157394824,-0.009503101247832121,-0.01027167686851762,-0.011040252489203116,"heatmap:mom_lookback=9,cov_halflife=18"
blend,mv,2004-10-31,2004-11-30,0.00905296420594995,0.9346036940762273,False,1.3636598293268156,0.008118360511873722,0.007183756817797495,0.006249153123721268,"heatmap:mom_lookback=9,cov_halflife=18"
blend,mv,2004-11-30,2004-12-31,-0.009680116841971917,0.8313940827072156,False,1.4654359959707883,-0.010511510924679132,-0.011342905007386347,-0.012174299090093564,"heatmap:mom_lookback=9,cov_halflife=18"
blend,mv,2004-12-31,2005-01-31,0.015453009838558998,0.8924501139209379,False,1.2781203890367945,0.01456055972463806,0.013668109610717122,0.012775659496796186,"heatmap:mom_lookback=9,cov_halflife=18"
blend,mv,2005-01-31,2005-02-28,0.032053256183108524,0.8016661678817011,False,1.2040568815013373,0.03125159001522682,0.03044992384734512,0.02964825767946342,"heatmap:mom_lookback=9,cov_halflife=18"
blend,mv,2005-02-28,2005-03-31,-0.006752862670601591,0.7155807004610606,False,1.1744117594222998,-0.007468443371062651,-0.008184024071523712,-0.008899604771984773,"heatmap:mom_lookback=9,cov_halflife=18"
blend,mv,2005-03-31,2005-04-30,-0.0048059379783337835,0.5774172169753078,False,1.0452989393128478,-0.005383355195309091,-0.005960772412284399,-0.006538189629259707,"heatmap:mom_lookback=9,cov_halflife=18"
blend,mv,2005-04-30,2005-05-31,0.008529438677872403,0.5458797689231427,False,1.225362846800443,0.00798355890894926,0.007437679140026117,0.006891799371102974,"heatmap:mom_lookback=9,cov_halflife=18"
blend,mv,2005-05-31,2005-06-30,0.01545552137983876,0.5692384611656851,False,1.1307685444499878,0.014886282918673074,0.014317044457507389,0.013747805996341704,"heatmap:mom_lookback=9,cov_halflife=18"
blend,mv,2005-06-30,2005-07-31,0.0009404308185195739,0.5076557839365924,False,1.1663602790825038,0.0004327750345829815,-7.488074935361089e-05,-0.0005825365332902033,"heatmap:mom_lookback=9,cov_halflife=18"
blend,mv,2005-07-31,2005-08-31,-0.0004603693737014895,0.6399134459912984,False,1.1543099277114026,-0.001100282819692788,-0.0017401962656840863,-0.002380109711675385,"heatmap:mom_lookback=9,cov_halflife=18"
blend,mv,2005-08-31,2005-09-30,-0.00011084284609477286,0.532144747648666,False,1.1994130381250772,-0.000642987593743439,-0.001175132341392105,-0.001707277089040771,"heatmap:mom_lookback=9,cov_halflife=18"
blend,mv,2005-09-30,2005-10-31,-0.02203851693693949,0.5609703629622362,False,1.2483950373916477,-0.022599487299901726,-0.02316045766286396,-0.023721428025826198,"heatmap:mom_lookback=9,cov_halflife=18"
blend,mv,2005-10-31,2005-11-30,-0.004410090463680882,0.6733525654097067,False,1.2342853071083464,-0.0050834430290905884,-0.005756795594500296,-0.006430148159910002,"heatmap:mom_lookback=9,cov_halflife=18"
blend,mv,2005-11-30,2005-12-31,0.0017340430140420882,0.7357384760715916,False,1.391246114618599,0.0009983045379704965,0.00026256606189890494,-0.0004731724141726864,"heatmap:mom_lookback=9,cov_halflife=18"
blend,mv,2005-12-31,2006-01-31,0.02392203447540893,0.6901608774447677,False,1.4009856411226476,0.02323187359796416,0.022541712720519393,0.021851551843074628,"heatmap:mom_lookback=9,cov_halflife=18"
blend,mv,2006-01-31,2006-02-28,-0.01750944038416436,0.6862497918384171,False,1.1778863802541175,-0.01819569017600278,-0.018881939967841196,-0.01956818975967961,"heatmap:mom_lookback=9,cov_halflife=18"
blend,mv,2006-02-28,2006-03-31,0.010600278112010232,0.6321587200616582,False,1.0440062524443363,0.009968119391948574,0.009335960671886915,0.008703801951825258,"heatmap:mom_lookback=9,cov_halflife=18"
blend,mv,2006-03-31,2006-04-30,0.025624329166862362,0.6953026035844816,False,1.3904095253899347,0.02492902656327788,0.0242337239596934,0.023538421356108917,"heatmap:mom_lookback=9,cov_halflife=18"
blend,mv,2006-04-30,2006-05-31,-0.024344860454486045,0.661505389464548,False,1.3135170057801386,-0.025006365843950593,-0.025667871233415143,-0.02632937662287969,"heatmap:mom_lookback=9,cov_halflife=18"
blend,mv,2006-05-31,2006-06-30,7.195237573745514e-05,0.7014525784960706,False,1.264137704043423,-0.0006295002027586154,-0.001330952781254686,-0.0020324053597507567,"heatmap:mom_lookback=9,cov_halflife=18"
blend,mv,2006-06-30,2006-07-31,-0.0067721148519887375,0.7437641093603032,False,1.5838911637729947,-0.0075158789613490404,-0.008259643070709343,-0.009003407180069648,"heatmap:mom_lookback=9,cov_halflife=18"
blend,mv,2006-07-31,2006-08-31,-0.02573988120520255,0.8997251666777838,False,1.4905137450282044,-0.026639606371880332,-0.027539331538558115,-0.0284390567052359,"heatmap:mom_lookback=9,cov_halflife=18"
blend,mv,2006-08-31,2006-09-30,0.004964621866511059,0.8799277096112487,False,1.3665942849336712,0.004084694156899811,0.0032047664472885616,0.002324838737677313,"heatmap:mom_lookback=9,cov_halflife=18"
blend,mv,2006-09-30,2006-10-31,-0.006677577203337419,0.773477823670973,False,1.5695924316256444,-0.007451055027008392,-0.008224532850679365,-0.008998010674350337,"heatmap:mom_lookback=9,cov_halflife=18"
blend,mv,2006-10-31,2006-11-30,0.0007113406551983524,0.7576396422543976,False,1.3040040106380923,-4.629898705604525e-05,-0.0008039386293104429,-0.0015615782715648404,"heatmap:mom_lookback=9,cov_halflife=18"
blend,mv,2006-11-30,2006-12-31,0.010203403526427953,0.8589175475200146,False,1.536978615372802,0.009344485978907939,0.008485568431387924,0.00762665088386791,"heatmap:mom_lookback=9,cov_halflife=18"
blend,mv,2006-12-31,2007-01-31,0.003375142851042533,0.8194747433080584,False,1.6663521723313575,0.0025556681077344746,0.0017361933644264164,0.0009167186211183581,"heatmap:mom_lookback=9,cov_halflife=18"
blend,mv,2007-01-31,2007-02-28,0.0053087439413463805,0.8279688114872809,False,1.488507533375928,0.004480775129859099,0.0036528063183718187,0.002824837506884538,"heatmap:mom_lookback=9,cov_halflife=18"
blend,mv,2007-02-28,2007-03-31,0.01914837075980774,0.8338954874718586,False,1.5367834282381034,0.01831447527233588,0.01748057978486402,0.01664668429739216,"heatmap:mom_lookback=9,cov_halflife=18"
blend,mv,2007-03-31,2007-04-30,-0.009606644769635377,0.7069356690190082,False,1.3425887996280512,-0.010313580438654385,-0.011020516107673394,-0.011727451776692401,"heatmap:mom_lookback=9,cov_halflife=18"
blend,mv,2007-04-30,2007-05-31,0.0012287114666832272,0.6863119043893421,False,1.345173944552595,0.0005423995622938851,-0.00014391234209545694,-0.0008302242464847992,"heatmap:mom_lookback=9,cov_halflife=18"
blend,mv,2007-05-31,2007-06-30,-0.004661671005013156,0.6801318601834733,False,1.4283622109864478,-0.005341802865196629,-0.006021934725380103,-0.0067020665855635755,"heatmap:mom_lookback=9,cov_halflife=18"
blend,mv,2007-06-30,2007-07-31,-0.004548374139210857,0.8853595267435646,False,1.3687766129089383,-0.0054337336659544214,-0.0063190931926979865,-0.0072044527194415516,"heatmap:mom_lookback=9,cov_halflife=18"
blend,mv,2007-07-31,2007-08-31,-0.002878348139108178,0.7826195025841844,False,1.4737607045585386,-0.0036609676416923622,-0.004443587144276547,-0.005226206646860731,"heatmap:mom_lookback=9,cov_halflife=18"
blend,mv,2007-08-31,2007-09-30,0.020696765188099524,0.864406549691352,False,1.46489422752034,0.01983235863840817,0.018967952088716822,0.01810354553902547,"heatmap:mom_lookback=9,cov_halflife=18"
blend,mv,2007-09-30,2007-10-31,0.01905241385862094,0.9587966024012751,False,1.6309749799316613,0.018093617256219663,0.01713482065381839,0.016176024051417114,"heatmap:mom_lookback=9,cov_halflife=18"
blend,mv,2007-10-31,2007-11-30,0.010097349181903892,0.9498348547368989,False,1.5525382398971859,0.009147514327166992,0.008197679472430094,0.007247844617693195,"heatmap:mom_lookback=9,cov_halflife=18"
blend,mv,2007-11-30,2007-12-31,0.020072283975655913,0.7146386563888175,False,1.3378294564067579,0.019357645319267095,0.018643006662878277,0.017928368006489462,"heatmap:mom_lookback=9,cov_halflife=18"
blend,mv,2007-12-31,2008-01-31,-0.0317175371891848,0.7599440233741561,False,1.549011184527215,-0.03247748121255895,-0.03323742523593311,-0.03399736925930726,"heatmap:mom_lookback=9,cov_halflife=18"
blend,mv,2008-01-31,2008-02-29,0.04933978823038787,0.7894422747483761,False,1.3869237356163673,0.04855034595563949,0.04776090368089112,0.046971461406142744,"heatmap:mom_lookback=9,cov_halflife=18"
blend,mv,2008-02-29,2008-03-31,-0.014829627943208076,0.9176588763078664,False,1.405366373466163,-0.01574728681951594,-0.01666494569582381,-0.017582604572131674,"heatmap:mom_lookback=9,cov_halflife=18"
blend,mv,2008-03-31,2008-04-30,-0.011634822483107246,0.8925381883364024,False,1.290483261341715,-0.012527360671443648,-0.013419898859780052,-0.014312437048116454,"heatmap:mom_lookback=9,cov_halflife=18"
blend,mv,2008-04-30,2008-05-31,0.02655673587935536,0.7369048529998516,False,1.3888222724697776,0.02581983102635551,0.025082926173355658,0.024346021320355807,"heatmap:mom_lookback=9,cov_halflife=18"
blend,mv,2008-05-31,2008-06-30,0.05834374405814769,0.8935897285260443,False,1.5103421455923152,0.057450154329621646,0.0565565646010956,0.055662974872569555,"heatmap:mom_lookback=9,cov_halflife=18"
blend,mv,2008-06-30,2008-07-31,-0.025678615006755126,0.7292902851208498,False,1.3749763928448648,-0.026407905291875977,-0.027137195576996825,-0.027866485862117676,"heatmap:mom_lookback=9,cov_halflife=18"
blend,mv,2008-07-31,2008-08-31,-0.0141724041346626,0.8200145900490471,False,1.1240567577635983,-0.014992418724711647,-0.015812433314760694,-0.016632447904809743,"heatmap:mom_lookback=9,cov_halflife=18"
blend,mv,2008-08-31,2008-09-30,-0.036503943774511126,0.8662292447104961,False,1.157475335623274,-0.037370173019221624,-0.038236402263932115,-0.03910263150864261,"heatmap:mom_lookback=9,cov_halflife=18"
blend,mv,2008-09-30,2008-10-31,0.03281828755842617,0.6506939906508927,False,1.2266432811044898,0.03216759356777527,0.031516899577124384,0.03086620558647349,"heatmap:mom_lookback=9,cov_halflife=18"
blend,mv,2008-10-31,2008-11-30,0.0007309777074413,0.7536856074898477,False,1.174981660012162,-2.2707900048547693e-05,-0.0007763935075383954,-0.001530079115028243,"heatmap:mom_lookback=9,cov_halflife=18"
blend,mv,2008-11-30,2008-12-31,-0.020077765605376927,0.75851670245613,False,1.0684201125500117,-0.020836282307833055,-0.021594799010289187,-0.022353315712745316,"heatmap:mom_lookback=9,cov_halflife=18"
blend,mv,2008-12-31,2009-01-31,0.04290671270783136,0.5726091595814768,False,1.0075078707942915,0.04233410354824989,0.041761494388668406,0.04118888522908693,"heatmap:mom_lookback=9,cov_halflife=18"
blend,mv,2009-01-31,2009-02-28,0.006304071202284972,0.6308199026851267,False,0.901053146516358,0.005673251299599846,0.005042431396914719,0.004411611494229592,"heatmap:mom_lookback=9,cov_halflife=18"
blend,mv,2009-02-28,2009-03-31,-0.018789964880216302,0.41909832124722934,False,0.8391002347186038,-0.019209063201463532,-0.01962816152271076,-0.02004725984395799,"heatmap:mom_lookback=9,cov_halflife=18"
blend,mv,2009-03-31,2009-04-30,-0.09135555618548184,0.5847718771430773,False,0.8447032266280048,-0.09194032806262492,-0.092525099939768,-0.09310987181691108,"heatmap:mom_lookback=9,cov_halflife=18"
blend,mv,2009-04-30,2009-05-31,-0.01973661005272167,0.7339956380069603,False,0.7562759867800777,-0.02047060569072863,-0.02120460132873559,-0.021938596966742552,"heatmap:mom_lookback=9,cov_halflife=18"
blend,mv,2009-05-31,2009-06-30,-0.0019305365581662804,0.43465020761756723,False,0.778108129430898,-0.002365186765783848,-0.002799836973401415,-0.0032344871810189822,"heatmap:mom_lookback=9,cov_halflife=18"
blend,mv,2009-06-30,2009-07-31,-0.0120768465140325,0.44787085156390893,False,0.9094865836130288,-0.012524717365596408,-0.012972588217160318,-0.013420459068724227,"heatmap:mom_lookback=9,cov_halflife=18"
blend,mv,2009-07-31,2009-08-31,-0.007225576452659698,0.5890874769272498,False,0.7707796841474067,-0.007814663929586949,-0.008403751406514198,-0.008992838883441448,"heatmap:mom_lookback=9,cov_halflife=18"
blend,mv,2009-08-31,2009-09-30,0.006362573643819642,0.582300149038351,False,0.9767477326424304,0.005780273494781291,0.00519797334574294,0.004615673196704589,"heatmap:mom_lookback=9,cov_halflife=18"
blend,mv,2009-09-30,2009-10-31,0.011512529960073863,0.4712140679644864,False,0.9023623136548997,0.011041315892109377,0.01057010182414489,0.010098887756180404,"heatmap:mom_lookback=9,cov_halflife=18"
blend,mv,2009-10-31,2009-11-30,-0.0002893900097477163,0.4458811695714481,False,0.8216954944711459,-0.0007352711793191643,-0.0011811523488906126,-0.0016270335184620606,"heatmap:mom_lookback=9,cov_halflife=18"
blend,mv,2009-11-30,2009-12-31,0.0031268336027533684,0.4825302426723638,False,0.7325092970505128,0.0026443033600810047,0.0021617731174086406,0.001679242874736277,"heatmap:mom_lookback=9,cov_halflife=18"
blend,mv,2009-12-31,2010-01-31,-0.006414483605730931,0.4123715378207478,False,0.7676810024502634,-0.006826855143551679,-0.007239226681372427,-0.007651598219193175,"heatmap:mom_lookback=9,cov_halflife=18"
blend,mv,2010-01-31,2010-02-28,0.0031513669219904775,0.5701716451397777,False,0.9064530927743701,0.0025811952768507,0.002011023631710922,0.0014408519865711444,"heatmap:mom_lookback=9,cov_halflife=18"
blend,mv,2010-02-28,2010-03-31,0.005445670849147003,0.7498908438399814,False,0.9603641064612176,0.004695780005307022,0.00394588916146704,0.003195998317627059,"heatmap:mom_lookback=9,cov_halflife=18"
blend,mv,2010-03-31,2010-04-30,0.006802862804250893,0.7077647837035907,False,0.9140937463648274,0.006095098020547302,0.0053873332368437115,0.004679568453140121,"heatmap:mom_lookback=9,cov_halflife=18"
blend,mv,2010-04-30,2010-05-31,0.00913848470709252,0.48934083567393577,False,0.9949921319326892,0.008649143871418585,0.008159803035744649,0.007670462200070713,"heatmap:mom_lookback=9,cov_halflife=18"
blend,mv,2010-05-31,2010-06-30,0.005440634248860914,0.5181484152157292,False,0.9847572532450566,0.004922485833645185,0.0044043374184294555,0.003886189003213727,"heatmap:mom_lookback=9,cov_halflife=18"
blend,mv,2010-06-30,2010-07-31,-0.018525048572778865,0.5201057266055491,False,1.0867600616413569,-0.019045154299384415,-0.019565260025989965,-0.02008536575259551,"heatmap:mom_lookback=9,cov_halflife=18"
blend,mv,2010-07-31,2010-08-31,0.023424021698769185,0.7777527970953162,False,0.9921174906431139,0.022646268901673868,0.02186851610457855,0.021090763307483235,"heatmap:mom_lookback=9,cov_halflife=18"
blend,mv,2010-08-31,2010-09-30,0.008690052190336157,0.683200354012895,False,1.2034146987259215,0.008006851836323261,0.007323651482310367,0.006640451128297472,"heatmap:mom_lookback=9,cov_halflife=18"
blend,mv,2010-09-30,2010-10-31,-0.0015741067328524766,0.6818320975460527,False,0.9684460344225655,-0.0022559388303985293,-0.002937770927944582,-0.0036196030254906347,"heatmap:mom_lookback=9,cov_halflife=18"
blend,mv,2010-10-31,2010-11-30,0.004785181076557971,0.4680686358647684,False,0.9291021386145842,0.004317112440693203,0.0038490438048284347,0.003380975168963666,"heatmap:mom_lookback=9,cov_halflife=18"
blend,mv,2010-11-30,2010-12-31,-0.025190181439569602,0.42473708655122255,False,1.063775791729253,-0.025614918526120824,-0.026039655612672047,-0.02646439269922327,"heatmap:mom_lookback=9,cov_halflife=18"
blend,mv,2010-12-31,2011-01-31,-0.015532443335946076,0.6218999313492294,False,0.9464362996474113,-0.016154343267295306,-0.016776243198644535,-0.017398143129993764,"heatmap:mom_lookback=9,cov_halflife=18"
blend,mv,2011-01-31,2011-02-28,-0.0033716438573247517,0.5477361422936617,False,0.850668052580064,-0.003919379999618413,-0.004467116141912075,-0.005014852284205737,"heatmap:mom_lookback=9,cov_halflife=18"
blend,mv,2011-02-28,2011-03-31,0.008557590667408166,0.541617925447143,False,0.9208246222318444,0.008015972741961022,0.00747435481651388,0.006932736891066736,"heatmap:mom_lookback=9,cov_halflife=18"
blend,mv,2011-03-31,2011-04-30,-0.010077356137788126,0.5343472915767767,False,0.9242934715573667,-0.010611703429364901,-0.011146050720941679,-0.011680398012518457,"heatmap:mom_lookback=9,cov_halflife=18"
blend,mv,2011-04-30,2011-05-31,-0.006917826170397234,0.506153861362733,False,1.0151433158969063,-0.007423980031759967,-0.0079301338931227,-0.008436287754485433,"heatmap:mom_lookback=9,cov_halflife=18"
blend,mv,2011-05-31,2011-06-30,0.0058575029530284215,0.4655968691595482,False,0.974177337750971,0.005391906083868873,0.004926309214709325,0.004460712345549777,"heatmap:mom_lookback=9,cov_halflife=18"
blend,mv,2011-06-30,2011-07-31,-0.009173110120326938,0.5236098815088278,False,1.1008090037056195,-0.009696720001835765,-0.010220329883344594,-0.010743939764853421,"heatmap:mom_lookback=9,cov_halflife=18"
blend,mv,2011-07-31,2011-08-31,-0.013485908647906993,0.618043263362587,False,1.036561135466529,-0.01410395191126958,-0.014721995174632168,-0.015340038437994754,"heatmap:mom_lookback=9,cov_halflife=18"
blend,mv,2011-08-31,2011-09-30,-0.0007842650251618153,0.7608895131059886,False,1.13665666476107,-0.001545154538267804,-0.0023060440513737925,-0.0030669335644797815,"heatmap:mom_lookback=9,cov_halflife=18"
blend,mv,2011-09-30,2011-10-31,-0.019347964363879488,0.6602156943316497,False,1.1062257814468506,-0.020008180058211138,-0.020668395752542788,-0.021328611446874438,"heatmap:mom_lookback=9,cov_halflife=18"
blend,mv,2011-10-31,2011-11-30,0.005397956510959115,0.7503669263345962,False,1.019401594669096,0.004647589584624519,0.0038972226582899227,0.0031468557319553263,"heatmap:mom_lookback=9,cov_halflife=18"
blend,mv,2011-11-30,2011-12-31,0.0027969982508765003,0.4964602584358294,False,1.1629659715296292,0.002300537992440671,0.0018040777340048416,0.001307617475569012,"heatmap:mom_lookback=9,cov_halflife=18"
blend,mv,2011-12-31,2012-01-31,-0.010902494773979652,0.3900510590312,False,1.049751624002073,-0.011292545833010852,-0.011682596892042051,-0.012072647951073252,"heatmap:mom_lookback=9,cov_halflife=18"
blend,mv,2012-01-31,2012-02-29,0.004666247772037571,0.5763036222988183,False,1.1464583771078982,0.0040899441497387525,0.0035136405274399348,0.002937336905141116,"heatmap:mom_lookback=9,cov_halflife=18"
blend,mv,2012-02-29,2012-03-31,0.01255755642490587,0.5434761503759532,False,1.191908947409671,0.012014080274529916,0.011470604124153964,0.010927127973778011,"heatmap:mom_lookback=9,cov_halflife=18"
blend,mv,2012-03-31,2012-04-30,0.003218128760593075,0.6380373267896016,False,1.1526831087861145,0.0025800914338034732,0.0019420541070138716,0.00130401678022427,"heatmap:mom_lookback=9,cov_halflife=18"
blend,mv,2012-04-30,2012-05-31,0.015347987489679967,0.643892086592785,False,1.1835223555505618,0.014704095403087182,0.014060203316494397,0.013416311229901612,"heatmap:mom_lookback=9,cov_halflife=18"
blend,mv,2012-05-31,2012-06-30,-0.0022083747975403904,0.5044660094208412,False,1.1026450605328741,-0.0027128408069612316,-0.0032173068163820727,-0.003721772825802914,"heatmap:mom_lookback=9,cov_halflife=18"
blend,mv,2012-06-30,2012-07-31,0.02528378780551356,0.4382416636929783,False,1.1089296399223254,0.024845546141820583,0.024407304478127605,0.023969062814434627,"heatmap:mom_lookback=9,cov_halflife=18"
blend,mv,2012-07-31,2012-08-31,-0.017925571700520924,0.46932509225276847,False,1.0695176937644673,-0.01839489679277369,-0.018864221885026462,-0.01933354697727923,"heatmap:mom_lookback=9,cov_halflife=18"
blend,mv,2012-08-31,2012-09-30,-0.004609799245282154,0.46504818741681336,False,1.0137370018776755,-0.005074847432698967,-0.005539895620115781,-0.006004943807532594,"heatmap:mom_lookback=9,cov_halflife=18"
blend,mv,2012-09-30,2012-10-31,-0.02374075099231582,0.5870091417286938,False,1.1926117716838436,-0.024327760134044515,-0.02491476927577321,-0.025501778417501904,"heatmap:mom_lookback=9,cov_halflife=18"
blend,mv,2012-10-31,2012-11-30,0.002716648344348395,0.5636173044071058,False,1.1835777962238858,0.0021530310399412896,0.0015894137355341835,0.0010257964311270779,"heatmap:mom_lookback=9,cov_halflife=18"
blend,mv,2012-11-30,2012-12-31,-0.005089484779134962,0.6600203125221925,False,1.2860044777871542,-0.005749505091657155,-0.006409525404179347,-0.00706954571670154,"heatmap:mom_lookback=9,cov_halflife=18"
blend,mv,2012-12-31,2013-01-31,0.02520391734884038,0.6464787649145673,False,1.2355723875698739,0.02455743858392581,0.023910959819011243,0.02326448105409668,"heatmap:mom_lookback=9,cov_halflife=18"
blend,mv,2013-01-31,2013-02-28,0.004895916318222531,0.6550386354046361,False,1.2102239853950763,0.004240877682817895,0.0035858390474132586,0.0029308004120086224,"heatmap:mom_lookback=9,cov_halflife=18"
blend,mv,2013-02-28,2013-03-31,0.005800368796614038,0.7544357253084165,False,1.1789589352980543,0.005045933071305622,0.004291497345997205,0.0035370616206887883,"heatmap:mom_lookback=9,cov_halflife=18"
blend,mv,2013-03-31,2013-04-30,0.0212718609121969,0.6971236928545292,False,1.1253353510964696,0.020574737219342373,0.019877613526487842,0.019180489833633314,"heatmap:mom_lookback=9,cov_halflife=18"
blend,mv,2013-04-30,2013-05-31,0.0055288222413305355,0.5740684904638297,False,1.1476699852563044,0.004954753750866706,0.004380685260402876,0.003806616769939046,"heatmap:mom_lookback=9,cov_halflife=18"
blend,mv,2013-05-31,2013-06-30,0.018834576171114323,0.5103010617688881,False,0.9514693418256731,0.018324275109345436,0.017813974047576547,0.017303672985807657,"heatmap:mom_lookback=9,cov_halflife=18"
blend,mv,2013-06-30,2013-07-31,0.011165945800890932,0.5101923367819738,False,1.0179226139587951,0.010655753464108958,0.010145561127326983,0.00963536879054501,"heatmap:mom_lookback=9,cov_halflife=18"
blend,mv,2013-07-31,2013-08-31,-0.0058868766174016715,0.4481198413227975,False,0.956572359117761,-0.006334996458724469,-0.006783116300047266,-0.0072312361413700635,"heatmap:mom_lookback=9,cov_halflife=18"
blend,mv,2013-08-31,2013-09-30,0.019141344907246862,0.4154912957188468,False,0.9580982298923016,0.018725853611528016,0.018310362315809167,0.01789487102009032,"heatmap:mom_lookback=9,cov_halflife=18"
blend,mv,2013-09-30,2013-10-31,0.003119259537978006,0.36569636672177736,False,1.0464885021704264,0.0027535631712562285,0.0023878668045344514,0.002022170437812674,"heatmap:mom_lookback=9,cov_halflife=18"
blend,mv,2013-10-31,2013-11-30,0.020939255717709403,0.4412938383437419,False,1.094572610577475,0.020497961879365662,0.020056668041021918,0.019615374202678178,"heatmap:mom_lookback=9,cov_halflife=18"
blend,mv,2013-11-30,2013-12-31,0.004839907028032608,0.43565519451614904,False,1.1959411373411741,0.0044042518335164595,0.003968596639000311,0.0035329414444841612,"heatmap:mom_lookback=9,cov_halflife=18"
blend,mv,2013-12-31,2014-01-31,0.0010874689018776395,0.5508669220473755,False,1.2614493654214711,0.000536601979830264,-1.4264942217111568e-05,-0.0005651318642644872,"heatmap:mom_lookback=9,cov_halflife=18"
blend,mv,2014-01-31,2014-02-28,0.01368495335715794,0.6617888099899119,False,1.2279788797556224,0.013023164547168028,0.012361375737178116,0.011699586927188204,"heatmap:mom_lookback=9,cov_halflife=18"
blend,mv,2014-02-28,2014-03-31,-0.008866002901447914,0.5364772618451101,False,1.1657197202437541,-0.009402480163293024,-0.009938957425138135,-0.010475434686983245,"heatmap:mom_lookback=9,cov_halflife=18"
blend,mv,2014-03-31,2014-04-30,-0.00647052837904526,0.46493174482232796,False,1.1073558335309897,-0.006935460123867588,-0.007400391868689916,-0.007865323613512245,"heatmap:mom_lookback=9,cov_halflife=18"
blend,mv,2014-04-30,2014-05-31,0.01772311001624753,0.5752288399405107,False,1.2390734022130694,0.01714788117630702,0.01657265233636651,0.015997423496425998,"heatmap:mom_lookback=9,cov_halflife=18"
blend,mv,2014-05-31,2014-06-30,-0.013577970672418931,0.6901176779986481,False,1.275250986574341,-0.014268088350417579,-0.014958206028416228,-0.015648323706414877,"heatmap:mom_lookback=9,cov_halflife=18"
blend,mv,2014-06-30,2014-07-31,0.012550813172649207,0.8853633389621178,False,1.417886233391147,0.01166544983368709,0.01078008649472497,0.009894723155762853,"heatmap:mom_lookback=9,cov_halflife=18"
blend,mv,2014-07-31,2014-08-31,0.0016999577511951187,0.8890090231869529,False,1.5998862948128962,0.0008109487280081658,-7.806029517878703e-05,-0.0009670693183657399,"heatmap:mom_lookback=9,cov_halflife=18"
blend,mv,2014-08-31,2014-09-30,0.0075885347254740524,0.8029036954990743,False,1.588999721086767,0.0067856310299749785,0.005982727334475904,0.00517982363897683,"heatmap:mom_lookback=9,cov_halflife=18"
blend,mv,2014-09-30,2014-10-31,-0.005104886526920976,0.8184008261925354,False,1.6675591921199746,-0.005923287353113512,-0.006741688179306047,-0.007560089005498582,"heatmap:mom_lookback=9,cov_halflife=18"
blend,mv,2014-10-31,2014-11-30,-0.003917987760842447,0.7927836782588727,False,1.6204054449437653,-0.004710771439101319,-0.005503555117360192,-0.006296338795619065,"heatmap:mom_lookback=9,cov_halflife=18"
blend,mv,2014-11-30,2014-12-31,0.004816025626031461,0.7379780672388222,False,1.3555051666280789,0.0040780475587926385,0.0033400694915538165,0.002602091424314994,"heatmap:mom_lookback=9,cov_halflife=18"
blend,mv,2014-12-31,2015-01-31,-0.013674515667234993,0.6851214510632008,False,1.3127945180275056,-0.014359637118298194,-0.015044758569361395,-0.015729880020424594,"heatmap:mom_lookback=9,cov_halflife=18"
blend,mv,2015-01-31,2015-02-28,-0.006097609535890169,0.7435535460656383,False,1.2712399765451547,-0.0068411630819558075,-0.007584716628021446,-0.008328270174087084,"heatmap:mom_lookback=9,cov_halflife=18"
blend,mv,2015-02-28,2015-03-31,0.019630104239347506,0.7522249564017482,False,1.4250512385112288,0.018877879282945757,0.01812565432654401,0.01737342937014226,"heatmap:mom_lookback=9,cov_halflife=18"
blend,mv,2015-03-31,2015-04-30,-0.04000638697056477,0.7204687264451983,False,1.381366224086973,-0.04072685569700997,-0.04144732442345517,-0.042167793149900365,"heatmap:mom_lookback=9,cov_halflife=18"
blend,mv,2015-04-30,2015-05-31,0.02731414442299978,0.8931806628378873,False,1.089188722465232,0.02642096376016189,0.025527783097324005,0.02463460243448612,"heatmap:mom_lookback=9,cov_halflife=18"
blend,mv,2015-05-31,2015-06-30,0.03154151598182045,0.8178006104284062,False,1.4150413719509007,0.030723715371392044,0.029905914760963638,0.029088114150535232,"heatmap:mom_lookback=9,cov_halflife=18"
blend,mv,2015-06-30,2015-07-31,0.018312921384295407,0.8149637547445466,False,1.4480058135383709,0.01749795762955086,0.016682993874806314,0.015868030120061768,"heatmap:mom_lookback=9,cov_halflife=18"
blend,mv,2015-07-31,2015-08-31,-0.002719610712597623,0.9596768144482117,False,1.4362995162875594,-0.0036792875270458348,-0.004638964341494047,-0.005598641155942259,"heatmap:mom_lookback=9,cov_halflife=18"
blend,mv,2015-08-31,2015-09-30,-0.011277995058935437,0.9807664056471321,False,1.4926053450983443,-0.012258761464582569,-0.013239527870229702,-0.014220294275876833,"heatmap:mom_lookback=9,cov_halflife=18"
blend,mv,2015-09-30,2015-10-31,0.016509287393389353,1.0167877322531866,False,1.436747269833417,0.015492499661136166,0.01447571192888298,0.013458924196629793,"heatmap:mom_lookback=9,cov_halflife=18"
blend,mv,2015-10-31,2015-11-30,0.00018208168519674915,0.9224557826899684,False,1.1651806689823274,-0.0007403740974932194,-0.0016628298801831878,-0.0025852856628731558,"heatmap:mom_lookback=9,cov_halflife=18"
blend,mv,2015-11-30,2015-12-31,0.0028364411835737824,0.8162259651308735,False,1.2863107637450606,0.002020215218442909,0.0012039892533120353,0.00038776328818116183,"heatmap:mom_lookback=9,cov_halflife=18"
blend,mv,2015-12-31,2016-01-31,-0.0057887986263635794,0.7603411951133447,False,1.353134289968661,-0.0065491398214769245,-0.007309481016590269,-0.008069822211703614,"heatmap:mom_lookback=9,cov_halflife=18"
blend,mv,2016-01-31,2016-02-29,-0.03457579582336107,0.77137589431831,False,1.3173556363246697,-0.035347171717679385,-0.036118547611997696,-0.036889923506316,"heatmap:mom_lookback=9,cov_halflife=18"
blend,mv,2016-02-29,2016-03-31,-0.011753849150082395,0.8721115105918704,False,1.5102232172301302,-0.012625960660674266,-0.013498072171266135,-0.014370183681858006,"heatmap:mom_lookback=9,cov_halflife=18"
blend,mv,2016-03-31,2016-04-30,-0.00927132476721992,0.9981502249303685,False,1.4007689370258618,-0.01026947499215029,-0.011267625217080657,-0.012265775442011026,"heatmap:mom_lookback=9,cov_halflife=18"
blend,mv,2016-04-30,2016-05-31,-0.012964563242160904,0.7613241074884275,False,1.402163867845502,-0.013725887349649331,-0.01448721145713776,-0.015248535564626187,"heatmap:mom_lookback=9,cov_halflife=18"
blend,mv,2016-05-31,2016-06-30,0.03333470387808238,0.7817083507427697,False,1.3717564615603803,0.03255299552733961,0.03177128717659684,0.03098957882585407,"heatmap:mom_lookback=9,cov_halflife=18"
blend,mv,2016-06-30,2016-07-31,0.008213184236808344,0.9436845385940286,False,1.3858850139807353,0.007269499698214315,0.006325815159620287,0.005382130621026258,"heatmap:mom_lookback=9,cov_halflife=18"
blend,mv,2016-07-31,2016-08-31,-0.012042355714264857,0.8728545001823879,False,1.2485035904345947,-0.012915210214447245,-0.013788064714629632,-0.01466091921481202,"heatmap:mom_lookback=9,cov_halflife=18"
blend,mv,2016-08-31,2016-09-30,0.005269543531115996,0.8299952318808298,False,1.3084771809054576,0.004439548299235166,0.0036095530673543362,0.002779557835473506,"heatmap:mom_lookback=9,cov_halflife=18"
blend,mv,2016-09-30,2016-10-31,-0.0012795003802438508,0.8398184960538437,False,1.4380733560231256,-0.0021193188762976944,-0.002959137372351538,-0.003798955868405382,"heatmap:mom_lookback=9,cov_halflife=18"
blend,mv,2016-10-31,2016-11-30,-0.020616649328665266,0.9854729104178714,False,1.334110879809473,-0.021602122239083137,-0.02258759514950101,-0.02357306805991888,"heatmap:mom_lookback=9,cov_halflife=18"
blend,mv,2016-11-30,2016-12-31,0.0032894634478024703,0.8525072440133551,False,1.4411741764963863,0.0024369562037891155,0.0015844489597757602,0.0007319417157624049,"heatmap:mom_lookback=9,cov_halflife=18"
blend,mv,2016-12-31,2017-01-31,0.01056075214317472,0.8661528740569909,False,1.4924172573270644,0.00969459926911773,0.008828446395060738,0.007962293521003748,"heatmap:mom_lookback=9,cov_halflife=18"
blend,mv,2017-01-31,2017-02-28,0.00015091770882615695,1.0168482458155472,False,1.5530877822531712,-0.0008659305369893903,-0.0018827787828049375,-0.0028996270286204846,"heatmap:mom_lookback=9,cov_halflife=18"
blend,mv,2017-02-28,2017-03-31,-0.008955428813561667,0.8625510501663158,False,1.6318244169290526,-0.009817979863727982,-0.0106805309138943,-0.011543081964060614,"heatmap:mom_lookback=9,cov_halflife=18"
blend,mv,2017-03-31,2017-04-30,0.012585333475970186,0.822571076812909,False,1.4764417644448875,0.011762762399157276,0.010940191322344368,0.010117620245531459,"heatmap:mom_lookback=9,cov_halflife=18"
blend,mv,2017-04-30,2017-05-31,0.009725423187896839,0.721065782162297,False,1.4238950064836426,0.009004357405734542,0.008283291623572246,0.0075622258414099475,"heatmap:mom_lookback=9,cov_halflife=18"
blend,mv,2017-05-31,2017-06-30,-0.017569009720320775,0.7439465218090107,False,1.4003355426521171,-0.018312956242129787,-0.019056902763938798,-0.019800849285747806,"heatmap:mom_lookback=9,cov_halflife=18"
blend,mv,2017-06-30,2017-07-31,2.647028065574696e-06,0.7004442758992988,False,1.381493893617741,-0.0006977972478337241,-0.0013982415237330228,-0.0020986857996323216,"heatmap:mom_lookback=9,cov_halflife=18"
blend,mv,2017-07-31,2017-08-31,0.02242265417089656,0.7161491704401278,False,1.2794834255038559,0.021706505000456434,0.020990355830016304,0.020274206659576178,"heatmap:mom_lookback=9,cov_halflife=18"
blend,mv,2017-08-31,2017-09-30,-0.005815766874726992,0.9235506354179052,False,1.504074693305052,-0.0067393175101448976,-0.007662868145562803,-0.008586418780980707,"heatmap:mom_lookback=9,cov_halflife=18"
blend,mv,2017-09-30,2017-10-31,0.033216313410651524,0.9984782131895114,False,1.6798901057997238,0.03221783519746201,0.0312193569842725,0.03022087877108299,"heatmap:mom_lookback=9,cov_halflife=18"
blend,mv,2017-10-31,2017-11-30,-0.011542725162218612,0.7942380997861334,False,1.6611579596939339,-0.012336963262004745,-0.013131201361790879,-0.013925439461577012,"heatmap:mom_lookback=9,cov_halflife=18"
blend,mv,2017-11-30,2017-12-31,-0.013620138326842241,0.9070373068478387,False,1.6386081998303788,-0.01452717563369008,-0.015434212940537918,-0.016341250247385756,"heatmap:mom_lookback=9,cov_halflife=18"
blend,mv,2017-12-31,2018-01-31,0.02672667493991229,0.8604315234647552,False,1.66998119831184,0.025866243416447533,0.025005811892982777,0.024145380369518025,"heatmap:mom_lookback=9,cov_halflife=18"
blend,mv,2018-01-31,2018-02-28,0.002175216497617535,0.9238416718686395,False,1.725533272488201,0.0012513748257488955,0.00032753315388025605,-0.0005963085179883838,"heatmap:mom_lookback=9,cov_halflife=18"
blend,mv,2018-02-28,2018-03-31,0.0015866099308065628,0.763558232003226,False,1.4452543430976255,0.0008230516988033367,5.949346680011059e-05,-0.0007040647652031154,"heatmap:mom_lookback=9,cov_halflife=18"
blend,mv,2018-03-31,2018-04-30,-0.010195666616578839,0.6873686771536412,False,1.34910445276397,-0.01088303529373248,-0.011570403970886121,-0.012257772648039763,"heatmap:mom_lookback=9,cov_halflife=18"
blend,mv,2018-04-30,2018-05-31,0.020171643647954117,0.7494308446348527,False,1.5870894542504093,0.019422212803319263,0.018672781958684413,0.01792335111404956,"heatmap:mom_lookback=9,cov_halflife=18"
blend,mv,2018-05-31,2018-06-30,-0.006149738229189046,0.750827797940835,False,1.6050474894100422,-0.006900566027129881,-0.007651393825070716,-0.008402221623011552,"heatmap:mom_lookback=9,cov_halflife=18"
blend,mv,2018-06-30,2018-07-31,-0.022497218514043037,0.6835017373218745,False,1.5440414320918188,-0.02318072025136491,-0.023864221988686787,-0.02454772372600866,"heatmap:mom_lookback=9,cov_halflife=18"
blend,mv,2018-07-31,2018-08-31,0.02406890794875012,0.7354991478329752,False,1.3684264029329607,0.023333408800917145,0.02259790965308417,0.021862410505251194,"heatmap:mom_lookback=9,cov_halflife=18"
blend,mv,2018-08-31,2018-09-30,0.01540281934732999,0.7959753197169515,False,1.6013832098221434,0.014606844027613038,0.013810868707896086,0.013014893388179134,"heatmap:mom_lookback=9,cov_halflife=18"
blend,mv,2018-09-30,2018-10-31,-0.03708298726885572,0.7925832093988059,False,1.5216265212462283,-0.037875570478254524,-0.038668153687653334,-0.03946073689705214,"heatmap:mom_lookback=9,cov_halflife=18"
blend,mv,2018-10-31,2018-11-30,-0.02035239501723308,0.7024375664909049,False,1.4402746934736008,-0.021054832583723985,-0.021757270150214888,-0.022459707716705794,"heatmap:mom_lookback=9,cov_halflife=18"
blend,mv,2018-11-30,2018-12-31,0.008379112241804107,0.8355167310551086,False,1.7272043295088153,0.007543595510748999,0.00670807877969389,0.005872562048638782,"heatmap:mom_lookback=9,cov_halflife=18"
blend,mv,2018-12-31,2019-01-31,-0.01862258847915158,0.6448530779573429,False,1.5804444809442206,-0.01926744155710892,-0.019912294635066264,-0.020557147713023607,"heatmap:mom_lookback=9,cov_halflife=18"
blend,mv,2019-01-31,2019-02-28,0.004694811073050328,0.8525732859008897,False,1.5349975089685082,0.0038422377871494386,0.0029896645012485487,0.0021370912153476592,"heatmap:mom_lookback=9,cov_halflife=18"
blend,mv,2019-02-28,2019-03-31,-0.0031563129817911706,0.5461262101262048,False,1.499083065509424,-0.0037024391919173753,-0.00424856540204358,-0.004794691612169785,"heatmap:mom_lookback=9,cov_halflife=18"
blend,mv,2019-03-31,2019-04-30,0.0014862369020472725,0.7143378500745303,False,1.4418433452749493,0.0007718990519727422,5.7561201898211935e-05,-0.0006567766481763186,"heatmap:mom_lookback=9,cov_halflife=18"
blend,mv,2019-04-30,2019-05-31,0.01614274979168394,0.7287902809028938,False,1.6226619069379626,0.015413959510781044,0.014685169229878151,0.013956378948975258,"heatmap:mom_lookback=9,cov_halflife=18"
blend,mv,2019-05-31,2019-06-30,-0.01726552036566436,0.7839502817958899,False,1.6408850620458373,-0.01804947064746025,-0.01883342092925614,-0.019617371211052028,"heatmap:mom_lookback=9,cov_halflife=18"
blend,mv,2019-06-30,2019-07-31,0.020195437695522175,0.948696686865683,False,1.509267738252828,0.01924674100865649,0.01829804432179081,0.017349347634925127,"heatmap:mom_lookback=9,cov_halflife=18"
blend,mv,2019-07-31,2019-08-31,0.03697800514744746,0.8420534624945103,False,1.4737514550085884,0.03613595168495295,0.03529389822245844,0.03445184475996393,"heatmap:mom_lookback=9,cov_halflife=18"
blend,mv,2019-08-31,2019-09-30,-0.005015660955249801,0.7254721070761512,False,1.5311451209906184,-0.005741133062325952,-0.006466605169402104,-0.007192077276478255,"heatmap:mom_lookback=9,cov_halflife=18"
blend,mv,2019-09-30,2019-10-31,0.0038275335046045775,0.729637426991438,False,1.229834284516353,0.0030978960776131396,0.0023682586506217013,0.0016386212236302634,"heatmap:mom_lookback=9,cov_halflife=18"
blend,mv,2019-10-31,2019-11-30,0.011338273229097253,0.5429410086770444,False,1.372122254680527,0.010795332220420208,0.010252391211743164,0.00970945020306612,"heatmap:mom_lookback=9,cov_halflife=18"
blend,mv,2019-11-30,2019-12-31,-0.01096752737169722,0.8834117909767942,False,1.40276709524084,-0.011850939162674014,-0.012734350953650808,-0.013617762744627601,"heatmap:mom_lookback=9,cov_halflife=18"
blend,mv,2019-12-31,2020-01-31,0.03207748331114777,0.6751875834439878,False,1.4023818812756539,0.03140229572770378,0.030727108144259795,0.030051920560815806,"heatmap:mom_lookback=9,cov_halflife=18"
blend,mv,2020-01-31,2020-02-29,0.003061753700119078,0.6451138227088207,False,1.4212217635379691,0.0024166398774102572,0.0017715260547014368,0.0011264122319926161,"heatmap:mom_lookback=9,cov_halflife=18"
blend,mv,2020-02-29,2020-03-31,0.03539417050297583,0.6541988810321082,False,1.1457087499392755,0.03473997162194372,0.03408577274091162,0.03343157385987951,"heatmap:mom_lookback=9,cov_halflife=18"
blend,mv,2020-03-31,2020-04-30,0.028750508304832997,0.6559033782693532,False,1.1972334831428881,0.028094604926563644,0.02743870154829429,0.026782798170024935,"heatmap:mom_lookback=9,cov_halflife=18"
blend,mv,2020-04-30,2020-05-31,0.0026110837288069832,0.8554315052029449,False,0.8178634889517644,0.0017556522236040384,0.0009002207184010936,4.4789213198148745e-05,"heatmap:mom_lookback=9,cov_halflife=18"
blend,mv,2020-05-31,2020-06-30,0.011552627612645878,0.4993206084473458,False,0.9998869255018724,0.011053307004198532,0.010553986395751187,0.010054665787303841,"heatmap:mom_lookback=9,cov_halflife=18"
blend,mv,2020-06-30,2020-07-31,0.02095696638243978,0.3550511653362009,False,0.999440472790684,0.02060191521710358,0.02024686405176738,0.01989181288643118,"heatmap:mom_lookback=9,cov_halflife=18"
blend,mv,2020-07-31,2020-08-31,0.035395969639816754,0.41111395024128616,False,0.9477931702042592,0.03498485568957547,0.03457374173933418,0.034162627789092896,"heatmap:mom_lookback=9,cov_halflife=18"
blend,mv,2020-08-31,2020-09-30,-0.009116483735936874,0.5051679792076613,False,0.8058649306290703,-0.009621651715144536,-0.010126819694352196,-0.010631987673559858,"heatmap:mom_lookback=9,cov_halflife=18"
blend,mv,2020-09-30,2020-10-31,-0.01333690183568322,0.40765506212271446,False,0.8475228463107702,-0.013744556897805935,-0.01415221195992865,-0.014559867022051365,"heatmap:mom_lookback=9,cov_halflife=18"
blend,mv,2020-10-31,2020-11-30,-0.019517814941920984,0.4392098525034619,False,0.8917055881973185,-0.019957024794424447,-0.020396234646927906,-0.02083544449943137,"heatmap:mom_lookback=9,cov_halflife=18"
blend,mv,2020-11-30,2020-12-31,0.014942331100225388,0.5439280227208445,False,0.8857684184174733,0.014398403077504543,0.0138544750547837,0.013310547032062855,"heatmap:mom_lookback=9,cov_halflife=18"
blend,mv,2020-12-31,2021-01-31,0.02160297984214426,0.48579041180023685,False,0.8741319460536409,0.021117189430344022,0.020631399018543786,0.020145608606743547,"heatmap:mom_lookback=9,cov_halflife=18"
blend,mv,2021-01-31,2021-02-28,-0.013035223968745808,0.38403548263597775,False,0.7724206413252369,-0.013419259451381785,-0.013803294934017763,-0.01418733041665374,"heatmap:mom_lookback=9,cov_halflife=18"
blend,mv,2021-02-28,2021-03-31,-0.030775720358579645,0.4048283223311331,False,0.7027556058154057,-0.031180548680910778,-0.03158537700324191,-0.03199020532557304,"heatmap:mom_lookback=9,cov_halflife=18"
blend,mv,2021-03-31,2021-04-30,0.007738507346951153,0.4503404481749322,False,0.7191933252087056,0.0072881668987762206,0.006837826450601289,0.006387486002426356,"heatmap:mom_lookback=9,cov_halflife=18"
blend,mv,2021-04-30,2021-05-31,-0.011729252926958766,0.40823635474142916,False,0.7172231547858767,-0.012137489281700196,-0.012545725636441624,-0.012953961991183054,"heatmap:mom_lookback=9,cov_halflife=18"
blend,mv,2021-05-31,2021-06-30,-0.006341671730729515,0.5295274613689638,False,0.856657588192221,-0.006871199192098479,-0.007400726653467443,-0.007930254114836407,"heatmap:mom_lookback=9,cov_halflife=18"
blend,mv,2021-06-30,2021-07-31,0.009057436537290903,0.5768266311332292,False,0.8681871228154183,0.008480609906157673,0.007903783275024445,0.0073269566438912154,"heatmap:mom_lookback=9,cov_halflife=18"
blend,mv,2021-07-31,2021-08-31,0.017624169569905136,0.5486369317464502,False,0.7372912432401622,0.017075532638158687,0.016526895706412234,0.015978258774665785,"heatmap:mom_lookback=9,cov_halflife=18"
blend,mv,2021-08-31,2021-09-30,-0.009608188644394874,0.9310425614592234,False,1.1976007618504507,-0.010539231205854097,-0.011470273767313322,-0.012401316328772545,"heatmap:mom_lookback=9,cov_halflife=18"
blend,mv,2021-09-30,2021-10-31,0.0061198253283615955,0.6044833607683399,False,1.1003515259984573,0.0055153419675932555,0.0049108586068249156,0.004306375246056576,"heatmap:mom_lookback=9,cov_halflife=18"
blend,mv,2021-10-31,2021-11-30,0.003686659714197468,0.6440663489670854,False,1.035300908830388,0.003042593365230383,0.0023985270162632973,0.001754460667296212,"heatmap:mom_lookback=9,cov_halflife=18"
blend,mv,2021-11-30,2021-12-31,0.0016271236233910448,0.555517654156832,False,1.059693171173533,0.0010716059692342129,0.0005160883150773809,-3.9429339079451045e-05,"heatmap:mom_lookback=9,cov_halflife=18"
blend,mv,2021-12-31,2022-01-31,-0.002247058727216571,0.5553994822110023,False,1.0726680182099666,-0.0028024582094275732,-0.0033578576916385755,-0.003913257173849578,"heatmap:mom_lookback=9,cov_halflife=18"
blend,mv,2022-01-31,2022-02-28,-0.009104010699886722,0.5051713472714078,False,1.150484689550983,-0.00960918204715813,-0.010114353394429537,-0.010619524741700945,"heatmap:mom_lookback=9,cov_halflife=18"
blend,mv,2022-02-28,2022-03-31,0.02195904436354175,0.5374840624340221,False,1.012902681876603,0.021421560301107728,0.020884076238673704,0.020346592176239683,"heatmap:mom_lookback=9,cov_halflife=18"
blend,mv,2022-03-31,2022-04-30,0.01905190472846112,0.5675655256236709,False,0.9633814090458261,0.018484339202837447,0.01791677367721378,0.017349208151590106,"heatmap:mom_lookback=9,cov_halflife=18"
blend,mv,2022-04-30,2022-05-31,0.007632164507822746,0.4163893336490861,False,0.7333083370507597,0.00721577517417366,0.006799385840524573,0.006382996506875488,"heatmap:mom_lookback=9,cov_halflife=18"
blend,mv,2022-05-31,2022-06-30,-0.00712509805622249,0.3907765234401072,False,0.7658129355082484,-0.007515874579662597,-0.007906651103102704,-0.008297427626542812,"heatmap:mom_lookback=9,cov_halflife=18"
blend,mv,2022-06-30,2022-07-31,-0.0022086376692517875,0.35793167991917796,False,0.8206384121749604,-0.0025665693491709655,-0.0029245010290901434,-0.0032824327090093214,"heatmap:mom_lookback=9,cov_halflife=18"
blend,mv,2022-07-31,2022-08-31,0.020843048074575817,0.4658255058798515,False,0.8108942555142205,0.020377222568695966,0.019911397062816114,0.019445571556936263,"heatmap:mom_lookback=9,cov_halflife=18"
blend,mv,2022-08-31,2022-09-30,0.002876422276079634,0.4068635442562269,False,0.878748015111916,0.002469558731823407,0.0020626951875671803,0.0016558316433109533,"heatmap:mom_lookback=9,cov_halflife=18"
blend,mv,2022-09-30,2022-10-31,0.013930978145248466,0.29270566252057023,False,0.8466269701690575,0.013638272482727896,0.013345566820207325,0.013052861157686755,"heatmap:mom_lookback=9,cov_halflife=18"
blend,mv,2022-10-31,2022-11-30,-0.04000447318753547,0.42140715194487466,False,0.958114489395078,-0.040425880339480344,-0.04084728749142522,-0.041268694643370095,"heatmap:mom_lookback=9,cov_halflife=18"
blend,mv,2022-11-30,2022-12-31,-0.005413134406854732,0.48361666979429857,False,0.842201904470043,-0.00589675107664903,-0.0063803677464433295,-0.006863984416237628,"heatmap:mom_lookback=9,cov_halflife=18"
blend,mv,2022-12-31,2023-01-31,-0.04290866244128901,0.3568698952540866,False,0.9076949975501223,-0.0432655323365431,-0.04362240223179718,-0.04397927212705127,"heatmap:mom_lookback=9,cov_halflife=18"
blend,mv,2023-01-31,2023-02-28,0.004332744608935126,0.5323700179283916,False,0.907710277903125,0.0038003745910067345,0.0032680045730783427,0.002735634555149951,"heatmap:mom_lookback=9,cov_halflife=18"
blend,mv,2023-02-28,2023-03-31,-0.0031294840328528334,0.4826855521368168,False,0.9604622871434305,-0.00361216958498965,-0.004094855137126467,-0.004577540689263283,"heatmap:mom_lookback=9,cov_halflife=18"
blend,mv,2023-03-31,2023-04-30,0.00478333489228209,0.4726358247876433,False,0.8494074522317953,0.004310699067494447,0.0038380632427068035,0.0033654274179191605,"heatmap:mom_lookback=9,cov_halflife=18"
blend,mv,2023-04-30,2023-05-31,0.011168923263252879,0.5149843160392842,False,0.9950929594692659,0.010653938947213594,0.01013895463117431,0.009623970315135027,"heatmap:mom_lookback=9,cov_halflife=18"
blend,mv,2023-05-31,2023-06-30,-0.0008414891618029484,0.5316734268170296,False,1.0339410468138497,-0.001373162588619978,-0.0019048360154370076,-0.002436509442254037,"heatmap:mom_lookback=9,cov_halflife=18"
blend,mv,2023-06-30,2023-07-31,-0.007353446292758359,0.6531068350164894,False,0.9203424650160983,-0.008006553127774848,-0.008659659962791338,-0.009312766797807827,"heatmap:mom_lookback=9,cov_halflife=18"
blend,mv,2023-07-31,2023-08-31,-0.0008114844129264648,0.4847426204006571,False,1.0590267534605287,-0.001296227033327122,-0.001780969653727779,-0.002265712274128436,"heatmap:mom_lookback=9,cov_halflife=18"
blend,mv,2023-08-31,2023-09-30,-0.015019001009048547,0.5255200976641246,False,1.117504530706598,-0.015544521106712672,-0.016070041204376797,-0.016595561302040922,"heatmap:mom_lookback=9,cov_halflife=18"
blend,mv,2023-09-30,2023-10-31,-0.01056621016110283,0.5378778084976938,False,0.9305791517269025,-0.011104087969600523,-0.011641965778098218,-0.012179843586595912,"heatmap:mom_lookback=9,cov_halflife=18"
blend,mv,2023-10-31,2023-11-30,0.011111191075172527,0.4242807150049609,False,1.0198863015460302,0.010686910360167567,0.010262629645162606,0.009838348930157646,"heatmap:mom_lookback=9,cov_halflife=18"
blend,mv,2023-11-30,2023-12-31,-0.016234072594366756,0.61529159769789,False,1.1944144834340285,-0.016849364192064648,-0.017464655789762536,-0.018079947387460427,"heatmap:mom_lookback=9,cov_halflife=18"
blend,mv,2023-12-31,2024-01-31,0.03526525778485747,0.5655818451781899,False,1.0313633837312306,0.034699675939679285,0.03413409409450109,0.033568512249322904,"heatmap:mom_lookback=9,cov_halflife=18"
blend,mv,2024-01-31,2024-02-29,0.002152736185353761,0.5159694281068189,False,1.010573131922766,0.0016367667572469422,0.0011207973291401233,0.0006048279010333044,"heatmap:mom_lookback=9,cov_halflife=18"
blend,mv,2024-02-29,2024-03-31,-0.011063416383821327,0.5037149480892913,False,1.0189299276555368,-0.011567131331910618,-0.012070846279999908,-0.0125745612280892,"heatmap:mom_lookback=9,cov_halflife=18"
blend,mv,2024-03-31,2024-04-30,-0.01424146561739505,0.3729833134087368,False,1.0162959225712047,-0.014614448930803787,-0.014987432244212524,-0.01536041555762126,"heatmap:mom_lookback=9,cov_halflife=18"
blend,mv,2024-04-30,2024-05-31,0.014720270133873952,0.3846070143864646,False,1.0953626547377038,0.014335663119487488,0.013951056105101023,0.013566449090714559,"heatmap:mom_lookback=9,cov_halflife=18"
blend,mv,2024-05-31,2024-06-30,0.004411146635936498,0.5439337968267866,False,1.2205906316197508,0.0038672128391097115,0.003323279042282925,0.002779345245456139,"heatmap:mom_lookback=9,cov_halflife=18"
blend,mv,2024-06-30,2024-07-31,0.002594403644430365,0.5837740522730409,False,1.095203419693883,0.002010629592157324,0.001426855539884283,0.000843081487611242,"heatmap:mom_lookback=9,cov_halflife=18"
blend,mv,2024-07-31,2024-08-31,8.190834237222924e-05,0.5769043331464866,False,1.1720130850785475,-0.0004949959907742574,-0.001071900323920744,-0.0016488046570672305,"heatmap:mom_lookback=9,cov_halflife=18"
blend,mv,2024-08-31,2024-09-30,-0.006359418640652903,0.5815439159427561,False,1.0832767138433894,-0.006940962556595659,-0.007522506472538415,-0.00810405038848117,"heatmap:mom_lookback=9,cov_halflife=18"
blend,mv,2024-09-30,2024-10-31,0.0003675003627197794,0.5081337035013134,False,1.114711589603889,-0.00014063334078153405,-0.0006487670442828475,-0.0011569007477841608,"heatmap:mom_lookback=9,cov_halflife=18"
blend,mv,2024-10-31,2024-11-30,0.008780131517561704,0.5544163700830858,False,1.1021939495449864,0.008225715147478618,0.007671298777395532,0.0071168824073124465,"heatmap:mom_lookback=9,cov_halflife=18"
blend,mv,2024-11-30,2024-12-31,-0.0007844751775321733,0.6691353665584197,False,1.1815435841716926,-0.001453610544090593,-0.0021227459106490125,-0.0027918812772074323,"heatmap:mom_lookback=9,cov_halflife=18"
blend,mv,2024-12-31,2025-01-31,0.009823345172022003,0.5189869950817982,False,1.2168123908215223,0.009304358176940204,0.008785371181858407,0.008266384186776608,"heatmap:mom_lookback=9,cov_halflife=18"
blend,mv,2025-01-31,2025-02-28,-0.0002677924850607014,0.5061870759886078,False,1.048216801559116,-0.0007739795610493092,-0.001280166637037917,-0.0017863537130265248,"heatmap:mom_lookback=9,cov_halflife=18"
blend,mv,2025-02-28,2025-03-31,-0.005478405479405402,0.5528438881397487,False,1.0637991186020637,-0.006031249367545151,-0.0065840932556848995,-0.007136937143824648,"heatmap:mom_lookback=9,cov_halflife=18"
blend,mv,2025-03-31,2025-04-30,0.015338753577270908,0.542277956708886,False,1.0994036481442533,0.014796475620562022,0.014254197663853135,0.01371191970714425,"heatmap:mom_lookback=9,cov_halflife=18"
blend,mv,2025-04-30,2025-05-31,0.01634025105482622,0.659970785291971,False,1.3035191278877356,0.01568028026953425,0.015020309484242277,0.014360338698950308,"heatmap:mom_lookback=9,cov_halflife=18"
blend,mv,2025-05-31,2025-06-30,-0.004990511100216607,0.4564999522008839,False,1.2189886141457849,-0.005447011052417491,-0.005903511004618375,-0.0063600109568192585,"heatmap:mom_lookback=9,cov_halflife=18"
blend,mv,2025-06-30,2025-07-31,-0.026104733526113755,0.5409368494561457,False,1.0859947622906736,-0.0266456703755699,-0.027186607225026048,-0.02772754407448219,"heatmap:mom_lookback=9,cov_halflife=18"
blend,mv,2025-07-31,2025-08-31,-0.0030846901435533014,0.5430083561231096,False,1.1683568088949532,-0.003627698499676411,-0.00417070685579952,-0.004713715211922631,"heatmap:mom_lookback=9,cov_halflife=18"
blend,mv,2025-08-31,2025-09-30,0.018708317027307526,0.5349558371657089,False,1.1755393417546063,0.018173361190141818,0.01763840535297611,0.0171034495158104,"heatmap:mom_lookback=9,cov_halflife=18"
blend,mv,2025-09-30,2025-10-31,0.012517933720335182,0.48071916971434403,False,1.224524726715273,0.012037214550620838,0.011556495380906494,0.01107577621119215,"heatmap:mom_lookback=9,cov_halflife=18"
blend,mv,2025-10-31,2025-11-30,-0.004922370743535092,0.5481925695428803,False,1.1643954436255544,-0.005470563313077972,-0.006018755882620852,-0.006566948452163733,"heatmap:mom_lookback=9,cov_halflife=18"
blend,mv,2025-11-30,2025-12-31,0.012648831107506357,0.5937826936984152,False,0.9428181655359401,0.012055048413807942,0.011461265720109528,0.010867483026411112,"heatmap:mom_lookback=9,cov_halflife=18"
blend,mv,2025-12-31,2026-01-31,0.012477199604591257,0.33416856269569284,False,1.035671873224481,0.012143031041895564,0.01180886247919987,0.01147469391650418,"heatmap:mom_lookback=9,cov_halflife=18"
blend,mv,1995-01-31,1995-02-28,2.516998877228043e-06,1.5638351839012068,True,1.5638351839012068,-0.0015613181850239787,-0.0031251533689251854,-0.004688988552826392,"heatmap:mom_lookback=9,cov_halflife=60"
blend,mv,1995-02-28,1995-03-31,-0.0023898755196941207,1.269192210212141,False,1.4878158955822227,-0.0036590677299062615,-0.004928259940118402,-0.006197452150330544,"heatmap:mom_lookback=9,cov_halflife=60"
blend,mv,1995-03-31,1995-04-30,0.02639214031129228,0.9876658639289877,False,1.5114452680516695,0.025404474447363296,0.024416808583434306,0.02342914271950532,"heatmap:mom_lookback=9,cov_halflife=60"
blend,mv,1995-04-30,1995-05-31,-0.006579191330379427,0.9745654092234441,False,1.4725011638244765,-0.007553756739602871,-0.008528322148826315,-0.009502887558049759,"heatmap:mom_lookback=9,cov_halflife=60"
blend,mv,1995-05-31,1995-06-30,0.008088128519642857,1.1144569252654182,False,1.5675451899863322,0.006973671594377439,0.005859214669112021,0.004744757743846602,"heatmap:mom_lookback=9,cov_halflife=60"
blend,mv,1995-06-30,1995-07-31,-0.003948265453713977,0.9540391736480466,False,1.5705803846982294,-0.004902304627362024,-0.005856343801010071,-0.006810382974658117,"heatmap:mom_lookback=9,cov_halflife=60"
blend,mv,1995-07-31,1995-08-31,0.0017456378342586155,1.0238157973800144,False,1.4855556507755672,0.0007218220368786011,-0.00030199376050141333,-0.0013258095578814277,"heatmap:mom_lookback=9,cov_halflife=60"
blend,mv,1995-08-31,1995-09-30,0.01912310888951454,0.9857826196165147,False,1.5260282421468454,0.018137326269898026,0.01715154365028151,0.016165761030665,"heatmap:mom_lookback=9,cov_halflife=60"
blend,mv,1995-09-30,1995-10-31,0.028530451140990336,1.0636470845636754,False,1.5103953086129742,0.02746680405642666,0.026403156971862986,0.02533950988729931,"heatmap:mom_lookback=9,cov_halflife=60"
blend,mv,1995-10-31,1995-11-30,-0.027204917792285285,0.9675773155809912,False,1.5120027630272932,-0.028172495107866277,-0.029140072423447266,-0.03010764973902826,"heatmap:mom_lookback=9,cov_halflife=60"
blend,mv,1995-11-30,1995-12-31,0.004835371160482506,0.8438969077638,False,1.3847797680859015,0.003991474252718706,0.003147577344954906,0.0023036804371911065,"heatmap:mom_lookback=9,cov_halflife=60"
blend,mv,1995-12-31,1996-01-31,0.001868879735551437,0.957260709819857,False,1.449261220193973,0.00091161902573158,-4.564168408827704e-05,-0.001002902393908134,"heatmap:mom_lookback=9,cov_halflife=60"
blend,mv,1996-01-31,1996-02-29,-0.0036909003901971753,0.8356028875904341,False,1.5082876187402778,-0.004526503277787609,-0.005362106165378044,-0.006197709052968478,"heatmap:mom_lookback=9,cov_halflife=60"
blend,mv,1996-02-29,1996-03-31,-0.020684684798094547,1.0306385946596002,False,1.4937447269068858,-0.021715323392754147,-0.022745961987413747,-0.023776600582073346,"heatmap:mom_lookback=9,cov_halflife=60"
blend,mv,1996-03-31,1996-04-30,-0.01299384049189924,1.0524073812486843,False,1.579274665702237,-0.014046247873147923,-0.015098655254396609,-0.016151062635645294,"heatmap:mom_lookback=9,cov_halflife=60"
blend,mv,1996-04-30,1996-05-31,-0.003368473925103794,1.1273275720866027,False,1.5820663188494322,-0.004495801497190396,-0.005623129069276999,-0.006750456641363602,"heatmap:mom_lookback=9,cov_halflife=60"
blend,mv,1996-05-31,1996-06-30,0.006980536554349037,0.9937706118719534,False,1.7458899230057876,0.005986765942477084,0.00499299533060513,0.003999224718733176,"heatmap:mom_lookback=9,cov_halflife=60"
blend,mv,1996-06-30,1996-07-31,0.011350464520580727,1.0806398605548138,False,1.8339691702186065,0.010269824660025913,0.0091891847994711,0.008108544938916286,"heatmap:mom_lookback=9,cov_halflife=60"
blend,mv,1996-07-31,1996-08-31,0.008566993804638191,0.9696478310838603,False,1.729737122925989,0.007597345973554331,0.006627698142470471,0.0056580503113866105,"heatmap:mom_lookback=9,cov_halflife=60"
blend,mv,1996-08-31,1996-09-30,-0.002265332669593325,1.3293710760516502,False,1.7414262095735304,-0.003594703745644975,-0.004924074821696625,-0.006253445897748275,"heatmap:mom_lookback=9,cov_halflife=60"
blend,mv,1996-09-30,1996-10-31,0.00165622456159982,1.5565266931809252,False,1.78288255472398,9.969786841889489e-05,-0.0014568288247620302,-0.0030133555179429556,"heatmap:mom_lookback=9,cov_halflife=60"
blend,mv,1996-10-31,1996-11-30,-0.00423729902750274,1.3948665764653692,False,1.5920558222057455,-0.005632165603968109,-0.007027032180433478,-0.008421898756898846,"heatmap:mom_lookback=9,cov_halflife=60"
blend,mv,1996-11-30,1996-12-31,0.012505033980102234,1.4135173868276485,False,1.5726084249518952,0.011091516593274585,0.009677999206446937,0.00826448181961929,"heatmap:mom_lookback=9,cov_halflife=60"
blend,mv,1996-12-31,1997-01-31,0.016577646601067694,1.1551410249173255,False,1.5122969596561275,0.015422505576150368,0.014267364551233043,0.013112223526315716,"heatmap:mom_lookback=9,cov_halflife=60"
blend,mv,1997-01-31,1997-02-28,-0.02026565326275051,1.0909113733532811,False,1.569860473479959,-0.021356564636103793,-0.02244747600945707,-0.023538387382810354,"heatmap:mom_lookback=9,cov_halflife=60"
blend,mv,1997-02-28,1997-03-31,0.00544088547862622,1.2960892468519878,False,1.5639488238011028,0.004144796231774232,0.002848706984922244,0.0015526177380702564,"heatmap:mom_lookback=9,cov_halflife=60"
blend,mv,1997-03-31,1997-04-30,0.005631067840400097,1.197931326089748,False,1.7993017752791547,0.0044331365143103485,0.0032352051882206007,0.002037273862130853,"heatmap:mom_lookback=9,cov_halflife=60"
blend,mv,1997-04-30,1997-05-31,0.00025709034844167197,1.4001782149306468,False,1.6327731055547317,-0.0011430878664889749,-0.0025432660814196217,-0.003943444296350268,"heatmap:mom_lookback=9,cov_halflife=60"
blend,mv,1997-05-31,1997-06-30,0.008531079470994475,1.475347812623291,False,1.6868578240432073,0.007055731658371184,0.005580383845747893,0.004105036033124601,"heatmap:mom_lookback=9,cov_halflife=60"
blend,mv,1997-06-30,1997-07-31,0.02765287307116262,1.3726671026178259,False,1.530200861637729,0.026280205968544794,0.02490753886592697,0.02353487176330914,"heatmap:mom_lookback=9,cov_halflife=60"
blend,mv,1997-07-31,1997-08-31,-0.024657373851662695,1.343525572570741,False,1.5898265983117725,-0.026000899424233438,-0.027344424996804177,-0.02868795056937492,"heatmap:mom_lookback=9,cov_halflife=60"
blend,mv,1997-08-31,1997-09-30,0.011634265901262772,1.4605064789273678,False,1.622104448667065,0.010173759422335404,0.008713252943408037,0.007252746464480668,"heatmap:mom_lookback=9,cov_halflife=60"
blend,mv,1997-09-30,1997-10-31,0.02479688870581043,1.306684191244593,False,1.6609033398162376,0.02349020451456584,0.022183520323321243,0.02087683613207665,"heatmap:mom_lookback=9,cov_halflife=60"
blend,mv,1997-10-31,1997-11-30,-0.0020046069820847533,1.3858062371049125,False,1.6859371516021242,-0.0033904132191896657,-0.0047762194562945785,-0.00616202569339949,"heatmap:mom_lookback=9,cov_halflife=60"
blend,mv,1997-11-30,1997-12-31,0.003266256943749261,1.1321242612526743,False,1.521557931934056,0.0021341326824965865,0.0010020084212439121,-0.00013011584000876186,"heatmap:mom_lookback=9,cov_halflife=60"
blend,mv,1997-12-31,1998-01-31,0.01707686052337119,1.3484279823078307,False,1.7007081499509773,0.015728432541063358,0.014380004558755528,0.013031576576447698,"heatmap:mom_lookback=9,cov_halflife=60"
blend,mv,1998-01-31,1998-02-28,-0.012977820620394811,1.3241898762271331,False,1.491598762056523,-0.014302010496621944,-0.015626200372849078,-0.01695039024907621,"heatmap:mom_lookback=9,cov_halflife=60"
blend,mv,1998-02-28,1998-03-31,0.005315635151643408,1.3458734408425532,False,1.4380657975438405,0.003969761710800854,0.0026238882699583014,0.0012780148291157483,"heatmap:mom_lookback=9,cov_halflife=60"
blend,mv,1998-03-31,1998-04-30,-0.024306912352479223,1.0795424294223783,False,1.5487080063014043,-0.025386454781901602,-0.02646599721132398,-0.02754553964074636,"heatmap:mom_lookback=9,cov_halflife=60"
blend,mv,1998-04-30,1998-05-31,0.018447263108550153,1.1381445178878191,False,1.5664543393095238,0.017309118590662333,0.016170974072774513,0.015032829554886697,"heatmap:mom_lookback=9,cov_halflife=60"
blend,mv,1998-05-31,1998-06-30,0.04338308651210297,1.0599916894036518,False,1.554104794614834,0.04232309482269932,0.04126310313329567,0.04020311144389202,"heatmap:mom_lookback=9,cov_halflife=60"
blend,mv,1998-06-30,1998-07-31,0.02254227867140976,1.2369372011434847,False,1.464139051783448,0.021305341470266276,0.02006840426912279,0.018831467067979307,"heatmap:mom_lookback=9,cov_halflife=60"
blend,mv,1998-07-31,1998-08-31,0.0028486912670360512,0.8104732621967677,False,1.3565860283515,0.0020382180048392835,0.0012277447426425156,0.00041727148044574816,"heatmap:mom_lookback=9,cov_halflife=60"
blend,mv,1998-08-31,1998-09-30,-0.012562723625613116,0.7108169429457095,False,1.4987838966110727,-0.013273540568558825,-0.013984357511504536,-0.014695174454450245,"heatmap:mom_lookback=9,cov_halflife=60"
blend,mv,1998-09-30,1998-10-31,-0.031432080175007183,1.1484299581394968,False,1.385514416975688,-0.03258051013314668,-0.03372894009128618,-0.03487737004942568,"heatmap:mom_lookback=9,cov_halflife=60"
blend,mv,1998-10-31,1998-11-30,0.005452645323860135,0.9199577534895175,False,1.4304974612697887,0.004532687570370618,0.0036127298168810995,0.0026927720633915823,"heatmap:mom_lookback=9,cov_halflife=60"
blend,mv,1998-11-30,1998-12-31,0.051858000753619266,0.8405830241423868,False,1.4955828842058283,0.05101741772947688,0.05017683470533449,0.04933625168119211,"heatmap:mom_lookback=9,cov_halflife=60"
blend,mv,1998-12-31,1999-01-31,0.03804304134054229,0.9134971307005203,False,1.3497741088583048,0.03712954420984177,0.03621604707914125,0.035302549948440724,"heatmap:mom_lookback=9,cov_halflife=60"
blend,mv,1999-01-31,1999-02-28,-0.016397292577443132,0.8649509268785963,False,1.263269105871934,-0.01726224350432173,-0.018127194431200325,-0.018992145358078923,"heatmap:mom_lookback=9,cov_halflife=60"
blend,mv,1999-02-28,1999-03-31,0.0077542731646796864,0.9379050650999003,False,1.141045350521199,0.006816368099579786,0.0058784630344798855,0.004940557969379986,"heatmap:mom_lookback=9,cov_halflife=60"
blend,mv,1999-03-31,1999-04-30,-0.053238727471594124,0.769250084711214,False,1.3066447919726074,-0.05400797755630534,-0.05477722764101655,-0.055546477725727766,"heatmap:mom_lookback=9,cov_halflife=60"
blend,mv,1999-04-30,1999-05-31,-0.01629546858397719,1.015940307088346,False,1.3551536361652716,-0.017311408891065534,-0.018327349198153882,-0.01934328950524223,"heatmap:mom_lookback=9,cov_halflife=60"
blend,mv,1999-05-31,1999-06-30,0.0400756953385295,1.2097902634984081,False,1.485839398954352,0.03886590507503109,0.03765611481153268,0.03644632454803427,"heatmap:mom_lookback=9,cov_halflife=60"
blend,mv,1999-06-30,1999-07-31,0.009055456700330889,1.0004166190593706,False,1.301134063385202,0.008055040081271518,0.007054623462212147,0.006054206843152776,"heatmap:mom_lookback=9,cov_halflife=60"
blend,mv,1999-07-31,1999-08-31,-0.006956556808438706,0.9252991994920667,False,1.300404017865939,-0.007881856007930772,-0.00880715520742284,-0.009732454406914906,"heatmap:mom_lookback=9,cov_halflife=60"
blend,mv,1999-08-31,1999-09-30,0.02802925364103864,0.7689433761571601,False,1.3723382379188198,0.02726031026488148,0.02649136688872432,0.02572242351256716,"heatmap:mom_lookback=9,cov_halflife=60"
blend,mv,1999-09-30,1999-10-31,0.01139730996503902,0.793262325455547,False,1.2151533638168617,0.010604047639583473,0.009810785314127926,0.00901752298867238,"heatmap:mom_lookback=9,cov_halflife=60"
blend,mv,1999-10-31,1999-11-30,0.0031515160599416368,1.0850734623434153,False,1.4415196470527445,0.0020664425975982217,0.0009813691352548062,-0.00010370432708860927,"heatmap:mom_lookback=9,cov_halflife=60"
blend,mv,1999-11-30,1999-12-31,0.03571529373683038,0.9953185621700685,False,1.2913303633115651,0.03471997517466031,0.03372465661249024,0.03272933805032017,"heatmap:mom_lookback=9,cov_halflife=60"
blend,mv,1999-12-31,2000-01-31,0.0005288940383426598,0.8621536364554422,False,1.3775043538557632,-0.0003332595981127824,-0.0011954132345682246,-0.0020575668710236666,"heatmap:mom_lookback=9,cov_halflife=60"
blend,mv,2000-01-31,2000-02-29,0.06159575866006568,0.7773182122101573,False,1.170012791985302,0.060818440447855525,0.06004112223564537,0.05926380402343521,"heatmap:mom_lookback=9,cov_halflife=60"
blend,mv,2000-02-29,2000-03-31,-0.0026557332471639984,0.8226982591096353,False,1.2303668582390288,-0.003478431506273634,-0.00430112976538327,-0.005123828024492905,"heatmap:mom_lookback=9,cov_halflife=60"
blend,mv,2000-03-31,2000-04-30,-0.03554450712471606,1.001486367593291,False,1.2024062884911735,-0.03654599349230935,-0.037547479859902644,-0.038548966227495936,"heatmap:mom_lookback=9,cov_halflife=60"
blend,mv,2000-04-30,2000-05-31,-0.017808836891312445,0.9098317447926525,False,1.1353447951986484,-0.018718668636105096,-0.01962850038089775,-0.020538332125690402,"heatmap:mom_lookback=9,cov_halflife=60"
blend,mv,2000-05-31,2000-06-30,0.04353000161250835,1.0813394625601171,False,1.3592791366677262,0.04244866214994823,0.04136732268738812,0.040285983224827994,"heatmap:mom_lookback=9,cov_halflife=60"
blend,mv,2000-06-30,2000-07-31,-0.0018137396571882131,0.75657967739305,False,1.3426140694051854,-0.002570319334581263,-0.0033268990119743134,-0.004083478689367363,"heatmap:mom_lookback=9,cov_halflife=60"
blend,mv,2000-07-31,2000-08-31,0.049425883399649054,0.7335101043116847,False,1.241175604026115,0.04869237329533737,0.047958863191025686,0.047225353086714,"heatmap:mom_lookback=9,cov_halflife=60"
blend,mv,2000-08-31,2000-09-30,0.0022651786552248393,0.7929609536850131,False,1.2626353953027514,0.0014722177015398263,0.0006792567478548131,-0.00011370420583020017,"heatmap:mom_lookback=9,cov_halflife=60"
blend,mv,2000-09-30,2000-10-31,-0.02082693457659541,0.6849065819590581,False,1.3651600774886494,-0.021511841158554465,-0.022196747740513525,-0.022881654322472585,"heatmap:mom_lookback=9,cov_halflife=60"
blend,mv,2000-10-31,2000-11-30,1.895833699148621e-05,0.6884410809658925,False,1.3637466709379282,-0.0006694827439744064,-0.0013579238249402988,-0.0020463649059061914,"heatmap:mom_lookback=9,cov_halflife=60"
blend,mv,2000-11-30,2000-12-31,0.006607038656811276,0.6965849713034347,False,1.2596552318171574,0.005910453685507842,0.005213868714204407,0.004517283742900972,"heatmap:mom_lookback=9,cov_halflife=60"
blend,mv,2000-12-31,2001-01-31,-0.07554605804918954,0.8325013895572789,False,1.210901372483126,-0.07637855943874682,-0.0772110608283041,-0.07804356221786138,"heatmap:mom_lookback=9,cov_halflife=60"
blend,mv,2001-01-31,2001-02-28,0.0246914851468517,0.7770576314859002,False,1.1781567466279086,0.0239144275153658,0.023137369883879898,0.022360312252394,"heatmap:mom_lookback=9,cov_halflife=60"
blend,mv,2001-02-28,2001-03-31,0.0029318974476325735,0.8875096718969641,False,1.1945192270964853,0.0020443877757356094,0.0011568781038386454,0.00026936843194168107,"heatmap:mom_lookback=9,cov_halflife=60"
blend,mv,2001-03-31,2001-04-30,-0.009598064681440331,1.0153150506684032,False,1.0687601434970866,-0.010613379732108734,-0.011628694782777137,-0.012644009833445541,"heatmap:mom_lookback=9,cov_halflife=60"
blend,mv,2001-04-30,2001-05-31,0.012938918114109622,0.9149035150159276,False,1.11080224578812,0.012024014599093694,0.011109111084077767,0.01019420756906184,"heatmap:mom_lookback=9,cov_halflife=60"
blend,mv,2001-05-31,2001-06-30,0.0023297108158596546,0.8491403107352204,False,1.1641194875627596,0.001480570505124434,0.0006314301943892136,-0.0002177101163460069,"heatmap:mom_lookback=9,cov_halflife=60"
blend,mv,2001-06-30,2001-07-31,0.010868288825845096,0.9850072905370091,False,1.2679537813075992,0.009883281535308087,0.008898274244771078,0.007913266954234069,"heatmap:mom_lookback=9,cov_halflife=60"
blend,mv,2001-07-31,2001-08-31,0.015247057396006035,1.0382242090386704,False,1.0292927788282857,0.014208833186967364,0.013170608977928693,0.012132384768890024,"heatmap:mom_lookback=9,cov_halflife=60"
blend,mv,2001-08-31,2001-09-30,0.02575375752633883,0.6698646873480019,False,1.1648690478207564,0.025083892838990828,0.024414028151642824,0.023744163464294823,"heatmap:mom_lookback=9,cov_halflife=60"
blend,mv,2001-09-30,2001-10-31,-0.0154760315883864,0.6530905046802771,False,1.0252585775030698,-0.01612912209306668,-0.016782212597746954,-0.017435303102427233,"heatmap:mom_lookback=9,cov_halflife=60"
blend,mv,2001-10-31,2001-11-30,-0.037763332660313426,0.7584429920100481,False,0.9331898717877132,-0.038521775652323474,-0.03928021864433352,-0.04003866163634357,"heatmap:mom_lookback=9,cov_halflife=60"
blend,mv,2001-11-30,2001-12-31,0.006406169344712258,0.7793549933596502,False,1.0550668756168247,0.0056268143513526075,0.0048474593579929575,0.004068104364633307,"heatmap:mom_lookback=9,cov_halflife=60"
blend,mv,2001-12-31,2002-01-31,0.028052316535265437,0.8700514453487593,False,1.1868962588523324,0.02718226508991668,0.026312213644567917,0.02544216219921916,"heatmap:mom_lookback=9,cov_halflife=60"
blend,mv,2002-01-31,2002-02-28,0.0031530444059713635,0.7803206703636961,False,1.3042938435070364,0.0023727237356076674,0.0015924030652439713,0.0008120823948802752,"heatmap:mom_lookback=9,cov_halflife=60"
blend,mv,2002-02-28,2002-03-31,0.004691604961424754,0.6114908616326221,False,1.1814643558335047,0.004080114099792132,0.00346862323815951,0.002857132376526888,"heatmap:mom_lookback=9,cov_halflife=60"
blend,mv,2002-03-31,2002-04-30,0.04282029191768447,0.8449291165763578,False,1.1707642039410122,0.04197536280110811,0.04113043368453176,0.0402855045679554,"heatmap:mom_lookback=9,cov_halflife=60"
blend,mv,2002-04-30,2002-05-31,0.009535437308082557,0.6763775695001558,False,1.052526834367057,0.0088590597385824,0.008182682169082245,0.007506304599582089,"heatmap:mom_lookback=9,cov_halflife=60"
blend,mv,2002-05-31,2002-06-30,0.008332477848409145,0.5700061489908581,False,1.1021484255257337,0.007762471699418286,0.007192465550427428,0.00662245940143657,"heatmap:mom_lookback=9,cov_halflife=60"
blend,mv,2002-06-30,2002-07-31,-0.025422715374648453,0.6145013420569264,False,1.2059994391601967,-0.02603721671670538,-0.026651718058762305,-0.027266219400819233,"heatmap:mom_lookback=9,cov_halflife=60"
blend,mv,2002-07-31,2002-08-31,0.014025384051106702,0.6245064154921172,False,1.0748204554462844,0.013400877635614586,0.012776371220122467,0.01215186480463035,"heatmap:mom_lookback=9,cov_halflife=60"
blend,mv,2002-08-31,2002-09-30,0.029549549340456678,0.5808470446896269,False,1.1125473657714038,0.028968702295767052,0.028387855251077423,0.027807008206387797,"heatmap:mom_lookback=9,cov_halflife=60"
blend,mv,2002-09-30,2002-10-31,-0.03742682678842823,0.5948090585358421,False,1.0047184800443714,-0.03802163584696407,-0.03861644490549991,-0.039211253964035755,"heatmap:mom_lookback=9,cov_halflife=60"
blend,mv,2002-10-31,2002-11-30,-0.04711080455487026,0.6164680608502884,False,1.031098789333538,-0.047727272615720545,-0.04834374067657084,-0.04896020873742112,"heatmap:mom_lookback=9,cov_halflife=60"
blend,mv,2002-11-30,2002-12-31,0.01854955408365725,0.7017104787505669,False,1.2412967999608548,0.017847843604906682,0.017146133126156118,0.01644442264740555,"heatmap:mom_lookback=9,cov_halflife=60"
blend,mv,2002-12-31,2003-01-31,0.005502375754704969,0.7148624807266502,False,1.2523936688716117,0.0047875132739783185,0.004072650793251669,0.0033577883125250185,"heatmap:mom_lookback=9,cov_halflife=60"
blend,mv,2003-01-31,2003-02-28,-0.0012280028491298675,0.6715490637741656,False,1.1910800404026904,-0.001899551912904033,-0.0025711009766781986,-0.0032426500404523642,"heatmap:mom_lookback=9,cov_halflife=60"
blend,mv,2003-02-28,2003-03-31,0.0023135564862801048,0.7023558385576149,False,1.3328965179528611,0.00161120064772249,0.0009088448091648751,0.00020648897060726026,"heatmap:mom_lookback=9,cov_halflife=60"
blend,mv,2003-03-31,2003-04-30,-0.01765171187419797,0.654429889445365,False,1.2922274544466916,-0.018306141763643338,-0.0189605716530887,-0.019615001542534066,"heatmap:mom_lookback=9,cov_halflife=60"
blend,mv,2003-04-30,2003-05-31,-0.014269499350087847,0.7961994627760172,False,1.2826703604295808,-0.015065698812863865,-0.01586189827563988,-0.016658097738415898,"heatmap:mom_lookback=9,cov_halflife=60"
blend,mv,2003-05-31,2003-06-30,-0.009181638170511647,0.8244458270893182,False,1.3415395689687986,-0.010006083997600966,-0.010830529824690283,-0.011654975651779602,"heatmap:mom_lookback=9,cov_halflife=60"
blend,mv,2003-06-30,2003-07-31,-0.007027132496433876,1.0471009546147332,False,1.0195524678784715,-0.008074233451048608,-0.009121334405663341,-0.010168435360278075,"heatmap:mom_lookback=9,cov_halflife=60"
blend,mv,2003-07-31,2003-08-31,-0.002548587703508608,0.829354567565404,False,1.1715184226390165,-0.003377942271074012,-0.004207296838639416,-0.005036651406204819,"heatmap:mom_lookback=9,cov_halflife=60"
blend,mv,2003-08-31,2003-09-30,0.016392843591622002,0.7089922314148299,False,1.1569379415116448,0.015683851360207172,0.014974859128792341,0.014265866897377513,"heatmap:mom_lookback=9,cov_halflife=60"
blend,mv,2003-09-30,2003-10-31,0.02644048882827525,0.6119191200420729,False,1.0519723831879628,0.025828569708233176,0.025216650588191104,0.02460473146814903,"heatmap:mom_lookback=9,cov_halflife=60"
blend,mv,2003-10-31,2003-11-30,0.013276499482917311,0.5429377648554711,False,1.1891615512381086,0.01273356171806184,0.012190623953206369,0.011647686188350898,"heatmap:mom_lookback=9,cov_halflife=60"
blend,mv,2003-11-30,2003-12-31,-0.027179723236435964,0.5635633256024323,False,1.135482486345384,-0.027743286562038397,-0.028306849887640827,-0.02887041321324326,"heatmap:mom_lookback=9,cov_halflife=60"
blend,mv,2003-12-31,2004-01-31,-0.016217471357686364,0.5204931545255176,False,1.0220321496949942,-0.01673796451221188,-0.0172584576667374,-0.017778950821262917,"heatmap:mom_lookback=9,cov_halflife=60"
blend,mv,2004-01-31,2004-02-29,0.008107565058693814,0.4915776233735241,False,0.9483076895318631,0.0076159874353202905,0.007124409811946766,0.006632832188573242,"heatmap:mom_lookback=9,cov_halflife=60"
blend,mv,2004-02-29,2004-03-31,0.006388722090854123,0.7641860347064756,False,1.173605090942413,0.005624536056147648,0.004860350021441172,0.0040961639867346964,"heatmap:mom_lookback=9,cov_halflife=60"
blend,mv,2004-03-31,2004-04-30,-0.026412610647347883,0.5859613464091049,False,1.2190205343859668,-0.02699857199375699,-0.027584533340166095,-0.028170494686575197,"heatmap:mom_lookback=9,cov_halflife=60"
blend,mv,2004-04-30,2004-05-31,0.0012475418268858007,0.6453237471294543,False,1.1713229348863152,0.0006022180797563465,-4.310566737310783e-05,-0.0006884294145025622,"heatmap:mom_lookback=9,cov_halflife=60"
blend,mv,2004-05-31,2004-06-30,0.006928235702442388,0.76865359106583,False,1.3923290029366693,0.0061595821113765575,0.005390928520310728,0.004622274929244897,"heatmap:mom_lookback=9,cov_halflife=60"
blend,mv,2004-06-30,2004-07-31,-0.017530730696628246,0.6279994277840861,False,1.3001636737677056,-0.018158730124412333,-0.01878672955219642,-0.019414728979980506,"heatmap:mom_lookback=9,cov_halflife=60"
blend,mv,2004-07-31,2004-08-31,-0.014070907748937518,0.6423471618133964,False,1.1655191641708624,-0.014713254910750914,-0.015355602072564312,-0.01599794923437771,"heatmap:mom_lookback=9,cov_halflife=60"
blend,mv,2004-08-31,2004-09-30,0.01715452436439857,0.8100783225860977,False,1.1792059419291714,0.016344446041812472,0.015534367719226377,0.014724289396640278,"heatmap:mom_lookback=9,cov_halflife=60"
blend,mv,2004-09-30,2004-10-31,-0.007653105324756289,0.7441781097805595,False,1.2507350330773692,-0.00839728343453685,-0.009141461544317409,-0.009885639654097968,"heatmap:mom_lookback=9,cov_halflife=60"
blend,mv,2004-10-31,2004-11-30,0.010847920097222309,0.8752833990586271,False,1.2997107975358442,0.009972636698163681,0.009097353299105054,0.008222069900046428,"heatmap:mom_lookback=9,cov_halflife=60"
blend,mv,2004-11-30,2004-12-31,-0.010315794470917782,0.7846355848417687,False,1.4135375535218733,-0.011100430055759551,-0.011885065640601319,-0.012669701225443088,"heatmap:mom_lookback=9,cov_halflife=60"
blend,mv,2004-12-31,2005-01-31,0.014046935251807294,0.8235575387876609,False,1.2694409276833316,0.013223377713019633,0.012399820174231971,0.01157626263544431,"heatmap:mom_lookback=9,cov_halflife=60"
blend,mv,2005-01-31,2005-02-28,0.0316768621049534,0.8114218920349481,False,1.2283949192558254,0.03086544021291845,0.030054018320883506,0.029242596428848557,"heatmap:mom_lookback=9,cov_halflife=60"
blend,mv,2005-02-28,2005-03-31,-0.006698599269132307,0.5896410972383037,False,1.1535785595723724,-0.007288240366370611,-0.007877881463608915,-0.008467522560847218,"heatmap:mom_lookback=9,cov_halflife=60"
blend,mv,2005-03-31,2005-04-30,-0.00591599897904916,0.5341112819176475,False,1.0989981223971281,-0.006450110260966807,-0.006984221542884455,-0.0075183328248021025,"heatmap:mom_lookback=9,cov_halflife=60"
blend,mv,2005-04-30,2005-05-31,0.0074537332843349555,0.5048435271469301,False,1.2208165484054267,0.006948889757188026,0.006444046230041095,0.005939202702894165,"heatmap:mom_lookback=9,cov_halflife=60"
blend,mv,2005-05-31,2005-06-30,0.01357759404119289,0.5687687568453168,False,1.0903570847443587,0.013008825284347573,0.012440056527502255,0.011871287770656939,"heatmap:mom_lookback=9,cov_halflife=60"
blend,mv,2005-06-30,2005-07-31,0.0020628024189499844,0.5224663614284969,False,1.1189236293892262,0.0015403360575214874,0.0010178696960929906,0.0004954033346644938,"heatmap:mom_lookback=9,cov_halflife=60"
blend,mv,2005-07-31,2005-08-31,0.0010625295985049641,0.6584733311829423,False,1.1375118924207384,0.0004040562673220218,-0.0002544170638609205,-0.0009128903950438628,"heatmap:mom_lookback=9,cov_halflife=60"
blend,mv,2005-08-31,2005-09-30,0.004487170965514129,0.5076536629033193,False,1.1220964409179108,0.00397951730261081,0.0034718636397074905,0.002964209976804171,"heatmap:mom_lookback=9,cov_halflife=60"
blend,mv,2005-09-30,2005-10-31,-0.023725066482241697,0.558087925021024,False,1.1882223039190853,-0.02428315440726272,-0.024841242332283745,-0.02539933025730477,"heatmap:mom_lookback=9,cov_halflife=60"
blend,mv,2005-10-31,2005-11-30,-0.0046940362607400575,0.5604718908670054,False,1.2202521418073204,-0.0052545081516070635,-0.0058149800424740685,-0.0063754519333410736,"heatmap:mom_lookback=9,cov_halflife=60"
blend,mv,2005-11-30,2005-12-31,0.002934778384145334,0.7845814819438386,False,1.315464061597075,0.0021501969022014954,0.0013656154202576567,0.000581033938313818,"heatmap:mom_lookback=9,cov_halflife=60"
blend,mv,2005-12-31,2006-01-31,0.027567490148953013,0.6579520822195779,False,1.2701112442733435,0.026909538066733435,0.026251585984513857,0.02559363390229428,"heatmap:mom_lookback=9,cov_halflife=60"
blend,mv,2006-01-31,2006-02-28,-0.016198972996603396,0.6234479380039661,False,1.0924527803341144,-0.01682242093460736,-0.017445868872611327,-0.018069316810615296,"heatmap:mom_lookback=9,cov_halflife=60"
blend,mv,2006-02-28,2006-03-31,0.011179796880140461,0.5699490910549688,False,1.0173761867982307,0.010609847789085492,0.010039898698030524,0.009469949606975555,"heatmap:mom_lookback=9,cov_halflife=60"
blend,mv,2006-03-31,2006-04-30,0.0245712354509118,0.6180694907792771,False,1.305954538339909,0.023953165960132524,0.023335096469353247,0.02271702697857397,"heatmap:mom_lookback=9,cov_halflife=60"
blend,mv,2006-04-30,2006-05-31,-0.022095505970835407,0.5275732171449099,False,1.222001977725571,-0.022623079187980316,-0.023150652405125226,-0.023678225622270135,"heatmap:mom_lookback=9,cov_halflife=60"
blend,mv,2006-05-31,2006-06-30,3.770290057982788e-05,0.5662790525700354,False,1.2657023820856885,-0.0005285761519902075,-0.001094855204560243,-0.0016611342571302783,"heatmap:mom_lookback=9,cov_halflife=60"
blend,mv,2006-06-30,2006-07-31,-0.009223829461982028,0.7136844421813734,False,1.501742383281345,-0.009937513904163402,-0.010651198346344775,-0.011364882788526149,"heatmap:mom_lookback=9,cov_halflife=60"
blend,mv,2006-07-31,2006-08-31,-0.023622863675973122,0.859596917631215,False,1.3431901062280445,-0.024482460593604337,-0.02534205751123555,-0.026201654428866766,"heatmap:mom_lookback=9,cov_halflife=60"
blend,mv,2006-08-31,2006-09-30,0.003720461531482626,0.8483188162331833,False,1.2846814843305463,0.002872142715249443,0.0020238238990162596,0.0011755050827830763,"heatmap:mom_lookback=9,cov_halflife=60"
blend,mv,2006-09-30,2006-10-31,-0.00475262226307012,0.6843989617555898,False,1.365431612205979,-0.00543702122482571,-0.0061214201865813,-0.006805819148336889,"heatmap:mom_lookback=9,cov_halflife=60"
blend,mv,2006-10-31,2006-11-30,-0.0033340670399646744,0.7446635961410131,False,1.0895883557261223,-0.004078730636105687,-0.004823394232246701,-0.005568057828387714,"heatmap:mom_lookback=9,cov_halflife=60"
blend,mv,2006-11-30,2006-12-31,0.0105157637421533,0.7730465683771347,False,1.3415709844784924,0.009742717173776165,0.00896967060539903,0.008196624037021896,"heatmap:mom_lookback=9,cov_halflife=60"
blend,mv,2006-12-31,2007-01-31,0.0015152990846648432,0.6991135666902765,False,1.3936421846321874,0.0008161855179745666,0.00011707195128429011,-0.0005820416154059863,"heatmap:mom_lookback=9,cov_halflife=60"
blend,mv,2007-01-31,2007-02-28,0.0018108700061444777,0.7115685129638655,False,1.2889687969283725,0.0010993014931806122,0.00038773298021674675,-0.00032383553274711874,"heatmap:mom_lookback=9,cov_halflife=60"
blend,mv,2007-02-28,2007-03-31,0.016199979031516758,0.7029002475265116,False,1.351812004547808,0.015497078783990247,0.014794178536463734,0.014091278288937224,"heatmap:mom_lookback=9,cov_halflife=60"
blend,mv,2007-03-31,2007-04-30,-0.008097834595189908,0.5867187163557985,False,1.1833407497316413,-0.008684553311545707,-0.009271272027901505,-0.009857990744257304,"heatmap:mom_lookback=9,cov_halflife=60"
blend,mv,2007-04-30,2007-05-31,0.0017849634111798565,0.6104541366720314,False,1.2137668934500236,0.0011745092745078251,0.0005640551378357937,-4.639899883623769e-05,"heatmap:mom_lookback=9,cov_halflife=60"
blend,mv,2007-05-31,2007-06-30,-0.002683741691016478,0.646483172792323,False,1.2031022251759211,-0.003330224863808801,-0.003976708036601124,-0.0046231912093934475,"heatmap:mom_lookback=9,cov_halflife=60"
blend,mv,2007-06-30,2007-07-31,-0.003661283293374342,0.7275189655881767,False,1.196864510592003,-0.004388802258962519,-0.005116321224550696,-0.005843840190138873,"heatmap:mom_lookback=9,cov_halflife=60"
blend,mv,2007-07-31,2007-08-31,-0.0038705048304846766,0.7372382503982849,False,1.35733141731066,-0.004607743080882962,-0.005344981331281247,-0.006082219581679532,"heatmap:mom_lookback=9,cov_halflife=60"
blend,mv,2007-08-31,2007-09-30,0.021021235510703132,0.7759566778457528,False,1.3668816169786404,0.02024527883285738,0.019469322155011626,0.018693365477165873,"heatmap:mom_lookback=9,cov_halflife=60"
blend,mv,2007-09-30,2007-10-31,0.017910039129499143,0.7662030776951274,False,1.3933615120914953,0.017143836051804015,0.016377632974108887,0.01561142989641376,"heatmap:mom_lookback=9,cov_halflife=60"
blend,mv,2007-10-31,2007-11-30,0.010332803247416304,0.8161889472883856,False,1.3671297072423811,0.009516614300127919,0.008700425352839533,0.007884236405551148,"heatmap:mom_lookback=9,cov_halflife=60"
blend,mv,2007-11-30,2007-12-31,0.02001870886834982,0.589240888873949,False,1.3198322465909476,0.01942946797947587,0.01884022709060192,0.01825098620172797,"heatmap:mom_lookback=9,cov_halflife=60"
blend,mv,2007-12-31,2008-01-31,-0.030998603307038707,0.5933359801167309,False,1.4599394305635767,-0.03159193928715544,-0.03218527526727217,-0.0327786112473889,"heatmap:mom_lookback=9,cov_halflife=60"
blend,mv,2008-01-31,2008-02-29,0.05251823945221784,0.514136988008585,False,1.3745726104922706,0.05200410246420926,0.05148996547620067,0.050975828488192085,"heatmap:mom_lookback=9,cov_halflife=60"
blend,mv,2008-02-29,2008-03-31,-0.009716677923025193,0.8646628698873764,False,1.3475566268682546,-0.010581340792912569,-0.011446003662799945,-0.012310666532687323,"heatmap:mom_lookback=9,cov_halflife=60"
blend,mv,2008-03-31,2008-04-30,-0.0009977836683996203,0.7012243682099665,False,1.2360323830831956,-0.0016990080366095868,-0.0024002324048195533,-0.0031014567730295196,"heatmap:mom_lookback=9,cov_halflife=60"
blend,mv,2008-04-30,2008-05-31,0.026777588661964613,0.5460595665316712,False,1.3435628182500547,0.026231529095432943,0.025685469528901272,0.0251394099623696,"heatmap:mom_lookback=9,cov_halflife=60"
blend,mv,2008-05-31,2008-06-30,0.0651113196446825,0.7709458101314854,False,1.40537748619645,0.06434037383455102,0.06356942802441953,0.06279848221428805,"heatmap:mom_lookback=9,cov_halflife=60"
blend,mv,2008-06-30,2008-07-31,-0.021638909230261755,0.5520375710889076,False,1.2495666726143366,-0.022190946801350662,-0.02274298437243957,-0.023295021943528477,"heatmap:mom_lookback=9,cov_halflife=60"
blend,mv,2008-07-31,2008-08-31,-0.02198746706051547,0.6509893633919595,False,1.1330951720988172,-0.02263845642390743,-0.02328944578729939,-0.02394043515069135,"heatmap:mom_lookback=9,cov_halflife=60"
blend,mv,2008-08-31,2008-09-30,-0.03876564560757391,0.7507475192047935,False,1.116105542488552,-0.0395163931267787,-0.040267140645983496,-0.04101788816518829,"heatmap:mom_lookback=9,cov_halflife=60"
blend,mv,2008-09-30,2008-10-31,0.03618120935596657,0.5556051417491077,False,1.259317836497065,0.03562560421421746,0.035069999072468355,0.03451439393071924,"heatmap:mom_lookback=9,cov_halflife=60"
blend,mv,2008-10-31,2008-11-30,0.005285304365183221,0.7695816208412114,False,1.2384747150352997,0.00451572274434201,0.003746141123500798,0.0029765595026595864,"heatmap:mom_lookback=9,cov_halflife=60"
blend,mv,2008-11-30,2008-12-31,-0.02597241188651451,0.8145801639781456,False,1.1544958121401576,-0.026786992050492654,-0.0276015722144708,-0.028416152378448946,"heatmap:mom_lookback=9,cov_halflife=60"
blend,mv,2008-12-31,2009-01-31,0.03984277694121873,0.6961991370048339,False,1.1754224574020524,0.0391465778042139,0.038450378667209066,0.03775417953020423,"heatmap:mom_lookback=9,cov_halflife=60"
blend,mv,2009-01-31,2009-02-28,0.015449759028527438,0.6695326515245507,False,1.0285443996132093,0.014780226377002888,0.014110693725478336,0.013441161073953786,"heatmap:mom_lookback=9,cov_halflife=60"
blend,mv,2009-02-28,2009-03-31,-0.021978816571538284,0.4744358193562744,False,0.9686603026722566,-0.02245325239089456,-0.022927688210250832,-0.02340212402960711,"heatmap:mom_lookback=9,cov_halflife=60"
blend,mv,2009-03-31,2009-04-30,-0.12178642895216225,0.6140483243758039,False,1.0242648830490546,-0.12240047727653806,-0.12301452560091386,-0.12362857392528967,"heatmap:mom_lookback=9,cov_halflife=60"
blend,mv,2009-04-30,2009-05-31,-0.021355740531385815,0.7907037977527666,False,0.9184837109322391,-0.022146444329138582,-0.02293714812689135,-0.023727851924644116,"heatmap:mom_lookback=9,cov_halflife=60"
blend,mv,2009-05-31,2009-06-30,0.004251204006512264,0.4328647790269586,False,0.9098427885528844,0.003818339227485306,0.003385474448458347,0.002952609669431389,"heatmap:mom_lookback=9,cov_halflife=60"
blend,mv,2009-06-30,2009-07-31,-0.019405981902010698,0.5687559811951758,False,1.0246359672813619,-0.019974737883205872,-0.02054349386440105,-0.021112249845596225,"heatmap:mom_lookback=9,cov_halflife=60"
blend,mv,2009-07-31,2009-08-31,-0.010301055379087837,0.6354953034846853,False,0.9339804714790818,-0.010936550682572523,-0.011572045986057208,-0.012207541289541893,"heatmap:mom_lookback=9,cov_halflife=60"
blend,mv,2009-08-31,2009-09-30,0.007821460108673435,0.6793313170819325,False,1.1554626429483084,0.007142128791591503,0.00646279747450957,0.005783466157427638,"heatmap:mom_lookback=9,cov_halflife=60"
blend,mv,2009-09-30,2009-10-31,0.011882179909495168,0.5734579438953699,False,1.089491486793635,0.011308721965599799,0.010735264021704428,0.010161806077809058,"heatmap:mom_lookback=9,cov_halflife=60"
blend,mv,2009-10-31,2009-11-30,4.541491606342504e-05,0.5646898576476925,False,0.9418732452969981,-0.0005192749415842675,-0.0010839647992319599,-0.0016486546568796525,"heatmap:mom_lookback=9,cov_halflife=60"
blend,mv,2009-11-30,2009-12-31,0.0036203078128128983,0.5552909800791435,False,0.8836490899392466,0.0030650168327337546,0.0025097258526546114,0.001954434872575468,"heatmap:mom_lookback=9,cov_halflife=60"
blend,mv,2009-12-31,2010-01-31,-0.006445259316493244,0.494071601902035,False,0.9089599857777807,-0.006939330918395279,-0.007433402520297314,-0.007927474122199348,"heatmap:mom_lookback=9,cov_halflife=60"
blend,mv,2010-01-31,2010-02-28,0.00496173529370388,0.6585764043841654,False,1.032968082531898,0.004303158889319715,0.003644582484935549,0.0029860060805513835,"heatmap:mom_lookback=9,cov_halflife=60"
blend,mv,2010-02-28,2010-03-31,0.008282506880974228,0.830018555688178,False,1.0874262658514293,0.00745248832528605,0.006622469769597872,0.005792451213909694,"heatmap:mom_lookback=9,cov_halflife=60"
blend,mv,2010-03-31,2010-04-30,0.010518523651921416,0.8211433626809672,False,1.0510343481702444,0.00969738028924045,0.008876236926559481,0.008055093563878514,"heatmap:mom_lookback=9,cov_halflife=60"
blend,mv,2010-04-30,2010-05-31,0.010292713659057045,0.5538682486143667,False,1.1109476320611884,0.00973884541044268,0.009184977161828312,0.008631108913213946,"heatmap:mom_lookback=9,cov_halflife=60"
blend,mv,2010-05-31,2010-06-30,0.002427274802257535,0.6267663257766377,False,1.1418193204956402,0.001800508476480897,0.0011737421507042594,0.0005469758249276215,"heatmap:mom_lookback=9,cov_halflife=60"
blend,mv,2010-06-30,2010-07-31,-0.01947318180256704,0.5650101403185631,False,1.2344127279989394,-0.020038191942885603,-0.020603202083204167,-0.02116821222352273,"heatmap:mom_lookback=9,cov_halflife=60"
blend,mv,2010-07-31,2010-08-31,0.02560924162168447,0.8380030968100667,False,1.08731248415132,0.024771238524874402,0.023933235428064335,0.023095232331254267,"heatmap:mom_lookback=9,cov_halflife=60"
blend,mv,2010-08-31,2010-09-30,0.015486073865953708,0.7069353997098864,False,1.2781336042748115,0.014779138466243822,0.014072203066533935,0.013365267666824047,"heatmap:mom_lookback=9,cov_halflife=60"
blend,mv,2010-09-30,2010-10-31,-0.00023623824301486103,0.7575207533929224,False,1.0808183483463176,-0.0009937589964077835,-0.0017512797498007058,-0.002508800503193628,"heatmap:mom_lookback=9,cov_halflife=60"
blend,mv,2010-10-31,2010-11-30,0.0073767648995403026,0.5279177431141754,False,1.0234228062822734,0.006848847156426127,0.006320929413311952,0.0057930116701977764,"heatmap:mom_lookback=9,cov_halflife=60"
blend,mv,2010-11-30,2010-12-31,-0.026256444818124614,0.4877662859496238,False,1.1681221871972012,-0.026744211104074236,-0.02723197739002386,-0.027719743675973484,"heatmap:mom_lookback=9,cov_halflife=60"
blend,mv,2010-12-31,2011-01-31,-0.01739809097592822,0.6264988560924237,False,1.086173594301905,-0.018024589832020644,-0.01865108868811307,-0.019277587544205492,"heatmap:mom_lookback=9,cov_halflife=60"
blend,mv,2011-01-31,2011-02-28,-0.0032711460905575835,0.5758144495951922,False,1.014379124740186,-0.0038469605401527758,-0.0044227749897479685,-0.00499858943934316,"heatmap:mom_lookback=9,cov_halflife=60"
blend,mv,2011-02-28,2011-03-31,0.009460192121365226,0.6822411118416893,False,0.9856436605794373,0.008777951009523537,0.008095709897681847,0.007413468785840158,"heatmap:mom_lookback=9,cov_halflife=60"
blend,mv,2011-03-31,2011-04-30,-0.011522862319705179,0.5963160293043661,False,0.9826414680730555,-0.012119178349009545,-0.012715494378313912,-0.013311810407618278,"heatmap:mom_lookback=9,cov_halflife=60"
blend,mv,2011-04-30,2011-05-31,-0.010024753501591556,0.5410081179792315,False,1.057804695689805,-0.010565761619570787,-0.011106769737550018,-0.01164777785552925,"heatmap:mom_lookback=9,cov_halflife=60"
blend,mv,2011-05-31,2011-06-30,0.00664403786603402,0.4864152143136399,False,1.018333269798107,0.00615762265172038,0.00567120743740674,0.0051847922230931,"heatmap:mom_lookback=9,cov_halflife=60"
blend,mv,2011-06-30,2011-07-31,-0.008625333322644714,0.563982280174892,False,1.0806269209833275,-0.009189315602819605,-0.009753297882994498,-0.01031728016316939,"heatmap:mom_lookback=9,cov_halflife=60"
blend,mv,2011-07-31,2011-08-31,-0.017332646046282676,0.5931705612115938,False,1.0850298721229872,-0.01792581660749427,-0.018518987168705862,-0.019112157729917457,"heatmap:mom_lookback=9,cov_halflife=60"
blend,mv,2011-08-31,2011-09-30,-0.0034793943502343353,0.7914225390312934,False,1.1550418522105874,-0.004270816889265628,-0.005062239428296922,-0.005853661967328215,"heatmap:mom_lookback=9,cov_halflife=60"
blend,mv,2011-09-30,2011-10-31,-0.024835830601505408,0.7861811810597771,False,1.090876559426783,-0.025622011782565186,-0.02640819296362496,-0.02719437414468474,"heatmap:mom_lookback=9,cov_halflife=60"
blend,mv,2011-10-31,2011-11-30,0.005599757049656739,0.7057999066015309,False,1.0402803854623572,0.004893957143055208,0.0041881572364536775,0.003482357329852146,"heatmap:mom_lookback=9,cov_halflife=60"
blend,mv,2011-11-30,2011-12-31,0.004097385788616677,0.44530407683101214,False,1.2102986618977074,0.0036520817117856653,0.003206777634954653,0.002761473558123641,"heatmap:mom_lookback=9,cov_halflife=60"
blend,mv,2011-12-31,2012-01-31,-0.015023839983341928,0.3682957901698506,False,1.0957115465758003,-0.015392135773511778,-0.015760431563681628,-0.01612872735385148,"heatmap:mom_lookback=9,cov_halflife=60"
blend,mv,2012-01-31,2012-02-29,0.0053015624834669775,0.5812374779231103,False,1.1350519695864345,0.0047203250055438675,0.004139087527620757,0.0035578500496976466,"heatmap:mom_lookback=9,cov_halflife=60"
blend,mv,2012-02-29,2012-03-31,0.012540156252771556,0.5026624203867862,False,1.184275243676551,0.012037493832384769,0.011534831411997983,0.011032168991611198,"heatmap:mom_lookback=9,cov_halflife=60"
blend,mv,2012-03-31,2012-04-30,0.004711449712298507,0.6448093004918128,False,1.1304561427512485,0.0040666404118066945,0.003421831111314881,0.0027770218108230686,"heatmap:mom_lookback=9,cov_halflife=60"
blend,mv,2012-04-30,2012-05-31,0.01870047659169856,0.6009714030134337,False,1.1182459270813778,0.018099505188685125,0.01749853378567169,0.016897562382658257,"heatmap:mom_lookback=9,cov_halflife=60"
blend,mv,2012-05-31,2012-06-30,0.0011951575689625811,0.49530318273193136,False,1.057179298401824,0.0006998543862306498,0.0002045512034987184,-0.0002907519792332131,"heatmap:mom_lookback=9,cov_halflife=60"
blend,mv,2012-06-30,2012-07-31,0.024644907280604988,0.46267466337646074,False,1.0905152813732206,0.024182232617228527,0.023719557953852066,0.023256883290475604,"heatmap:mom_lookback=9,cov_halflife=60"
blend,mv,2012-07-31,2012-08-31,-0.01675202893489885,0.5208658423557947,False,1.0875013684519668,-0.017272894777254647,-0.01779376061961044,-0.018314626461966237,"heatmap:mom_lookback=9,cov_halflife=60"
blend,mv,2012-08-31,2012-09-30,-0.003944175739836825,0.4739876892136468,False,1.092673676395111,-0.0044181634290504715,-0.004892151118264118,-0.0053661388074777655,"heatmap:mom_lookback=9,cov_halflife=60"
blend,mv,2012-09-30,2012-10-31,-0.0214784616194258,0.5902243380098043,False,1.116521233465086,-0.022068685957435604,-0.02265891029544541,-0.023249134633455213,"heatmap:mom_lookback=9,cov_halflife=60"
blend,mv,2012-10-31,2012-11-30,0.0015249784093376696,0.47866066827016995,False,1.152826240911007,0.0010463177410674996,0.0005676570727973297,8.899640452715964e-05,"heatmap:mom_lookback=9,cov_halflife=60"
blend,mv,2012-11-30,2012-12-31,-0.005529668852424085,0.6525608784233076,False,1.2109917964656145,-0.006182229730847392,-0.0068347906092707,-0.007487351487694008,"heatmap:mom_lookback=9,cov_halflife=60"
blend,mv,2012-12-31,2013-01-31,0.02086881400704031,0.5839649592658084,False,1.140745276038383,0.0202848490477745,0.019700884088508692,0.019116919129242883,"heatmap:mom_lookback=9,cov_halflife=60"
blend,mv,2013-01-31,2013-02-28,0.002730630261968687,0.597361727936569,False,1.1591263814813515,0.0021332685340321182,0.0015359068060955491,0.00093854507815898,"heatmap:mom_lookback=9,cov_halflife=60"
blend,mv,2013-02-28,2013-03-31,0.003358907433426782,0.7777302953036697,False,1.1528276231298897,0.0025811771381231124,0.0018034468428194425,0.0010257165475157726,"heatmap:mom_lookback=9,cov_halflife=60"
blend,mv,2013-03-31,2013-04-30,0.014221881178761744,0.6987857227638621,False,1.128415252144931,0.013523095455997882,0.01282430973323402,0.012125524010470158,"heatmap:mom_lookback=9,cov_halflife=60"
blend,mv,2013-04-30,2013-05-31,0.008985353068114125,0.5589825058968787,False,1.1454769946757748,0.008426370562217246,0.007867388056320368,0.007308405550423489,"heatmap:mom_lookback=9,cov_halflife=60"
blend,mv,2013-05-31,2013-06-30,0.015414262918365236,0.5698685101150837,False,0.9656800855162797,0.014844394408250153,0.01427452589813507,0.013704657388019984,"heatmap:mom_lookback=9,cov_halflife=60"
blend,mv,2013-06-30,2013-07-31,0.010861991837258085,0.532812517130649,False,1.0229167902403544,0.010329179320127436,0.009796366802996788,0.009263554285866138,"heatmap:mom_lookback=9,cov_halflife=60"
blend,mv,2013-07-31,2013-08-31,-0.005832309718700409,0.46596363527349394,False,0.8919722021546168,-0.006298273353973903,-0.0067642369892473965,-0.007230200624520891,"heatmap:mom_lookback=9,cov_halflife=60"
blend,mv,2013-08-31,2013-09-30,0.017285936575300424,0.3992278932015294,False,0.9173643377196606,0.016886708682098895,0.016487480788897366,0.016088252895695834,"heatmap:mom_lookback=9,cov_halflife=60"
blend,mv,2013-09-30,2013-10-31,0.0033750497028761394,0.32094303981213707,False,0.9870464859232618,0.003054106663064002,0.0027331636232518653,0.0024122205834397285,"heatmap:mom_lookback=9,cov_halflife=60"
blend,mv,2013-10-31,2013-11-30,0.02025346412730111,0.4432859613566301,False,1.005024249105044,0.019810178165944478,0.01936689220458785,0.01892360624323122,"heatmap:mom_lookback=9,cov_halflife=60"
blend,mv,2013-11-30,2013-12-31,0.004537929789864606,0.3998767872183649,False,1.0528300244671025,0.004138053002646241,0.003738176215427876,0.0033382994282095107,"heatmap:mom_lookback=9,cov_halflife=60"
blend,mv,2013-12-31,2014-01-31,0.0009471273282310233,0.49554808292372976,False,1.122835217368041,0.0004515792453072935,-4.3968837616436304e-05,-0.000539516920540166,"heatmap:mom_lookback=9,cov_halflife=60"
blend,mv,2014-01-31,2014-02-28,0.011063980178631914,0.637515185803381,False,1.1008604150344794,0.010426464992828533,0.009788949807025151,0.009151434621221772,"heatmap:mom_lookback=9,cov_halflife=60"
blend,mv,2014-02-28,2014-03-31,-0.008260499321050843,0.6038986407052902,False,1.0682798817016694,-0.008864397961756133,-0.009468296602461424,-0.010072195243166713,"heatmap:mom_lookback=9,cov_halflife=60"
blend,mv,2014-03-31,2014-04-30,-0.0056580822809775356,0.4415269396585877,False,1.0712939050032815,-0.006099609220636123,-0.006541136160294711,-0.006982663099953299,"heatmap:mom_lookback=9,cov_halflife=60"
blend,mv,2014-04-30,2014-05-31,0.014086729388243983,0.5256828040196625,False,1.1031590396867064,0.01356104658422432,0.013035363780204657,0.012509680976184996,"heatmap:mom_lookback=9,cov_halflife=60"
blend,mv,2014-05-31,2014-06-30,-0.010117161299912915,0.5961021203095985,False,1.128193467197877,-0.010713263420222514,-0.011309365540532112,-0.01190546766084171,"heatmap:mom_lookback=9,cov_halflife=60"
blend,mv,2014-06-30,2014-07-31,0.011176272704122954,0.7955737577993014,False,1.205828249856093,0.010380698946323652,0.00958512518852435,0.008789551430725049,"heatmap:mom_lookback=9,cov_halflife=60"
blend,mv,2014-07-31,2014-08-31,0.0004893976602656595,0.8115933366032094,False,1.3374199881968687,-0.00032219567633755004,-0.0011337890129407596,-0.0019453823495439691,"heatmap:mom_lookback=9,cov_halflife=60"
blend,mv,2014-08-31,2014-09-30,0.006322666386998286,0.7434854352031153,False,1.3920367567080987,0.005579180951795171,0.004835695516592056,0.00409221008138894,"heatmap:mom_lookback=9,cov_halflife=60"
blend,mv,2014-09-30,2014-10-31,-0.005334605905001654,0.7009651221099943,False,1.4318646201827738,-0.006035571027111649,-0.006736536149221643,-0.007437501271331637,"heatmap:mom_lookback=9,cov_halflife=60"
blend,mv,2014-10-31,2014-11-30,-0.0029381433811506074,0.7937107555516146,False,1.360544723719839,-0.003731854136702222,-0.004525564892253837,-0.005319275647805452,"heatmap:mom_lookback=9,cov_halflife=60"
blend,mv,2014-11-30,2014-12-31,0.004410826195423119,0.7478049354607056,False,1.1533985113899723,0.0036630212599624134,0.002915216324501708,0.0021674113890410023,"heatmap:mom_lookback=9,cov_halflife=60"
blend,mv,2014-12-31,2015-01-31,-0.008787449881801484,0.6171720531135682,False,1.1340833765988714,-0.009404621934915052,-0.01002179398802862,-0.010638966041142188,"heatmap:mom_lookback=9,cov_halflife=60"
blend,mv,2015-01-31,2015-02-28,-0.00913424441667298,0.6234403307540717,False,1.115554670496928,-0.009757684747427052,-0.010381125078181124,-0.011004565408935196,"heatmap:mom_lookback=9,cov_halflife=60"
blend,mv,2015-02-28,2015-03-31,0.016488044574551285,0.6753247257843066,False,1.3161044085323248,0.01581271984876698,0.015137395122982672,0.014462070397198365,"heatmap:mom_lookback=9,cov_halflife=60"
blend,mv,2015-03-31,2015-04-30,-0.03589867721230616,0.6228970393426354,False,1.2515471166858352,-0.0365215742516488,-0.03714447129099143,-0.03776736833033407,"heatmap:mom_lookback=9,cov_halflife=60"
blend,mv,2015-04-30,2015-05-31,0.027500486446296588,0.6218865243538233,False,1.0872628000432014,0.026878599921942765,0.026256713397588942,0.02563482687323512,"heatmap:mom_lookback=9,cov_halflife=60"
blend,mv,2015-05-31,2015-06-30,0.028843422275687307,0.676225684327802,False,1.1994975398901093,0.028167196591359505,0.027490970907031703,0.0268147452227039,"heatmap:mom_lookback=9,cov_halflife=60"
blend,mv,2015-06-30,2015-07-31,0.018789588800225864,0.6547980831957074,False,1.3167762360764868,0.018134790717030155,0.01747999263383445,0.01682519455063874,"heatmap:mom_lookback=9,cov_halflife=60"
blend,mv,2015-07-31,2015-08-31,-0.00349208334544106,0.8241689101656963,False,1.3281638104405227,-0.004316252255606756,-0.005140421165772452,-0.005964590075938149,"heatmap:mom_lookback=9,cov_halflife=60"
blend,mv,2015-08-31,2015-09-30,-0.00911509354106093,0.8678918621199031,False,1.3709863581183694,-0.009982985403180832,-0.010850877265300736,-0.011718769127420639,"heatmap:mom_lookback=9,cov_halflife=60"
blend,mv,2015-09-30,2015-10-31,0.012388322881547436,0.8115172123407101,False,1.3197426411972677,0.011576805669206726,0.010765288456866015,0.009953771244525306,"heatmap:mom_lookback=9,cov_halflife=60"
blend,mv,2015-10-31,2015-11-30,0.0020415799586992237,0.9000936029610951,False,1.0962523514151448,0.0011414863557381286,0.0002413927527770334,-0.0006587008501840615,"heatmap:mom_lookback=9,cov_halflife=60"
blend,mv,2015-11-30,2015-12-31,0.0034236979487686954,0.7198164170885962,False,1.1303766184647213,0.0027038815316800992,0.001984065114591503,0.0012642486975029065,"heatmap:mom_lookback=9,cov_halflife=60"
blend,mv,2015-12-31,2016-01-31,-0.003122344092466736,0.6081141396226185,False,1.186275143557046,-0.0037304582320893545,-0.0043385723717119734,-0.0049466865113345915,"heatmap:mom_lookback=9,cov_halflife=60"
blend,mv,2016-01-31,2016-02-29,-0.03199603473669025,0.7063876040178485,False,1.223535154159112,-0.032702422340708096,-0.03340880994472595,-0.03411519754874379,"heatmap:mom_lookback=9,cov_halflife=60"
blend,mv,2016-02-29,2016-03-31,-0.009677560933323136,0.8195472311719635,False,1.4141990537393534,-0.0104971081644951,-0.011316655395667063,-0.012136202626839027,"heatmap:mom_lookback=9,cov_halflife=60"
blend,mv,2016-03-31,2016-04-30,-0.0087647489804915,0.9014320517667976,False,1.2566011323317225,-0.009666181032258298,-0.010567613084025096,-0.011469045135791892,"heatmap:mom_lookback=9,cov_halflife=60"
blend,mv,2016-04-30,2016-05-31,-0.013827422994378124,0.6768859696986746,False,1.189370092646252,-0.014504308964076798,-0.015181194933775474,-0.015858080903474146,"heatmap:mom_lookback=9,cov_halflife=60"
blend,mv,2016-05-31,2016-06-30,0.0369656964203087,0.7866971044637007,False,1.1958188203448032,0.036178999315845,0.035392302211381295,0.0346056051069176,"heatmap:mom_lookback=9,cov_halflife=60"
blend,mv,2016-06-30,2016-07-31,0.007266782909862304,0.8838284685604149,False,1.2196641320112915,0.006382954441301889,0.005499125972741474,0.004615297504181059,"heatmap:mom_lookback=9,cov_halflife=60"
blend,mv,2016-07-31,2016-08-31,-0.012550563139494252,0.7814076800793391,False,1.130832305994228,-0.013331970819573592,-0.01411337849965293,-0.01489478617973227,"heatmap:mom_lookback=9,cov_halflife=60"
blend,mv,2016-08-31,2016-09-30,0.002232992809679066,0.6520380420674212,False,1.1065884040575933,0.0015809547676116447,0.0009289167255442236,0.00027687868347680243,"heatmap:mom_lookback=9,cov_halflife=60"
blend,mv,2016-09-30,2016-10-31,-0.00039994239729191267,0.7502313949029852,False,1.1785294436487805,-0.0011501737921948978,-0.001900405187097883,-0.0026506365820008686,"heatmap:mom_lookback=9,cov_halflife=60"
blend,mv,2016-10-31,2016-11-30,-0.015723469059082184,0.899641351202619,False,1.1199747961535567,-0.016623110410284803,-0.01752275176148742,-0.01842239311269004,"heatmap:mom_lookback=9,cov_halflife=60"
blend,mv,2016-11-30,2016-12-31,0.0022999905824681558,0.7377466685655024,False,1.292397020063764,0.0015622439139026533,0.000824497245337151,8.675057677164826e-05,"heatmap:mom_lookback=9,cov_halflife=60"
blend,mv,2016-12-31,2017-01-31,0.008194167825306816,0.9859700305899473,False,1.2077870923570182,0.007208197794716869,0.006222227764126922,0.0052362577335369745,"heatmap:mom_lookback=9,cov_halflife=60"
blend,mv,2017-01-31,2017-02-28,-0.003176739323471937,0.8688921709413837,False,1.3433595016689546,-0.004045631494413321,-0.004914523665354705,-0.005783415836296088,"heatmap:mom_lookback=9,cov_halflife=60"
blend,mv,2017-02-28,2017-03-31,-0.009096239284146579,0.8594088824025718,False,1.3499464508141843,-0.00995564816654915,-0.010815057048951722,-0.011674465931354294,"heatmap:mom_lookback=9,cov_halflife=60"
blend,mv,2017-03-31,2017-04-30,0.007521649120991128,0.8116906823186728,False,1.1604959053490178,0.0067099584386724545,0.005898267756353782,0.00508657707403511,"heatmap:mom_lookback=9,cov_halflife=60"
blend,mv,2017-04-30,2017-05-31,0.008739538514738021,0.5883952276450981,False,1.2120809733977995,0.008151143287092924,0.0075627480594478245,0.006974352831802727,"heatmap:mom_lookback=9,cov_halflife=60"
blend,mv,2017-05-31,2017-06-30,-0.007568451734610546,0.7030106183302708,False,1.2496879894520405,-0.008271462352940817,-0.008974472971271089,-0.009677483589601358,"heatmap:mom_lookback=9,cov_halflife=60"
blend,mv,2017-06-30,2017-07-31,-0.001967655016736025,0.6349641949112667,False,1.3184874970990843,-0.0026026192116472917,-0.003237583406558558,-0.003872547601469825,"heatmap:mom_lookback=9,cov_halflife=60"
blend,mv,2017-07-31,2017-08-31,0.019680783821583392,0.7476674949551871,False,1.2296305100658729,0.018933116326628203,0.01818544883167302,0.01743778133671783,"heatmap:mom_lookback=9,cov_halflife=60"
blend,mv,2017-08-31,2017-09-30,-0.007038274355425717,0.9694030345934553,False,1.4210009302385291,-0.008007677390019173,-0.008977080424612628,-0.009946483459206084,"heatmap:mom_lookback=9,cov_halflife=60"
blend,mv,2017-09-30,2017-10-31,0.030171579421216076,0.8154469826463551,False,1.6475272004322463,0.029356132438569722,0.028540685455923365,0.02772523847327701,"heatmap:mom_lookback=9,cov_halflife=60"
blend,mv,2017-10-31,2017-11-30,-0.010230984883020705,0.6734016881328421,False,1.5616708043784924,-0.010904386571153547,-0.01157778825928639,-0.012251189947419232,"heatmap:mom_lookback=9,cov_halflife=60"
blend,mv,2017-11-30,2017-12-31,-0.016445651872622494,0.7505133883373949,False,1.6035937524992896,-0.01719616526095989,-0.017946678649297283,-0.018697192037634678,"heatmap:mom_lookback=9,cov_halflife=60"
blend,mv,2017-12-31,2018-01-31,0.020173035864241733,0.6718042952473591,False,1.5672733241179904,0.019501231568994373,0.018829427273747014,0.018157622978499655,"heatmap:mom_lookback=9,cov_halflife=60"
blend,mv,2018-01-31,2018-02-28,0.003367597623431462,0.9019033249999282,False,1.4708971574902683,0.0024656942984315334,0.0015637909734316053,0.0006618876484316772,"heatmap:mom_lookback=9,cov_halflife=60"
blend,mv,2018-02-28,2018-03-31,-0.0009684728585194462,0.7515075155042044,False,1.3773750330071883,-0.0017199803740236507,-0.002471487889527855,-0.0032229954050320593,"heatmap:mom_lookback=9,cov_halflife=60"
blend,mv,2018-03-31,2018-04-30,-0.005498813818934397,0.639528291932776,False,1.2678134059737352,-0.006138342110867173,-0.006777870402799949,-0.007417398694732725,"heatmap:mom_lookback=9,cov_halflife=60"
blend,mv,2018-04-30,2018-05-31,0.017532008313658195,0.6871772071682858,False,1.4168756560591433,0.016844831106489908,0.016157653899321625,0.015470476692153338,"heatmap:mom_lookback=9,cov_halflife=60"
blend,mv,2018-05-31,2018-06-30,-0.0031538308479653896,0.8062057578963198,False,1.4857604400199433,-0.003960036605861709,-0.004766242363758029,-0.005572448121654349,"heatmap:mom_lookback=9,cov_halflife=60"
blend,mv,2018-06-30,2018-07-31,-0.015717425793345688,0.6779581767383089,False,1.450135591539952,-0.016395383970083995,-0.017073342146822306,-0.017751300323560613,"heatmap:mom_lookback=9,cov_halflife=60"
blend,mv,2018-07-31,2018-08-31,0.025885028207554187,0.6659253450747925,False,1.295362943349543,0.025219102862479394,0.0245531775174046,0.023887252172329808,"heatmap:mom_lookback=9,cov_halflife=60"
blend,mv,2018-08-31,2018-09-30,0.01557154532318466,0.7318425637276281,False,1.45121545209881,0.014839702759457032,0.014107860195729405,0.013376017632001776,"heatmap:mom_lookback=9,cov_halflife=60"
blend,mv,2018-09-30,2018-10-31,-0.03358219427420734,0.7451001071570492,False,1.4703248134089644,-0.03432729438136439,-0.03507239448852144,-0.03581749459567849,"heatmap:mom_lookback=9,cov_halflife=60"
blend,mv,2018-10-31,2018-11-30,-0.018937004890822187,0.5233155934164544,False,1.4223591130842312,-0.019460320484238642,-0.019983636077655097,-0.02050695167107155,"heatmap:mom_lookback=9,cov_halflife=60"
blend,mv,2018-11-30,2018-12-31,0.0066756623258749,0.8108900117800488,False,1.5917027038073828,0.005864772314094851,0.0050538823023148025,0.0042429922905347535,"heatmap:mom_lookback=9,cov_halflife=60"
blend,mv,2018-12-31,2019-01-31,-0.016014062489144668,0.642254574634798,False,1.5092697598829408,-0.016656317063779465,-0.017298571638414265,-0.01794082621304906,"heatmap:mom_lookback=9,cov_halflife=60"
blend,mv,2019-01-31,2019-02-28,0.004671626845855144,0.8286502698132449,False,1.496601877858487,0.0038429765760418988,0.003014326306228654,0.002185676036415409,"heatmap:mom_lookback=9,cov_halflife=60"
blend,mv,2019-02-28,2019-03-31,0.0010981615334044177,0.5542348673850634,False,1.467991211084802,0.0005439266660193543,-1.0308201365709152e-05,-0.0005645430687507727,"heatmap:mom_lookback=9,cov_halflife=60"
blend,mv,2019-03-31,2019-04-30,-0.0005699239516880214,0.7332535491176618,False,1.3994501694509769,-0.0013031775008056834,-0.002036431049923345,-0.002769684599041007,"heatmap:mom_lookback=9,cov_halflife=60"
blend,mv,2019-04-30,2019-05-31,0.017802542887410126,0.7642304855290005,False,1.5061987589280406,0.017038312401881126,0.016274081916352125,0.015509851430823124,"heatmap:mom_lookback=9,cov_halflife=60"
blend,mv,2019-05-31,2019-06-30,-0.01672875158496407,0.8666581040014536,False,1.596998297690323,-0.017595409688965523,-0.01846206779296698,-0.01932872589696843,"heatmap:mom_lookback=9,cov_halflife=60"
blend,mv,2019-06-30,2019-07-31,0.015957246092064663,0.8103758552620648,False,1.5161890772176294,0.015146870236802598,0.014336494381540534,0.013526118526278469,"heatmap:mom_lookback=9,cov_halflife=60"
blend,mv,2019-07-31,2019-08-31,0.03861100139293657,0.9421952223644628,False,1.4530846714926435,0.03766880617057211,0.036726610948207644,0.035784415725843184,"heatmap:mom_lookback=9,cov_halflife=60"
blend,mv,2019-08-31,2019-09-30,-0.006912849675530901,0.811427936585355,False,1.4902110976641156,-0.007724277612116256,-0.008535705548701611,-0.009347133485286966,"heatmap:mom_lookback=9,cov_halflife=60"
blend,mv,2019-09-30,2019-10-31,0.0011504323825524121,0.7068316283894656,False,1.3238427997391728,0.00044360075416294655,-0.000263230874226519,-0.0009700625026159845,"heatmap:mom_lookback=9,cov_halflife=60"
blend,mv,2019-10-31,2019-11-30,0.006294934349481372,0.5880083407915891,False,1.4302932221791187,0.005706926008689783,0.005118917667898194,0.0045309093271066045,"heatmap:mom_lookback=9,cov_halflife=60"
blend,mv,2019-11-30,2019-12-31,-0.013963018551149991,0.8455748138614924,False,1.3961606893254181,-0.014808593365011483,-0.015654168178872975,-0.01649974299273447,"heatmap:mom_lookback=9,cov_halflife=60"
blend,mv,2019-12-31,2020-01-31,0.035870542337117416,0.6438209881786476,False,1.380624935288716,0.03522672134893877,0.03458290036076012,0.03393907937258147,"heatmap:mom_lookback=9,cov_halflife=60"
blend,mv,2020-01-31,2020-02-29,0.006758281004808014,0.7344986117506724,False,1.3441336571526024,0.006023782393057341,0.005289283781306669,0.004554785169555996,"heatmap:mom_lookback=9,cov_halflife=60"
blend,mv,2020-02-29,2020-03-31,0.03174439937953334,0.6737616366357154,False,1.1959967628246488,0.031070637742897627,0.030396876106261912,0.029723114469626194,"heatmap:mom_lookback=9,cov_halflife=60"
blend,mv,2020-03-31,2020-04-30,0.018063197781891374,0.6576113211505027,False,1.2354144332314823,0.01740558646074087,0.01674797513959037,0.016090363818439868,"heatmap:mom_lookback=9,cov_halflife=60"
blend,mv,2020-04-30,2020-05-31,0.0019694351044956112,0.9237261339694179,False,0.9194577669904185,0.0010457089705261933,0.00012198283655677532,-0.0008017432974126429,"heatmap:mom_lookback=9,cov_halflife=60"
blend,mv,2020-05-31,2020-06-30,0.011828569995937767,0.5893278911503878,False,1.124025254745021,0.011239242104787378,0.010649914213636992,0.010060586322486603,"heatmap:mom_lookback=9,cov_halflife=60"
blend,mv,2020-06-30,2020-07-31,0.026917173462169493,0.36919286644137467,False,1.124541701234457,0.02654798059572812,0.026178787729286744,0.02580959486284537,"heatmap:mom_lookback=9,cov_halflife=60"
blend,mv,2020-07-31,2020-08-31,0.04038273510811393,0.43154877860169377,False,1.1106236990053353,0.03995118632951224,0.03951963755091054,0.03908808877230885,"heatmap:mom_lookback=9,cov_halflife=60"
blend,mv,2020-08-31,2020-09-30,-0.008975466664877097,0.5289884222466624,False,0.8910401532897784,-0.00950445508712376,-0.010033443509370422,-0.010562431931617084,"heatmap:mom_lookback=9,cov_halflife=60"
blend,mv,2020-09-30,2020-10-31,-0.015521570318244743,0.4595437022669274,False,0.9694097898507343,-0.01598111402051167,-0.0164406577227786,-0.016900201425045527,"heatmap:mom_lookback=9,cov_halflife=60"
blend,mv,2020-10-31,2020-11-30,-0.02504510698178155,0.4622459064710416,False,1.0317029735783925,-0.02550735288825259,-0.025969598794723634,-0.026431844701194675,"heatmap:mom_lookback=9,cov_halflife=60"
blend,mv,2020-11-30,2020-12-31,0.015146658109629972,0.6300871756196705,False,1.0431122216697204,0.0145165709340103,0.013886483758390631,0.01325639658277096,"heatmap:mom_lookback=9,cov_halflife=60"
blend,mv,2020-12-31,2021-01-31,0.02638117415143782,0.6473044433209857,False,0.9756993782926878,0.025733869708116835,0.02508656526479585,0.024439260821474865,"heatmap:mom_lookback=9,cov_halflife=60"
blend,mv,2021-01-31,2021-02-28,-0.015775543842756243,0.4650702619568538,False,0.8270978580286498,-0.016240614104713096,-0.01670568436666995,-0.017170754628626803,"heatmap:mom_lookback=9,cov_halflife=60"
blend,mv,2021-02-28,2021-03-31,-0.03506822615835851,0.4516034306940041,False,0.8372494651534719,-0.03551982958905251,-0.035971433019746514,-0.03642303645044052,"heatmap:mom_lookback=9,cov_halflife=60"
blend,mv,2021-03-31,2021-04-30,0.007022712724475523,0.43976063169292035,False,0.8131652710041957,0.006582952092782603,0.006143191461089683,0.005703430829396762,"heatmap:mom_lookback=9,cov_halflife=60"
blend,mv,2021-04-30,2021-05-31,-0.01074735853209269,0.47999740936457014,False,0.7979626844446743,-0.011227355941457259,-0.01170735335082183,-0.0121873507601864,"heatmap:mom_lookback=9,cov_halflife=60"
blend,mv,2021-05-31,2021-06-30,-0.009912662651076553,0.591927536727987,False,0.8929813399481621,-0.01050459018780454,-0.011096517724532528,-0.011688445261260514,"heatmap:mom_lookback=9,cov_halflife=60"
blend,mv,2021-06-30,2021-07-31,0.0036637125858803798,0.6543838545484993,False,1.0065263084490985,0.0030093287313318804,0.002354944876783381,0.0017005610222348816,"heatmap:mom_lookback=9,cov_halflife=60"
blend,mv,2021-07-31,2021-08-31,0.012784928734212338,0.6659728850642465,False,0.8012736638375236,0.012118955849148091,0.011452982964083844,0.010787010079019598,"heatmap:mom_lookback=9,cov_halflife=60"
blend,mv,2021-08-31,2021-09-30,-0.0038355435412300073,0.8864346980504871,False,1.1942273210747816,-0.004721978239280495,-0.005608412937330982,-0.0064948476353814686,"heatmap:mom_lookback=9,cov_halflife=60"
blend,mv,2021-09-30,2021-10-31,0.003973516181552249,0.7004198511211355,False,1.1598336526897666,0.0032730963304311135,0.002572676479309978,0.0018722566281888422,"heatmap:mom_lookback=9,cov_halflife=60"
blend,mv,2021-10-31,2021-11-30,0.0036185750808156746,0.7221984519864768,False,1.102935339445852,0.002896376628829198,0.0021741781768427207,0.001451979724856244,"heatmap:mom_lookback=9,cov_halflife=60"
blend,mv,2021-11-30,2021-12-31,0.0012783155958828387,0.788725243440936,False,1.1739440720505425,0.0004895903524419026,-0.0002991348909990334,-0.0010878601344399695,"heatmap:mom_lookback=9,cov_halflife=60"
blend,mv,2021-12-31,2022-01-31,-0.0012444202503186532,0.6663355570798082,False,1.2228457210145298,-0.0019107558073984613,-0.0025770913644782697,-0.003243426921558078,"heatmap:mom_lookback=9,cov_halflife=60"
blend,mv,2022-01-31,2022-02-28,-0.009453440835854364,0.5608072427101825,False,1.3159773165683952,-0.010014248078564545,-0.010575055321274729,-0.01113586256398491,"heatmap:mom_lookback=9,cov_halflife=60"
blend,mv,2022-02-28,2022-03-31,0.026780132901398024,0.6311041164472055,False,1.112545115485772,0.026149028784950817,0.02551792466850361,0.024886820552056408,"heatmap:mom_lookback=9,cov_halflife=60"
blend,mv,2022-03-31,2022-04-30,0.02706662898920465,0.6229404908772309,False,1.0582478129932853,0.02644368849832742,0.02582074800745019,0.025197807516572957,"heatmap:mom_lookback=9,cov_halflife=60"
blend,mv,2022-04-30,2022-05-31,0.004974333344533626,0.5291233801742509,False,0.8728511406189632,0.004445209964359375,0.003916086584185124,0.003386963204010873,"heatmap:mom_lookback=9,cov_halflife=60"
blend,mv,2022-05-31,2022-06-30,-0.002428919817542307,0.4863380915679821,False,0.8984302112517007,-0.0029152579091102893,-0.0034015960006782715,-0.003887934092246253,"heatmap:mom_lookback=9,cov_halflife=60"
blend,mv,2022-06-30,2022-07-31,-0.006469446886170672,0.38436558648861335,False,0.8730063665587269,-0.006853812472659285,-0.007238178059147899,-0.007622543645636512,"heatmap:mom_lookback=9,cov_halflife=60"
blend,mv,2022-07-31,2022-08-31,0.02493573667306821,0.5162928610829938,False,0.8882236476082753,0.024419443811985214,0.023903150950902223,0.02338685808981923,"heatmap:mom_lookback=9,cov_halflife=60"
blend,mv,2022-08-31,2022-09-30,0.004362067025235209,0.42273840741291435,False,0.9433779408289235,0.003939328617822294,0.00351659021040938,0.0030938518029964657,"heatmap:mom_lookback=9,cov_halflife=60"
blend,mv,2022-09-30,2022-10-31,0.01943725210194043,0.3172998974147766,False,0.9117141584240988,0.019119952204525652,0.018802652307110878,0.0184853524096961,"heatmap:mom_lookback=9,cov_halflife=60"
blend,mv,2022-10-31,2022-11-30,-0.04604214995347802,0.5243180503503585,False,1.078463981893809,-0.04656646800382838,-0.04709078605417874,-0.0476151041045291,"heatmap:mom_lookback=9,cov_halflife=60"
blend,mv,2022-11-30,2022-12-31,-0.008834116829975971,0.4734348377694036,False,1.0070425304271664,-0.009307551667745375,-0.009780986505514778,-0.010254421343284182,"heatmap:mom_lookback=9,cov_halflife=60"
blend,mv,2022-12-31,2023-01-31,-0.047483334652313386,0.46869460881059277,False,1.0485823873787965,-0.04795202926112398,-0.048420723869934575,-0.048889418478745165,"heatmap:mom_lookback=9,cov_halflife=60"
blend,mv,2023-01-31,2023-02-28,0.0023054092608946457,0.6092302502151928,False,1.0361010937645543,0.001696179010679453,0.00108694876046426,0.0004777185102490672,"heatmap:mom_lookback=9,cov_halflife=60"
blend,mv,2023-02-28,2023-03-31,-0.001817504708424268,0.6237585736125918,False,1.0580441609446605,-0.00244126328203686,-0.0030650218556494517,-0.0036887804292620435,"heatmap:mom_lookback=9,cov_halflife=60"
blend,mv,2023-03-31,2023-04-30,0.005758819297015363,0.5145376950609024,False,0.9588396478483769,0.00524428160195446,0.004729743906893558,0.004215206211832656,"heatmap:mom_lookback=9,cov_halflife=60"
blend,mv,2023-04-30,2023-05-31,0.008615650436525712,0.6199719972078497,False,1.1215934753256025,0.007995678439317862,0.007375706442110013,0.006755734444902163,"heatmap:mom_lookback=9,cov_halflife=60"
blend,mv,2023-05-31,2023-06-30,-0.003570859374084686,0.6067907428650663,False,1.2014218477277827,-0.004177650116949753,-0.004784440859814818,-0.005391231602679885,"heatmap:mom_lookback=9,cov_halflife=60"
blend,mv,2023-06-30,2023-07-31,-0.008277483488021058,0.7558805113336424,False,1.0927306091019313,-0.0090333639993547,-0.009789244510688343,-0.010545125022021986,"heatmap:mom_lookback=9,cov_halflife=60"
blend,mv,2023-07-31,2023-08-31,-0.001330810917608296,0.5743921853531951,False,1.2031368100199684,-0.0019052031029614912,-0.002479595288314686,-0.003053987473667881,"heatmap:mom_lookback=9,cov_halflife=60"
blend,mv,2023-08-31,2023-09-30,-0.020236662831493998,0.5842009549093605,False,1.2119300791517076,-0.020820863786403358,-0.021405064741312717,-0.02198926569622208,"heatmap:mom_lookback=9,cov_halflife=60"
blend,mv,2023-09-30,2023-10-31,-0.014058465903168262,0.6086332574575826,False,1.042916286559544,-0.014667099160625844,-0.015275732418083427,-0.01588436567554101,"heatmap:mom_lookback=9,cov_halflife=60"
blend,mv,2023-10-31,2023-11-30,0.009466861301205495,0.47045469111234767,False,1.1301829805859045,0.008996406610093146,0.0085259519189808,0.008055497227868452,"heatmap:mom_lookback=9,cov_halflife=60"
blend,mv,2023-11-30,2023-12-31,-0.01961154682979855,0.7563560393318336,False,1.2934856819342007,-0.020367902869130382,-0.02112425890846222,-0.02188061494779405,"heatmap:mom_lookback=9,cov_halflife=60"
blend,mv,2023-12-31,2024-01-31,0.036951381270404,0.6087133276033663,False,1.0905759258981178,0.03634266794280064,0.03573395461519727,0.0351252412875939,"heatmap:mom_lookback=9,cov_halflife=60"
blend,mv,2024-01-31,2024-02-29,0.001797028241524501,0.557424116193924,False,1.0386346387194123,0.001239604125330577,0.0006821800091366529,0.00012475589294272892,"heatmap:mom_lookback=9,cov_halflife=60"
blend,mv,2024-02-29,2024-03-31,-0.012562898450543576,0.5847243821934015,False,1.0822982911976808,-0.013147622832736978,-0.013732347214930378,-0.01431707159712378,"heatmap:mom_lookback=9,cov_halflife=60"
blend,mv,2024-03-31,2024-04-30,-0.01533029985270401,0.4207362796941542,False,1.050149595402021,-0.015751036132398165,-0.01617177241209232,-0.016592508691786474,"heatmap:mom_lookback=9,cov_halflife=60"
blend,mv,2024-04-30,2024-05-31,0.01334014221430115,0.44647731801775803,False,1.1091358393183324,0.012893664896283392,0.012447187578265635,0.012000710260247877,"heatmap:mom_lookback=9,cov_halflife=60"
blend,mv,2024-05-31,2024-06-30,0.004703324688132533,0.6672763101037911,False,1.220678986004756,0.0040360483780287415,0.0033687720679249503,0.0027014957578211595,"heatmap:mom_lookback=9,cov_halflife=60"
blend,mv,2024-06-30,2024-07-31,0.003595558410010724,0.6873154332496326,False,1.18465913573554,0.0029082429767610914,0.002220927543511459,0.0015336121102618263,"heatmap:mom_lookback=9,cov_halflife=60"
blend,mv,2024-07-31,2024-08-31,0.00321278134189169,0.6481744122541512,False,1.261058374521353,0.0025646069296375385,0.0019164325173833875,0.0012682581051292365,"heatmap:mom_lookback=9,cov_halflife=60"
blend,mv,2024-08-31,2024-09-30,-0.005676974380514497,0.7039718350093687,False,1.1846891433703943,-0.0063809462155238654,-0.007084918050533235,-0.007788889885542603,"heatmap:mom_lookback=9,cov_halflife=60"
blend,mv,2024-09-30,2024-10-31,-0.0012900305547200554,0.5400142832817298,False,1.2079228178482249,-0.0018300448380017854,-0.0023700591212835152,-0.002910073404565245,"heatmap:mom_lookback=9,cov_halflife=60"
blend,mv,2024-10-31,2024-11-30,0.007853677726090944,0.6076495804315047,False,1.1754265304097113,0.007246028145659439,0.006638378565227934,0.00603072898479643,"heatmap:mom_lookback=9,cov_halflife=60"
blend,mv,2024-11-30,2024-12-31,-9.543003486096463e-05,0.7224878266447059,False,1.2408722343499035,-0.0008179178615056705,-0.0015404056881503764,-0.002262893514795082,"heatmap:mom_lookback=9,cov_halflife=60"
blend,mv,2024-12-31,2025-01-31,0.011574130905042909,0.6038265596900432,False,1.304217094961918,0.010970304345352866,0.010366477785662822,0.00976265122597278,"heatmap:mom_lookback=9,cov_halflife=60"
blend,mv,2025-01-31,2025-02-28,-0.002860258285272102,0.5052386797890813,False,1.1065715035249877,-0.0033654969650611832,-0.0038707356448502645,-0.004375974324639346,"heatmap:mom_lookback=9,cov_halflife=60"
blend,mv,2025-02-28,2025-03-31,-0.010724617142088779,0.6292262717777195,False,1.1908034724321954,-0.011353843413866499,-0.011983069685644217,-0.012612295957421938,"heatmap:mom_lookback=9,cov_halflife=60"
blend,mv,2025-03-31,2025-04-30,0.017109709900212853,0.6009769850378546,False,1.214302305899746,0.016508732915175,0.015907755930137144,0.015306778945099289,"heatmap:mom_lookback=9,cov_halflife=60"
blend,mv,2025-04-30,2025-05-31,0.019587170793870703,0.6670007046853565,False,1.3826526534106385,0.018920170089185347,0.01825316938449999,0.017586168679814634,"heatmap:mom_lookback=9,cov_halflife=60"
blend,mv,2025-05-31,2025-06-30,-0.0060528653392573455,0.49301610881938385,False,1.293744541808542,-0.006545881448076729,-0.007038897556896113,-0.007531913665715497,"heatmap:mom_lookback=9,cov_halflife=60"
blend,mv,2025-06-30,2025-07-31,-0.026828422146696732,0.5456005401208098,False,1.2015645407934779,-0.02737402268681754,-0.02791962322693835,-0.02846522376705916,"heatmap:mom_lookback=9,cov_halflife=60"
blend,mv,2025-07-31,2025-08-31,-0.0036462883245218284,0.5162793064560606,False,1.2080945598573134,-0.004162567630977889,-0.0046788469374339494,-0.00519512624389001,"heatmap:mom_lookback=9,cov_halflife=60"
blend,mv,2025-08-31,2025-09-30,0.018891979833420124,0.6430177214863829,False,1.1727901298096561,0.01824896211193374,0.017605944390447357,0.016962926668960977,"heatmap:mom_lookback=9,cov_halflife=60"
blend,mv,2025-09-30,2025-10-31,0.011758629750892,0.5025663326522781,False,1.224181052474958,0.01125606341823972,0.010753497085587442,0.010250930752935164,"heatmap:mom_lookback=9,cov_halflife=60"
blend,mv,2025-10-31,2025-11-30,-0.00697747659157893,0.6302873110254065,False,1.1630940992011647,-0.007607763902604336,-0.008238051213629742,-0.008868338524655149,"heatmap:mom_lookback=9,cov_halflife=60"
blend,mv,2025-11-30,2025-12-31,0.014182587906370739,0.6474465702726807,False,0.9705615349887038,0.013535141336098058,0.012887694765825377,0.012240248195552696,"heatmap:mom_lookback=9,cov_halflife=60"
blend,mv,2025-12-31,2026-01-31,0.013515578828097976,0.37472845246169295,False,1.0163008615263949,0.013140850375636283,0.01276612192317459,0.012391393470712896,"heatmap:mom_lookback=9,cov_halflife=60"
