strategy,method,month,return_month,gross_return,turnover,rebuild,gross_exposure,net_return_10bps,net_return_20bps,net_return_30bps
mom,mv,1974-06-30,1974-07-31,0.029066306711075806,1.2158426607950834,True,1.2158426607950834,0.027850464050280722,0.02663462138948564,0.025418778728690555
mom,mv,1974-07-31,1974-08-31,0.014402262008112163,0.33080415663570123,False,1.0573764820653648,0.014071457851476461,0.01374065369484076,0.013409849538205058
mom,mv,1974-08-31,1974-09-30,-0.008955884312136664,0.31864239158461977,False,0.9692015830469536,-0.009274526703721284,-0.009593169095305904,-0.009911811486890524
mom,mv,1974-09-30,1974-10-31,0.022790074276950855,0.37727866965723217,False,0.9544030975242879,0.022412795607293624,0.02203551693763639,0.02165823826797916
mom,mv,1974-10-31,1974-11-30,0.007910126184759622,0.43243023554125193,False,0.9512244212717826,0.007477695949218371,0.0070452657136771185,0.006612835478135867
mom,mv,1974-11-30,1974-12-31,0.0012352014445621952,0.30605936671929407,False,0.9317336327341925,0.0009291420778429012,0.0006230827111236071,0.00031702334440431295
mom,mv,1974-12-31,1975-01-31,-0.045893362268099064,0.3703899410832666,False,1.0207945326221295,-0.04626375220918233,-0.046634142150265595,-0.04700453209134886
mom,mv,1975-01-31,1975-02-28,-0.017759467612649436,0.6568656655512065,False,0.8602682065110143,-0.018416333278200643,-0.019073198943751847,-0.019730064609303054
mom,mv,1975-02-28,1975-03-31,0.003591679433023785,0.33725096034233215,False,0.9333960704366998,0.003254428472681453,0.0029171775123391207,0.0025799265519967887
mom,mv,1975-03-31,1975-04-30,0.030643846572672738,0.4266845154635819,False,0.9674265961447972,0.030217162057209156,0.029790477541745575,0.029363793026281993
mom,mv,1975-04-30,1975-05-31,0.010345877645294873,0.42198618790767717,False,1.0612447456274032,0.009923891457387196,0.009501905269479518,0.009079919081571842
mom,mv,1975-05-31,1975-06-30,-0.006112248003719867,0.47203389418220637,False,0.8748892823316408,-0.006584281897902074,-0.00705631579208428,-0.0075283496862664865
mom,mv,1975-06-30,1975-07-31,-0.0037534924242650486,0.38390839981991076,False,0.7675885203529849,-0.004137400824084959,-0.00452130922390487,-0.004905217623724781
mom,mv,1975-07-31,1975-08-31,0.007897124926120047,0.2999621049702367,False,0.7958957209944786,0.007597162821149811,0.007297200716179574,0.006997238611209337
mom,mv,1975-08-31,1975-09-30,0.01155384304702707,0.37622232877422535,False,0.8171454721441794,0.011177620718252844,0.010801398389478618,0.010425176060704392
mom,mv,1975-09-30,1975-10-31,-0.01937003603355605,0.3653245213437134,False,0.8306042491289404,-0.019735360554899765,-0.020100685076243477,-0.020466009597587192
mom,mv,1975-10-31,1975-11-30,-0.0013944345435689463,0.37867491748401866,False,0.8502314675043113,-0.001773109461052965,-0.0021517843785369838,-0.0025304592960210025
mom,mv,1975-11-30,1975-12-31,-0.0035548054181166106,0.4128638984133325,False,0.9649773092963181,-0.003967669316529943,-0.004380533214943276,-0.004793397113356608
mom,mv,1975-12-31,1976-01-31,0.014126366610527213,0.3369513202813442,False,0.896333412299597,0.013789415290245868,0.013452463969964525,0.013115512649683182
mom,mv,1976-01-31,1976-02-29,-0.012216705927877783,0.36339560757790607,False,0.9699081449765568,-0.012580101535455688,-0.012943497143033595,-0.0133068927506115
mom,mv,1976-02-29,1976-03-31,-0.0003818893416750734,0.46563471816524543,False,0.8933931054271173,-0.0008475240598403188,-0.0013131587780055643,-0.0017787934961708096
mom,mv,1976-03-31,1976-04-30,0.006568721895549931,0.44569670154833724,False,0.9684984421467554,0.006123025194001593,0.005677328492453256,0.005231631790904918
mom,mv,1976-04-30,1976-05-31,0.0015876347021694336,0.5145702724444223,False,1.042454923123775,0.001073064429725011,0.0005584941572805888,4.392388483616654e-05
mom,mv,1976-05-31,1976-06-30,-0.00428795814115388,0.44718247863057115,False,0.9965974743838935,-0.004735140619784451,-0.005182323098415023,-0.0056295055770455935
mom,mv,1976-06-30,1976-07-31,-0.0022427464920878387,0.47675780942008705,False,1.0842206784156498,-0.0027195043015079256,-0.003196262110928013,-0.0036730199203481
mom,mv,1976-07-31,1976-08-31,0.00954445100887981,0.4924168489009623,False,1.0032750520465175,0.009052034159978848,0.008559617311077886,0.008067200462176924
mom,mv,1976-08-31,1976-09-30,-0.0033859408256834726,0.45590696563450955,False,1.0508260211351874,-0.0038418477913179823,-0.004297754756952492,-0.004753661722587002
mom,mv,1976-09-30,1976-10-31,-0.009352622750083856,0.4456000391593292,False,0.988912301001849,-0.009798222789243185,-0.010243822828402515,-0.010689422867561844
mom,mv,1976-10-31,1976-11-30,0.01556907398339638,0.4744444849041852,False,0.9860759948147793,0.015094629498492194,0.014620185013588008,0.014145740528683823
mom,mv,1976-11-30,1976-12-31,-0.0018181118796511252,0.4536629868152792,False,1.086771576362677,-0.0022717748664664045,-0.002725437853281684,-0.003179100840096963
mom,mv,1976-12-31,1977-01-31,0.016771381801221754,0.39141153921032895,False,1.0650452154596353,0.016379970262011424,0.015988558722801097,0.015597147183590766
mom,mv,1977-01-31,1977-02-28,-0.011876145353180547,0.4326474677123681,False,1.026969762453106,-0.012308792820892915,-0.012741440288605283,-0.013174087756317652
mom,mv,1977-02-28,1977-03-31,0.0051026576098410275,0.3795976663717718,False,1.0213905973011246,0.004723059943469256,0.004343462277097484,0.003963864610725712
mom,mv,1977-03-31,1977-04-30,0.011194214126359564,0.4639960637253135,False,1.0304920881374011,0.010730218062634252,0.010266221998908937,0.009802225935183624
mom,mv,1977-04-30,1977-05-31,0.01150188892117517,0.3500489710303201,False,1.0673080709533729,0.011151839950144848,0.01080179097911453,0.010451742008084209
mom,mv,1977-05-31,1977-06-30,0.0013666408601415293,0.4763864725527212,False,1.0931710964921852,0.0008902543875888081,0.0004138679150360869,-6.251855751663433e-05
mom,mv,1977-06-30,1977-07-31,0.014948566863267053,0.4687895396126391,False,1.237764679790333,0.014479777323654415,0.014010987784041775,0.013542198244429137
mom,mv,1977-07-31,1977-08-31,-0.008325843043725386,0.46212038973691094,False,1.2881269788627878,-0.008787963433462297,-0.009250083823199208,-0.009712204212936119
mom,mv,1977-08-31,1977-09-30,0.01880857238205104,0.4493089268046801,False,1.1644543861466878,0.01835926345524636,0.017909954528441678,0.017460645601636997
mom,mv,1977-09-30,1977-10-31,3.685243499733474e-05,0.41188543897966906,False,1.2043872579029278,-0.00037503300398233436,-0.0007869184429620034,-0.0011988038819416725
mom,mv,1977-10-31,1977-11-30,0.006818947770030768,0.389548649056707,False,1.1147787283555164,0.006429399120974061,0.0060398504719173535,0.005650301822860647
mom,mv,1977-11-30,1977-12-31,0.008241055985270392,0.48093059292097323,False,1.0660128212802977,0.007760125392349418,0.007279194799428445,0.006798264206507473
mom,mv,1977-12-31,1978-01-31,0.007898485666500726,0.3914321835517513,False,1.1744243218613788,0.007507053482948975,0.007115621299397224,0.006724189115845472
mom,mv,1978-01-31,1978-02-28,0.012398439604740867,0.42938609593366456,False,1.206045480786333,0.011969053508807203,0.011539667412873537,0.011110281316939873
mom,mv,1978-02-28,1978-03-31,0.01238955461541306,0.4663001579034584,False,1.140082557500535,0.0119232544575096,0.011456954299606142,0.010990654141702685
mom,mv,1978-03-31,1978-04-30,-0.013361123366887684,0.4663986830352506,False,1.0918440433034924,-0.013827522049922936,-0.014293920732958185,-0.014760319415993437
mom,mv,1978-04-30,1978-05-31,0.016030863525250197,0.4459019680542712,False,1.0701441367771867,0.015584961557195926,0.015139059589141654,0.014693157621087383
mom,mv,1978-05-31,1978-06-30,0.01778394080013094,0.4344474017667175,False,1.0798689865121123,0.01734949339836422,0.016915045996597503,0.016480598594830788
mom,mv,1978-06-30,1978-07-31,0.017716345637821457,0.49364017610420946,False,0.9784126231400301,0.017222705461717246,0.016729065285613038,0.016235425109508827
mom,mv,1978-07-31,1978-08-31,0.017399502444976556,0.37820447753854636,False,1.0590849837240757,0.01702129796743801,0.016643093489899462,0.016264889012360915
mom,mv,1978-08-31,1978-09-30,-0.014527970386833752,0.490092701089329,False,0.9225658067922883,-0.01501806308792308,-0.01550815578901241,-0.01599824849010174
mom,mv,1978-09-30,1978-10-31,-0.02586231687626785,0.3706982074629656,False,0.9168348771686746,-0.026233015083730816,-0.026603713291193782,-0.026974411498656748
mom,mv,1978-10-31,1978-11-30,0.021214501411379483,0.402116593037078,False,0.9014639478944594,0.020812384818342404,0.020410268225305325,0.02000815163226825
mom,mv,1978-11-30,1978-12-31,0.023534537913499114,0.5816687953577712,False,1.125321759137601,0.022952869118141345,0.02237120032278357,0.021789531527425802
mom,mv,1978-12-31,1979-01-31,-0.0181955292414676,0.45929977473730804,False,1.1227452609172168,-0.01865482901620491,-0.01911412879094222,-0.019573428565679524
mom,mv,1979-01-31,1979-02-28,-0.01381096914300305,0.46066855817969354,False,1.115974166812574,-0.014271637701182744,-0.014732306259362437,-0.015192974817542131
mom,mv,1979-02-28,1979-03-31,0.011908391457338354,0.4288873223534652,False,1.155482257013118,0.01147950413498489,0.011050616812631423,0.010621729490277959
mom,mv,1979-03-31,1979-04-30,-0.007090222036464796,0.5826267786471045,False,1.3244310320043404,-0.0076728488151119,-0.008255475593759005,-0.00883810237240611
mom,mv,1979-04-30,1979-05-31,-0.005609371604901411,0.5337384238684229,False,1.2297850892167914,-0.006143110028769834,-0.006676848452638257,-0.0072105868765066795
mom,mv,1979-05-31,1979-06-30,0.0024743372891253826,0.5028805708943186,False,1.3000645926318963,0.001971456718231064,0.0014685761473367453,0.0009656955764424267
mom,mv,1979-06-30,1979-07-31,-0.009469005519601838,0.5505548247609937,False,1.254145194500894,-0.010019560344362832,-0.010570115169123826,-0.01112066999388482
mom,mv,1979-07-31,1979-08-31,-0.0036768319883880847,0.6588664360881159,False,1.2960084826857459,-0.0043356984244762005,-0.004994564860564317,-0.005653431296652432
mom,mv,1979-08-31,1979-09-30,0.02584522249495168,0.6328787189933857,False,1.2701322366121723,0.025212343775958296,0.02457946505696491,0.023946586337971525
mom,mv,1979-09-30,1979-10-31,-0.0011983033879193394,0.5937379077036319,False,1.3469350670990796,-0.0017920412956229713,-0.002385779203326603,-0.002979517111030235
mom,mv,1979-10-31,1979-11-30,0.03777106353432668,0.6042222036618569,False,1.1671755966381157,0.03716684133066482,0.03656261912700297,0.03595839692334111
mom,mv,1979-11-30,1979-12-31,0.04454587362565854,0.5050389594364018,False,1.0885001611018075,0.044040834666222134,0.043535795706785736,0.04303075674734933
mom,mv,1979-12-31,1980-01-31,0.03855490080310939,0.433205972768305,False,1.0404710681848774,0.038121694830341085,0.037688488857572776,0.03725528288480447
mom,mv,1980-01-31,1980-02-29,0.02772387481874901,0.3842432814489172,False,1.0316953716594153,0.027339631537300093,0.026955388255851174,0.026571144974402258
mom,mv,1980-02-29,1980-03-31,-0.03338706596816377,0.3697852455456568,False,0.9595595936189719,-0.03375685121370943,-0.03412663645925509,-0.034496421704800745
mom,mv,1980-03-31,1980-04-30,0.0056249155974419,0.2988451241442202,False,0.9361770865840754,0.00532607047329768,0.005027225349153459,0.0047283802250092394
mom,mv,1980-04-30,1980-05-31,-0.009921433322797176,0.4451744679980513,False,1.0832215981702549,-0.010366607790795228,-0.01081178225879328,-0.01125695672679133
mom,mv,1980-05-31,1980-06-30,0.03183585629694999,0.33918987238097614,False,1.0540982848297489,0.03149666642456901,0.031157476552188035,0.030818286679807058
mom,mv,1980-06-30,1980-07-31,0.0025438379459573604,0.31369436726220923,False,1.0475449800177417,0.0022301435786951512,0.0019164492114329419,0.0016027548441707325
mom,mv,1980-07-31,1980-08-31,0.006588119854426456,0.36623397334004454,False,0.9571804780496664,0.006221885881086411,0.005855651907746367,0.005489417934406322
mom,mv,1980-08-31,1980-09-30,0.027651192030487222,0.329550544399353,False,0.8977792350881357,0.02732164148608787,0.026992090941688515,0.026662540397289162
mom,mv,1980-09-30,1980-10-31,0.015772932937581658,0.3123492941458085,False,0.813540548045376,0.01546058364343585,0.015148234349290041,0.014835885055144233
mom,mv,1980-10-31,1980-11-30,0.013391730529447228,0.2848330587580367,False,0.7787241783937653,0.013106897470689192,0.012822064411931155,0.012537231353173119
mom,mv,1980-11-30,1980-12-31,-0.023016660279432062,0.32829078025732245,False,0.8564144936607695,-0.023344951059689385,-0.023673241839946707,-0.02400153262020403
mom,mv,1980-12-31,1981-01-31,-0.03184227157206265,0.2996663637776754,False,0.9047175730868063,-0.03214193793584033,-0.032441604299618,-0.03274127066339568
mom,mv,1981-01-31,1981-02-28,-0.012391011005751663,0.5532371056505054,False,1.0160295829596435,-0.012944248111402169,-0.013497485217052674,-0.01405072232270318
mom,mv,1981-02-28,1981-03-31,0.0018663952343275672,0.4594140076434464,False,1.0560900359229521,0.0014069812266841208,0.0009475672190406743,0.0004881532113972279
mom,mv,1981-03-31,1981-04-30,0.002162405778671106,0.710565063264877,False,1.156191911870167,0.0014518407154062289,0.000741275652141352,3.071058887647469e-05
mom,mv,1981-04-30,1981-05-31,0.011921629672029407,0.5948415566652505,False,1.0855519957529978,0.011326788115364157,0.010731946558698906,0.010137105002033655
mom,mv,1981-05-31,1981-06-30,-0.023685319451403217,0.5001938607600597,False,1.0457856784686166,-0.024185513312163277,-0.024685707172923337,-0.025185901033683396
mom,mv,1981-06-30,1981-07-31,-0.008725870027339135,0.4271087863810594,False,0.9543186260632429,-0.009152978813720195,-0.009580087600101253,-0.010007196386482313
mom,mv,1981-07-31,1981-08-31,-0.00808236801536699,0.5897957355990169,False,1.0637296682224204,-0.008672163750966006,-0.009261959486565025,-0.009851755222164041
mom,mv,1981-08-31,1981-09-30,0.007094869005368479,0.5755846688576172,False,1.1522000860209214,0.006519284336510862,0.005943699667653245,0.005368114998795628
mom,mv,1981-09-30,1981-10-31,0.026963539995171804,0.5181677675729751,False,1.2344309049068838,0.02644537222759883,0.025927204460025853,0.02540903669245288
mom,mv,1981-10-31,1981-11-30,-0.0008561987383000839,0.5311625323982627,False,1.1652892347860562,-0.0013873612706983467,-0.0019185238030966093,-0.002449686335494872
mom,mv,1981-11-30,1981-12-31,-0.007661399708481341,0.4913640526369701,False,1.1445128945513472,-0.008152763761118311,-0.00864412781375528,-0.00913549186639225
mom,mv,1981-12-31,1982-01-31,-0.002555022640329873,0.48530588740299613,False,1.2122985849253236,-0.0030403285277328693,-0.0035256344151358655,-0.004010940302538861
mom,mv,1982-01-31,1982-02-28,0.004552689903103395,0.4862675447555462,False,1.1906473140455536,0.004066422358347849,0.0035801548135923032,0.0030938872688367567
mom,mv,1982-02-28,1982-03-31,0.012041856313481463,0.533203075203456,False,1.2142276302951909,0.011508653238278007,0.010975450163074552,0.010442247087871096
mom,mv,1982-03-31,1982-04-30,0.0027323593581938515,0.4842919742069508,False,1.173015074651078,0.0022480673839869007,0.00176377540977995,0.001279483435572999
mom,mv,1982-04-30,1982-05-31,0.014508522372148709,0.5551583939668905,False,1.108339518476623,0.013953363978181818,0.013398205584214928,0.012843047190248038
mom,mv,1982-05-31,1982-06-30,0.017043091064001533,0.5001255900422964,False,1.0635305544593134,0.016542965473959236,0.01604283988391694,0.015542714293874644
mom,mv,1982-06-30,1982-07-31,0.016310106978536864,0.5165222898707168,False,1.1677630010732518,0.015793584688666148,0.01527706239879543,0.014760540108924714
mom,mv,1982-07-31,1982-08-31,-0.04419138498775035,0.4371421841810944,False,1.015346750885444,-0.04462852717193144,-0.04506566935611254,-0.04550281154029363
mom,mv,1982-08-31,1982-09-30,0.0014748906140869332,0.5935570468861495,False,0.8940713268261642,0.0008813335672007836,0.00028777652031463405,-0.0003057805265715154
mom,mv,1982-09-30,1982-10-31,-0.01614184734538206,0.500308231464022,False,1.0857547627130175,-0.016642155576846084,-0.017142463808310103,-0.017642772039774126
mom,mv,1982-10-31,1982-11-30,0.013463018908461525,0.558163955089134,False,1.0791602398923876,0.012904854953372392,0.012346690998283257,0.011788527043194124
mom,mv,1982-11-30,1982-12-31,-0.012757382626295891,0.48543276453697803,False,1.1025178042239532,-0.01324281539083287,-0.013728248155369847,-0.014213680919906825
mom,mv,1982-12-31,1983-01-31,-0.02256446721712236,0.38887454123339954,False,1.0417234482004876,-0.02295334175835576,-0.023342216299589158,-0.023731090840822557
mom,mv,1983-01-31,1983-02-28,0.0065405037074292224,0.4998824847714652,False,1.0390179834971636,0.006040621222657757,0.005540738737886292,0.005040856253114827
mom,mv,1983-02-28,1983-03-31,0.010182246506111247,0.458366303506235,False,0.8940042573450636,0.009723880202605012,0.009265513899098778,0.008807147595592542
mom,mv,1983-03-31,1983-04-30,0.009493024568877989,0.478601989883107,False,1.0424604814838057,0.009014422578994883,0.008535820589111775,0.008057218599228668
mom,mv,1983-04-30,1983-05-31,-0.006991860774871958,0.47525351745885097,False,1.0228266578462553,-0.007467114292330809,-0.00794236780978966,-0.008417621327248511
mom,mv,1983-05-31,1983-06-30,0.0012654002714760286,0.4201267212120123,False,1.0139597776845297,0.0008452735502640163,0.00042514682905200397,5.020107839991822e-06
mom,mv,1983-06-30,1983-07-31,-0.011058509608614915,0.39077025938720633,False,1.0192411872277756,-0.011449279868002121,-0.011840050127389328,-0.012230820386776534
mom,mv,1983-07-31,1983-08-31,-0.015164827694062402,0.3873383805773761,False,1.0576879429116475,-0.015552166074639778,-0.015939504455217152,-0.01632684283579453
mom,mv,1983-08-31,1983-09-30,-0.011285940350467698,0.5603346250485053,False,1.2315170915357434,-0.011846274975516203,-0.012406609600564708,-0.012966944225613213
mom,mv,1983-09-30,1983-10-31,-0.01740671656214821,0.48780055469515016,False,1.2702620718029942,-0.01789451711684336,-0.01838231767153851,-0.01887011822623366
mom,mv,1983-10-31,1983-11-30,-0.004551056466471131,0.6417294345982444,False,1.4006078844879204,-0.0051927859010693755,-0.00583451533566762,-0.006476244770265864
mom,mv,1983-11-30,1983-12-31,-0.005093731056238658,0.7428545451854601,False,1.2937735554125682,-0.005836585601424118,-0.0065794401466095775,-0.007322294691795038
mom,mv,1983-12-31,1984-01-31,-0.011678929986226426,0.6552250278898242,False,1.2345256946418002,-0.012334155014116251,-0.012989380042006074,-0.013644605069895899
mom,mv,1984-01-31,1984-02-29,-0.023675656668047437,0.6496549899663909,False,1.3228478939646797,-0.024325311658013826,-0.02497496664798022,-0.02562462163794661
mom,mv,1984-02-29,1984-03-31,-0.0025757910634222033,0.7605135844821445,False,1.3876034337910272,-0.003336304647904348,-0.004096818232386492,-0.004857331816868636
mom,mv,1984-03-31,1984-04-30,0.008684463948399418,0.6461818668561857,False,1.2793134748975603,0.008038282081543233,0.007392100214687046,0.0067459183478308605
mom,mv,1984-04-30,1984-05-31,0.01357240548530822,0.6398888200720647,False,1.2922868136940626,0.012932516665236156,0.01229262784516409,0.011652739025092026
mom,mv,1984-05-31,1984-06-30,0.004228939487368992,0.5424224006856402,False,1.2101317107322473,0.0036865170866833513,0.003144094685997711,0.002601672285312071
mom,mv,1984-06-30,1984-07-31,0.014014519171153454,0.5722319700803956,False,1.0838396874422789,0.013442287201073058,0.012870055230992663,0.012297823260912267
mom,mv,1984-07-31,1984-08-31,-0.013267423453629731,0.6144862807495808,False,1.2544254952888345,-0.013881909734379312,-0.014496396015128893,-0.015110882295878474
mom,mv,1984-08-31,1984-09-30,0.009567052149906769,0.6638817629637123,False,1.1889230480426936,0.008903170386943056,0.008239288623979345,0.007575406861015632
mom,mv,1984-09-30,1984-10-31,0.012176234941589318,0.43462738431381837,False,1.323097695266579,0.0117416075572755,0.011306980172961681,0.010872352788647862
mom,mv,1984-10-31,1984-11-30,-0.012475213976341357,0.4503262539903001,False,1.324763412150383,-0.012925540230331658,-0.013375866484321958,-0.013826192738312258
mom,mv,1984-11-30,1984-12-31,0.009365940621971337,0.5822816792641212,False,1.2580360336594865,0.008783658942707216,0.008201377263443095,0.007619095584178974
mom,mv,1984-12-31,1985-01-31,-0.027341909818356467,0.5094147144005572,False,1.2693186783155885,-0.027851324532757023,-0.028360739247157582,-0.028870153961558138
mom,mv,1985-01-31,1985-02-28,0.01227013250052278,0.6029952377468186,False,1.1958089607066524,0.011667137262775962,0.011064142025029144,0.010461146787282325
mom,mv,1985-02-28,1985-03-31,-0.01869216516994496,0.5316531867029111,False,1.1117678646388074,-0.01922381835664787,-0.019755471543350785,-0.020287124730053695
mom,mv,1985-03-31,1985-04-30,-0.0030265416163310476,0.5204488647023613,False,1.067657330258595,-0.003546990481033409,-0.004067439345735771,-0.004587888210438131
mom,mv,1985-04-30,1985-05-31,0.004804902430713814,0.5259716549717858,False,1.3008821079294735,0.004278930775742028,0.003752959120770243,0.003226987465798457
mom,mv,1985-05-31,1985-06-30,0.012951939124178804,0.5628667470731193,False,1.256746338585309,0.012389072377105684,0.011826205630032565,0.011263338882959446
mom,mv,1985-06-30,1985-07-31,-0.028608061691073487,0.6350568975391727,False,1.3609097879767462,-0.02924311858861266,-0.029878175486151834,-0.030513232383691004
mom,mv,1985-07-31,1985-08-31,0.016187035370157865,0.6482763298233357,False,1.4822955409548926,0.01553875904033453,0.014890482710511193,0.014242206380687858
mom,mv,1985-08-31,1985-09-30,-0.0025226269452431355,0.6425050192802706,False,1.4732974087674653,-0.0031651319645234063,-0.003807636983803677,-0.004450142003083947
mom,mv,1985-09-30,1985-10-31,0.02447207248423977,0.534105542090098,False,1.534201878936861,0.023937966942149672,0.023403861400059574,0.022869755857969475
mom,mv,1985-10-31,1985-11-30,-0.008517429374482455,0.5968732750309682,False,1.3965458742878842,-0.009114302649513423,-0.009711175924544391,-0.01030804919957536
mom,mv,1985-11-30,1985-12-31,-0.003906683227130693,0.6059598807854856,False,1.3855056360892466,-0.004512643107916179,-0.005118602988701664,-0.00572456286948715
mom,mv,1985-12-31,1986-01-31,0.002398186340497236,0.5043433765402091,False,1.3645071206476866,0.0018938429639570268,0.0013894995874168176,0.0008851562108766085
mom,mv,1986-01-31,1986-02-28,0.011003287346045538,0.5961571419774553,False,1.3791375409159228,0.010407130204068082,0.009810973062090628,0.009214815920113173
mom,mv,1986-02-28,1986-03-31,0.0029512758205596824,0.5939780277702097,False,1.429784863102325,0.0023572977927894725,0.001763319765019263,0.0011693417372490532
mom,mv,1986-03-31,1986-04-30,0.006058910946507767,0.5717499298435802,False,1.3567747287698175,0.0054871610166641865,0.004915411086820606,0.004343661156977026
mom,mv,1986-04-30,1986-05-31,0.009750041033686666,0.5703777060897217,False,1.3759539559780878,0.009179663327596944,0.008609285621507222,0.0080389079154175
mom,mv,1986-05-31,1986-06-30,0.02796558120479116,0.6668665320811138,False,1.3337824725135456,0.027298714672710046,0.026631848140628932,0.025964981608547818
mom,mv,1986-06-30,1986-07-31,-0.021701072159510285,0.4475777485404795,False,1.3696969956508318,-0.022148649908050766,-0.022596227656591243,-0.023043805405131724
mom,mv,1986-07-31,1986-08-31,-0.029482207956751952,0.4620358506940885,False,1.2059879936720674,-0.02994424380744604,-0.030406279658140127,-0.030868315508834218
mom,mv,1986-08-31,1986-09-30,-0.03881502027774244,0.42478933207024355,False,1.1794059288020848,-0.03923980960981268,-0.03966459894188293,-0.04008938827395317
mom,mv,1986-09-30,1986-10-31,0.024673177961168146,0.5294620178295533,False,1.1657201174673641,0.024143715943338594,0.02361425392550904,0.023084791907679487
mom,mv,1986-10-31,1986-11-30,0.001762826644379585,0.5865697181413675,False,1.301996753927321,0.0011762569262382173,0.0005896872080968498,3.117489955482399e-06
mom,mv,1986-11-30,1986-12-31,0.007819126255955579,0.5889468720184059,False,1.3278533734220126,0.007230179383937173,0.006641232511918767,0.006052285639900361
mom,mv,1986-12-31,1987-01-31,0.03445600804916101,0.6185473615518112,False,1.4139117204357556,0.0338374606876092,0.03321891332605739,0.03260036596450558
mom,mv,1987-01-31,1987-02-28,-0.02882327033875655,0.84671141523592,False,1.3254584846306499,-0.029669981753992467,-0.03051669316922839,-0.03136340458446431
mom,mv,1987-02-28,1987-03-31,0.011681889784645055,0.6907445103607833,False,1.3221762299167956,0.010991145274284271,0.010300400763923488,0.009609656253562705
mom,mv,1987-03-31,1987-04-30,0.014951217440849882,0.5838143437697061,False,1.258754498531534,0.014367403097080176,0.013783588753310469,0.013199774409540763
mom,mv,1987-04-30,1987-05-31,-0.004703153468117408,0.4355252672412739,False,1.1989372467635833,-0.005138678735358683,-0.005574204002599956,-0.00600972926984123
mom,mv,1987-05-31,1987-06-30,-0.011884803620816226,0.45389249296353096,False,1.1251749245546212,-0.012338696113779756,-0.012792588606743288,-0.013246481099706818
mom,mv,1987-06-30,1987-07-31,0.01808068376535689,0.4042573750782803,False,1.098004079334509,0.01767642639027861,0.017272169015200328,0.01686791164012205
mom,mv,1987-07-31,1987-08-31,-0.007052597930014322,0.40023113433008506,False,1.1979973189118553,-0.007452829064344408,-0.007853060198674492,-0.008253291333004578
mom,mv,1987-08-31,1987-09-30,0.013721038925721202,0.43500414087677564,False,1.2006267085674276,0.013286034784844428,0.012851030643967651,0.012416026503090875
mom,mv,1987-09-30,1987-10-31,-0.017411904780465393,0.4923982542809817,False,1.243996986201907,-0.017904303034746376,-0.018396701289027356,-0.01888909954330834
mom,mv,1987-10-31,1987-11-30,0.01193305570510392,0.39863897539438437,False,1.008156668917356,0.011534416729709535,0.011135777754315151,0.010737138778920767
mom,mv,1987-11-30,1987-12-31,-0.00020619357024028711,0.5178107682781752,False,1.0919715438542412,-0.0007240043385184623,-0.0012418151067966376,-0.0017596258750748129
mom,mv,1987-12-31,1988-01-31,-0.03246820529144832,0.41513528077443057,False,0.9460280740512157,-0.032883340572222745,-0.03329847585299718,-0.03371361113377161
mom,mv,1988-01-31,1988-02-29,0.0013249651523309634,0.34683100222535157,False,0.9703749767863722,0.0009781341501056118,0.0006313031478802602,0.00028447214565490873
mom,mv,1988-02-29,1988-03-31,-0.010692597241922976,0.6378305902972395,False,1.1570811423337621,-0.011330427832220215,-0.011968258422517456,-0.012606089012814695
mom,mv,1988-03-31,1988-04-30,0.0013352046881586832,0.5810602280481255,False,1.2507439522450026,0.0007541444601105577,0.0001730842320624322,-0.0004079759959856933
mom,mv,1988-04-30,1988-05-31,-0.0037325746638205547,0.6629536078489252,False,1.259848569407426,-0.0043955282716694796,-0.005058481879518405,-0.005721435487367331
mom,mv,1988-05-31,1988-06-30,-0.02388833472854933,0.573870580431755,False,1.2789818685448315,-0.024462205308981085,-0.02503607588941284,-0.025609946469844595
mom,mv,1988-06-30,1988-07-31,0.01173448926267694,0.6503884186659977,False,1.2589597382597564,0.011084100844010942,0.010433712425344945,0.009783324006678947
mom,mv,1988-07-31,1988-08-31,0.001721323716173963,0.8211774636458175,False,1.3523168411153612,0.0009001462525281456,7.896878888232818e-05,-0.0007422086747634895
mom,mv,1988-08-31,1988-09-30,0.0002691676854642963,0.6165002238438096,False,1.3625007376724259,-0.0003473325383795134,-0.0009638327622233231,-0.0015803329860671327
mom,mv,1988-09-30,1988-10-31,0.010153817889495804,0.6533933493370636,False,1.3427270068972579,0.009500424540158741,0.008847031190821676,0.008193637841484613
mom,mv,1988-10-31,1988-11-30,-0.004302226869750112,0.8631244463496284,False,1.2228399503857987,-0.0051653513160997405,-0.006028475762449369,-0.0068916002087989975
mom,mv,1988-11-30,1988-12-31,-0.0005796958628304776,0.638326742996787,False,1.13793101724668,-0.0012180226058272647,-0.0018563493488240519,-0.0024946760918208386
mom,mv,1988-12-31,1989-01-31,0.004112640226111604,0.470761287907293,False,1.2639284587319182,0.003641878938204311,0.0031711176502970183,0.002700356362389725
mom,mv,1989-01-31,1989-02-28,-0.0010421058304943406,0.6469660001151362,False,1.3232380864457343,-0.001689071830609477,-0.0023360378307246132,-0.002983003830839749
mom,mv,1989-02-28,1989-03-31,0.016798810087152036,0.47885650805224966,False,1.2938049679022092,0.016319953579099787,0.015841097071047538,0.015362240562995287
mom,mv,1989-03-31,1989-04-30,0.008209181917292599,0.5230740978315478,False,1.2813282173852618,0.007686107819461051,0.007163033721629504,0.006639959623797955
mom,mv,1989-04-30,1989-05-31,0.012852011563709319,0.5230207800474479,False,1.3645019040976762,0.012328990783661871,0.011805970003614424,0.011282949223566974
mom,mv,1989-05-31,1989-06-30,0.007163763919955682,0.43197200956386883,False,1.3132190646476303,0.006731791910391813,0.006299819900827944,0.005867847891264075
mom,mv,1989-06-30,1989-07-31,0.038911914876936626,0.3694029603212948,False,1.2346512055778562,0.038542511916615334,0.038173108956294034,0.03780370599597274
mom,mv,1989-07-31,1989-08-31,-0.010384873733450902,0.4021629864262378,False,1.2974280456831577,-0.01078703671987714,-0.011189199706303377,-0.011591362692729616
mom,mv,1989-08-31,1989-09-30,0.003016653696131655,0.346431506269546,False,1.2345544668086812,0.002670222189862109,0.0023237906835925633,0.001977359177323017
mom,mv,1989-09-30,1989-10-31,0.013556311016786757,0.4517819751388206,False,1.3791621164075167,0.013104529041647937,0.012652747066509117,0.012200965091370296
mom,mv,1989-10-31,1989-11-30,0.008422856221996487,0.5378264655969412,False,1.3506540630386248,0.007885029756399545,0.007347203290802604,0.006809376825205663
mom,mv,1989-11-30,1989-12-31,0.002032680157347665,0.44896118430433324,False,1.3539669913384629,0.001583718973043332,0.0011347577887389987,0.0006857966044346653
mom,mv,1989-12-31,1990-01-31,-0.011207017938583417,0.4462769869408775,False,1.4059691766569087,-0.011653294925524294,-0.012099571912465173,-0.01254584889940605
mom,mv,1990-01-31,1990-02-28,-0.004567057009562336,0.44923813747894137,False,1.3147795790962475,-0.005016295147041278,-0.005465533284520219,-0.0059147714219991605
mom,mv,1990-02-28,1990-03-31,-0.014554748907098165,0.46531700107186036,False,1.3058600004319068,-0.015020065908170026,-0.015485382909241886,-0.015950699910313747
mom,mv,1990-03-31,1990-04-30,-0.00230794835176884,0.493462121236971,False,1.3287943129023283,-0.002801410473005811,-0.0032948725942427816,-0.0037883347154797527
mom,mv,1990-04-30,1990-05-31,0.023263013310961027,0.389866524762057,False,1.409555854577204,0.02287314678619897,0.02248328026143691,0.022093413736674856
mom,mv,1990-05-31,1990-06-30,-0.00010623091575776128,0.4745469779345463,False,1.3181179010028505,-0.0005807778936923076,-0.0010553248716268539,-0.0015298718495614
mom,mv,1990-06-30,1990-07-31,0.019880140235292918,0.5059109133763043,False,1.3562315358743409,0.019374229321916615,0.018868318408540308,0.018362407495164004
mom,mv,1990-07-31,1990-08-31,0.013884132137512098,0.475397761029279,False,1.313362890106296,0.01340873437648282,0.012933336615453539,0.01245793885442426
mom,mv,1990-08-31,1990-09-30,0.01784968862378151,0.5092747330559864,False,1.312691907046016,0.017340413890725524,0.01683113915766954,0.01632186442461355
mom,mv,1990-09-30,1990-10-31,0.0354229074878967,0.3641162710890945,False,1.3169781106272764,0.035058791216807605,0.03469467494571851,0.03433055867462941
mom,mv,1990-10-31,1990-11-30,-0.02173817402136647,0.4549123059989406,False,1.3202270691160176,-0.02219308632736541,-0.02264799863336435,-0.023102910939363293
mom,mv,1990-11-30,1990-12-31,-0.010220426383853239,0.5804348347261197,False,1.2637342494578956,-0.010800861218579358,-0.011381296053305477,-0.011961730888031598
mom,mv,1990-12-31,1991-01-31,0.013772555070810264,0.4235560192076222,False,1.2646367824249316,0.013348999051602643,0.01292544303239502,0.012501887013187397
mom,mv,1991-01-31,1991-02-28,-0.003994004329504457,0.505603193790429,False,1.1784507168357476,-0.004499607523294887,-0.005005210717085315,-0.0055108139108757444
mom,mv,1991-02-28,1991-03-31,0.009558011618734565,0.4124775339311165,False,1.1339160658824765,0.00914553408480345,0.008733056550872332,0.008320579016941216
mom,mv,1991-03-31,1991-04-30,-0.015599954234930534,0.35788707248968815,False,1.211807802442567,-0.01595784130742022,-0.01631572837990991,-0.0166736154523996
mom,mv,1991-04-30,1991-05-31,0.007741437486472813,0.3977786038486907,False,1.191318731699822,0.0073436588826241225,0.006945880278775431,0.006548101674926741
mom,mv,1991-05-31,1991-06-30,-0.009944417092873517,0.4862856669776491,False,1.2928417015389344,-0.010430702759851166,-0.010916988426828814,-0.011403274093806464
mom,mv,1991-06-30,1991-07-31,0.02337002575493891,0.41844991835029466,False,1.379245234282518,0.022951575836588613,0.02253312591823832,0.022114675999888027
mom,mv,1991-07-31,1991-08-31,0.026590925606886643,0.5764378596295692,False,1.3897138500673891,0.026014487747257075,0.025438049887627504,0.024861612027997936
mom,mv,1991-08-31,1991-09-30,0.017276020553690832,0.390774120616429,False,1.3712795915680076,0.016885246433074402,0.016494472312457976,0.016103698191841546
mom,mv,1991-09-30,1991-10-31,0.009459265538323552,0.5040349620504427,False,1.2235351282296636,0.008955230576273109,0.008451195614222667,0.007947160652172224
mom,mv,1991-10-31,1991-11-30,0.002919413988973087,0.4383855661286921,False,1.266138137328788,0.002481028422844395,0.0020426428567157026,0.0016042572905870106
mom,mv,1991-11-30,1991-12-31,0.02075692728517822,0.4349724774393364,False,1.31458586343269,0.020321954807738882,0.019886982330299546,0.01945200985286021
mom,mv,1991-12-31,1992-01-31,-0.02544678115855208,0.4315861923689256,False,1.3399671975653695,-0.025878367350921003,-0.02630995354328993,-0.026741539735658855
mom,mv,1992-01-31,1992-02-29,-0.0057284259276529645,0.4834867372968321,False,1.3707042099688855,-0.006211912664949797,-0.006695399402246629,-0.007178886139543461
mom,mv,1992-02-29,1992-03-31,0.01346476707869946,0.5150957745700723,False,1.334094608236276,0.012949671304129388,0.012434575529559315,0.011919479754989241
mom,mv,1992-03-31,1992-04-30,-0.012883281496703515,0.4388745574460997,False,1.3451190386222964,-0.013322156054149615,-0.013761030611595714,-0.014199905169041814
mom,mv,1992-04-30,1992-05-31,0.01333946381125062,0.4240995188629118,False,1.3488289975906307,0.012915364292387708,0.012491264773524796,0.012067165254661885
mom,mv,1992-05-31,1992-06-30,-0.0008448785903772842,0.4772836315528952,False,1.3887806985574571,-0.0013221622219301795,-0.0017994458534830748,-0.0022767294850359696
mom,mv,1992-06-30,1992-07-31,0.0027471711808488,0.454979770739573,False,1.3321848279069413,0.002292191410109227,0.001837211639369654,0.0013822318686300809
mom,mv,1992-07-31,1992-08-31,-0.0045912975514955014,0.5904171592079346,False,1.3809701150142701,-0.005181714710703436,-0.00577213186991137,-0.006362549029119305
mom,mv,1992-08-31,1992-09-30,-0.005219168685961198,0.43903745601322824,False,1.3860274088276914,-0.005658206141974426,-0.006097243597987655,-0.006536281054000883
mom,mv,1992-09-30,1992-10-31,0.005603386450538532,0.6026775046868145,False,1.4350807639600207,0.005000708945851718,0.004398031441164903,0.0037953539364780882
mom,mv,1992-10-31,1992-11-30,0.014495462446822675,0.563287679048219,False,1.5919191740521426,0.013932174767774455,0.013368887088726238,0.012805599409678018
mom,mv,1992-11-30,1992-12-31,0.00666372920114466,0.6163374983505917,False,1.5353566163153847,0.006047391702794069,0.005431054204443477,0.004814716706092885
mom,mv,1992-12-31,1993-01-31,0.03960593934087419,0.45471806503490175,False,1.4347610243945894,0.03915122127583929,0.03869650321080439,0.03824178514576949
mom,mv,1993-01-31,1993-02-28,0.018183475512752074,0.5374131637029375,False,1.5058977095087878,0.017646062349049137,0.0171086491853462,0.016571236021643263
mom,mv,1993-02-28,1993-03-31,-0.004008988696800036,0.41471459546333117,False,1.4696085659528397,-0.004423703292263367,-0.004838417887726698,-0.005253132483190029
mom,mv,1993-03-31,1993-04-30,0.0023793809501180367,0.5286318764981739,False,1.4961870084103697,0.0018507490736198629,0.0013221171971216888,0.000793485320623515
mom,mv,1993-04-30,1993-05-31,-0.016389960051899508,0.5791741156954828,False,1.483156580941597,-0.01696913416759499,-0.017548308283290473,-0.018127482398985956
mom,mv,1993-05-31,1993-06-30,0.03127341021305481,0.5976165558307175,False,1.3697297581340773,0.030675793657224094,0.030078177101393377,0.02948056054556266
mom,mv,1993-06-30,1993-07-31,0.01493508963912306,0.5757349223890522,False,1.4670684011786725,0.014359354716734008,0.013783619794344957,0.013207884871955903
mom,mv,1993-07-31,1993-08-31,0.015956198565974244,0.5055089270360297,False,1.367053014870542,0.015450689638938215,0.014945180711902185,0.014439671784866156
mom,mv,1993-08-31,1993-09-30,0.013434676625596685,0.5101514636081131,False,1.3278700639361607,0.012924525161988571,0.012414373698380459,0.011904222234772346
mom,mv,1993-09-30,1993-10-31,-0.020582710276329578,0.48267961857528524,False,1.2860906887965167,-0.021065389894904862,-0.021548069513480147,-0.022030749132055435
mom,mv,1993-10-31,1993-11-30,-0.033135572899968165,0.46180410943026684,False,1.298235652250147,-0.03359737700939843,-0.0340591811188287,-0.034520985228258964
mom,mv,1993-11-30,1993-12-31,-0.00032543917104654456,0.585762112619457,False,1.2584506488591476,-0.0009112012836660017,-0.0014969633962854587,-0.0020827255089049157
mom,mv,1993-12-31,1994-01-31,-0.0056933373190531334,0.5211614437830681,False,1.3459417052517786,-0.006214498762836201,-0.0067356602066192695,-0.007256821650402338
mom,mv,1994-01-31,1994-02-28,0.01811928780610896,0.7260673732305366,False,1.282388833279274,0.01739322043287842,0.016667153059647884,0.015941085686417347
mom,mv,1994-02-28,1994-03-31,-0.006278553914263036,0.585123610943148,False,1.3383172576165743,-0.006863677525206184,-0.007448801136149332,-0.00803392474709248
mom,mv,1994-03-31,1994-04-30,-0.013357521732204445,0.603749932771518,False,1.3900711167479498,-0.013961271664975964,-0.014565021597747481,-0.015168771530519
mom,mv,1994-04-30,1994-05-31,0.004909103113865695,0.6389367548044026,False,1.4327723960791965,0.004270166359061293,0.00363122960425689,0.002992292849452487
mom,mv,1994-05-31,1994-06-30,-0.0012562852169015583,0.7029205422028099,False,1.5432005794082402,-0.0019592057591043682,-0.002662126301307178,-0.0033650468435099876
mom,mv,1994-06-30,1994-07-31,-0.0021250274443762947,0.7977593264336373,False,1.493242937283225,-0.002922786770809932,-0.0037205460972435695,-0.004518305423677206
mom,mv,1994-07-31,1994-08-31,0.01401461563830759,0.7588164874936387,False,1.5544474489010178,0.013255799150813952,0.012496982663320312,0.011738166175826674
mom,mv,1994-08-31,1994-09-30,0.004093770337155076,0.7211759710049995,False,1.588708848892604,0.003372594366150076,0.0026514183951450764,0.0019302424241400768
mom,mv,1994-09-30,1994-10-31,-0.005615039722417902,0.5868035175725899,False,1.568543905615656,-0.006201843239990492,-0.0067886467575630815,-0.007375450275135672
mom,mv,1994-10-31,1994-11-30,-0.013748974602442931,0.6377117697508949,False,1.653228909871188,-0.014386686372193827,-0.015024398141944721,-0.015662109911695615
mom,mv,1994-11-30,1994-12-31,0.000977668870676127,0.6472561795050455,False,1.7138263075783073,0.0003304126911710815,-0.000316843488333964,-0.0009640996678390097
mom,mv,1994-12-31,1995-01-31,-0.005424621100747735,0.7390111168936255,False,1.5745434735145474,-0.00616363221764136,-0.0069026433345349865,-0.007641654451428611
mom,mv,1995-01-31,1995-02-28,0.0191611597168144,0.6931232326030161,False,1.5905790227319256,0.018468036484211383,0.01777491325160837,0.017081790019005352
mom,mv,1995-02-28,1995-03-31,-0.0026016372879099224,0.7985719836668417,False,1.4542564448967894,-0.003400209271576764,-0.004198781255243606,-0.004997353238910447
mom,mv,1995-03-31,1995-04-30,0.03064972561401799,0.517708350855372,False,1.5054911548986305,0.030132017263162617,0.029614308912307243,0.02909660056145187
mom,mv,1995-04-30,1995-05-31,0.003704872087492004,0.6627506870385029,False,1.6549722096638406,0.003042121400453501,0.0023793707134149985,0.0017166200263764955
mom,mv,1995-05-31,1995-06-30,0.019700526038158476,0.7059929897299155,False,1.5913654128228465,0.01899453304842856,0.018288540058698646,0.01758254706896873
mom,mv,1995-06-30,1995-07-31,0.0063550195077763435,0.5061906714494275,False,1.5885793578828318,0.005848828836326916,0.005342638164877489,0.004836447493428061
mom,mv,1995-07-31,1995-08-31,-0.008807565566592651,0.5281031264259534,False,1.5028889659719968,-0.009335668693018604,-0.009863771819444558,-0.010391874945870511
mom,mv,1995-08-31,1995-09-30,0.01818574470391235,0.47649290396600885,False,1.4265148731692199,0.01770925179994634,0.017232758895980332,0.01675626599201432
mom,mv,1995-09-30,1995-10-31,0.034913470409387734,0.49933676440585834,False,1.4826162608268632,0.03441413364498187,0.03391479688057602,0.03341546011617016
mom,mv,1995-10-31,1995-11-30,-0.015731028751379817,0.6059147202648792,False,1.6114151767016227,-0.016336943471644695,-0.016942858191909577,-0.017548772912174455
mom,mv,1995-11-30,1995-12-31,-0.013035196760671861,0.5743471913897563,False,1.5918446268906647,-0.013609543952061617,-0.014183891143451375,-0.01475823833484113
mom,mv,1995-12-31,1996-01-31,0.010335856363709083,0.49958355868535437,False,1.6181412899496888,0.009836272805023728,0.009336689246338374,0.00883710568765302
mom,mv,1996-01-31,1996-02-29,0.0025704813678947037,0.6262913274708564,False,1.6953985690879687,0.0019441900404238474,0.001317898712952991,0.0006916073854821346
mom,mv,1996-02-29,1996-03-31,-0.021081845888099558,0.615324715218703,False,1.7110786988250828,-0.02169717060331826,-0.022312495318536962,-0.022927820033755666
mom,mv,1996-03-31,1996-04-30,-0.006261137028819432,0.5609506308635264,False,1.730120609971779,-0.0068220876596829585,-0.007383038290546485,-0.007943988921410012
mom,mv,1996-04-30,1996-05-31,-0.006994808367911157,0.7477180756333721,False,1.8401398946971752,-0.00774252644354453,-0.008490244519177901,-0.009237962594811274
mom,mv,1996-05-31,1996-06-30,-0.012444598290324842,0.8913462465467763,False,1.7515609997900177,-0.013335944536871617,-0.014227290783418394,-0.01511863702996517
mom,mv,1996-06-30,1996-07-31,0.009644603542629294,0.769165482225721,False,1.8821150687458539,0.008875438060403572,0.008106272578177852,0.007337107095952131
mom,mv,1996-07-31,1996-08-31,0.0029565539608381332,0.7913305764502032,False,1.709807795795721,0.00216522338438793,0.0013738928079377267,0.0005825622314875236
mom,mv,1996-08-31,1996-09-30,0.010097725668386515,0.660740251525526,False,1.7616424822950858,0.009436985416860989,0.008776245165335463,0.008115504913809937
mom,mv,1996-09-30,1996-10-31,0.00455568305445492,0.7747619023056092,False,1.7659025892171023,0.003780921152149311,0.0030061592498437017,0.002231397347538093
mom,mv,1996-10-31,1996-11-30,-0.00901848698649579,0.7900286563413277,False,1.7441518105515768,-0.009808515642837119,-0.010598544299178446,-0.011388572955519774
mom,mv,1996-11-30,1996-12-31,0.0072027804724595496,0.7897720952452255,False,1.847097522491943,0.006413008377214324,0.0056232362819690985,0.004833464186723873
mom,mv,1996-12-31,1997-01-31,0.033633800458241984,0.7212234745813599,False,1.8562163373491243,0.032912576983660624,0.032191353509079264,0.031470130034497903
mom,mv,1997-01-31,1997-02-28,-0.018729240266616872,0.8415917757637401,False,1.5235939692875173,-0.019570832042380613,-0.020412423818144353,-0.021254015593908094
mom,mv,1997-02-28,1997-03-31,0.010119673002645165,0.5671104935352389,False,1.4437772899520136,0.009552562509109925,0.008985452015574687,0.008418341522039447
mom,mv,1997-03-31,1997-04-30,0.024221808599920486,0.5868936311241881,False,1.5871995612114291,0.023634914968796297,0.02304802133767211,0.02246112770654792
mom,mv,1997-04-30,1997-05-31,-0.013689279932112646,0.6920399600611679,False,1.5659283422720132,-0.014381319892173814,-0.015073359852234982,-0.01576539981229615
mom,mv,1997-05-31,1997-06-30,0.01176614448621313,0.5547136580017009,False,1.5422682880128156,0.011211430828211428,0.010656717170209728,0.010102003512208028
mom,mv,1997-06-30,1997-07-31,0.05895627786400259,0.5057263462477347,False,1.7236356912787023,0.058450551517754856,0.057944825171507126,0.05743909882525939
mom,mv,1997-07-31,1997-08-31,-0.025501333606671794,0.7251583525433041,False,1.5431911879032219,-0.026226491959215097,-0.0269516503117584,-0.027676808664301705
mom,mv,1997-08-31,1997-09-30,-0.01767653325974957,0.6097498914381286,False,1.3974310042982285,-0.018286283151187698,-0.018896033042625826,-0.019505782934063957
mom,mv,1997-09-30,1997-10-31,0.009513104018394771,0.7286950289112142,False,1.5912719129891886,0.008784408989483558,0.008055713960572343,0.007327018931661129
mom,mv,1997-10-31,1997-11-30,0.009564324503257416,0.6048158692683306,False,1.6335896198502624,0.008959508633989085,0.008354692764720754,0.007749876895452423
mom,mv,1997-11-30,1997-12-31,0.012293415718527248,0.7599264261662494,False,1.4171000545378751,0.011533489292361,0.01077356286619475,0.010013636440028499
mom,mv,1997-12-31,1998-01-31,0.008899829700332842,0.6803373247872314,False,1.337959808356233,0.00821949237554561,0.007539155050758379,0.0068588177259711475
mom,mv,1998-01-31,1998-02-28,-0.0008771914527358869,0.5161828737554472,False,1.2605967403218612,-0.0013933743264913341,-0.0019095572002467815,-0.002425740074002229
mom,mv,1998-02-28,1998-03-31,-0.0008220261636888599,0.6422687648990838,False,1.3293041330661015,-0.0014642949285879436,-0.0021065636934870275,-0.0027488324583861113
mom,mv,1998-03-31,1998-04-30,0.0009251854098535547,0.5463070864402301,False,1.3997621184192062,0.0003788783234133246,-0.0001674287630269055,-0.0007137358494671357
mom,mv,1998-04-30,1998-05-31,0.022815771118911622,0.5173245978872889,False,1.4121216039191082,0.022298446521024334,0.021781121923137043,0.021263797325249755
mom,mv,1998-05-31,1998-06-30,0.0368792472697819,0.45350973938225686,False,1.3826506335671922,0.03642573753039965,0.035972227791017386,0.03551871805163513
mom,mv,1998-06-30,1998-07-31,-0.004180830790386681,0.48374898427826907,False,1.3071456018380467,-0.0046645797746649505,-0.00514832875894322,-0.005632077743221489
mom,mv,1998-07-31,1998-08-31,0.011322712142097648,0.4904127622716501,False,1.320548076394188,0.010832299379825999,0.010341886617554348,0.009851473855282698
mom,mv,1998-08-31,1998-09-30,-0.045570254982811885,0.5043508424441083,False,1.2475455097385415,-0.04607460582525599,-0.0465789566677001,-0.04708330751014421
mom,mv,1998-09-30,1998-10-31,-0.011340029283171738,0.7148430377529872,False,1.1323679872831147,-0.012054872320924725,-0.012769715358677712,-0.0134845583964307
mom,mv,1998-10-31,1998-11-30,0.00999932143000527,0.49119749454210515,False,1.2677171388291266,0.009508123935463164,0.00901692644092106,0.008525728946378954
mom,mv,1998-11-30,1998-12-31,0.03683348086807568,0.5091422903826925,False,1.347290821978573,0.03632433857769299,0.035815196287310294,0.03530605399692761
mom,mv,1998-12-31,1999-01-31,0.03223359404311783,0.600799890696413,False,1.239338532855335,0.03163279415242142,0.031031994261725006,0.030431194371028595
mom,mv,1999-01-31,1999-02-28,-0.009946936202609995,0.48739807092795684,False,1.166217486992491,-0.010434334273537951,-0.010921732344465909,-0.011409130415393865
mom,mv,1999-02-28,1999-03-31,0.025195057665186173,0.3965425964599989,False,1.1047842865770097,0.024798515068726174,0.024401972472266175,0.024005429875806176
mom,mv,1999-03-31,1999-04-30,-0.036109363728724954,0.4106561244307169,False,1.142440686004879,-0.03652001985315567,-0.03693067597758639,-0.03734133210201711
mom,mv,1999-04-30,1999-05-31,-0.008268478395793508,0.5390030251285911,False,1.0309793641928242,-0.0088074814209221,-0.00934648444605069,-0.009885487471179281
mom,mv,1999-05-31,1999-06-30,-0.008507650693394705,0.39013065599118535,False,1.1211803776223899,-0.00889778134938589,-0.009287912005377076,-0.00967804266136826
mom,mv,1999-06-30,1999-07-31,0.008482411913396002,0.39322394074434175,False,1.1472910873365787,0.00808918797265166,0.007695964031907318,0.007302740091162977
mom,mv,1999-07-31,1999-08-31,0.016937740784797536,0.5472232037875011,False,1.35564553644441,0.016390517581010036,0.015843294377222532,0.015296071173435032
mom,mv,1999-08-31,1999-09-30,0.01970355544148037,0.5008635395451966,False,1.22058513399263,0.019202691901935173,0.018701828362389976,0.018200964822844782
mom,mv,1999-09-30,1999-10-31,0.06638454057137179,0.44512690797199844,False,1.1154990687465236,0.0659394136633998,0.06549428675542779,0.0650491598474558
mom,mv,1999-10-31,1999-11-30,0.02047514046589612,0.5445357130984707,False,1.099165036433873,0.019930604752797648,0.019386069039699177,0.01884153332660071
mom,mv,1999-11-30,1999-12-31,0.0558775234722054,0.4062396364787011,False,1.0421565164815678,0.0554712838357267,0.055065044199247994,0.054658804562769295
mom,mv,1999-12-31,2000-01-31,0.017652656893300013,0.5301898752751407,False,1.086117612859983,0.017122467018024872,0.01659227714274973,0.01606208726747459
mom,mv,2000-01-31,2000-02-29,0.04687102068956969,0.47237054926131944,False,1.090006062554278,0.046398650140308376,0.04592627959104705,0.045453909041785735
mom,mv,2000-02-29,2000-03-31,-0.0086829875862561,0.4045884072742186,False,0.9736723742206987,-0.00908757599353032,-0.009492164400804538,-0.009896752808078757
mom,mv,2000-03-31,2000-04-30,-0.02973934177937294,0.47808773773097474,False,0.9533267837364849,-0.030217429517103916,-0.03069551725483489,-0.031173604992565863
mom,mv,2000-04-30,2000-05-31,-0.02477587876899206,0.42153216439131114,False,0.9399852561601723,-0.02519741093338337,-0.025618943097774682,-0.02604047526216599
mom,mv,2000-05-31,2000-06-30,0.027592726583407865,0.36145376368036747,False,1.06638654150264,0.0272312728197275,0.026869819056047132,0.026508365292366762
mom,mv,2000-06-30,2000-07-31,-0.008727356191436431,0.4337810818611046,False,1.1869417806171068,-0.009161137273297535,-0.009594918355158641,-0.010028699437019745
mom,mv,2000-07-31,2000-08-31,0.03635892680033435,0.48990626232730294,False,1.1595142823144182,0.03586902053800704,0.03537911427567974,0.034889208013352435
mom,mv,2000-08-31,2000-09-30,-0.004794231659206063,0.5165504289564483,False,1.1462918494920404,-0.005310782088162512,-0.00582733251711896,-0.0063438829460754085
mom,mv,2000-09-30,2000-10-31,-0.007485061422984553,0.37648481037717424,False,1.0762035592955053,-0.007861546233361728,-0.008238031043738901,-0.008614515854116076
mom,mv,2000-10-31,2000-11-30,-0.02619295079132219,0.4907812187137587,False,1.1297910422814115,-0.02668373201003595,-0.027174513228749708,-0.02766529444746347
mom,mv,2000-11-30,2000-12-31,0.0196141382377784,0.44992382866785113,False,1.098284015723867,0.01916421440911055,0.0187142905804427,0.018264366751774848
mom,mv,2000-12-31,2001-01-31,-0.0409398384190372,0.4758906574270967,False,1.06824359718471,-0.0414157290764643,-0.04189161973389139,-0.04236751039131849
mom,mv,2001-01-31,2001-02-28,0.01956637302761144,0.5426616865196503,False,1.007044524868341,0.01902371134109179,0.01848104965457214,0.01793838796805249
mom,mv,2001-02-28,2001-03-31,0.013309107936325129,0.3510576557161423,False,1.0371550434539176,0.012958050280608986,0.012606992624892845,0.012255934969176702
mom,mv,2001-03-31,2001-04-30,0.0015469479725835104,0.385046807161288,False,0.86493726712859,0.0011619011654222223,0.0007768543582609344,0.0003918075510996465
mom,mv,2001-04-30,2001-05-31,-0.00898117814494142,0.3506817088491263,False,0.7951003107526848,-0.009331859853790545,-0.009682541562639672,-0.010033223271488798
mom,mv,2001-05-31,2001-06-30,-0.01154765287448473,0.2891205322014977,False,0.8125810987918444,-0.011836773406686228,-0.012125893938887725,-0.012415014471089223
mom,mv,2001-06-30,2001-07-31,-0.01171122512915429,0.3036955902016398,False,0.8761410909599419,-0.012014920719355929,-0.01231861630955757,-0.012622311899759209
mom,mv,2001-07-31,2001-08-31,0.010319990461526981,0.3815136142818372,False,0.9308701557385431,0.009938476847245144,0.009556963232963307,0.00917544961868147
mom,mv,2001-08-31,2001-09-30,0.029445883840741767,0.4768236757989201,False,1.0563040633535663,0.028969060164942845,0.028492236489143927,0.028015412813345006
mom,mv,2001-09-30,2001-10-31,0.0024808589444876065,0.41828799464249056,False,0.9391969091048413,0.002062570949845116,0.0016442829552026253,0.0012259949605601347
mom,mv,2001-10-31,2001-11-30,-0.02865631064423577,0.47442765469982795,False,0.9157934070766167,-0.0291307382989356,-0.029605165953635427,-0.030079593608335252
mom,mv,2001-11-30,2001-12-31,0.00991082711772682,0.38453021241242996,False,0.9668449978265475,0.00952629690531439,0.00914176669290196,0.00875723648048953
mom,mv,2001-12-31,2002-01-31,0.033064817767944975,0.46126522532891634,False,1.1005659435028674,0.03260355254261606,0.03214228731728714,0.03168102209195823
mom,mv,2002-01-31,2002-02-28,0.019277095194131802,0.4565315809241006,False,1.0589671233143119,0.018820563613207702,0.018364032032283602,0.0179075004513595
mom,mv,2002-02-28,2002-03-31,0.002836538810052921,0.45666683684682446,False,1.1074619753056714,0.0023798719732060964,0.001923205136359272,0.0014665382995124475
mom,mv,2002-03-31,2002-04-30,0.030733937872199097,0.46633595430215297,False,1.0240398294000546,0.030267601917896944,0.02980126596359479,0.029334930009292638
mom,mv,2002-04-30,2002-05-31,0.008830429622225574,0.3903605229929687,False,1.0244907048183733,0.008440069099232604,0.008049708576239637,0.007659348053246667
mom,mv,2002-05-31,2002-06-30,0.01062393033449084,0.36269101724026237,False,1.0549720009728034,0.010261239317250577,0.009898548300010315,0.009535857282770052
mom,mv,2002-06-30,2002-07-31,-0.006940143229317673,0.35006974273989994,False,1.023818640558275,-0.007290212972057572,-0.007640282714797473,-0.007990352457537372
mom,mv,2002-07-31,2002-08-31,0.02026842570228204,0.36911239516330724,False,1.0094926574803171,0.019899313307118735,0.019530200911955425,0.01916108851679212
mom,mv,2002-08-31,2002-09-30,0.029796386142548374,0.4585810707155556,False,1.0407769259301611,0.02933780507183282,0.02887922400111726,0.028420642930401706
mom,mv,2002-09-30,2002-10-31,-0.01528629501732281,0.486149177185315,False,1.1334202297675218,-0.015772444194508125,-0.01625859337169344,-0.016744742548878755
mom,mv,2002-10-31,2002-11-30,-0.03610104416338684,0.48406144549542984,False,1.1255927700158546,-0.03658510560888227,-0.0370691670543777,-0.03755322849987313
mom,mv,2002-11-30,2002-12-31,0.02144378715092203,0.4603746982834227,False,1.0060818985486586,0.020983412452638607,0.020523037754355187,0.020062663056071763
mom,mv,2002-12-31,2003-01-31,-0.0014079299161324223,0.40882288353093177,False,1.04857717834769,-0.0018167527996633542,-0.002225575683194286,-0.0026343985667252176
mom,mv,2003-01-31,2003-02-28,-0.005235525351332865,0.3360696443856899,False,0.9808076593491202,-0.005571594995718555,-0.005907664640104245,-0.006243734284489935
mom,mv,2003-02-28,2003-03-31,-0.0006634274047198513,0.5780945809135449,False,1.1231755531143668,-0.0012415219856333963,-0.0018196165665469413,-0.0023977111474604864
mom,mv,2003-03-31,2003-04-30,-0.008522362933354866,0.48481651988544355,False,1.2464891507831797,-0.009007179453240309,-0.009491995973125753,-0.009976812493011196
mom,mv,2003-04-30,2003-05-31,-0.031134221710563934,0.6233218684847724,False,1.2372967580361283,-0.031757543579048704,-0.03238086544753348,-0.03300418731601825
mom,mv,2003-05-31,2003-06-30,-0.0023102275161741817,0.5192765140903763,False,1.213605801112267,-0.0028295040302645583,-0.0033487805443549344,-0.0038680570584453105
mom,mv,2003-06-30,2003-07-31,-0.017450262754726817,0.5581350218680936,False,1.1750525188586987,-0.01800839777659491,-0.018566532798463004,-0.019124667820331096
mom,mv,2003-07-31,2003-08-31,-0.0005132906163676249,0.5525041264268802,False,1.0925989195168975,-0.0010657947427945053,-0.0016182988692213854,-0.0021708029956482655
mom,mv,2003-08-31,2003-09-30,0.010968886545262145,0.5665312047215171,False,1.228943341736639,0.010402355340540627,0.009835824135819111,0.009269292931097593
mom,mv,2003-09-30,2003-10-31,0.02045543767248996,0.5318988029683793,False,1.1085413110797593,0.01992353886952158,0.019391640066553202,0.01885974126358482
mom,mv,2003-10-31,2003-11-30,0.012494280941899446,0.5093173091876524,False,1.1262978371523662,0.011984963632711794,0.01147564632352414,0.010966329014336489
mom,mv,2003-11-30,2003-12-31,-0.027149138692006185,0.5074233338113621,False,1.1028519005246316,-0.027656562025817545,-0.02816398535962891,-0.02867140869344027
mom,mv,2003-12-31,2004-01-31,-0.008358346919615574,0.4686149391951212,False,0.9441609666436249,-0.008826961858810696,-0.009295576798005816,-0.009764191737200938
mom,mv,2004-01-31,2004-02-29,0.010772847611877405,0.4916573266151097,False,1.0610662757071665,0.010281190285262296,0.009789532958647186,0.009297875632032077
mom,mv,2004-02-29,2004-03-31,0.008485618702792585,0.5541140318360278,False,1.2514708990563508,0.007931504670956557,0.007377390639120529,0.006823276607284502
mom,mv,2004-03-31,2004-04-30,-0.02540752165675836,0.4866569464584767,False,1.1589830120143192,-0.025894178603216834,-0.02638083554967531,-0.02686749249613379
mom,mv,2004-04-30,2004-05-31,-0.0034616877529391158,0.4939746427776421,False,1.0726815836371812,-0.0039556623957167575,-0.0044496370384944,-0.004943611681272042
mom,mv,2004-05-31,2004-06-30,0.004954419166920968,0.772274432286551,False,1.3971336101483174,0.004182144734634417,0.003409870302347866,0.002637595870061315
mom,mv,2004-06-30,2004-07-31,-0.01346965715367744,0.5986166931688296,False,1.332822860412144,-0.01406827384684627,-0.014666890540015099,-0.015265507233183928
mom,mv,2004-07-31,2004-08-31,-0.0099342483729394,0.6329846612585099,False,1.2589252540558544,-0.010567233034197909,-0.01120021769545642,-0.01183320235671493
mom,mv,2004-08-31,2004-09-30,0.02034153642670857,0.5875530054523977,False,1.2953103450176393,0.019753983421256175,0.019166430415803775,0.01857887741035138
mom,mv,2004-09-30,2004-10-31,-0.017459172402008165,0.5856022268501229,False,1.2656702812844982,-0.018044774628858288,-0.01863037685570841,-0.019215979082558534
mom,mv,2004-10-31,2004-11-30,0.023181182181662315,0.5723915788584015,False,1.233536218241636,0.022608790602803915,0.02203639902394551,0.02146400744508711
mom,mv,2004-11-30,2004-12-31,-0.005704947839827231,0.5717873563375087,False,1.2748639967871371,-0.00627673519616474,-0.006848522552502249,-0.007420309908839757
mom,mv,2004-12-31,2005-01-31,0.02367375899742621,0.5848889805081574,False,1.195206482086496,0.023088870016918055,0.022503981036409895,0.02191909205590174
mom,mv,2005-01-31,2005-02-28,0.025480119299300323,0.5694759903027512,False,1.1977554170505373,0.02491064330899757,0.02434116731869482,0.023771691328392068
mom,mv,2005-02-28,2005-03-31,-0.0009662055148853953,0.4978560958512771,False,1.25055493869743,-0.0014640616107366724,-0.0019619177065879493,-0.0024597738024392263
mom,mv,2005-03-31,2005-04-30,-0.0032089001632916933,0.54299544225193,False,1.1154942540448638,-0.0037518956055436234,-0.0042948910477955534,-0.004837886490047483
mom,mv,2005-04-30,2005-05-31,0.008385242986239055,0.44874614759652076,False,1.2324045819665144,0.007936496838642535,0.007487750691046013,0.007039004543449493
mom,mv,2005-05-31,2005-06-30,0.012851186285918208,0.3848971937619896,False,1.2661759475255927,0.012466289092156219,0.01208139189839423,0.01169649470463224
mom,mv,2005-06-30,2005-07-31,-0.0012404680080141915,0.35199839547588124,False,1.2818241678733429,-0.0015924664034900728,-0.001944464798965954,-0.0022964631944418354
mom,mv,2005-07-31,2005-08-31,0.002188973506622539,0.490785050721685,False,1.1856320685430037,0.001698188455900854,0.001207403405179169,0.000716618354457484
mom,mv,2005-08-31,2005-09-30,0.004450701076950806,0.45562075025915,False,1.1045495879483767,0.003995080326691655,0.0035394595764325055,0.0030838388261733556
mom,mv,2005-09-30,2005-10-31,-0.013784882668728744,0.36631113340723775,False,1.1280328433493054,-0.014151193802135982,-0.01451750493554322,-0.014883816068950458
mom,mv,2005-10-31,2005-11-30,-0.0046681286122638435,0.4666884999295182,False,1.1648137282191362,-0.005134817112193362,-0.00560150561212288,-0.0060681941120523985
mom,mv,2005-11-30,2005-12-31,-4.4526056083501545e-05,0.4769254300973915,False,1.2404464747276323,-0.0005214514861808931,-0.0009983769162782846,-0.0014753023463756761
mom,mv,2005-12-31,2006-01-31,0.024310808394117502,0.4907483112614837,False,1.27198239911449,0.023820060082856018,0.023329311771594533,0.022838563460333052
mom,mv,2006-01-31,2006-02-28,-0.014351661352521935,0.556105740988814,False,1.27284510588953,-0.01490776709351075,-0.015463872834499563,-0.016019978575488376
mom,mv,2006-02-28,2006-03-31,0.007738661994344785,0.6195150726820873,False,1.2707004145620737,0.007119146921662698,0.00649963184898061,0.005880116776298523
mom,mv,2006-03-31,2006-04-30,0.02446341400340614,0.4608382227845126,False,1.420331042180773,0.024002575780621628,0.023541737557837113,0.023080899335052602
mom,mv,2006-04-30,2006-05-31,-0.024355797290436222,0.5997695744545677,False,1.285758875076541,-0.02495556686489079,-0.025555336439345357,-0.026155106013799924
mom,mv,2006-05-31,2006-06-30,-0.0008753720294204114,0.5725366612503026,False,1.075269736921742,-0.0014479086906707141,-0.0020204453519210167,-0.0025929820131713193
mom,mv,2006-06-30,2006-07-31,-0.01728857014210613,0.47515869323042426,False,1.2245553063263104,-0.017763728835336553,-0.018238887528566977,-0.0187140462217974
mom,mv,2006-07-31,2006-08-31,-0.019716307534094295,0.5059498379134102,False,1.2737646795809872,-0.020222257372007706,-0.020728207209921117,-0.021234157047834525
mom,mv,2006-08-31,2006-09-30,0.0019425990935337345,0.5894303754919963,False,1.3205147281905194,0.0013531687180417381,0.000763738342549742,0.00017430796705774558
mom,mv,2006-09-30,2006-10-31,-0.004683442255062451,0.6093195665304337,False,1.3157155771780626,-0.005292761821592884,-0.005902081388123318,-0.006511400954653752
mom,mv,2006-10-31,2006-11-30,0.0049357091091775255,0.6748544181549085,False,1.3959056515805026,0.004260854691022617,0.0035860002728677082,0.0029111458547127996
mom,mv,2006-11-30,2006-12-31,0.002807218643586182,0.583019568351953,False,1.4862230357753268,0.002224199075234229,0.001641179506882276,0.0010581599385303228
mom,mv,2006-12-31,2007-01-31,0.00867469985114216,0.4516240065501185,False,1.4820133388158478,0.00822307584459204,0.007771451838041923,0.007319827831491804
mom,mv,2007-01-31,2007-02-28,-0.0009315486776753113,0.6435536760816145,False,1.311744066834285,-0.0015751023537569258,-0.0022186560298385403,-0.002862209705920155
mom,mv,2007-02-28,2007-03-31,0.02702675338473276,0.5804395203573209,False,1.3367440180539976,0.02644631386437544,0.025865874344018117,0.0252854348236608
mom,mv,2007-03-31,2007-04-30,-0.0077807935697413655,0.5914766716135316,False,1.37680018287042,-0.008372270241354897,-0.008963746912968428,-0.00955522358458196
mom,mv,2007-04-30,2007-05-31,0.0009367186057628309,0.5291732942739925,False,1.310344757709333,0.00040754531148883835,-0.00012162798278515417,-0.0006508012770591467
mom,mv,2007-05-31,2007-06-30,0.005601692259449177,0.5387902943843226,False,1.3234539039531141,0.005062901965064854,0.004524111670680531,0.003985321376296209
mom,mv,2007-06-30,2007-07-31,0.01152473439615183,0.4376610224499592,False,1.306209641375623,0.011087073373701871,0.010649412351251912,0.010211751328801952
mom,mv,2007-07-31,2007-08-31,-0.0007730756128052315,0.5457064753070608,False,1.1774809992765918,-0.0013187820881122923,-0.0018644885634193531,-0.002410195038726414
mom,mv,2007-08-31,2007-09-30,0.027547631708121762,0.5768432264236191,False,1.2487642817940807,0.026970788481698142,0.026393945255274526,0.025817102028850906
mom,mv,2007-09-30,2007-10-31,0.019305625764477655,0.5521036038183402,False,1.399323340360626,0.018753522160659314,0.018201418556840973,0.017649314953022632
mom,mv,2007-10-31,2007-11-30,-0.0019050357714845872,0.5786735951190434,False,1.2475787930101812,-0.0024837093666036304,-0.003062382961722674,-0.0036410565568417174
mom,mv,2007-11-30,2007-12-31,0.02218613290508925,0.5287079318124536,False,1.2391627624994257,0.021657424973276797,0.021128717041464344,0.02060000910965189
mom,mv,2007-12-31,2008-01-31,-0.006668652209312058,0.5215869776380879,False,1.2613556368161654,-0.007190239186950146,-0.007711826164588233,-0.008233413142226321
mom,mv,2008-01-31,2008-02-29,0.047863802799199676,0.4256383895008754,False,1.1418291455267313,0.0474381644096988,0.047012526020197926,0.04658688763069705
mom,mv,2008-02-29,2008-03-31,-0.013766853299117376,0.5592156149633035,False,1.2251215442969694,-0.01432606891408068,-0.014885284529043983,-0.015444500144007287
mom,mv,2008-03-31,2008-04-30,0.010773932271856544,0.3985831940966368,False,1.152951704573906,0.010375349077759907,0.009976765883663271,0.009578182689566634
mom,mv,2008-04-30,2008-05-31,0.03584663531997655,0.4791728733361049,False,1.3261101605535899,0.03536746244664044,0.03488828957330434,0.03440911669996823
mom,mv,2008-05-31,2008-06-30,0.05523954112320285,0.48660983540513897,False,1.2433118661409077,0.05475293128779771,0.05426632145239257,0.05377971161698743
mom,mv,2008-06-30,2008-07-31,-0.02428124389741589,0.41427772889696396,False,1.0969890564514941,-0.024695521626312854,-0.02510979935520982,-0.02552407708410678
mom,mv,2008-07-31,2008-08-31,-0.01913719480202778,0.5009557702961854,False,0.891940831507114,-0.019638150572323966,-0.02013910634262015,-0.020640062112916337
mom,mv,2008-08-31,2008-09-30,-0.030546418576719123,0.38911986412903965,False,1.0272181475501145,-0.030935538440848162,-0.0313246583049772,-0.03171377816910624
mom,mv,2008-09-30,2008-10-31,0.04101065648222283,0.45224856984579365,False,1.1624043621401647,0.04055840791237704,0.04010615934253124,0.03965391077268545
mom,mv,2008-10-31,2008-11-30,-0.002811377077012139,0.7243783210833361,False,1.3254790808624635,-0.0035357553980954752,-0.004260133719178811,-0.004984512040262148
mom,mv,2008-11-30,2008-12-31,-0.03737625615837829,0.590981056453076,False,1.1490137742762674,-0.03796723721483137,-0.038558218271284445,-0.03914919932773752
mom,mv,2008-12-31,2009-01-31,0.028065843950603138,0.6124462086170944,False,1.1304497980450425,0.027453397741986043,0.026840951533368948,0.026228505324751853
mom,mv,2009-01-31,2009-02-28,0.020606589962954534,0.48727888857228857,False,1.1344738917780757,0.020119311074382244,0.019632032185809955,0.01914475329723767
mom,mv,2009-02-28,2009-03-31,-0.02330523002231453,0.43935078788829535,False,1.0462070001688142,-0.023744580810202823,-0.02418393159809112,-0.024623282385979415
mom,mv,2009-03-31,2009-04-30,-0.12089578156592377,0.509564411558362,False,0.9663794595676884,-0.12140534597748213,-0.1219149103890405,-0.12242447480059886
mom,mv,2009-04-30,2009-05-31,-0.00889203162541339,0.899953940802872,False,0.916600839315733,-0.009791985566216261,-0.010691939507019134,-0.011591893447822006
mom,mv,2009-05-31,2009-06-30,0.005454806135072644,0.4477029429492948,False,0.8686277541944568,0.005007103192123349,0.004559400249174054,0.004111697306224759
mom,mv,2009-06-30,2009-07-31,-0.016393396652127516,0.41102910797440156,False,0.9648763474446966,-0.016804425760101917,-0.01721545486807632,-0.01762648397605072
mom,mv,2009-07-31,2009-08-31,-0.009942601210950471,0.4131847095966206,False,0.9795143728638548,-0.010355785920547093,-0.010768970630143712,-0.011182155339740332
mom,mv,2009-08-31,2009-09-30,0.0005275121783083722,0.42417195836205196,False,1.0534671455068805,0.00010334021994632027,-0.0003208317384157317,-0.0007450036967777837
mom,mv,2009-09-30,2009-10-31,0.01682284292382743,0.5882071780314405,False,1.2427232145906346,0.016234635745795988,0.015646428567764548,0.015058221389733107
mom,mv,2009-10-31,2009-11-30,0.0040499285697435175,0.7421951738701728,False,0.9083481193267976,0.0033077333958733447,0.002565538222003172,0.0018233430481329992
mom,mv,2009-11-30,2009-12-31,0.0009220441040365486,0.5490813605842579,False,1.0400103729579901,0.0003729627434522906,-0.00017611861713196734,-0.0007251999777162252
mom,mv,2009-12-31,2010-01-31,-0.011083114561833722,0.44054649772283233,False,0.9675276263423802,-0.011523661059556553,-0.011964207557279387,-0.012404754055002219
mom,mv,2010-01-31,2010-02-28,0.018084439426249984,0.39528059408189564,False,0.8926930375890187,0.017689158832168088,0.017293878238086192,0.016898597644004296
mom,mv,2010-02-28,2010-03-31,0.009078466222110667,0.606666959279456,False,0.8241974132158232,0.00847179926283121,0.007865132303551755,0.007258465344272299
mom,mv,2010-03-31,2010-04-30,0.005666575622439239,0.440162181352309,False,0.7588154378660172,0.00522641344108693,0.004786251259734621,0.004346089078382312
mom,mv,2010-04-30,2010-05-31,0.0068969720392188846,0.5241375869306937,False,0.9599276602873226,0.006372834452288191,0.005848696865357497,0.005324559278426804
mom,mv,2010-05-31,2010-06-30,-0.011365218810325881,0.620808092203523,False,0.9422966930712878,-0.011986026902529404,-0.012606834994732927,-0.01322764308693645
mom,mv,2010-06-30,2010-07-31,-0.006472550079516992,0.4776166289815854,False,0.9867715761776609,-0.006950166708498577,-0.007427783337480162,-0.007905399966461748
mom,mv,2010-07-31,2010-08-31,0.024233797596979408,0.6274799537061743,False,0.9938748705642405,0.023606317643273235,0.022978837689567058,0.022351357735860885
mom,mv,2010-08-31,2010-09-30,0.017772784887975537,0.5197239410176648,False,1.1713325699014359,0.01725306094695787,0.016733337005940208,0.01621361306492254
mom,mv,2010-09-30,2010-10-31,0.0017442161917816234,0.5656128556733696,False,1.0864598515708566,0.001178603336108254,0.0006129904804348843,4.737762476151458e-05
mom,mv,2010-10-31,2010-11-30,0.0029183089757343563,0.443072295084827,False,1.0570312454477775,0.0024752366806495294,0.002032164385564702,0.0015890920904798752
mom,mv,2010-11-30,2010-12-31,-0.03253313531770446,0.48473338679241423,False,1.1161731839653346,-0.03301786870449687,-0.03350260209128929,-0.0339873354780817
mom,mv,2010-12-31,2011-01-31,-0.019357328513775807,0.6127759916041208,False,1.0429268658521655,-0.019970104505379928,-0.02058288049698405,-0.02119565648858817
mom,mv,2011-01-31,2011-02-28,0.004658157662028748,0.4766740872700457,False,0.9631038526330695,0.004181483574758702,0.003704809487488657,0.003228135400218611
mom,mv,2011-02-28,2011-03-31,0.015951748573943044,0.5321258022717799,False,1.0815883846268446,0.015419622771671264,0.014887496969399484,0.014355371167127704
mom,mv,2011-03-31,2011-04-30,0.0019397871075043501,0.43691118794739664,False,1.1320885082793837,0.0015028759195569535,0.0010659647316095568,0.0006290535436621603
mom,mv,2011-04-30,2011-05-31,-0.001525897769131284,0.5738577399406116,False,1.1413332319807208,-0.0020997555090718958,-0.0026736132490125073,-0.0032474709889531187
mom,mv,2011-05-31,2011-06-30,0.002760635922849753,0.4079089623302957,False,1.12751487271988,0.0023527269605194577,0.0019448179981891617,0.001536909035858866
mom,mv,2011-06-30,2011-07-31,0.003243164145247347,0.48237361531152,False,1.1521975301453045,0.002760790529935827,0.002278416914624307,0.0017960432993127868
mom,mv,2011-07-31,2011-08-31,-0.004600097570451891,0.5509688510773809,False,1.3065151558984212,-0.005151066421529272,-0.005702035272606653,-0.006253004123684033
mom,mv,2011-08-31,2011-09-30,-0.02151397354362527,0.5626144175988034,False,1.1647148834111745,-0.02207658796122407,-0.022639202378822876,-0.02320181679642168
mom,mv,2011-09-30,2011-10-31,0.008814581339398334,0.6458896949301575,False,1.1892197740744375,0.008168691644468177,0.007522801949538019,0.0068769122546078615
mom,mv,2011-10-31,2011-11-30,0.01705085365359388,0.7073560386246185,False,1.0899390437552354,0.01634349761496926,0.015636141576344645,0.014928785537720026
mom,mv,2011-11-30,2011-12-31,0.004280216303708459,0.4464098876334413,False,1.1712838583698333,0.003833806416075018,0.003387396528441577,0.0029409866408081353
mom,mv,2011-12-31,2012-01-31,-0.01743416801556393,0.434496402179444,False,1.1198638511438137,-0.017868664417743374,-0.018303160819922816,-0.01873765722210226
mom,mv,2012-01-31,2012-02-29,0.011087640252195765,0.44411406445483426,False,1.0719053640435094,0.01064352618774093,0.010199412123286096,0.009755298058831262
mom,mv,2012-02-29,2012-03-31,0.01277751539837569,0.4749775839437826,False,1.256059140094246,0.012302537814431908,0.011827560230488124,0.011352582646544342
mom,mv,2012-03-31,2012-04-30,0.00595266970542494,0.5005305768855774,False,1.1816392839233862,0.005452139128539362,0.004951608551653785,0.0044510779747682075
mom,mv,2012-04-30,2012-05-31,0.017654961830517204,0.4458766486261371,False,1.1993449006227057,0.017209085181891067,0.01676320853326493,0.016317331884638794
mom,mv,2012-05-31,2012-06-30,-0.010361701115935467,0.38779181962314824,False,1.2491877122432258,-0.010749492935558616,-0.011137284755181763,-0.011525076574804912
mom,mv,2012-06-30,2012-07-31,0.030141163465652685,0.41807828892396975,False,1.169507066659465,0.029723085176728715,0.029305006887804744,0.028886928598880778
mom,mv,2012-07-31,2012-08-31,-0.02064848661115712,0.5295173243381018,False,1.1729871953766438,-0.02117800393549522,-0.021707521259833322,-0.022237038584171424
mom,mv,2012-08-31,2012-09-30,-0.009739924861595755,0.41112572887562554,False,1.1037804863016503,-0.01015105059047138,-0.010562176319347007,-0.010973302048222631
mom,mv,2012-09-30,2012-10-31,-0.019380491822227244,0.48659323201797366,False,1.1893012452677776,-0.01986708505424522,-0.02035367828626319,-0.020840271518281165
mom,mv,2012-10-31,2012-11-30,0.01186027811144064,0.46466289653190174,False,1.2412136252310002,0.011395615214908738,0.010930952318376836,0.010466289421844934
mom,mv,2012-11-30,2012-12-31,-0.005881842213113728,0.4776144203975409,False,1.2032947418590765,-0.006359456633511269,-0.00683707105390881,-0.007314685474306351
mom,mv,2012-12-31,2013-01-31,0.017586619284128316,0.47289212860052,False,1.1801804304849373,0.017113727155527794,0.016640835026927276,0.016167942898326754
mom,mv,2013-01-31,2013-02-28,0.012358583152313599,0.4913135251262471,False,1.152904833788189,0.011867269627187352,0.011375956102061104,0.010884642576934857
mom,mv,2013-02-28,2013-03-31,0.00816226752144417,0.5562394938065647,False,1.0691450015488675,0.007606028027637605,0.0070497885338310405,0.006493549040024476
mom,mv,2013-03-31,2013-04-30,0.014423684150600484,0.443210978303388,False,1.0831922486942613,0.013980473172297097,0.013537262193993708,0.01309405121569032
mom,mv,2013-04-30,2013-05-31,-0.006833122408489628,0.3355084087341761,False,1.1111682490381218,-0.007168630817223804,-0.007504139225957981,-0.007839647634692156
mom,mv,2013-05-31,2013-06-30,0.020954721226973613,0.4335883992162355,False,1.127453106558039,0.020521132827757377,0.020087544428541142,0.019653956029324907
mom,mv,2013-06-30,2013-07-31,0.018015184559367237,0.5195973085372254,False,1.1464797132586235,0.01749558725083001,0.016975989942292786,0.016456392633755562
mom,mv,2013-07-31,2013-08-31,-0.0041820150033224,0.4121462606637967,False,1.027698526618312,-0.004594161263986197,-0.005006307524649994,-0.005418453785313791
mom,mv,2013-08-31,2013-09-30,0.020436141440570574,0.391579719620299,False,0.9838543019078771,0.020044561720950274,0.019652982001329977,0.019261402281709677
mom,mv,2013-09-30,2013-10-31,0.0011798699227582833,0.3461531408217499,False,1.1050231277584812,0.0008337167819365333,0.00048756364111478343,0.00014141050029303358
mom,mv,2013-10-31,2013-11-30,0.019953001981001757,0.3647008641381405,False,1.0558769213463985,0.019588301116863615,0.019223600252725476,0.018858899388587334
mom,mv,2013-11-30,2013-12-31,0.0013203990463968411,0.3105678479849968,False,1.0836188633551003,0.0010098311984118443,0.0006992633504268475,0.0003886955024418506
mom,mv,2013-12-31,2014-01-31,0.009852862798412765,0.34631471290370835,False,1.040033825142331,0.009506548085509057,0.009160233372605348,0.008813918659701641
mom,mv,2014-01-31,2014-02-28,0.01026508948235679,0.37140725260139745,False,1.1450956205890803,0.009893682229755393,0.009522274977153996,0.009150867724552597
mom,mv,2014-02-28,2014-03-31,-0.009421598544579697,0.5141324686834534,False,1.0956060857768548,-0.00993573101326315,-0.010449863481946604,-0.010963995950630058
mom,mv,2014-03-31,2014-04-30,-0.010914759703808672,0.3091496183755321,False,1.0870393327594992,-0.011223909322184205,-0.011533058940559737,-0.01184220855893527
mom,mv,2014-04-30,2014-05-31,0.01369764566736545,0.4546141179847078,False,1.1403367184864175,0.013243031549380743,0.012788417431396035,0.012333803313411327
mom,mv,2014-05-31,2014-06-30,-0.013902517538858473,0.4591135325541295,False,1.1659265968968564,-0.014361631071412603,-0.014820744603966733,-0.015279858136520861
mom,mv,2014-06-30,2014-07-31,0.018275706777886116,0.43554040877919264,False,1.1589153222576059,0.017840166369106923,0.01740462596032773,0.016969085551548538
mom,mv,2014-07-31,2014-08-31,-6.248409769856112e-05,0.5090146094909058,False,1.2764098162838362,-0.0005714987071894669,-0.0010805133166803726,-0.0015895279261712786
mom,mv,2014-08-31,2014-09-30,0.020846454384379712,0.5382047832201635,False,1.2431367495202839,0.02030824960115955,0.019770044817939387,0.01923184003471922
mom,mv,2014-09-30,2014-10-31,0.00590089971992904,0.5398081990766089,False,1.3976805495388906,0.005361091520852432,0.004821283321775822,0.0042814751226992135
mom,mv,2014-10-31,2014-11-30,-0.0013209111839503937,0.5274429867173995,False,1.309019314419281,-0.0018483541706677932,-0.002375797157385193,-0.0029032401441025923
mom,mv,2014-11-30,2014-12-31,0.004037261995792943,0.4821605448986541,False,1.3708031441197368,0.003555101450894289,0.003072940905995635,0.002590780361096981
mom,mv,2014-12-31,2015-01-31,0.0018230905830720115,0.4863775929751958,False,1.39237692756295,0.0013367129900968158,0.00085033539712162,0.0003639578041464242
mom,mv,2015-01-31,2015-02-28,-0.010702832639380669,0.6543415307241122,False,1.2004004974135252,-0.01135717417010478,-0.012011515700828894,-0.012665857231553005
mom,mv,2015-02-28,2015-03-31,0.009029361334247215,0.53022029331088,False,1.2351139436404797,0.008499141040936334,0.007968920747625454,0.007438700454314574
mom,mv,2015-03-31,2015-04-30,-0.026596075832377684,0.53575587346014,False,1.2943092260515903,-0.027131831705837824,-0.027667587579297964,-0.028203343452758104
mom,mv,2015-04-30,2015-05-31,0.031661972881658285,0.5848373067162932,False,1.2063532699005484,0.031077135574941992,0.0304922982682257,0.029907460961509404
mom,mv,2015-05-31,2015-06-30,0.01655469812956983,0.5078876025942776,False,1.2433761417457838,0.01604681052697555,0.015538922924381275,0.015031035321786998
mom,mv,2015-06-30,2015-07-31,0.04973482074456667,0.4772888272712102,False,1.1818455459047252,0.04925753191729546,0.04878024309002425,0.048302954262753044
mom,mv,2015-07-31,2015-08-31,-0.010754590850992606,0.5331081110972786,False,1.1935250939755244,-0.011287698962089884,-0.011820807073187164,-0.012353915184284442
mom,mv,2015-08-31,2015-09-30,0.026542890307966572,0.4720333430022041,False,1.058257145710726,0.02607085696496437,0.025598823621962162,0.02512679027895996
mom,mv,2015-09-30,2015-10-31,0.022073820133614946,0.4790677221322224,False,1.19312430924735,0.021594752411482725,0.021115684689350503,0.020636616967218278
mom,mv,2015-10-31,2015-11-30,-0.011303513339526589,0.593784995982623,False,1.137249025939666,-0.011897298335509211,-0.012491083331491834,-0.013084868327474457
mom,mv,2015-11-30,2015-12-31,0.011658593653046202,0.5009496790430353,False,1.1727368243523455,0.011157643974003166,0.010656694294960132,0.010155744615917096
mom,mv,2015-12-31,2016-01-31,0.0034235190217705544,0.4458795354960736,False,1.3269342867911538,0.0029776394862744806,0.002531759950778407,0.0020858804152823337
mom,mv,2016-01-31,2016-02-29,-0.030334262194292735,0.47141753517582835,False,1.290063308116705,-0.030805679729468564,-0.03127709726464439,-0.03174851479982022
mom,mv,2016-02-29,2016-03-31,-0.014704273233899052,0.5837850571864129,False,1.2644496896035868,-0.015288058291085465,-0.015871843348271877,-0.016455628405458292
mom,mv,2016-03-31,2016-04-30,-0.014058499535650268,0.4926156250824983,False,1.2328803613383263,-0.014551115160732766,-0.015043730785815264,-0.015536346410897763
mom,mv,2016-04-30,2016-05-31,-0.002301620713260486,0.4691866398756453,False,1.3445471984747717,-0.0027708073531361316,-0.003239993993011777,-0.003709180632887422
mom,mv,2016-05-31,2016-06-30,0.028232005466326714,0.46024658559097315,False,1.2737562037994354,0.027771758880735742,0.02731151229514477,0.026851265709553793
mom,mv,2016-06-30,2016-07-31,-0.00946290608000171,0.46163891633653825,False,1.2471675978603969,-0.009924544996338248,-0.010386183912674787,-0.010847822829011325
mom,mv,2016-07-31,2016-08-31,-0.007873842211661864,0.4887030920875246,False,1.0872772475147534,-0.00836254530374939,-0.008851248395836913,-0.009339951487924438
mom,mv,2016-08-31,2016-09-30,-0.0003603881472113715,0.410634324807645,False,0.9618521468437541,-0.0007710224720190165,-0.0011816567968266616,-0.0015922911216343066
mom,mv,2016-09-30,2016-10-31,-0.002127453168496985,0.57011656293637,False,1.1193160706421097,-0.002697569731433355,-0.0032676862943697253,-0.0038378028573060954
mom,mv,2016-10-31,2016-11-30,-0.020289501983473537,0.5776897038995386,False,0.920361916943647,-0.020867191687373075,-0.021444881391272614,-0.022022571095172153
mom,mv,2016-11-30,2016-12-31,-0.008251825984122729,0.4633389751998015,False,0.9607976055876651,-0.00871516495932253,-0.009178503934522332,-0.009641842909722132
mom,mv,2016-12-31,2017-01-31,0.0034329339518225062,0.4835966427577571,False,0.9923649823480348,0.0029493373090647493,0.002465740666306992,0.001982144023549235
mom,mv,2017-01-31,2017-02-28,-0.01410992765724482,0.44175285331783737,False,1.1191205595815932,-0.014551680510562657,-0.014993433363880496,-0.015435186217198332
mom,mv,2017-02-28,2017-03-31,-0.006407097649917642,0.5419135422214265,False,1.2250533043430563,-0.006949011192139068,-0.007490924734360495,-0.008032838276581921
mom,mv,2017-03-31,2017-04-30,0.010431632891288728,0.7179520784395876,False,1.4380484723766231,0.009713680812849141,0.008995728734409554,0.008277776655969965
mom,mv,2017-04-30,2017-05-31,0.01639692989432039,0.9159478843265444,False,1.5003892299668373,0.015480982009993845,0.0145650341256673,0.013649086241340756
mom,mv,2017-05-31,2017-06-30,-0.01956838303113933,0.8386751232650326,False,1.6385659428565895,-0.020407058154404363,-0.021245733277669394,-0.022084408400934428
mom,mv,2017-06-30,2017-07-31,-0.0014924745365539043,0.6907371453454596,False,1.4703826403545053,-0.002183211681899364,-0.0028739488272448233,-0.003564685972590283
mom,mv,2017-07-31,2017-08-31,0.018980701485116235,0.6092456049628259,False,1.4027832970646297,0.01837145588015341,0.017762210275190583,0.01715296467022776
mom,mv,2017-08-31,2017-09-30,-0.0019355029246638478,0.6930419142069054,False,1.581423076803468,-0.0026285448388707533,-0.003321586753077659,-0.0040146286672845645
mom,mv,2017-09-30,2017-10-31,0.023333745905226376,0.5789769039608146,False,1.5636008773279642,0.02275476900126556,0.022175792097304747,0.021596815193343933
mom,mv,2017-10-31,2017-11-30,-0.01563213372984974,0.6641419865303994,False,1.458958046924481,-0.016296275716380138,-0.016960417702910537,-0.017624559689440936
mom,mv,2017-11-30,2017-12-31,-0.017762466338701922,0.8377790014847208,False,1.4160255352195392,-0.018600245340186644,-0.019438024341671363,-0.020275803343156085
mom,mv,2017-12-31,2018-01-31,0.021240463430943258,0.691555916977548,False,1.5180725269411723,0.02054890751396571,0.019857351596988163,0.019165795680010613
mom,mv,2018-01-31,2018-02-28,0.003394613618309143,0.6575251803195006,False,1.641554031764131,0.0027370884379896423,0.0020795632576701417,0.0014220380773506411
mom,mv,2018-02-28,2018-03-31,0.009623945335756334,0.8167742981738425,False,1.6452092971960568,0.008807171037582492,0.00799039673940865,0.007173622441234807
mom,mv,2018-03-31,2018-04-30,0.0015842801772398259,0.6099312624371229,False,1.5925382396154792,0.000974348914802703,0.0003644176523655801,-0.0002455136100715429
mom,mv,2018-04-30,2018-05-31,0.01964091890133174,0.5440691639142304,False,1.5558811038491913,0.019096849737417508,0.018552780573503277,0.018008711409589047
mom,mv,2018-05-31,2018-06-30,-0.0071593304779238925,0.7383165828562988,False,1.3903456065473008,-0.00789764706078019,-0.00863596364363649,-0.009374280226492789
mom,mv,2018-06-30,2018-07-31,-0.009049794008602462,0.5397939705793239,False,1.276257033788367,-0.009589587979181786,-0.01012938194976111,-0.010669175920340434
mom,mv,2018-07-31,2018-08-31,0.027922718859857056,0.5790819064259798,False,1.3678610728992529,0.027343636953431075,0.026764555047005097,0.02618547314057912
mom,mv,2018-08-31,2018-09-30,0.012687423673402452,0.6109194877904227,False,1.3992279522393172,0.01207650418561203,0.011465584697821607,0.010854665210031183
mom,mv,2018-09-30,2018-10-31,-0.02546751666504968,0.5517123002392437,False,1.380363339603012,-0.026019228965288924,-0.02657094126552817,-0.027122653565767412
mom,mv,2018-10-31,2018-11-30,-0.006869846927145708,0.6400935522577408,False,1.3378756654989068,-0.007509940479403449,-0.00815003403166119,-0.00879012758391893
mom,mv,2018-11-30,2018-12-31,0.004597904310396391,0.6595622146100072,False,1.4174905149975532,0.003938342095786383,0.0032787798811763766,0.002619217666566369
mom,mv,2018-12-31,2019-01-31,-0.0067441855939144426,0.6094471082415056,False,1.4313694307589293,-0.0073536327021559485,-0.007963079810397454,-0.008572526918638959
mom,mv,2019-01-31,2019-02-28,-0.0001671809633309056,0.6453586458046341,False,1.4902024373653222,-0.0008125396091355397,-0.0014578982549401738,-0.002103256900744808
mom,mv,2019-02-28,2019-03-31,0.004913846973867575,0.5130141738786193,False,1.5272226253937229,0.004400832799988956,0.003887818626110336,0.003374804452231717
mom,mv,2019-03-31,2019-04-30,-0.0017554517961944896,0.5591262106774767,False,1.551963144935564,-0.0023145780068719664,-0.0028737042175494432,-0.0034328304282269196
mom,mv,2019-04-30,2019-05-31,-0.0023020588818751892,0.7202386818049027,False,1.4395942993884179,-0.003022297563680092,-0.0037425362454849946,-0.004462774927289897
mom,mv,2019-05-31,2019-06-30,-0.02094465987679261,0.6427931347508422,False,1.357843437293696,-0.021587453011543453,-0.022230246146294295,-0.02287303928104514
mom,mv,2019-06-30,2019-07-31,0.024057012382209933,0.6738786495640801,False,1.4434206994658316,0.023383133732645854,0.022709255083081772,0.022035376433517693
mom,mv,2019-07-31,2019-08-31,0.04435927215171036,0.5805170645795942,False,1.512162708969423,0.04377875508713076,0.04319823802255117,0.042617720957971575
mom,mv,2019-08-31,2019-09-30,-0.007981415681452556,0.6874390846482149,False,1.4033742275765497,-0.008668854766100772,-0.009356293850748987,-0.0100437329353972
mom,mv,2019-09-30,2019-10-31,-0.007486522513201467,0.6193063385622417,False,1.3105910960197642,-0.008105828851763709,-0.008725135190325951,-0.009344441528888192
mom,mv,2019-10-31,2019-11-30,0.000643333634365531,0.6307390322820235,False,1.439177094629135,1.2594602083507394e-05,-0.0006181444301985162,-0.0012488834624805397
mom,mv,2019-11-30,2019-12-31,-0.0004913157257263973,0.6067823309255191,False,1.4448568948831122,-0.0010980980566519163,-0.0017048803875774356,-0.0023116627185029545
mom,mv,2019-12-31,2020-01-31,0.03522024880519439,0.6314974457064965,False,1.3517613810431466,0.0345887513594879,0.0339572539137814,0.0333257564680749
mom,mv,2020-01-31,2020-02-29,-0.006150774075919642,0.6192815124084861,False,1.3488861272135126,-0.006770055588328128,-0.007389337100736614,-0.0080086186131451
mom,mv,2020-02-29,2020-03-31,0.04556897593777345,0.6066667773673421,False,1.1931858235589725,0.044962309160406104,0.04435564238303876,0.04374897560567142
mom,mv,2020-03-31,2020-04-30,0.02532161156449935,0.47918009663672934,False,1.17195145348078,0.024842431467862622,0.024363251371225893,0.023884071274589164
mom,mv,2020-04-30,2020-05-31,0.0026523191745496137,0.6618377787671708,False,0.839190349268672,0.001990481395782443,0.0013286436170152722,0.0006668058382481015
mom,mv,2020-05-31,2020-06-30,0.01966641878355404,0.3203952841055525,False,0.8439744497056645,0.019346023499448486,0.019025628215342934,0.01870523293123738
mom,mv,2020-06-30,2020-07-31,0.03087792706779188,0.2840808649541535,False,0.9428968845099434,0.030593846202837727,0.03030976533788357,0.030025684472929418
mom,mv,2020-07-31,2020-08-31,0.03342767999374859,0.31607280803119975,False,0.9289211207628263,0.033111607185717394,0.032795534377686196,0.03247946156965499
mom,mv,2020-08-31,2020-09-30,-0.018648702146993962,0.33972505008750264,False,0.9022976780838441,-0.018988427197081464,-0.019328152247168967,-0.01966787729725647
mom,mv,2020-09-30,2020-10-31,-0.0020669578315473287,0.296837161534301,False,0.8521081780611238,-0.0023637949930816297,-0.0026606321546159308,-0.0029574693161502318
mom,mv,2020-10-31,2020-11-30,-0.015573809079911264,0.306670243364308,False,0.8909531527408647,-0.015880479323275572,-0.01618714956663988,-0.01649381981000419
mom,mv,2020-11-30,2020-12-31,-0.0026018749093995415,0.4644620353375399,False,0.839065864932582,-0.0030663369447370813,-0.003530798980074621,-0.003995261015412161
mom,mv,2020-12-31,2021-01-31,0.01032292699519808,0.3077302189095456,False,0.9327836830358488,0.010015196776288534,0.009707466557378988,0.009399736338469442
mom,mv,2021-01-31,2021-02-28,-0.03011185700312943,0.35133110345337576,False,0.9714802645752434,-0.030463188106582804,-0.03081451921003618,-0.031165850313489556
mom,mv,2021-02-28,2021-03-31,-0.02952462983958207,0.4011771726777481,False,0.8446062974799212,-0.02992580701225982,-0.030326984184937567,-0.030728161357615316
mom,mv,2021-03-31,2021-04-30,0.00942112557995983,0.5896864410922393,False,0.7562925825353908,0.008831439138867591,0.008241752697775353,0.007652066256683113
mom,mv,2021-04-30,2021-05-31,-0.02327328084865616,0.3386765981305532,False,0.7764620248348171,-0.02361195744678671,-0.023950634044917266,-0.024289310643047818
mom,mv,2021-05-31,2021-06-30,-0.005126586789926248,0.2986145499386326,False,0.8013339719564977,-0.005425201339864881,-0.005723815889803514,-0.006022430439742146
mom,mv,2021-06-30,2021-07-31,0.012835304604973041,0.3004975841140527,False,0.891977758002882,0.012534807020858988,0.012234309436744936,0.011933811852630883
mom,mv,2021-07-31,2021-08-31,0.003468166160313571,0.467005230841037,False,0.8466495843573227,0.0030011609294725338,0.002534155698631497,0.00206715046779046
mom,mv,2021-08-31,2021-09-30,-0.004088703545880394,0.35846236628304856,False,0.817389013527186,-0.004447165912163442,-0.004805628278446491,-0.005164090644729539
mom,mv,2021-09-30,2021-10-31,0.0011774652062761573,0.38424327493621135,False,0.8134561578482302,0.0007932219313399459,0.0004089786564037346,2.4735381467523273e-05
mom,mv,2021-10-31,2021-11-30,-0.011111980969732944,0.4257001712647122,False,0.7950049019495761,-0.011537681140997656,-0.011963381312262367,-0.012389081483527081
mom,mv,2021-11-30,2021-12-31,0.008110134730539995,0.3969811532592464,False,0.8273964812563517,0.007713153577280748,0.007316172424021502,0.006919191270762255
mom,mv,2021-12-31,2022-01-31,0.013824281666119551,0.418626089989957,False,0.9282928501420984,0.013405655576129594,0.012987029486139636,0.01256840339614968
mom,mv,2022-01-31,2022-02-28,0.025804981660025126,0.5170170413998387,False,1.0219288031961669,0.025287964618625286,0.02477094757722545,0.02425393053582561
mom,mv,2022-02-28,2022-03-31,0.031815872293204754,0.5379385440753057,False,1.0393841372247463,0.03127793374912945,0.030739995205054143,0.030202056660978836
mom,mv,2022-03-31,2022-04-30,0.020323289136431718,0.42648274804208314,False,0.8726128707173824,0.019896806388389636,0.01947032364034755,0.01904384089230547
mom,mv,2022-04-30,2022-05-31,0.0027251558215615874,0.29525087882671636,False,0.7460731961990607,0.002429904942734871,0.0021346540639081545,0.0018394031850814383
mom,mv,2022-05-31,2022-06-30,0.002705529563201285,0.32644200178448723,False,0.8328480772379925,0.002379087561416798,0.0020526455596323106,0.0017262035578478232
mom,mv,2022-06-30,2022-07-31,0.0030120893109695937,0.24893124507986414,False,0.770123719423247,0.0027631580658897294,0.0025142268208098654,0.0022652955757300015
mom,mv,2022-07-31,2022-08-31,0.026072999957571168,0.31963749537271163,False,0.8226145054439699,0.025753362462198455,0.025433724966825746,0.025114087471453033
mom,mv,2022-08-31,2022-09-30,0.006651782454268316,0.30116510903107846,False,0.8945690640680447,0.0063506173452372375,0.006049452236206159,0.005748287127175081
mom,mv,2022-09-30,2022-10-31,0.01655025627050605,0.22084082187787862,False,0.9182926863711574,0.016329415448628173,0.016108574626750295,0.015887733804872416
mom,mv,2022-10-31,2022-11-30,-0.017427266533485305,0.3257910677500118,False,0.9113374242652768,-0.017753057601235318,-0.018078848668985327,-0.01840463973673534
mom,mv,2022-11-30,2022-12-31,-0.0005676504040317413,0.33276476724201365,False,0.7867100883817867,-0.000900415171273755,-0.0012331799385157686,-0.0015659447057577822
mom,mv,2022-12-31,2023-01-31,-0.0347010323207035,0.2309972678477427,False,0.765892501909827,-0.03493202958855124,-0.035163026856398986,-0.03539402412424673
mom,mv,2023-01-31,2023-02-28,0.007265781573001636,0.3507486906924292,False,0.8486121652353553,0.006915032882309207,0.006564284191616778,0.006213535500924349
mom,mv,2023-02-28,2023-03-31,-0.0053662693276752774,0.3992180313623599,False,0.9843540579025817,-0.005765487359037637,-0.006164705390399997,-0.006563923421762357
mom,mv,2023-03-31,2023-04-30,0.011436517557056236,0.5298045736507698,False,1.0077710534336797,0.010906712983405467,0.010376908409754696,0.009847103836103927
mom,mv,2023-04-30,2023-05-31,0.024297060656187062,0.6180256409902014,False,1.1229667662495355,0.02367903501519686,0.02306100937420666,0.022442983733216456
mom,mv,2023-05-31,2023-06-30,-0.011860581534397988,0.503259531853277,False,1.1260610177251287,-0.012363841066251265,-0.012867100598104541,-0.013370360129957818
mom,mv,2023-06-30,2023-07-31,-0.0071110367920551925,0.5193442088739817,False,1.0145770226015913,-0.007630381000929175,-0.008149725209803156,-0.008669069418677138
mom,mv,2023-07-31,2023-08-31,0.0018952855444940876,0.49663016624252837,False,1.2605806485177993,0.0013986553782515594,0.0009020252120090309,0.0004053950457665026
mom,mv,2023-08-31,2023-09-30,-0.012088167277594274,0.44382499033031786,False,1.2137150580705984,-0.012531992267924593,-0.01297581725825491,-0.013419642248585228
mom,mv,2023-09-30,2023-10-31,0.01749354777638214,0.5989087232521934,False,1.166833263939572,0.016894639053129948,0.016295730329877755,0.015696821606625562
mom,mv,2023-10-31,2023-11-30,0.021856034770937022,0.4913633346249767,False,1.172810830056073,0.021364671436312047,0.02087330810168707,0.020381944767062093
mom,mv,2023-11-30,2023-12-31,-0.014235289684662318,0.5764708204804834,False,1.3098514051727945,-0.014811760505142801,-0.015388231325623284,-0.01596470214610377
mom,mv,2023-12-31,2024-01-31,0.022070536384805488,0.6152014244841586,False,1.008828412709363,0.02145533496032133,0.02084013353583717,0.02022493211135301
mom,mv,2024-01-31,2024-02-29,0.004438118557585889,0.44826779631584135,False,1.0187618337227937,0.003989850761270048,0.0035415829649542065,0.0030933151686383656
mom,mv,2024-02-29,2024-03-31,-0.013662573655817871,0.42002729389412796,False,1.0661147162314697,-0.014082600949711999,-0.014502628243606127,-0.014922655537500256
mom,mv,2024-03-31,2024-04-30,-0.016576098273210032,0.4015017881760088,False,1.106080474317008,-0.01697760006138604,-0.01737910184956205,-0.01778060363773806
mom,mv,2024-04-30,2024-05-31,0.012954624091781785,0.39522220751677706,False,1.1883284070919344,0.012559401884265008,0.012164179676748231,0.011768957469231454
mom,mv,2024-05-31,2024-06-30,0.00030936954820480646,0.5302679139913096,False,1.1907427582308898,-0.0002208983657865031,-0.0007511662797778126,-0.0012814341937691222
mom,mv,2024-06-30,2024-07-31,-0.011095032887376422,0.458869779718384,False,1.2340276789749463,-0.011553902667094806,-0.01201277244681319,-0.012471642226531575
mom,mv,2024-07-31,2024-08-31,0.003625604825618071,0.522326630665415,False,1.2863745794585721,0.003103278194952656,0.002580951564287241,0.002058624933621826
mom,mv,2024-08-31,2024-09-30,-0.002516392047138434,0.5999597637977379,False,1.364579654451391,-0.003116351810936172,-0.0037163115747339097,-0.004316271338531647
mom,mv,2024-09-30,2024-10-31,0.004520480790810129,0.4736223442191255,False,1.209263203543642,0.004046858446591003,0.0035732361023718775,0.003099613758152752
mom,mv,2024-10-31,2024-11-30,1.9114090409359958e-05,0.4760749154768234,False,1.2393593646929755,-0.0004569608250674635,-0.0009330357405442868,-0.0014091106560211104
mom,mv,2024-11-30,2024-12-31,-0.005098838160696785,0.5723885864322931,False,1.3799938867755204,-0.005671226747129079,-0.006243615333561371,-0.006816003919993665
mom,mv,2024-12-31,2025-01-31,0.017186250114917666,0.5954088707880029,False,1.360718475751022,0.016590841244129663,0.01599543237334166,0.015400023502553657
mom,mv,2025-01-31,2025-02-28,-0.005373833040335799,0.5651266070406893,False,1.1522851148720692,-0.005938959647376488,-0.0065040862544171775,-0.007069212861457867
mom,mv,2025-02-28,2025-03-31,0.006975020290175213,0.37235149691862157,False,1.138968784546188,0.006602668793256591,0.00623031729633797,0.005857965799419348
mom,mv,2025-03-31,2025-04-30,0.03538675311522438,0.4291048673116684,False,1.1712630529093648,0.03495764824791271,0.03452854338060104,0.03409943851328937
mom,mv,2025-04-30,2025-05-31,0.01883187303320522,0.38462521127940513,False,1.1759108425247624,0.018447247821925812,0.01806262261064641,0.017677997399367002
mom,mv,2025-05-31,2025-06-30,0.0008961189774405879,0.45334072353052585,False,1.1108060522566492,0.00044277825391006204,-1.0562469620463812e-05,-0.00046390319315098966
mom,mv,2025-06-30,2025-07-31,-0.029015837775049957,0.33025793464170944,False,1.1468126196299615,-0.029346095709691666,-0.029676353644333377,-0.030006611578975086
mom,mv,2025-07-31,2025-08-31,-0.01116279965132136,0.42573833481516365,False,1.1366183082185242,-0.011588537986136524,-0.012014276320951688,-0.012440014655766852
mom,mv,2025-08-31,2025-09-30,0.014917321413891694,0.45569630872932854,False,1.2066403860570536,0.014461625105162365,0.014005928796433037,0.013550232487703708
mom,mv,2025-09-30,2025-10-31,-0.008834447402818349,0.4114826988714799,False,1.1857470699139083,-0.009245930101689828,-0.009657412800561309,-0.010068895499432788
mom,mv,2025-10-31,2025-11-30,0.0016698545177377053,0.44906551581487036,False,1.093249038762419,0.0012207890019228348,0.0007717234861079645,0.0003226579702930942
mom,mv,2025-11-30,2025-12-31,0.006616385532373007,0.5027898896429773,False,1.1213084989862068,0.006113595642730029,0.005610805753087052,0.0051080158634440745
mom,mv,2025-12-31,2026-01-31,0.014763174175209011,0.42223358345447887,False,1.1635065886334963,0.014340940591754532,0.013918707008300054,0.013496473424845574
mom,mv,2026-01-31,2026-02-28,0.0036493910637743266,0.4105384921861372,False,1.1291158517383575,0.0032388525715881895,0.002828314079402052,0.0024177755872159153
mom,mv,2026-02-28,2026-03-31,-0.005112455249816888,0.586947603057564,False,0.961928815997487,-0.005699402852874452,-0.006286350455932016,-0.00687329805898958
mom,mv,2026-03-31,2026-04-30,0.02596693580332681,0.3704105870059841,False,0.9997278068484086,0.025596525216320828,0.025226114629314844,0.02485570404230886
mom,mv,2026-04-30,2026-05-31,0.019643847996534305,0.3669020911594185,False,0.9408854910696475,0.019276945905374886,0.018910043814215467,0.01854314172305605
mom,mv,2026-05-31,2026-06-30,-0.014954095047440491,0.3237082047235099,False,0.9558283307088848,-0.015277803252164001,-0.01560151145688751,-0.01592521966161102
mom,mv,2026-06-30,2026-07-31,-0.04459357304632762,0.3790069225603753,False,1.0033841294032153,-0.044972579968887996,-0.04535158689144837,-0.04573059381400875
mom,mv,2026-07-31,2026-08-31,0.013098322748236805,0.5023426801556308,False,1.0706582839904777,0.012595980068081174,0.012093637387925543,0.011591294707769912
mom,mv,2026-08-31,2026-09-30,,0.5524277842174941,False,1.1992504292570436,,,
mom,diag,1974-06-30,1974-07-31,0.03272820149758247,1.1861599696977843,True,1.1861599696977843,0.03154204152788468,0.030355881558186897,0.029169721588489114
mom,diag,1974-07-31,1974-08-31,0.009955084202337549,0.4148891268884302,False,0.9562961172608536,0.009540195075449119,0.009125305948560689,0.008710416821672258
mom,diag,1974-08-31,1974-09-30,0.006903799021407701,0.2983158700710908,False,0.9149206406982487,0.00660548315133661,0.006307167281265519,0.006008851411194428
mom,diag,1974-09-30,1974-10-31,0.020675603983792024,0.2979204185978533,False,0.9437267134321897,0.02037768356519417,0.02007976314659632,0.019781842727998464
mom,diag,1974-10-31,1974-11-30,0.008098969897324292,0.43479736991399914,False,0.9991135504079085,0.007664172527410293,0.0072293751574962935,0.006794577787582295
mom,diag,1974-11-30,1974-12-31,0.0072049764919779775,0.3705433310067236,False,1.051280075256084,0.006834433160971254,0.006463889829964531,0.006093346498957807
mom,diag,1974-12-31,1975-01-31,-0.04930685997102661,0.39247546006860967,False,1.1224049840952113,-0.04969933543109522,-0.050091810891163824,-0.050484286351232435
mom,diag,1975-01-31,1975-02-28,-0.019467023916068246,0.6787297980584588,False,0.8843764534930785,-0.020145753714126705,-0.020824483512185164,-0.021503213310243623
mom,diag,1975-02-28,1975-03-31,-0.006123217824021864,0.46128416213931106,False,1.0118366191396984,-0.006584501986161175,-0.0070457861483004865,-0.007507070310439797
mom,diag,1975-03-31,1975-04-30,0.023675731974921718,0.5033004838082814,False,1.053131816713739,0.02317243149111344,0.022669131007305155,0.022165830523496875
mom,diag,1975-04-30,1975-05-31,0.008533718303868896,0.6037726380125226,False,1.093736183473939,0.007929945665856374,0.0073261730278438505,0.006722400389831329
mom,diag,1975-05-31,1975-06-30,0.00043172742439145044,0.5439566291287505,False,0.9181403732057435,-0.00011222920473730012,-0.0006561858338660507,-0.0012001424629948013
mom,diag,1975-06-30,1975-07-31,0.001694243220532067,0.4509337711235206,False,0.7810990593892038,0.0012433094494085464,0.0007923756782850257,0.00034144190716150504
mom,diag,1975-07-31,1975-08-31,-0.00047632391641181315,0.3821462537472623,False,0.8102926940742489,-0.0008584701701590755,-0.0012406164239063377,-0.0016227626776536002
mom,diag,1975-08-31,1975-09-30,0.008211493929187992,0.3485619900012055,False,0.8212553422806519,0.007862931939186787,0.007514369949185582,0.007165807959184376
mom,diag,1975-09-30,1975-10-31,-0.016783349047169733,0.45026140661938546,False,0.8728927213258629,-0.017233610453789117,-0.017683871860408505,-0.01813413326702789
mom,diag,1975-10-31,1975-11-30,-0.003205224485022861,0.48898979998787145,False,0.8078441027887618,-0.0036942142850107324,-0.004183204084998604,-0.004672193884986475
mom,diag,1975-11-30,1975-12-31,-0.003664571057602516,0.3773179975557643,False,0.8506834775619181,-0.00404188905515828,-0.004419207052714045,-0.0047965250502698085
mom,diag,1975-12-31,1976-01-31,0.018771639667470495,0.25948607180586497,False,0.7800023746907435,0.01851215359566463,0.018252667523858766,0.0179931814520529
mom,diag,1976-01-31,1976-02-29,0.0011034264463388047,0.38426456654347974,False,0.8995431040386477,0.000719161879795325,0.00033489731325184516,-4.936725329163444e-05
mom,diag,1976-02-29,1976-03-31,-0.0014769489914195919,0.43037082843336544,False,0.8753115005389938,-0.0019073198198529574,-0.002337690648286323,-0.0027680614767196885
mom,diag,1976-03-31,1976-04-30,0.006685727569371569,0.3832203762738717,False,0.9418510325357891,0.006302507193097697,0.005919286816823826,0.005536066440549953
mom,diag,1976-04-30,1976-05-31,-0.0023881890250111934,0.40474006013967917,False,0.9204130882955143,-0.0027929290851508724,-0.0031976691452905515,-0.003602409205430231
mom,diag,1976-05-31,1976-06-30,-0.00954734347419782,0.3213932231257082,False,0.9570366562005004,-0.009868736697323528,-0.010190129920449237,-0.010511523143574944
mom,diag,1976-06-30,1976-07-31,-0.0032404745488746264,0.37501437264573734,False,1.13005774540168,-0.003615488921520364,-0.0039905032941661015,-0.004365517666811839
mom,diag,1976-07-31,1976-08-31,0.002902418083482614,0.4604203777947511,False,1.1578560430780207,0.0024419977056878628,0.001981577327893112,0.0015211569500983607
mom,diag,1976-08-31,1976-09-30,-0.0031881351088383636,0.4484606110178467,False,1.1277751450408853,-0.0036365957198562105,-0.004085056330874057,-0.0045335169418919035
mom,diag,1976-09-30,1976-10-31,-0.003417151540057131,0.4919463859380454,False,1.0809091102028598,-0.003909097925995177,-0.004401044311933222,-0.0048929906978712676
mom,diag,1976-10-31,1976-11-30,0.018338247897310762,0.6034158379827255,False,1.1384465501193024,0.017734832059328038,0.01713141622134531,0.016528000383362586
mom,diag,1976-11-30,1976-12-31,0.003692851672060273,0.4253058010455172,False,1.1360353947860167,0.0032675458710147557,0.0028422400699692385,0.0024169342689237213
mom,diag,1976-12-31,1977-01-31,0.022220610454431005,0.3844479376647168,False,1.0806053565893645,0.02183616251676629,0.021451714579101572,0.021067266641436856
mom,diag,1977-01-31,1977-02-28,-0.009285847140428021,0.5028150750510592,False,1.0754413929627578,-0.00978866221547908,-0.01029147729053014,-0.0107942923655812
mom,diag,1977-02-28,1977-03-31,0.007583694029220845,0.3891560072282986,False,1.076235145955245,0.007194538021992546,0.0068053820147642476,0.006416226007535949
mom,diag,1977-03-31,1977-04-30,0.017502849526601853,0.3519321445754511,False,1.0932370178662152,0.0171509173820264,0.01679898523745095,0.0164470530928755
mom,diag,1977-04-30,1977-05-31,0.013607204758661466,0.32756259404111693,False,1.1173996217317985,0.01327964216462035,0.012952079570579233,0.012624516976538117
mom,diag,1977-05-31,1977-06-30,0.0031973884393847974,0.3925410389103882,False,1.1680104753563738,0.0028048474004744093,0.002412306361564021,0.0020197653226536327
mom,diag,1977-06-30,1977-07-31,0.011358244648826786,0.3784055857796763,False,1.2021014251000932,0.010979839063047109,0.010601433477267433,0.010223027891487756
mom,diag,1977-07-31,1977-08-31,-0.010991709955603389,0.44139789456082956,False,1.2466788042611097,-0.011433107850164218,-0.011874505744725048,-0.012315903639285877
mom,diag,1977-08-31,1977-09-30,0.0124712304577593,0.3412902338491569,False,1.147496258342776,0.012129940223910144,0.011788649990060986,0.01144735975621183
mom,diag,1977-09-30,1977-10-31,0.0031231825473267316,0.3149518136921466,False,1.1388981240601854,0.002808230733634585,0.0024932789199424384,0.002178327106250292
mom,diag,1977-10-31,1977-11-30,0.013726064413399536,0.29798658156767854,False,1.0770672136483495,0.013428077831831859,0.01313009125026418,0.012832104668696501
mom,diag,1977-11-30,1977-12-31,0.010331010609777603,0.38592588126631633,False,1.081984880816345,0.009945084728511288,0.00955915884724497,0.009173232965978655
mom,diag,1977-12-31,1978-01-31,0.00404263084348805,0.2999860847213828,False,1.1167193199051073,0.003742644758766668,0.0034426586740452848,0.003142672589323902
mom,diag,1978-01-31,1978-02-28,0.015841383736879586,0.3788910476137363,False,1.1256244936460156,0.015462492689265849,0.015083601641652114,0.014704710594038377
mom,diag,1978-02-28,1978-03-31,0.015667450896660384,0.3355243583121065,False,1.073938673235651,0.015331926538348278,0.01499640218003617,0.014660877821724065
mom,diag,1978-03-31,1978-04-30,-0.0075903828708133855,0.35323738762516865,False,0.9989544982048023,-0.007943620258438554,-0.008296857646063723,-0.008650095033688892
mom,diag,1978-04-30,1978-05-31,0.017690258977360738,0.3332259754543843,False,1.008055204450508,0.017357033001906354,0.017023807026451968,0.016690581050997584
mom,diag,1978-05-31,1978-06-30,0.01577290036516952,0.326633741033995,False,0.97733132176418,0.015446266624135525,0.015119632883101529,0.014792999142067534
mom,diag,1978-06-30,1978-07-31,0.011818038304691211,0.31978930299058334,False,0.9795762213461296,0.011498249001700628,0.011178459698710045,0.010858670395719461
mom,diag,1978-07-31,1978-08-31,0.018152532644733304,0.2489387956857816,False,0.9754889836665135,0.017903593849047522,0.01765465505336174,0.01740571625767596
mom,diag,1978-08-31,1978-09-30,-0.01715844153027741,0.35031686673998663,False,0.923410544236487,-0.017508758397017394,-0.017859075263757383,-0.018209392130497368
mom,diag,1978-09-30,1978-10-31,-0.03897798101549917,0.2341311451564528,False,0.8684684939021364,-0.03921211216065563,-0.039446243305812076,-0.03968037445096853
mom,diag,1978-10-31,1978-11-30,0.02056158415288884,0.25359747576771663,False,0.8089132688916535,0.020307986677121123,0.02005438920135341,0.01980079172558569
mom,diag,1978-11-30,1978-12-31,0.02024173854052731,0.5630249066350587,False,0.8770864712029893,0.01967871363389225,0.01911568872725719,0.018552663820622133
mom,diag,1978-12-31,1979-01-31,-0.010999603201665343,0.37097801267765373,False,0.8812215718635894,-0.011370581214342996,-0.011741559227020651,-0.012112537239698304
mom,diag,1979-01-31,1979-02-28,-0.015986858020499133,0.38376474408868877,False,0.953183306426464,-0.01637062276458782,-0.01675438750867651,-0.0171381522527652
mom,diag,1979-02-28,1979-03-31,0.014765635209705008,0.37773692543373055,False,1.0233384624432937,0.014387898284271276,0.014010161358837547,0.013632424433403817
mom,diag,1979-03-31,1979-04-30,-0.010973471586980347,0.6812519565265485,False,1.3093505150279217,-0.011654723543506895,-0.012335975500033444,-0.013017227456559992
mom,diag,1979-04-30,1979-05-31,-0.00425250903182732,0.6823667944830775,False,1.206896258037203,-0.004934875826310398,-0.005617242620793475,-0.006299609415276552
mom,diag,1979-05-31,1979-06-30,0.0064339081500463455,0.515344249859859,False,1.255135562991234,0.005918563900186486,0.0054032196503266275,0.004887875400466768
mom,diag,1979-06-30,1979-07-31,-0.0034691032176288866,0.5484050434393708,False,1.3087805666172245,-0.004017508261068258,-0.004565913304507628,-0.005114318347946999
mom,diag,1979-07-31,1979-08-31,-0.005269790070141209,0.7151884998031873,False,1.2349444594498042,-0.005984978569944396,-0.0067001670697475835,-0.007415355569550771
mom,diag,1979-08-31,1979-09-30,0.02196105970636193,0.5104298171698399,False,1.240084708475462,0.02145062988919209,0.02094020007202225,0.02042977025485241
mom,diag,1979-09-30,1979-10-31,-0.000998285594736464,0.5751109733783356,False,1.2906309162148726,-0.0015733965681147997,-0.002148507541493135,-0.0027236185148714707
mom,diag,1979-10-31,1979-11-30,0.039518345778597544,0.6193877248557673,False,1.128974913895706,0.03889895805374178,0.03827957032888601,0.03766018260403024
mom,diag,1979-11-30,1979-12-31,0.03644047279816155,0.38359210010227635,False,1.1046669223089305,0.03605688069805928,0.035673288597957,0.035289696497854725
mom,diag,1979-12-31,1980-01-31,0.04329652561401964,0.34045642015872674,False,1.0468843327452741,0.04295606919386091,0.04261561277370219,0.04227515635354346
mom,diag,1980-01-31,1980-02-29,0.021056187122738827,0.31830590246848434,False,1.0174747458133262,0.020737881220270343,0.020419575317801857,0.020101269415333373
mom,diag,1980-02-29,1980-03-31,-0.0400578615195025,0.3100769313866113,False,1.0128707698468995,-0.04036793845088911,-0.040678015382275716,-0.04098809231366233
mom,diag,1980-03-31,1980-04-30,-0.0015225959084403087,0.22234746171936579,False,0.9740139088850648,-0.0017449433701596745,-0.0019672908318790405,-0.002189638293598406
mom,diag,1980-04-30,1980-05-31,-0.013143252496418907,0.419923737025686,False,1.038573648798185,-0.013563176233444593,-0.01398309997047028,-0.014403023707495965
mom,diag,1980-05-31,1980-06-30,0.027840827911227228,0.3193174468442635,False,1.0520745575567716,0.027521510464382965,0.0272021930175387,0.026882875570694437
mom,diag,1980-06-30,1980-07-31,0.011663547209267865,0.2938716825421509,False,1.0885490745906206,0.011369675526725714,0.011075803844183564,0.010781932161641413
mom,diag,1980-07-31,1980-08-31,0.013924174226607461,0.31839958363741033,False,1.0330237067745638,0.013605774642970051,0.01328737505933264,0.01296897547569523
mom,diag,1980-08-31,1980-09-30,0.02958322623431055,0.3287300075327644,False,0.9432287782727289,0.029254496226777785,0.028925766219245024,0.028597036211712258
mom,diag,1980-09-30,1980-10-31,0.01816290716115661,0.23238616053851832,False,0.9055441215246477,0.017930521000618094,0.017698134840079576,0.017465748679541055
mom,diag,1980-10-31,1980-11-30,0.03042510737531185,0.24211704610737816,False,0.879486389502335,0.030182990329204473,0.029940873283097094,0.029698756236989716
mom,diag,1980-11-30,1980-12-31,-0.025696028570277328,0.2872443068455466,False,0.8337932850915967,-0.025983272877122876,-0.02627051718396842,-0.02655776149081397
mom,diag,1980-12-31,1981-01-31,-0.035450738677832536,0.3347391092107776,False,0.8943398363529029,-0.035785477787043316,-0.03612021689625409,-0.03645495600546487
mom,diag,1981-01-31,1981-02-28,-0.019556566212816404,0.49791929634955434,False,0.9863992461114899,-0.02005448550916596,-0.020552404805515512,-0.021050324101865067
mom,diag,1981-02-28,1981-03-31,0.0011602539981677232,0.5773191526467935,False,1.092966058651819,0.0005829348455209297,5.615692874136151e-06,-0.0005717034597726572
mom,diag,1981-03-31,1981-04-30,0.00608023610609323,0.6316027939716029,False,1.0093774511466067,0.005448633312121627,0.004817030518150024,0.004185427724178421
mom,diag,1981-04-30,1981-05-31,0.011158342430759017,0.5735861845758465,False,0.9625456291983325,0.01058475624618317,0.010011170061607323,0.009437583877031478
mom,diag,1981-05-31,1981-06-30,-0.026055302960401143,0.36170116958373427,False,1.0115243786202148,-0.026417004129984878,-0.026778705299568613,-0.027140406469152344
mom,diag,1981-06-30,1981-07-31,-0.011172649136058655,0.34927989485789873,False,0.9977393674115967,-0.011521929030916554,-0.011871208925774453,-0.012220488820632352
mom,diag,1981-07-31,1981-08-31,-0.006176516360739647,0.6462213991953452,False,1.1087704068715107,-0.006822737759934992,-0.007468959159130338,-0.008115180558325682
mom,diag,1981-08-31,1981-09-30,0.007662038994610349,0.5767097364587034,False,1.2530711214364778,0.0070853292581516455,0.0065086195216929425,0.00593190978523424
mom,diag,1981-09-30,1981-10-31,0.021315385349027705,0.6065049341426164,False,1.2229685719782097,0.02070888041488509,0.020102375480742472,0.019495870546599854
mom,diag,1981-10-31,1981-11-30,0.0029085306982513433,0.6749451696607002,False,1.0121115854513134,0.002233585528590643,0.0015586403589299429,0.000883695189269243
mom,diag,1981-11-30,1981-12-31,-0.0027551859656828504,0.34222425881023594,False,1.005668594237717,-0.0030974102244930865,-0.0034396344833033223,-0.003781858742113558
mom,diag,1981-12-31,1982-01-31,0.010131163379241493,0.36375673542026266,False,1.037367665975171,0.00976740664382123,0.009403649908400967,0.009039893172980705
mom,diag,1982-01-31,1982-02-28,0.019013344981977626,0.3555305596214541,False,1.090217346737127,0.018657814422356173,0.018302283862734716,0.017946753303113263
mom,diag,1982-02-28,1982-03-31,0.026218906477648504,0.4226671005816012,False,1.1268681612055302,0.025796239377066904,0.0253735722764853,0.0249509051759037
mom,diag,1982-03-31,1982-04-30,0.0055582050510954405,0.38698779238538195,False,1.047221739965703,0.005171217258710058,0.004784229466324677,0.004397241673939295
mom,diag,1982-04-30,1982-05-31,0.011798942137557755,0.33285230034188024,False,0.9901738782910335,0.011466089837215875,0.011133237536873994,0.010800385236532114
mom,diag,1982-05-31,1982-06-30,0.025642165423586192,0.2270649433257188,False,1.0015071469956502,0.025415100480260473,0.025188035536934755,0.024960970593609036
mom,diag,1982-06-30,1982-07-31,0.02076065044043487,0.28850233404967707,False,0.9728123728198262,0.020472148106385195,0.02018364577233552,0.01989514343828584
mom,diag,1982-07-31,1982-08-31,-0.02429208845669181,0.2757319588279196,False,0.9356865120509781,-0.02456782041551973,-0.024843552374347648,-0.02511928433317557
mom,diag,1982-08-31,1982-09-30,0.013130652125636603,0.2972665581370174,False,0.8817511853334925,0.012833385567499586,0.012536119009362568,0.012238852451225551
mom,diag,1982-09-30,1982-10-31,-0.009603928571652664,0.29688077536440455,False,0.9400282039309912,-0.009900809347017068,-0.010197690122381474,-0.010494570897745878
mom,diag,1982-10-31,1982-11-30,0.010862053715743843,0.3478983608745885,False,0.939653017879169,0.010514155354869254,0.010166256993994666,0.009818358633120076
mom,diag,1982-11-30,1982-12-31,-0.016296916546645467,0.37233920989848585,False,0.9668571160651384,-0.016669255756543953,-0.017041594966442437,-0.017413934176340923
mom,diag,1982-12-31,1983-01-31,-0.021272480706665393,0.2800043304753354,False,0.9454198522579765,-0.021552485037140728,-0.021832489367616063,-0.022112493698091398
mom,diag,1983-01-31,1983-02-28,0.021428801258707157,0.34774327504130687,False,1.0507215246777248,0.02108105798366585,0.020733314708624544,0.020385571433583237
mom,diag,1983-02-28,1983-03-31,0.00782463936201541,0.49186653747225895,False,1.1223760991614162,0.007332772824543151,0.006840906287070892,0.006349039749598633
mom,diag,1983-03-31,1983-04-30,0.005781577584760817,0.3619454797812481,False,1.1251680898949339,0.005419632104979568,0.005057686625198321,0.004695741145417072
mom,diag,1983-04-30,1983-05-31,-0.007898376906645596,0.4037535945743057,False,1.1221256597805367,-0.008302130501219902,-0.008705884095794206,-0.009109637690368513
mom,diag,1983-05-31,1983-06-30,0.008826783572312482,0.3441272136491927,False,1.1584808016253492,0.008482656358663288,0.008138529145014096,0.007794401931364903
mom,diag,1983-06-30,1983-07-31,-0.014126337873485368,0.5109314069627597,False,1.1490580285317635,-0.014637269280448128,-0.015148200687410887,-0.015659132094373647
mom,diag,1983-07-31,1983-08-31,-0.02053331101175894,0.31757243899645443,False,1.1276418761296874,-0.020850883450755395,-0.021168455889751848,-0.021486028328748304
mom,diag,1983-08-31,1983-09-30,-0.009439881163169824,0.4719367509447126,False,1.2187415838964581,-0.009911817914114536,-0.01038375466505925,-0.010855691416003961
mom,diag,1983-09-30,1983-10-31,-0.02762953993013613,0.4652947875769006,False,1.210594749308161,-0.02809483471771303,-0.02856012950528993,-0.029025424292866833
mom,diag,1983-10-31,1983-11-30,0.004343138981130848,0.5936792999575016,False,1.3474995171506294,0.0037494596811733466,0.003155780381215845,0.0025621010812583436
mom,diag,1983-11-30,1983-12-31,-0.0052168053116569656,0.9556132571563937,False,1.3265789881352514,-0.006172418568813359,-0.007128031825969753,-0.008083645083126147
mom,diag,1983-12-31,1984-01-31,-0.012092403082000304,0.7819381800513502,False,1.3605130446909903,-0.012874341262051654,-0.013656279442103004,-0.014438217622154356
mom,diag,1984-01-31,1984-02-29,-0.01992573490742867,0.6585648671616543,False,1.3060376461455474,-0.020584299774590326,-0.021242864641751978,-0.021901429508913633
mom,diag,1984-02-29,1984-03-31,-0.0022461117224053884,0.9269395332551666,False,1.2642292882109418,-0.003173051255660555,-0.004099990788915722,-0.005026930322170888
mom,diag,1984-03-31,1984-04-30,0.0069142656478866004,0.604111744310235,False,1.2099820789446998,0.006310153903576365,0.00570604215926613,0.005101930414955895
mom,diag,1984-04-30,1984-05-31,0.007911059303607377,0.6170662431159042,False,1.2126506343135,0.007293993060491472,0.006676926817375568,0.006059860574259664
mom,diag,1984-05-31,1984-06-30,-0.0014852117721291024,0.5441705234183485,False,1.0704787030588505,-0.002029382295547451,-0.0025735528189657995,-0.003117723342384148
mom,diag,1984-06-30,1984-07-31,0.012056755932573885,0.42823258524324803,False,1.034267267335064,0.011628523347330636,0.01120029076208739,0.010772058176844141
mom,diag,1984-07-31,1984-08-31,-0.019968105963376243,0.5356918494422739,False,1.038612369427399,-0.020503797812818518,-0.02103948966226079,-0.021575181511703064
mom,diag,1984-08-31,1984-09-30,0.013573894184935096,0.5285419607371328,False,1.013260064745217,0.013045352224197964,0.012516810263460831,0.011988268302723698
mom,diag,1984-09-30,1984-10-31,0.022095174471264478,0.3732769504384761,False,1.1668589739350204,0.021721897520826,0.021348620570387524,0.02097534361994905
mom,diag,1984-10-31,1984-11-30,-0.0006187530759893728,0.515117849199636,False,1.2727741274768485,-0.0011338709251890087,-0.0016489887743886449,-0.0021641066235882807
mom,diag,1984-11-30,1984-12-31,0.012177945521395072,0.5075032875339588,False,1.1077164074504335,0.011670442233861112,0.011162938946327155,0.010655435658793195
mom,diag,1984-12-31,1985-01-31,-0.03385431358926827,0.3253715273287783,False,1.066711726977433,-0.034179685116597046,-0.03450505664392583,-0.034830428171254604
mom,diag,1985-01-31,1985-02-28,0.013025077639475984,0.5204226380129711,False,1.0376251369351546,0.012504655001463012,0.011984232363450042,0.01146380972543707
mom,diag,1985-02-28,1985-03-31,-0.004692561627382045,0.4729899003922293,False,1.0678627745679714,-0.005165551527774275,-0.005638541428166504,-0.006111531328558733
mom,diag,1985-03-31,1985-04-30,0.0043743824045517615,0.3999137732984801,False,1.01696341021256,0.0039744686312532815,0.003574554857954801,0.003174641084656321
mom,diag,1985-04-30,1985-05-31,0.018121898897952456,0.4013370376105462,False,1.1256548374766782,0.01772056186034191,0.017319224822731363,0.01691788778512082
mom,diag,1985-05-31,1985-06-30,0.014168592775635563,0.4021997192830979,False,1.0929296645242017,0.013766393056352466,0.013364193337069367,0.01296199361778627
mom,diag,1985-06-30,1985-07-31,-0.030236758444910892,0.3583474511261211,False,1.1104693606016196,-0.030595105896037013,-0.030953453347163134,-0.031311800798289255
mom,diag,1985-07-31,1985-08-31,0.012981213298222709,0.348464884510605,False,1.1667661681509078,0.012632748413712104,0.012284283529201499,0.011935818644690894
mom,diag,1985-08-31,1985-09-30,0.004874545824456705,0.35412474059947535,False,1.1679380442033491,0.00452042108385723,0.004166296343257755,0.0038121716026582792
mom,diag,1985-09-30,1985-10-31,0.02810628983610857,0.39505275851108995,False,1.2458749294771858,0.02771123707759748,0.02731618431908639,0.026921131560575302
mom,diag,1985-10-31,1985-11-30,-0.0028009302923885,0.4094410222428675,False,1.202138811244739,-0.003210371314631368,-0.003619812336874235,-0.004029253359117102
mom,diag,1985-11-30,1985-12-31,0.005313356922222274,0.44460284568801295,False,1.2283619639012118,0.004868754076534261,0.004424151230846249,0.0039795483851582355
mom,diag,1985-12-31,1986-01-31,0.00544439284695141,0.3351744810139745,False,1.2373375825731086,0.005109218365937435,0.004774043884923461,0.004438869403909486
mom,diag,1986-01-31,1986-02-28,0.01210384663664046,0.47942514923176743,False,1.1179280305293577,0.011624421487408693,0.011144996338176926,0.010665571188945159
mom,diag,1986-02-28,1986-03-31,0.012822807358508301,0.34179662722570847,False,1.1795472535153884,0.012481010731282592,0.012139214104056885,0.011797417476831176
mom,diag,1986-03-31,1986-04-30,0.0007069142700371328,0.5678362704888714,False,1.196795527638974,0.00013907799954826136,-0.0004287582709406101,-0.0009965945414294815
mom,diag,1986-04-30,1986-05-31,0.01773707662041512,0.3533440757612524,False,1.1751266455651699,0.017383732544653866,0.017030388468892616,0.016677044393131363
mom,diag,1986-05-31,1986-06-30,0.03230825935671756,0.5221623289041301,False,1.1911492817658735,0.031786097027813424,0.0312639346989093,0.030741772370005166
mom,diag,1986-06-30,1986-07-31,-0.004121194925285441,0.3160686740594252,False,1.2365108668976101,-0.004437263599344867,-0.004753332273404291,-0.005069400947463717
mom,diag,1986-07-31,1986-08-31,-0.029322771099543423,0.4119152800804178,False,1.1368507340514842,-0.029734686379623843,-0.03014660165970426,-0.030558516939784678
mom,diag,1986-08-31,1986-09-30,-0.03705017131572824,0.2501414360759411,False,1.0927530335577544,-0.037300312751804184,-0.037550454187880125,-0.03780059562395607
mom,diag,1986-09-30,1986-10-31,0.027414059047042028,0.32977376528247504,False,1.0973060136942445,0.027084285281759553,0.026754511516477078,0.026424737751194603
mom,diag,1986-10-31,1986-11-30,0.004607810521548496,0.4484609039298517,False,1.178791571089342,0.004159349617618644,0.0037108887136887924,0.0032624278097589405
mom,diag,1986-11-30,1986-12-31,0.009587926012556794,0.3731773732508906,False,1.1892108604881861,0.009214748639305903,0.008841571266055013,0.008468393892804122
mom,diag,1986-12-31,1987-01-31,0.021226071205589038,0.376593492496513,False,1.231309310219856,0.020849477713092524,0.02047288422059601,0.0200962907280995
mom,diag,1987-01-31,1987-02-28,-0.023555848911176486,0.5002719402618119,False,1.2262886075910526,-0.0240561208514383,-0.024556392791700108,-0.02505666473196192
mom,diag,1987-02-28,1987-03-31,0.006781109523528643,0.5942669571651096,False,1.3278278254278522,0.006186842566363533,0.005592575609198423,0.004998308652033314
mom,diag,1987-03-31,1987-04-30,0.016336995948579777,0.5455549794559846,False,1.4261326277332418,0.015791440969123792,0.015245885989667808,0.014700331010211823
mom,diag,1987-04-30,1987-05-31,0.0009124091619744901,0.5084118892010996,False,1.344174406743198,0.0004039972727733905,-0.00010441461642770916,-0.0006128265056288087
mom,diag,1987-05-31,1987-06-30,-0.016076026883310376,0.5820616879306135,False,1.2259921227355657,-0.01665808857124099,-0.017240150259171604,-0.017822211947102217
mom,diag,1987-06-30,1987-07-31,0.020391172849839472,0.4774751017688637,False,1.0761545316695982,0.01991369774807061,0.019436222646301744,0.018958747544532882
mom,diag,1987-07-31,1987-08-31,-0.007325549054320364,0.3290694159948846,False,1.1115026378167714,-0.007654618470315249,-0.007983687886310133,-0.008312757302305018
mom,diag,1987-08-31,1987-09-30,0.013500635922862754,0.3966619431741069,False,1.1836150577997724,0.013103973979688648,0.01270731203651454,0.012310650093340432
mom,diag,1987-09-30,1987-10-31,-0.014319422500924911,0.5994904965136589,False,1.4060556338942292,-0.01491891299743857,-0.015518403493952228,-0.016117893990465888
mom,diag,1987-10-31,1987-11-30,0.013144187346723013,0.4557397174221126,False,1.168097113308097,0.0126884476293009,0.012232707911878788,0.011776968194456675
mom,diag,1987-11-30,1987-12-31,0.0024754523147930115,0.7246940528841591,False,1.240762474744721,0.0017507582619088525,0.0010260642090246933,0.0003013701561405341
mom,diag,1987-12-31,1988-01-31,-0.03338857831052665,0.42709227596771304,False,1.1407566402085159,-0.03381567058649436,-0.03424276286246208,-0.03466985513842979
mom,diag,1988-01-31,1988-02-29,0.0021607820184264197,0.39954200559696745,False,1.0463653068269974,0.0017612400128294522,0.0013616980072324847,0.0009621560016355173
mom,diag,1988-02-29,1988-03-31,-0.00619955283960706,0.6131287106735388,False,1.1784975167277891,-0.006812681550280598,-0.007425810260954137,-0.008038938971627677
mom,diag,1988-03-31,1988-04-30,0.0006884710881357028,0.6104107564455417,False,1.234077643014807,7.806033169016114e-05,-0.0005323504247553805,-0.0011427611812009223
mom,diag,1988-04-30,1988-05-31,0.0006335485534637375,0.8106600445576243,False,1.21318131029262,-0.0001771114910938869,-0.0009877715356515111,-0.0017984315802091356
mom,diag,1988-05-31,1988-06-30,-0.0197313098136385,0.6216009776870806,False,1.2342951799254755,-0.02035291079132558,-0.02097451176901266,-0.02159611274669974
mom,diag,1988-06-30,1988-07-31,0.012109776737641523,0.5566651523112476,False,1.2521040230105893,0.011553111585330275,0.010996446433019029,0.01043978128070778
mom,diag,1988-07-31,1988-08-31,-0.0007989429457439898,0.8620960767133149,False,1.3382757531667924,-0.0016610390224573047,-0.0025231350991706198,-0.003385231175883935
mom,diag,1988-08-31,1988-09-30,-0.007857282768704062,0.6250552684754327,False,1.2670453293663682,-0.008482338037179495,-0.009107393305654927,-0.00973244857413036
mom,diag,1988-09-30,1988-10-31,0.01300873399955629,0.755055330892286,False,1.2504593279905745,0.012253678668664003,0.011498623337771718,0.010743568006879431
mom,diag,1988-10-31,1988-11-30,-0.0007170142124982448,1.0637829178291798,False,1.2980721820517949,-0.0017807971303274244,-0.0028445800481566043,-0.003908362965985784
mom,diag,1988-11-30,1988-12-31,-0.0022064681556676095,0.6280814069839792,False,1.2650910490416614,-0.002834549562651589,-0.003462630969635568,-0.004090712376619547
mom,diag,1988-12-31,1989-01-31,0.0015650884370715826,0.6769284529709739,False,1.237697943225061,0.0008881599841006086,0.00021123153112963472,-0.0004656969218413392
mom,diag,1989-01-31,1989-02-28,0.0035839810936140943,0.8334426170279596,False,1.3655319204518959,0.0027505384765861346,0.001917095859558175,0.0010836532425302155
mom,diag,1989-02-28,1989-03-31,0.01684442871027813,0.5981079101015118,False,1.3360785500793406,0.016246320800176618,0.015648212890075106,0.015050104979973594
mom,diag,1989-03-31,1989-04-30,0.0008668238585640014,0.5806185330557961,False,1.2864014746511312,0.00028620532550820523,-0.00029441320754759097,-0.0008750317406033871
mom,diag,1989-04-30,1989-05-31,0.008888872200699853,0.5674217460079574,False,1.2597359660233514,0.008321450454691896,0.007754028708683938,0.007186606962675981
mom,diag,1989-05-31,1989-06-30,0.01589065221589661,0.4610938019731083,False,1.2697238043351244,0.015429558413923503,0.014968464611950394,0.014507370809977287
mom,diag,1989-06-30,1989-07-31,0.03885749104826085,0.4341154553534256,False,1.1892606382948785,0.03842337559290742,0.037989260137554,0.03755514468220057
mom,diag,1989-07-31,1989-08-31,-0.016873187107469455,0.33663851053980776,False,1.2434578032769679,-0.017209825618009263,-0.017546464128549072,-0.017883102639088877
mom,diag,1989-08-31,1989-09-30,0.011681841319022054,0.3505260089438875,False,1.233170126630846,0.011331315310078166,0.010980789301134278,0.01063026329219039
mom,diag,1989-09-30,1989-10-31,0.015343193800349864,0.5521498708545047,False,1.3524320541490442,0.01479104392949536,0.014238894058640855,0.01368674418778635
mom,diag,1989-10-31,1989-11-30,0.015066663784577421,0.48875347075270315,False,1.3285312568107854,0.014577910313824717,0.014089156843072015,0.013600403372319311
mom,diag,1989-11-30,1989-12-31,-0.0021903257982003542,0.39209824593345416,False,1.2621357300705487,-0.0025824240441338084,-0.0029745222900672626,-0.0033666205360007168
mom,diag,1989-12-31,1990-01-31,-0.014669399080294363,0.4015492067376161,False,1.381594360154546,-0.015070948287031979,-0.015472497493769595,-0.01587404670050721
mom,diag,1990-01-31,1990-02-28,-0.006642312915917869,0.4010666577219589,False,1.3686449092950295,-0.007043379573639828,-0.007444446231361787,-0.007845512889083747
mom,diag,1990-02-28,1990-03-31,-0.007289836019635968,0.5028795493251633,False,1.4463345891483492,-0.007792715568961131,-0.008295595118286295,-0.008798474667611458
mom,diag,1990-03-31,1990-04-30,0.0038240383357272716,0.5155820480084472,False,1.401742926982156,0.0033084562877188244,0.0027928742397103773,0.0022772921917019297
mom,diag,1990-04-30,1990-05-31,0.02299329541116687,0.38868626542534285,False,1.467985782817856,0.022604609145741524,0.022215922880316184,0.02182723661489084
mom,diag,1990-05-31,1990-06-30,0.0004953863764590859,0.40041589883697337,False,1.4446092383388562,9.497047762211254e-05,-0.00030544542121486084,-0.0007058613200518343
mom,diag,1990-06-30,1990-07-31,0.02598040703450489,0.4890729863797556,False,1.3810110366457637,0.025491334048125133,0.025002261061745377,0.02451318807536562
mom,diag,1990-07-31,1990-08-31,0.01259880237031105,0.4515970488830743,False,1.368522322912218,0.012147205321427976,0.011695608272544901,0.011244011223661827
mom,diag,1990-08-31,1990-09-30,0.020513552556154065,0.4647649135618213,False,1.3577947576030245,0.020048787642592242,0.019584022729030422,0.0191192578154686
mom,diag,1990-09-30,1990-10-31,0.03427247407346736,0.3346473304699646,False,1.3573854620387065,0.0339378267429974,0.03360317941252743,0.03326853208205747
mom,diag,1990-10-31,1990-11-30,-0.02254558583887948,0.40513524136351575,False,1.2620929193706172,-0.022950721080242997,-0.02335585632160651,-0.023760991562970027
mom,diag,1990-11-30,1990-12-31,-0.0083161301741272,0.5556826648838424,False,1.2338655372921328,-0.008871812839011043,-0.009427495503894885,-0.009983178168778728
mom,diag,1990-12-31,1991-01-31,-0.0029304625074222136,0.4299110231262258,False,1.216186528954259,-0.003360373530548439,-0.0037902845536746652,-0.004220195576800891
mom,diag,1991-01-31,1991-02-28,-0.010552491750807226,0.47667685662477766,False,1.1517060293947476,-0.011029168607432003,-0.011505845464056782,-0.011982522320681558
mom,diag,1991-02-28,1991-03-31,0.012815289416115408,0.42256998465855733,False,1.160923410202874,0.012392719431456851,0.011970149446798294,0.011547579462139737
mom,diag,1991-03-31,1991-04-30,-0.014331908780867413,0.40702905874395123,False,1.118735454606447,-0.014738937839611364,-0.015145966898355316,-0.015552995957099268
mom,diag,1991-04-30,1991-05-31,0.0012089259678505753,0.3807650648012653,False,1.1282311487906256,0.0008281609030493099,0.0004473958382480446,6.663077344677931e-05
mom,diag,1991-05-31,1991-06-30,-0.004862782095737961,0.42152612901013914,False,1.1810667322315311,-0.0052843082247481,-0.00570583435375824,-0.006127360482768379
mom,diag,1991-06-30,1991-07-31,0.020623648718095702,0.4825141407652831,False,1.3043056241291517,0.020141134577330418,0.019658620436565136,0.01917610629579985
mom,diag,1991-07-31,1991-08-31,0.024061268435092764,0.5567357804110152,False,1.331926518193553,0.023504532654681748,0.022947796874270735,0.02239106109385972
mom,diag,1991-08-31,1991-09-30,0.011905190198551335,0.41295951678831394,False,1.3196747728080225,0.01149223068176302,0.011079271164974707,0.010666311648186393
mom,diag,1991-09-30,1991-10-31,0.006146760542392735,0.4750142170186797,False,1.2363119411527443,0.005671746325374055,0.005196732108355376,0.004721717891336696
mom,diag,1991-10-31,1991-11-30,0.006467042378205836,0.5064855284128961,False,1.2437331031702503,0.00596055684979294,0.005454071321380044,0.004947585792967148
mom,diag,1991-11-30,1991-12-31,0.024909524435671928,0.43817069150168814,False,1.345185330413617,0.02447135374417024,0.024033183052668553,0.023595012361166862
mom,diag,1991-12-31,1992-01-31,-0.019804851454418133,0.3686136608722246,False,1.3335318808945051,-0.02017346511529036,-0.020542078776162584,-0.020910692437034806
mom,diag,1992-01-31,1992-02-29,-0.009765339405156311,0.4076163709695962,False,1.349750192383294,-0.010172955776125907,-0.010580572147095504,-0.010988188518065099
mom,diag,1992-02-29,1992-03-31,0.011847553302816768,0.5480312642030098,False,1.3010339048873718,0.011299522038613759,0.010751490774410748,0.010203459510207739
mom,diag,1992-03-31,1992-04-30,-0.0158872340545578,0.582229031316384,False,1.2794108507557698,-0.016469463085874183,-0.017051692117190567,-0.01763392114850695
mom,diag,1992-04-30,1992-05-31,0.008588244372327757,0.35644729558683846,False,1.3257443260179054,0.008231797076740918,0.007875349781154081,0.007518902485567242
mom,diag,1992-05-31,1992-06-30,-0.00604349684052333,0.5678752872656931,False,1.3315391414363014,-0.006611372127789023,-0.007179247415054717,-0.00774712270232041
mom,diag,1992-06-30,1992-07-31,0.004155800689351202,0.4418718009472134,False,1.3143802932126412,0.003713928888403989,0.0032720570874567754,0.002830185286509562
mom,diag,1992-07-31,1992-08-31,-0.006549925764104923,0.6490750732266756,False,1.3638671993606974,-0.007199000837331599,-0.007848075910558274,-0.00849715098378495
mom,diag,1992-08-31,1992-09-30,0.0038323726105397313,0.453752912758226,False,1.397233768774422,0.003378619697781505,0.0029248667850232794,0.002471113872265053
mom,diag,1992-09-30,1992-10-31,0.007258551265473342,0.6130363847248542,False,1.5260274578788444,0.006645514880748488,0.006032478496023634,0.005419442111298779
mom,diag,1992-10-31,1992-11-30,0.015755925160545706,0.6340626710552526,False,1.5627940486335437,0.015121862489490453,0.0144877998184352,0.013853737147379948
mom,diag,1992-11-30,1992-12-31,0.0044913378192162606,0.6144919555430186,False,1.454287203359361,0.0038768458636732417,0.0032623539081302233,0.002647861952587205
mom,diag,1992-12-31,1993-01-31,0.03924856471248773,0.41147215293887496,False,1.3312450462933798,0.038837092559548855,0.038425620406609975,0.0380141482536711
mom,diag,1993-01-31,1993-02-28,0.020036563840850112,0.7199985368872425,False,1.516475656016562,0.01931656530396287,0.018596566767075627,0.017876568230188385
mom,diag,1993-02-28,1993-03-31,0.007738288808096825,0.3950378846614858,False,1.468402769152761,0.007343250923435339,0.006948213038773853,0.0065531751541123675
mom,diag,1993-03-31,1993-04-30,0.0039614865258118396,0.5715574313099269,False,1.3940402532336769,0.0033899290945019127,0.0028183716631919858,0.002246814231882059
mom,diag,1993-04-30,1993-05-31,-0.007018555639557224,0.5680061785100134,False,1.3966045028008724,-0.0075865618180672376,-0.008154567996577251,-0.008722574175087264
mom,diag,1993-05-31,1993-06-30,0.030279162473019854,0.630827726146609,False,1.2780804328972688,0.029648334746873246,0.029017507020726637,0.02838667929458003
mom,diag,1993-06-30,1993-07-31,0.021991048374410845,0.5513808855494253,False,1.3230653497858846,0.02143966748886142,0.020888286603311993,0.02033690571776257
mom,diag,1993-07-31,1993-08-31,0.016234640576851964,0.46313137109489866,False,1.2884515486512123,0.015771509205757064,0.015308377834662166,0.014845246463567267
mom,diag,1993-08-31,1993-09-30,0.016492021172234108,0.3350249380497043,False,1.2810334461099548,0.016156996234184404,0.0158219712961347,0.015486946358084995
mom,diag,1993-09-30,1993-10-31,-0.021411284598702736,0.3063409334842218,False,1.269959945794551,-0.02171762553218696,-0.02202396646567118,-0.0223303073991554
mom,diag,1993-10-31,1993-11-30,-0.02806477582297084,0.27375657212427623,False,1.2665984988467163,-0.028338532395095116,-0.028612288967219394,-0.02888604553934367
mom,diag,1993-11-30,1993-12-31,0.006985473640425071,0.38252244394371976,False,1.1949272886643283,0.006602951196481351,0.006220428752537632,0.005837906308593912
mom,diag,1993-12-31,1994-01-31,0.0010293742778408094,0.4827931259427176,False,1.2562621512128085,0.0005465811518980917,6.378802595537409e-05,-0.00041900509998734356
mom,diag,1994-01-31,1994-02-28,0.015861643612717025,0.5582792625216186,False,1.288264784040309,0.015303364350195406,0.014745085087673786,0.014186805825152169
mom,diag,1994-02-28,1994-03-31,-0.005842898706552093,0.6120365583215523,False,1.3324209267417537,-0.006454935264873645,-0.007066971823195198,-0.00767900838151675
mom,diag,1994-03-31,1994-04-30,-0.01775361220289014,0.4889932912956607,False,1.3676507362334565,-0.018242605494185802,-0.018731598785481463,-0.01922059207677712
mom,diag,1994-04-30,1994-05-31,0.0006975492741938087,0.5426979455497014,False,1.3547301936583658,0.00015485132864410727,-0.00038784661690559417,-0.0009305445624552956
mom,diag,1994-05-31,1994-06-30,-0.005992839970337724,0.7440330165294516,False,1.5729480329780434,-0.006736872986867176,-0.0074809060033966274,-0.008224939019926079
mom,diag,1994-06-30,1994-07-31,0.00022349394182364683,0.8445245144400373,False,1.500072815544327,-0.0006210305726163905,-0.0014655550870564277,-0.002310079601496465
mom,diag,1994-07-31,1994-08-31,0.021767198863063025,0.8686610003465736,False,1.569459068251278,0.020898537862716452,0.02002987686236988,0.019161215862023306
mom,diag,1994-08-31,1994-09-30,0.007102294358688848,0.7610605952427362,False,1.6010736090475999,0.006341233763446112,0.005580173168203376,0.004819112572960639
mom,diag,1994-09-30,1994-10-31,-0.007239214125250684,0.5579604159273562,False,1.5271492804966813,-0.00779717454117804,-0.008355134957105397,-0.008913095373032753
mom,diag,1994-10-31,1994-11-30,-0.008828103152671957,0.7118968867500426,False,1.5614725184646232,-0.009540000039422,-0.010251896926172042,-0.010963793812922085
mom,diag,1994-11-30,1994-12-31,0.006643637188433358,0.7597231831668261,False,1.6128495441153459,0.0058839140052665325,0.005124190822099706,0.00436446763893288
mom,diag,1994-12-31,1995-01-31,-0.004631458929489254,0.8716172984786692,False,1.52233230594689,-0.005503076227967923,-0.006374693526446593,-0.007246310824925262
mom,diag,1995-01-31,1995-02-28,0.01474768479102896,0.6741523828426885,False,1.5334187851543695,0.014073532408186271,0.013399380025343582,0.012725227642500895
mom,diag,1995-02-28,1995-03-31,0.0024115820885254485,0.9124760037541124,False,1.4684764413843276,0.001499106084771336,0.0005866300810172236,-0.000325845922736889
mom,diag,1995-03-31,1995-04-30,0.025917432226814165,0.49995365612178577,False,1.543529986346028,0.02541747857069238,0.024917524914570593,0.024417571258448807
mom,diag,1995-04-30,1995-05-31,0.0006250015831082647,0.6000056501999332,False,1.5668755487166885,2.499593290833152e-05,-0.0005750097172916017,-0.0011750153674915352
mom,diag,1995-05-31,1995-06-30,0.02125300562283067,0.6543768449939495,False,1.5764506710984652,0.020598628777836723,0.01994425193284277,0.019289875087848823
mom,diag,1995-06-30,1995-07-31,0.0025702238665626935,0.44642641193020727,False,1.5399649390562167,0.0021237974546324864,0.001677371042702279,0.0012309446307720716
mom,diag,1995-07-31,1995-08-31,-0.006517042322177019,0.5124895743575422,False,1.4147425935208875,-0.007029531896534561,-0.007542021470892103,-0.008054511045249646
mom,diag,1995-08-31,1995-09-30,0.014216794842087337,0.46118384296856335,False,1.3940986785969043,0.013755610999118774,0.01329442715615021,0.012833243313181647
mom,diag,1995-09-30,1995-10-31,0.03289297140553659,0.5054366813302118,False,1.4599344112806345,0.03238753472420638,0.031882098042876166,0.03137666136154595
mom,diag,1995-10-31,1995-11-30,-0.015890115982280878,0.6308511969099413,False,1.4663476521465124,-0.01652096717919082,-0.01715181837610076,-0.017782669573010702
mom,diag,1995-11-30,1995-12-31,-0.008151963185261348,0.4736095233388481,False,1.466063931398706,-0.008625572708600196,-0.009099182231939043,-0.009572791755277893
mom,diag,1995-12-31,1996-01-31,0.005604407378236307,0.40684481375267917,False,1.5399306360918514,0.005197562564483628,0.004790717750730949,0.00438387293697827
mom,diag,1996-01-31,1996-02-29,-0.001255828990354228,0.6232557752049278,False,1.6444047066818526,-0.0018790847655591556,-0.0025023405407640833,-0.0031255963159690114
mom,diag,1996-02-29,1996-03-31,-0.023722409795708523,0.653027736120858,False,1.6198770988529572,-0.024375437531829382,-0.025028465267950238,-0.025681493004071097
mom,diag,1996-03-31,1996-04-30,-0.009814602865272143,0.5140152463951257,False,1.6352131558016532,-0.010328618111667269,-0.010842633358062395,-0.01135664860445752
mom,diag,1996-04-30,1996-05-31,-0.006451473991295677,0.7592791615879753,False,1.7257761632684476,-0.007210753152883652,-0.007970032314471628,-0.008729311476059601
mom,diag,1996-05-31,1996-06-30,-0.0057113332058096895,0.9943381227969548,False,1.7407343783524112,-0.006705671328606644,-0.007700009451403599,-0.008694347574200553
mom,diag,1996-06-30,1996-07-31,0.005956653798554981,0.7770211574645377,False,1.8246941306018631,0.005179632641090443,0.004402611483625906,0.0036255903261613676
mom,diag,1996-07-31,1996-08-31,-0.005452864221132046,0.8953021458980701,False,1.5086584903122682,-0.006348166367030116,-0.007243468512928186,-0.008138770658826256
mom,diag,1996-08-31,1996-09-30,0.007172366919151131,0.5554812381748484,False,1.521277374198677,0.0066168856809762835,0.006061404442801435,0.005505923204626586
mom,diag,1996-09-30,1996-10-31,0.0073587554101994124,0.7949891043403625,False,1.6819707335322198,0.00656376630585905,0.005768777201518687,0.004973788097178324
mom,diag,1996-10-31,1996-11-30,-0.016892973250389486,0.8955469558159548,False,1.7734858987273387,-0.01778852020620544,-0.018684067162021395,-0.01957961411783735
mom,diag,1996-11-30,1996-12-31,0.013405349386304131,0.8802804028517819,False,1.7613240145014937,0.01252506898345235,0.011644788580600567,0.010764508177748785
mom,diag,1996-12-31,1997-01-31,0.030448981496963515,0.9865378936055489,False,1.8669791589130418,0.029462443603357966,0.02847590570975242,0.02748936781614687
mom,diag,1997-01-31,1997-02-28,-0.009720518454369305,0.9073754026958805,False,1.6416670783584941,-0.010627893857065186,-0.011535269259761066,-0.012442644662456946
mom,diag,1997-02-28,1997-03-31,0.003958937457692121,0.639667479620225,False,1.617251169161111,0.003319269978071896,0.002679602498451671,0.0020399350188314465
mom,diag,1997-03-31,1997-04-30,0.02204302065779298,0.728720549950095,False,1.721086024080235,0.021314300107842885,0.02058557955789279,0.019856859007942693
mom,diag,1997-04-30,1997-05-31,-0.016360230696094862,0.6778060251369906,False,1.6468113925734447,-0.01703803672123185,-0.017715842746368844,-0.018393648771505833
mom,diag,1997-05-31,1997-06-30,0.011299928276786313,0.6424486854447178,False,1.6493294550829751,0.010657479591341595,0.010015030905896878,0.00937258222045216
mom,diag,1997-06-30,1997-07-31,0.055751300299516235,0.5135707786137171,False,1.8127679353954917,0.055237729520902515,0.0547241587422888,0.05421058796367508
mom,diag,1997-07-31,1997-08-31,-0.03206722118632927,0.5947575453738557,False,1.6103711116800088,-0.03266197873170313,-0.03325673627707698,-0.03385149382245084
mom,diag,1997-08-31,1997-09-30,-0.0016981245454566233,0.5490197329835536,False,1.4779895088074495,-0.0022471442784401767,-0.0027961640114237303,-0.003345183744407284
mom,diag,1997-09-30,1997-10-31,-0.0002967086607080041,0.6954316327025025,False,1.5251612724798382,-0.0009921402934105067,-0.001687571926113009,-0.0023830035588155115
mom,diag,1997-10-31,1997-11-30,0.0075557567906489554,0.6223937327031162,False,1.5259505132420004,0.00693336305794584,0.006310969325242723,0.005688575592539607
mom,diag,1997-11-30,1997-12-31,0.025449104017233205,0.8341267659172487,False,1.519300924197819,0.024614977251315957,0.023780850485398707,0.02294672371948146
mom,diag,1997-12-31,1998-01-31,0.008389909837568998,0.7013399297633063,False,1.3506698980162224,0.007688569907805691,0.006987229978042385,0.006285890048279079
mom,diag,1998-01-31,1998-02-28,-0.0035106887848553895,0.4837853691718056,False,1.338488568437107,-0.003994474154027195,-0.004478259523199001,-0.004962044892370806
mom,diag,1998-02-28,1998-03-31,0.00493946288549753,0.6316930817787544,False,1.355475023507479,0.004307769803718775,0.003676076721940021,0.0030443836401612663
mom,diag,1998-03-31,1998-04-30,-0.001402600633048951,0.4696345674641021,False,1.4154271731808994,-0.001872235200513053,-0.0023418697679771553,-0.0028115043354412575
mom,diag,1998-04-30,1998-05-31,0.02053900327508869,0.5150800809377268,False,1.456383097101693,0.020023923194150965,0.01950884311321324,0.018993763032275512
mom,diag,1998-05-31,1998-06-30,0.05290041042234685,0.4119298875738874,False,1.4505849505943935,0.05248848053477296,0.05207655064719907,0.051664620759625184
mom,diag,1998-06-30,1998-07-31,0.008660934259986071,0.4108171061935797,False,1.3470210395360827,0.008250117153792492,0.007839300047598911,0.007428482941405332
mom,diag,1998-07-31,1998-08-31,0.017064228886927237,0.4830970952817304,False,1.3720633509666584,0.01658113179164551,0.016098034696363776,0.015614937601082046
mom,diag,1998-08-31,1998-09-30,-0.03222953834291927,0.43906120351626926,False,1.291885812914887,-0.03266859954643554,-0.03310766074995181,-0.03354672195346808
mom,diag,1998-09-30,1998-10-31,-0.0014677848608807258,0.49346058218749045,False,1.2247358057124005,-0.001961245443068216,-0.0024547060252557065,-0.002948166607443197
mom,diag,1998-10-31,1998-11-30,0.00793872718686151,0.6052914337218722,False,1.2697741420195903,0.0073334357531396385,0.006728144319417766,0.006122852885695893
mom,diag,1998-11-30,1998-12-31,0.04271308993777545,0.4181482452300033,False,1.3649810918601104,0.04229494169254545,0.041876793447315444,0.04145864520208544
mom,diag,1998-12-31,1999-01-31,0.03629398541390513,0.470282487357939,False,1.208981303113468,0.03582370292654719,0.03535342043918926,0.03488313795183132
mom,diag,1999-01-31,1999-02-28,-0.0018178462176585994,0.3684936023634889,False,1.1745309814008824,-0.0021863398200220882,-0.0025548334223855773,-0.0029233270247490664
mom,diag,1999-02-28,1999-03-31,0.027070526403440733,0.32488098789271813,False,1.0510208363109523,0.026745645415548015,0.026420764427655296,0.026095883439762577
mom,diag,1999-03-31,1999-04-30,-0.05843556211924594,0.30206990885771756,False,1.0913425783744397,-0.05873763202810366,-0.059039701936961377,-0.0593417718458191
mom,diag,1999-04-30,1999-05-31,-0.010913577364676075,0.41998557159271777,False,0.9578440095682357,-0.011333562936268792,-0.01175354850786151,-0.012173534079454228
mom,diag,1999-05-31,1999-06-30,0.004125522601857323,0.4238270991472817,False,0.9471684612787171,0.003701695502710041,0.0032778684035627594,0.002854041304415478
mom,diag,1999-06-30,1999-07-31,0.007969629300890888,0.3614871579156383,False,1.033234116682699,0.007608142142975249,0.007246654985059611,0.0068851678271439724
mom,diag,1999-07-31,1999-08-31,0.023193361340306175,0.4266157322185583,False,1.1065168577780973,0.022766745608087616,0.022340129875869058,0.0219135141436505
mom,diag,1999-08-31,1999-09-30,0.027559628599739937,0.3562411357013216,False,1.042594921158626,0.027203387464038616,0.026847146328337294,0.026490905192635972
mom,diag,1999-09-30,1999-10-31,0.040393000006268484,0.3815682005558005,False,1.0519202801019112,0.040011431805712684,0.039629863605156884,0.039248295404601084
mom,diag,1999-10-31,1999-11-30,0.02476552740168062,0.4275869955594036,False,0.9687891173573159,0.024337940406121215,0.023910353410561812,0.023482766415002406
mom,diag,1999-11-30,1999-12-31,0.05988689844387478,0.392816550203832,False,0.9267664978677927,0.05949408189367095,0.059101265343467116,0.058708448793263285
mom,diag,1999-12-31,2000-01-31,0.01482877153131878,0.3412113147717228,False,0.9364528464393118,0.014487560216547056,0.014146348901775335,0.013805137587003611
mom,diag,2000-01-31,2000-02-29,0.06029954990800579,0.3631314458631942,False,1.014648934054448,0.05993641846214259,0.059573287016279404,0.05921015557041621
mom,diag,2000-02-29,2000-03-31,-0.022743397874527217,0.37880499439310167,False,0.8137311786534631,-0.02312220286892032,-0.023501007863313418,-0.02387981285770652
mom,diag,2000-03-31,2000-04-30,-0.025934668496693094,0.29924222071842393,False,0.7323718650159031,-0.026233910717411518,-0.026533152938129943,-0.026832395158848367
mom,diag,2000-04-30,2000-05-31,-0.02653654821862683,0.2807508940657957,False,0.7980583595500574,-0.026817299112692625,-0.02709805000675842,-0.027378800900824216
mom,diag,2000-05-31,2000-06-30,0.0374759575399008,0.20502523977014459,False,0.7972149266078952,0.037270932300130656,0.03706590706036051,0.03686088182059037
mom,diag,2000-06-30,2000-07-31,-0.023524788481462756,0.3294114517812278,False,0.8935268470023576,-0.023854199933243985,-0.024183611385025214,-0.02451302283680644
mom,diag,2000-07-31,2000-08-31,0.03273694834523987,0.3208211559810147,False,0.8143373712945169,0.03241612718925886,0.03209530603327784,0.03177448487729683
mom,diag,2000-08-31,2000-09-30,-0.025402174123190163,0.3226200254011383,False,0.8968151826339539,-0.0257247941485913,-0.02604741417399244,-0.02637003419939358
mom,diag,2000-09-30,2000-10-31,-0.02589511568577624,0.3059776802232213,False,0.8504013538949021,-0.02620109336599946,-0.026507071046222686,-0.026813048726445906
mom,diag,2000-10-31,2000-11-30,-0.02835643837011228,0.4683015181954526,False,1.03223850318683,-0.02882473988830773,-0.029293041406503184,-0.029761342924698637
mom,diag,2000-11-30,2000-12-31,0.008492453720467965,0.46099418790771673,False,1.1315738272820617,0.008031459532560249,0.0075704653446525315,0.007109471156744815
mom,diag,2000-12-31,2001-01-31,-0.05513985691934346,0.692866160232598,False,0.902724459818803,-0.05583272307957606,-0.05652558923980866,-0.05721845540004126
mom,diag,2001-01-31,2001-02-28,0.03852684254259444,0.3913950420256215,False,0.7507640198992988,0.03813544750056882,0.0377440524585432,0.037352657416517575
mom,diag,2001-02-28,2001-03-31,0.015349704273585054,0.25084562355408335,False,0.689357251505584,0.015098858650030971,0.014848013026476887,0.014597167402922804
mom,diag,2001-03-31,2001-04-30,-0.013773889059851219,0.27532413672083333,False,0.609312887878541,-0.014049213196572052,-0.014324537333292885,-0.01459986147001372
mom,diag,2001-04-30,2001-05-31,0.0005071337635449212,0.21607107371927953,False,0.5805055368392258,0.0002910626898256416,7.499161610636211e-05,-0.0001410794576129174
mom,diag,2001-05-31,2001-06-30,0.0007554517911652754,0.22361319351282244,False,0.6205388605232168,0.000531838597652453,0.00030822540413963053,8.461221062680806e-05
mom,diag,2001-06-30,2001-07-31,0.0065917955192678025,0.20971633287916866,False,0.6402189691764508,0.006382079186388634,0.006172362853509465,0.005962646520630296
mom,diag,2001-07-31,2001-08-31,0.017206956119961765,0.21424188479320455,False,0.6295392770592977,0.01699271423516856,0.016778472350375356,0.016564230465582152
mom,diag,2001-08-31,2001-09-30,0.02619646287553039,0.28405212751652986,False,0.6316941649150485,0.025912410748013863,0.02562835862049733,0.025344306492980802
mom,diag,2001-09-30,2001-10-31,-0.006323211092931945,0.26141514240618635,False,0.6752143643622938,-0.0065846262353381315,-0.006846041377744317,-0.007107456520150504
mom,diag,2001-10-31,2001-11-30,-0.03221486771617685,0.3193470737101132,False,0.6574481136077627,-0.03253421478988696,-0.03285356186359707,-0.03317290893730719
mom,diag,2001-11-30,2001-12-31,0.009475251921248536,0.30584673722545064,False,0.7441155254664273,0.009169405184023085,0.008863558446797634,0.008557711709572185
mom,diag,2001-12-31,2002-01-31,0.02466559164645081,0.3685257134341568,False,0.8393885217779242,0.024297065933016653,0.023928540219582496,0.02356001450614834
mom,diag,2002-01-31,2002-02-28,0.020120295800161527,0.3830450686668436,False,0.7236374847959675,0.019737250731494682,0.01935420566282784,0.018971160594160996
mom,diag,2002-02-28,2002-03-31,-0.0033617331443959895,0.4193348596929432,False,0.9504064467632429,-0.0037810680040889326,-0.004200402863781876,-0.004619737723474819
mom,diag,2002-03-31,2002-04-30,0.0372306965944881,0.3267047222128316,False,0.8412263290827311,0.03690399187227527,0.036577287150062435,0.036250582427849606
mom,diag,2002-04-30,2002-05-31,0.008731115761258037,0.2667200146589896,False,0.7922624698176344,0.008464395746599048,0.008197675731940057,0.007930955717281068
mom,diag,2002-05-31,2002-06-30,0.018853107680072506,0.24039295799278734,False,0.8197954085432948,0.018612714722079718,0.018372321764086933,0.018131928806094145
mom,diag,2002-06-30,2002-07-31,-0.004751006419510631,0.2400911987024676,False,0.7720801195454597,-0.004991097618213099,-0.005231188816915567,-0.005471280015618034
mom,diag,2002-07-31,2002-08-31,0.012632260914982232,0.2598134228460696,False,0.7667324010845432,0.012372447492136162,0.012112634069290092,0.011852820646444023
mom,diag,2002-08-31,2002-09-30,0.02398391739810158,0.32160922534321695,False,0.7411996922826843,0.023662308172758363,0.023340698947415146,0.02301908972207193
mom,diag,2002-09-30,2002-10-31,-0.022997731241966524,0.4653381605462492,False,0.9559620575196092,-0.023463069402512773,-0.023928407563059022,-0.02439374572360527
mom,diag,2002-10-31,2002-11-30,-0.03382886158938818,0.4737907055559635,False,0.7690756785734693,-0.03430265229494414,-0.034776443000500104,-0.03525023370605607
mom,diag,2002-11-30,2002-12-31,0.02513756541340982,0.34143271917444973,False,0.7502230123713183,0.024796132694235373,0.02445469997506092,0.024113267255886472
mom,diag,2002-12-31,2003-01-31,-0.004673030584253823,0.3484965506002679,False,0.9022992268488481,-0.005021527134854091,-0.005370023685454359,-0.005718520236054627
mom,diag,2003-01-31,2003-02-28,-0.006368980436210562,0.3621102141460537,False,0.7640257693173477,-0.006731090650356616,-0.00709320086450267,-0.007455311078648724
mom,diag,2003-02-28,2003-03-31,0.0035592783056750867,0.41923355168909665,False,0.8890593292907507,0.0031400447539859902,0.0027208112022968933,0.0023015776506077968
mom,diag,2003-03-31,2003-04-30,-0.01826986473041047,0.3537884236899472,False,0.9899050658485031,-0.018623653154100417,-0.018977441577790362,-0.01933123000148031
mom,diag,2003-04-30,2003-05-31,-0.02509307576440797,0.5385196777829118,False,1.0966027400260479,-0.02563159544219088,-0.026170115119973796,-0.026708634797756706
mom,diag,2003-05-31,2003-06-30,-0.006641420604615727,0.4497905720839121,False,1.1687577108111962,-0.0070912111766996385,-0.007541001748783551,-0.007990792320867463
mom,diag,2003-06-30,2003-07-31,-0.01976153482290587,0.6817221491539637,False,1.0117905269044192,-0.020443256972059832,-0.021124979121213798,-0.02180670127036776
mom,diag,2003-07-31,2003-08-31,0.002417226000293104,0.6447770381292379,False,0.8977084065677302,0.0017724489621638658,0.001127671924034628,0.00048289488590539005
mom,diag,2003-08-31,2003-09-30,0.003434365603953891,0.6221056458569901,False,0.9192417364095692,0.0028122599580969005,0.0021901543122399107,0.0015680486663829205
mom,diag,2003-09-30,2003-10-31,0.02221826936176552,0.43496480517456726,False,0.7015770438451882,0.02178330455659095,0.021348339751416385,0.020913374946241816
mom,diag,2003-10-31,2003-11-30,0.014094355372383084,0.4948583369299463,False,0.9245845690428263,0.013599497035453137,0.01310463869852319,0.012609780361593244
mom,diag,2003-11-30,2003-12-31,-0.01850973770104998,0.4262442952862837,False,1.0004791582544768,-0.018935981996336265,-0.01936222629162255,-0.019788470586908833
mom,diag,2003-12-31,2004-01-31,-0.0067129914960519345,0.41286518537879535,False,0.8901069392717231,-0.00712585668143073,-0.007538721866809525,-0.007951587052188321
mom,diag,2004-01-31,2004-02-29,0.0038589494043012548,0.39021339741664596,False,0.8669245209419005,0.003468736006884609,0.003078522609467963,0.002688309212051317
mom,diag,2004-02-29,2004-03-31,-0.0004832796200618897,0.3463843115058293,False,0.9466191338885583,-0.000829663931567719,-0.0011760482430735483,-0.0015224325545793776
mom,diag,2004-03-31,2004-04-30,-0.030133354108240473,0.320414584926217,False,0.9850548156639751,-0.03045376869316669,-0.030774183278092906,-0.031094597863019123
mom,diag,2004-04-30,2004-05-31,0.002523095321056612,0.40278369734095476,False,0.9897165679739708,0.002120311623715657,0.0017175279263747022,0.0013147442290337475
mom,diag,2004-05-31,2004-06-30,0.010309151548859858,0.7678400843472635,False,1.3278432839677172,0.009541311464512594,0.008773471380165331,0.008005631295818067
mom,diag,2004-06-30,2004-07-31,-0.00846476657840814,0.563528458301373,False,1.2224990949370644,-0.009028295036709513,-0.009591823495010886,-0.010155351953312259
mom,diag,2004-07-31,2004-08-31,-0.004742439577987878,0.6320319360968039,False,1.1685237878495496,-0.005374471514084682,-0.006006503450181486,-0.00663853538627829
mom,diag,2004-08-31,2004-09-30,0.01653676607083723,0.655415511613762,False,1.1468555183729017,0.01588135055922347,0.015225935047609706,0.014570519535995944
mom,diag,2004-09-30,2004-10-31,-0.01655099320805952,0.4805056851356209,False,1.089895237888228,-0.017031498893195142,-0.017512004578330763,-0.017992510263466384
mom,diag,2004-10-31,2004-11-30,0.0215588883265975,0.4633966502161599,False,1.086996029650166,0.02109549167638134,0.02063209502616518,0.02016869837594902
mom,diag,2004-11-30,2004-12-31,-0.008520226391824141,0.5268483411797138,False,1.127425076733057,-0.009047074733003856,-0.009573923074183569,-0.010100771415363283
mom,diag,2004-12-31,2005-01-31,0.021517872262169935,0.5243202144721479,False,1.1344113475952604,0.02099355204769779,0.02046923183322564,0.019944911618753492
mom,diag,2005-01-31,2005-02-28,0.03312810659706043,0.48274024209700034,False,1.1650024127955956,0.032645366354963436,0.03216262611286643,0.031679885870769434
mom,diag,2005-02-28,2005-03-31,-0.0016494135084940808,0.42250730457770236,False,1.1702461503099504,-0.002071920813071783,-0.0024944281176494856,-0.002916935422227188
mom,diag,2005-03-31,2005-04-30,-0.007558273909030778,0.4623579231065272,False,1.125262811544356,-0.008020631832137306,-0.008482989755243833,-0.00894534767835036
mom,diag,2005-04-30,2005-05-31,0.006603040908122087,0.29408256418316264,False,1.157915574910949,0.006308958343938924,0.006014875779755762,0.005720793215572599
mom,diag,2005-05-31,2005-06-30,0.01577630321054257,0.4079395082663775,False,1.152806929125589,0.015368363702276193,0.014960424194009817,0.014552484685743439
mom,diag,2005-06-30,2005-07-31,-0.0009320161000399853,0.3326178741748187,False,1.1355285773417405,-0.0012646339742148041,-0.0015972518483896227,-0.0019298697225644415
mom,diag,2005-07-31,2005-08-31,0.004422376241117842,0.4325082976211596,False,1.076162427053815,0.003989867943496683,0.003557359645875523,0.0031248513482543634
mom,diag,2005-08-31,2005-09-30,0.014673111849914735,0.4621738094959717,False,1.0725408847075566,0.014210938040418763,0.013748764230922791,0.01328659042142682
mom,diag,2005-09-30,2005-10-31,-0.022831894625114642,0.367190143056877,False,1.1068880537743453,-0.02319908476817152,-0.023566274911228396,-0.023933465054285275
mom,diag,2005-10-31,2005-11-30,-0.004221113800522001,0.4392500287239092,False,1.088108697588703,-0.0046603638292459105,-0.0050996138579698196,-0.005538863886693729
mom,diag,2005-11-30,2005-12-31,0.004763601153744424,0.4438943268239999,False,1.1299245569595897,0.004319706826920425,0.0038758125000964245,0.003431918173272425
mom,diag,2005-12-31,2006-01-31,0.036016103730105775,0.41072657400139,False,1.1524489799278026,0.03560537715610439,0.03519465058210299,0.034783924008101604
mom,diag,2006-01-31,2006-02-28,-0.019330399961183044,0.4019085285082706,False,1.1248224866301033,-0.019732308489691316,-0.020134217018199587,-0.020536125546707855
mom,diag,2006-02-28,2006-03-31,0.013510598540301417,0.4177079553589682,False,1.1095615757151727,0.013092890584942448,0.012675182629583481,0.012257474674224512
mom,diag,2006-03-31,2006-04-30,0.023568027074941683,0.2932355101102081,False,1.1844481596962009,0.023274791564831476,0.022981556054721266,0.02268832054461106
mom,diag,2006-04-30,2006-05-31,-0.02169501760576987,0.4677573030810857,False,1.0003123414899513,-0.022162774908850956,-0.02263053221193204,-0.023098289515013127
mom,diag,2006-05-31,2006-06-30,-0.0007519729886874646,0.3524891467038827,False,0.9020059723424021,-0.0011044621353913473,-0.0014569512820952302,-0.0018094404287991128
mom,diag,2006-06-30,2006-07-31,-0.01441211240365164,0.36362813068439903,False,1.0082461402104186,-0.014775740534336038,-0.015139368665020438,-0.015502996795704837
mom,diag,2006-07-31,2006-08-31,-0.01695132158746749,0.3622346651656157,False,1.0887890624889176,-0.017313556252633106,-0.017675790917798723,-0.018038025582964336
mom,diag,2006-08-31,2006-09-30,-0.007060481946055441,0.523205215419623,False,1.2603160443425552,-0.007583687161475064,-0.008106892376894687,-0.00863009759231431
mom,diag,2006-09-30,2006-10-31,-0.001030277334862867,0.6323856523436642,False,1.3405708293156195,-0.0016626629872065312,-0.0022950486395501954,-0.0029274342918938594
mom,diag,2006-10-31,2006-11-30,0.0017617860139383659,0.5981966473828519,False,1.3221762996089375,0.0011635893665555138,0.000565392719172662,-3.280392821019e-05
mom,diag,2006-11-30,2006-12-31,0.0009610124870058613,0.5649069895230893,False,1.4259908725520065,0.0003961054974827721,-0.00016880149204031713,-0.0007337084815634065
mom,diag,2006-12-31,2007-01-31,0.005098411774655418,0.4118587880228464,False,1.4131292740838761,0.004686552986632571,0.004274694198609725,0.003862835410586878
mom,diag,2007-01-31,2007-02-28,-0.0063204597647532786,0.9068823806071883,False,1.1993565928593828,-0.007227342145360467,-0.008134224525967656,-0.009041106906574843
mom,diag,2007-02-28,2007-03-31,0.022753656926141702,0.6450619083724043,False,1.350123211955263,0.022108595017769298,0.021463533109396894,0.02081847120102449
mom,diag,2007-03-31,2007-04-30,-0.006011965172918922,0.5807954766781758,False,1.3848116272789746,-0.006592760649597098,-0.007173556126275274,-0.00775435160295345
mom,diag,2007-04-30,2007-05-31,-0.005075773420953182,0.5474835755027209,False,1.2839573939614715,-0.005623256996455902,-0.006170740571958624,-0.006718224147461344
mom,diag,2007-05-31,2007-06-30,0.008898867107064657,0.5912861638514258,False,1.3500167369795144,0.008307580943213232,0.007716294779361805,0.007125008615510379
mom,diag,2007-06-30,2007-07-31,0.011251159469329848,0.4689073542945288,False,1.325954968958231,0.010782252115035319,0.01031334476074079,0.009844437406446261
mom,diag,2007-07-31,2007-08-31,-0.006408934352707347,0.7206910472532929,False,1.2045193358276447,-0.00712962539996064,-0.007850316447213932,-0.008571007494467226
mom,diag,2007-08-31,2007-09-30,0.020631048226158973,0.49869638499532987,False,1.2077188314773895,0.020132351841163642,0.01963365545616831,0.019134959071172984
mom,diag,2007-09-30,2007-10-31,0.017982984396238827,0.5483576027882148,False,1.2184261189792447,0.017434626793450612,0.016886269190662398,0.016337911587874183
mom,diag,2007-10-31,2007-11-30,0.005339121701385634,0.5488835616609029,False,1.2764593375874804,0.004790238139724731,0.004241354578063829,0.003692471016402925
mom,diag,2007-11-30,2007-12-31,0.032111799521429014,0.3897616470604916,False,1.2748764518236306,0.031722037874368524,0.03133227622730803,0.03094251458024754
mom,diag,2007-12-31,2008-01-31,-0.020736619736083563,0.41414578881097724,False,1.2386269433242878,-0.02115076552489454,-0.02156491131370552,-0.021979057102516495
mom,diag,2008-01-31,2008-02-29,0.05676274805549337,0.3181970327689051,False,1.1807003161704548,0.056444551022724464,0.05612635398995556,0.055808156957186654
mom,diag,2008-02-29,2008-03-31,-0.010721650416276386,0.33942166930949585,False,1.1203020405994355,-0.011061072085585882,-0.011400493754895378,-0.011739915424204873
mom,diag,2008-03-31,2008-04-30,0.01486083127773164,0.23859476776445812,False,1.0890199943255479,0.014622236509967182,0.014383641742202724,0.014145046974438266
mom,diag,2008-04-30,2008-05-31,0.03145259923015411,0.2868853205486221,False,1.1847404857341026,0.031165713909605486,0.030878828589056863,0.030591943268508243
mom,diag,2008-05-31,2008-06-30,0.0584121790207558,0.269282251368923,False,1.1572308253233237,0.05814289676938688,0.05787361451801796,0.05760433226664903
mom,diag,2008-06-30,2008-07-31,-0.028011825757223965,0.22607257230428102,False,1.0393860225511362,-0.028237898329528246,-0.028463970901832527,-0.028690043474136808
mom,diag,2008-07-31,2008-08-31,-0.026156581280077147,0.33397292902027714,False,0.8973367385086661,-0.026490554209097423,-0.026824527138117702,-0.027158500067137978
mom,diag,2008-08-31,2008-09-30,-0.038597440198801305,0.2376149422463655,False,0.9766087229766088,-0.038835055141047674,-0.039072670083294035,-0.039310285025540403
mom,diag,2008-09-30,2008-10-31,0.03287244175507771,0.36856269976921135,False,1.0094729887578064,0.0325038790553085,0.03213531635553929,0.03176675365577008
mom,diag,2008-10-31,2008-11-30,0.017649801041641242,0.6550993927424611,False,1.022839723448556,0.016994701648898783,0.01633960225615632,0.015684502863413857
mom,diag,2008-11-30,2008-12-31,-0.02158469795487402,0.3946599014334235,False,0.960798367312704,-0.021979357856307443,-0.022374017757740866,-0.02276867765917429
mom,diag,2008-12-31,2009-01-31,0.020599895724053303,0.3695765972404059,False,0.9024195690096907,0.020230319126812897,0.01986074252957249,0.019491165932332084
mom,diag,2009-01-31,2009-02-28,0.020423657133943812,0.31482716727059157,False,0.9249965281015969,0.020108829966673222,0.01979400279940263,0.01947917563213204
mom,diag,2009-02-28,2009-03-31,-0.02790199841854877,0.2856680013845878,False,0.9189796399328699,-0.028187666419933356,-0.028473334421317945,-0.02875900242270253
mom,diag,2009-03-31,2009-04-30,-0.12499022162854005,0.298622381735149,False,0.9492452661929405,-0.1252888440102752,-0.12558746639201035,-0.1258860887737455
mom,diag,2009-04-30,2009-05-31,-0.003449635627214918,0.6230526951646584,False,0.7066762222603725,-0.004072688322379577,-0.004695741017544235,-0.005318793712708893
mom,diag,2009-05-31,2009-06-30,0.011904992305543973,0.27430485175243174,False,0.7615115422766693,0.011630687453791541,0.01135638260203911,0.011082077750286677
mom,diag,2009-06-30,2009-07-31,-0.024077591073961364,0.2618941951140507,False,0.7758585400723368,-0.024339485269075416,-0.024601379464189464,-0.024863273659303516
mom,diag,2009-07-31,2009-08-31,-0.0123731633614172,0.2595833651807579,False,0.8151527194227755,-0.012632746726597957,-0.012892330091778715,-0.013151913456959473
mom,diag,2009-08-31,2009-09-30,-0.004975222209809427,0.24753556263704232,False,0.8494195772512995,-0.005222757772446469,-0.005470293335083512,-0.0057178288977205545
mom,diag,2009-09-30,2009-10-31,0.015618263355316174,0.6561767775652505,False,1.0440570541857723,0.014962086577750923,0.014305909800185673,0.013649733022620424
mom,diag,2009-10-31,2009-11-30,-0.0010129804183935272,0.8727263828010288,False,0.8550657219241193,-0.001885706801194556,-0.0027584331839955846,-0.0036311595667966132
mom,diag,2009-11-30,2009-12-31,0.00494521489739348,0.474101134089133,False,0.876503973919708,0.0044711137633043465,0.003997012629215214,0.003522911495126081
mom,diag,2009-12-31,2010-01-31,-0.018028878092218367,0.3979222428728406,False,0.8593776889333141,-0.01842680033509121,-0.018824722577964047,-0.01922264482083689
mom,diag,2010-01-31,2010-02-28,0.017255529277277096,0.38268825923850563,False,0.7829573248470046,0.01687284101803859,0.016490152758800083,0.016107464499561578
mom,diag,2010-02-28,2010-03-31,0.011912930311631148,0.4101134623149417,False,0.7076793799211667,0.011502816849316207,0.011092703387001265,0.010682589924686323
mom,diag,2010-03-31,2010-04-30,0.015365530452531665,0.24059006987812281,False,0.7052772813319677,0.015124940382653542,0.01488435031277542,0.014643760242897296
mom,diag,2010-04-30,2010-05-31,-0.002300421325985599,0.4482600848322672,False,0.8603389928558982,-0.0027486814108178665,-0.003196941495650134,-0.0036452015804824007
mom,diag,2010-05-31,2010-06-30,-0.017247948246260983,0.45631759287496765,False,0.7787650250342499,-0.017704265839135952,-0.018160583432010918,-0.018616901024885887
mom,diag,2010-06-30,2010-07-31,0.008801433677487588,0.284123931406462,False,0.8154769137210052,0.008517309746081126,0.008233185814674663,0.007949061883268202
mom,diag,2010-07-31,2010-08-31,0.015133529995762904,0.6012784849560711,False,1.0014421885297553,0.014532251510806834,0.013930973025850762,0.013329694540894691
mom,diag,2010-08-31,2010-09-30,0.01838223143938607,0.5474700376205992,False,1.1451415568918346,0.017834761401765473,0.017287291364144874,0.016739821326524275
mom,diag,2010-09-30,2010-10-31,0.008535135690939675,0.5832303249425619,False,1.1286116336053078,0.007951905365997113,0.00736867504105455,0.006785444716111989
mom,diag,2010-10-31,2010-11-30,0.0126166423402484,0.5776042382076265,False,1.0216016006108248,0.012039038102040774,0.011461433863833147,0.01088382962562552
mom,diag,2010-11-30,2010-12-31,-0.02311522485604362,0.38711472522750856,False,1.009747695058482,-0.02350233958127113,-0.02388945430649864,-0.024276569031726147
mom,diag,2010-12-31,2011-01-31,-0.01298835557796234,0.46744705227688427,False,1.0069886930734082,-0.013455802630239223,-0.013923249682516108,-0.014390696734792992
mom,diag,2011-01-31,2011-02-28,0.0017806961035771167,0.5309276916172411,False,0.9344599736510089,0.0012497684119598756,0.0007188407203426346,0.00018791302872539343
mom,diag,2011-02-28,2011-03-31,0.01375283095887206,0.3818169924607899,False,0.882622749997949,0.013371013966411271,0.01298919697395048,0.01260737998148969
mom,diag,2011-03-31,2011-04-30,-0.0026065713712139864,0.3032581353867887,False,0.9799354628590757,-0.0029098295066007753,-0.0032130876419875637,-0.0035163457773743525
mom,diag,2011-04-30,2011-05-31,-0.01025374834329223,0.3694521769591345,False,0.9620307497051599,-0.010623200520251364,-0.010992652697210498,-0.011362104874169634
mom,diag,2011-05-31,2011-06-30,0.005272916028313819,0.2842664110067262,False,0.9602716325012143,0.004988649617307093,0.004704383206300367,0.00442011679529364
mom,diag,2011-06-30,2011-07-31,0.0011222933674385322,0.3868431548040806,False,0.9739843401945586,0.0007354502126344516,0.00034860705783037094,-3.823609697370953e-05
mom,diag,2011-07-31,2011-08-31,-0.005870024818552958,0.4889353668521844,False,1.076720540663573,-0.006358960185405142,-0.006847895552257326,-0.0073368309191095115
mom,diag,2011-08-31,2011-09-30,-0.03284039097638703,0.4976325663847368,False,0.9962432650133287,-0.033338023542771766,-0.0338356561091565,-0.034333288675541244
mom,diag,2011-09-30,2011-10-31,0.001086192208170643,0.8271765121033764,False,1.1764376164001733,0.00025901569606726657,-0.0005681608160361098,-0.0013953373281394863
mom,diag,2011-10-31,2011-11-30,0.009700972509444452,0.9893579600687994,False,0.8548632891270102,0.008711614549375652,0.007722256589306854,0.006732898629238054
mom,diag,2011-11-30,2011-12-31,0.013478692771381442,0.3658083818893558,False,0.9661463886540652,0.013112884389492086,0.01274707600760273,0.012381267625713375
mom,diag,2011-12-31,2012-01-31,-0.029908552763918638,0.3179442465880587,False,0.8784404899852473,-0.030226497010506698,-0.030544441257094754,-0.030862385503682813
mom,diag,2012-01-31,2012-02-29,0.004461408221121286,0.3575434066625743,False,0.8212360571468431,0.004103864814458712,0.0037463214077961375,0.003388778001133563
mom,diag,2012-02-29,2012-03-31,0.010502824233588703,0.35393971746192127,False,0.9160954690125696,0.010148884516126782,0.00979494479866486,0.009441005081202939
mom,diag,2012-03-31,2012-04-30,0.009855239417560101,0.3687074300387024,False,0.8477171128296739,0.0094865319875214,0.009117824557482695,0.008749117127443994
mom,diag,2012-04-30,2012-05-31,0.02557023479279576,0.2622559701760527,False,0.8803580202888271,0.025307978822619707,0.025045722852443653,0.024783466882267603
mom,diag,2012-05-31,2012-06-30,-0.012204387592569919,0.28431657204967054,False,0.8984517875547028,-0.01248870416461959,-0.01277302073666926,-0.013057337308718931
mom,diag,2012-06-30,2012-07-31,0.01851193703815814,0.33764502632288645,False,0.8185356969181711,0.018174292011835253,0.017836646985512367,0.017499001959189478
mom,diag,2012-07-31,2012-08-31,-0.01260365472155915,0.35123674863336835,False,0.8078662970680138,-0.012954891470192518,-0.013306128218825887,-0.013657364967459255
mom,diag,2012-08-31,2012-09-30,-0.010008177535978689,0.32574470525352855,False,0.8287715979307515,-0.010333922241232217,-0.010659666946485746,-0.010985411651739274
mom,diag,2012-09-30,2012-10-31,-0.010336162760429483,0.7633997226642812,False,1.070671733356099,-0.011099562483093763,-0.011862962205758045,-0.012626361928422326
mom,diag,2012-10-31,2012-11-30,0.006132538060685751,0.6672645989849727,False,1.0148432003065846,0.005465273461700778,0.004798008862715805,0.004130744263730833
mom,diag,2012-11-30,2012-12-31,-0.005093479254807031,0.41459328168109266,False,1.0224337354235578,-0.005508072536488124,-0.005922665818169216,-0.006337259099850309
mom,diag,2012-12-31,2013-01-31,0.015269108018488837,0.4673243588858979,False,1.0306835492972952,0.014801783659602939,0.01433445930071704,0.013867134941831144
mom,diag,2013-01-31,2013-02-28,0.01090270185750967,0.4756173058942653,False,0.9793317585764789,0.010427084551615404,0.00995146724572114,0.009475849939826874
mom,diag,2013-02-28,2013-03-31,0.008435790014518368,0.484160152466839,False,1.0851747280932103,0.007951629862051529,0.00746746970958469,0.00698330955711785
mom,diag,2013-03-31,2013-04-30,0.008233115983934948,0.39280872732609307,False,1.0836397492764362,0.007840307256608855,0.007447498529282762,0.007054689801956669
mom,diag,2013-04-30,2013-05-31,-0.0034179799525657414,0.3010081124174736,False,1.0619005712550786,-0.003718988064983215,-0.004019996177400688,-0.004321004289818162
mom,diag,2013-05-31,2013-06-30,0.018062463149974745,0.4387588921797542,False,1.041834540950429,0.01762370425779499,0.017184945365615236,0.01674618647343548
mom,diag,2013-06-30,2013-07-31,0.014399857702700882,0.545557506202307,False,0.9950487917699417,0.013854300196498574,0.013308742690296268,0.01276318518409396
mom,diag,2013-07-31,2013-08-31,-0.007356924836887693,0.3123357200402489,False,0.9668008154603007,-0.007669260556927942,-0.00798159627696819,-0.00829393199700844
mom,diag,2013-08-31,2013-09-30,0.02014377435740522,0.3159538163171725,False,1.032568787212428,0.01982782054108805,0.019511866724770874,0.019195912908453704
mom,diag,2013-09-30,2013-10-31,0.0004957201177834241,0.3252161259967382,False,1.0973920925734855,0.0001705039917866859,-0.00015471213421005235,-0.0004799282602067905
mom,diag,2013-10-31,2013-11-30,0.022509599113859424,0.3226413410570101,False,1.0065655858204943,0.022186957772802413,0.021864316431745405,0.021541675090688394
mom,diag,2013-11-30,2013-12-31,0.0016438634250476667,0.24615138819835786,False,1.0510830338148442,0.001397712036849309,0.001151560648650951,0.0009054092604525931
mom,diag,2013-12-31,2014-01-31,0.004518538802672094,0.3007704019825374,False,1.0772450435278689,0.004217768400689556,0.003916997998707018,0.0036162275967244815
mom,diag,2014-01-31,2014-02-28,0.0054872031581979204,0.34709740481240337,False,1.1557092179726964,0.005140105753385517,0.004793008348573114,0.00444591094376071
mom,diag,2014-02-28,2014-03-31,-0.01018494031545852,0.47173941399642594,False,1.1798779411850961,-0.010656679729454947,-0.011128419143451373,-0.011600158557447799
mom,diag,2014-03-31,2014-04-30,-0.015090056004446102,0.31336273585310004,False,1.2253973256273907,-0.015403418740299202,-0.015716781476152304,-0.016030144212005402
mom,diag,2014-04-30,2014-05-31,0.010897668914760829,0.37503339843570904,False,1.2626273401030237,0.01052263551632512,0.01014760211788941,0.009772568719453702
mom,diag,2014-05-31,2014-06-30,-0.013810514915620792,0.6095807037486694,False,1.2989901330602895,-0.014420095619369461,-0.015029676323118132,-0.0156392570268668
mom,diag,2014-06-30,2014-07-31,0.015370527997023558,0.4989845551637513,False,1.294961697533542,0.014871543441859807,0.014372558886696056,0.013873574331532303
mom,diag,2014-07-31,2014-08-31,0.0016772204629189697,0.490701778228322,False,1.2653326554055078,0.0011865186846906476,0.0006958169064623257,0.00020511512823400378
mom,diag,2014-08-31,2014-09-30,0.018222537349878526,0.6816021433117285,False,1.318082158361191,0.0175409352065668,0.01685933306325507,0.01617773091994334
mom,diag,2014-09-30,2014-10-31,0.007446773316292824,0.5495968819431779,False,1.2589872617274562,0.006897176434349646,0.006347579552406468,0.00579798267046329
mom,diag,2014-10-31,2014-11-30,0.009916638205063043,0.568905126923192,False,1.1526364496277144,0.009347733078139851,0.008778827951216659,0.008209922824293467
mom,diag,2014-11-30,2014-12-31,0.010355907518775806,0.4339777179749842,False,1.1619927978799194,0.009921929800800823,0.009487952082825837,0.009053974364850854
mom,diag,2014-12-31,2015-01-31,0.010105863990647472,0.4257561699632601,False,1.0234054859714756,0.009680107820684212,0.009254351650720952,0.008828595480757692
mom,diag,2015-01-31,2015-02-28,-0.014089351800928254,0.4390857460978057,False,0.9834293518878235,-0.01452843754702606,-0.014967523293123865,-0.015406609039221671
mom,diag,2015-02-28,2015-03-31,0.011724696807835182,0.37397489458619826,False,0.960127114825343,0.011350721913248984,0.010976747018662785,0.010602772124076587
mom,diag,2015-03-31,2015-04-30,-0.026717065923617903,0.3533254885281267,False,1.0289526445257955,-0.02707039141214603,-0.027423716900674158,-0.027777042389202283
mom,diag,2015-04-30,2015-05-31,0.02601913974245142,0.38747240704340963,False,1.0519583224072677,0.02563166733540801,0.0252441949283646,0.024856722521321192
mom,diag,2015-05-31,2015-06-30,0.017378060259336463,0.316560031467673,False,1.0364856581435142,0.01706150022786879,0.016744940196401117,0.016428380164933445
mom,diag,2015-06-30,2015-07-31,0.05029256988617871,0.27980449922710277,False,1.0100156005571994,0.0500127653869516,0.049732960887724505,0.0494531563884974
mom,diag,2015-07-31,2015-08-31,-0.010167254554697403,0.3195404401223741,False,0.9527373526222287,-0.010486794994819778,-0.010806335434942152,-0.011125875875064525
mom,diag,2015-08-31,2015-09-30,0.03391065868048713,0.2388114888684187,False,0.9024959929174813,0.03367184719161871,0.03343303570275029,0.03319422421388187
mom,diag,2015-09-30,2015-10-31,0.006410726034685896,0.27738127930269885,False,0.9263338267897078,0.006133344755383197,0.005855963476080498,0.005578582196777799
mom,diag,2015-10-31,2015-11-30,-0.005900556532115454,0.34995721248585315,False,0.8986465975183344,-0.006250513744601307,-0.00660047095708716,-0.006950428169573013
mom,diag,2015-11-30,2015-12-31,0.01862453287338932,0.30585620202722213,False,0.9062448711580348,0.018318676671362097,0.018012820469334875,0.01770696426730765
mom,diag,2015-12-31,2016-01-31,0.007767011405496827,0.26239918752670727,False,1.0112602553883903,0.007504612217970119,0.0072422130304434125,0.006979813842916705
mom,diag,2016-01-31,2016-02-29,-0.028249353104395598,0.3049045678520129,False,1.0028072469311407,-0.02855425767224761,-0.028859162240099625,-0.029164066807951635
mom,diag,2016-02-29,2016-03-31,-0.02175924784203319,0.4561337134585156,False,0.9580026783833226,-0.022215381555491704,-0.02267151526895022,-0.023127648982408735
mom,diag,2016-03-31,2016-04-30,-0.028764626598328517,0.39271930228174046,False,0.9923335736795758,-0.029157345900610258,-0.029550065202892,-0.029942784505173736
mom,diag,2016-04-30,2016-05-31,0.007200854112736679,0.3515834680281799,False,1.0105692862484814,0.0068492706447084994,0.006497687176680319,0.006146103708652139
mom,diag,2016-05-31,2016-06-30,0.030886731310277686,0.4739181916362324,False,1.1406319586957567,0.030412813118641455,0.02993889492700522,0.02946497673536899
mom,diag,2016-06-30,2016-07-31,-0.020887707798100685,0.41065475252830985,False,1.1237137068677805,-0.021298362550628995,-0.021709017303157305,-0.022119672055685616
mom,diag,2016-07-31,2016-08-31,-0.013067887309622394,0.5930999365528739,False,1.0619687371938218,-0.013660987246175267,-0.014254087182728142,-0.014847187119281015
mom,diag,2016-08-31,2016-09-30,0.003130945618107788,0.40627900791697535,False,1.0519355641636188,0.0027246666101908125,0.0023183876022738375,0.001912108594356862
mom,diag,2016-09-30,2016-10-31,0.00015514784522064815,0.6794672665521212,False,1.0505748856589998,-0.000524319421331473,-0.0012037866878835944,-0.0018832539544357155
mom,diag,2016-10-31,2016-11-30,-0.008280987490390737,0.4924913430304763,False,0.7981969832725617,-0.008773478833421213,-0.00926597017645169,-0.009758461519482165
mom,diag,2016-11-30,2016-12-31,-0.00895921771202322,0.385492199938418,False,0.9037549604839148,-0.009344709911961638,-0.009730202111900055,-0.010115694311838473
mom,diag,2016-12-31,2017-01-31,0.005453512944910932,0.5115439001475527,False,0.7716663757004009,0.00494196904476338,0.004430425144615827,0.0039188812444682745
mom,diag,2017-01-31,2017-02-28,-0.012014510494628337,0.30163731674390926,False,0.8186566022021227,-0.012316147811372247,-0.012617785128116156,-0.012919422444860065
mom,diag,2017-02-28,2017-03-31,-0.005577696742430683,0.28322949951410603,False,0.886165407007149,-0.005860926241944789,-0.006144155741458895,-0.006427385240973001
mom,diag,2017-03-31,2017-04-30,0.002057474111501776,0.4496005525117429,False,1.0918770714598083,0.0016078735589900328,0.00115827300647829,0.0007086724539665471
mom,diag,2017-04-30,2017-05-31,0.00722583136575544,0.932402264449548,False,1.354159426227782,0.006293429101305892,0.005361026836856344,0.004428624572406796
mom,diag,2017-05-31,2017-06-30,-0.0047531545495007625,0.6736131593661405,False,1.4382707585854753,-0.005426767708866903,-0.0061003808682330435,-0.0067739940275991836
mom,diag,2017-06-30,2017-07-31,0.003059311676590657,0.5857866813185645,False,1.406054327409236,0.0024735249952720926,0.001887738313953528,0.0013019516326349637
mom,diag,2017-07-31,2017-08-31,0.013206787817024565,0.47086646631743456,False,1.3528780751302918,0.01273592135070713,0.012265054884389696,0.011794188418072261
mom,diag,2017-08-31,2017-09-30,0.01028510555858679,0.7015323668545319,False,1.4794493655952283,0.009583573191732258,0.008882040824877726,0.008180508458023195
mom,diag,2017-09-30,2017-10-31,0.030252586184847923,0.45696650086250457,False,1.5355830727259001,0.02979561968398542,0.029338653183122915,0.028881686682260408
mom,diag,2017-10-31,2017-11-30,-0.007541220026793273,0.6981288896049349,False,1.3767666531474114,-0.008239348916398208,-0.008937477806003142,-0.009635606695608078
mom,diag,2017-11-30,2017-12-31,-0.02209431999971883,0.8172746043066466,False,1.4304959616179693,-0.022911594604025476,-0.023728869208332122,-0.024546143812638768
mom,diag,2017-12-31,2018-01-31,0.024740681697732282,0.41493560648354927,False,1.4805697572114482,0.024325746091248733,0.023910810484765184,0.023495874878281635
mom,diag,2018-01-31,2018-02-28,0.008642188268857565,0.4936903014382034,False,1.5419836065319237,0.008148497967419361,0.007654807665981158,0.007161117364542955
mom,diag,2018-02-28,2018-03-31,0.0018914802474023094,0.5637505194528012,False,1.5277580769061139,0.0013277297279495081,0.000763979208496707,0.0002002286890439059
mom,diag,2018-03-31,2018-04-30,0.007929716256368197,0.5205918667433467,False,1.4727444869801243,0.007409124389624851,0.006888532522881504,0.006367940656138158
mom,diag,2018-04-30,2018-05-31,0.024673379045018966,0.43890672464529784,False,1.4870310047920885,0.02423447232037367,0.02379556559572837,0.023356658871083073
mom,diag,2018-05-31,2018-06-30,-0.012259430162732166,0.6263052877478358,False,1.37891278287148,-0.012885735450480003,-0.013512040738227838,-0.014138346025975674
mom,diag,2018-06-30,2018-07-31,-0.00862016461803632,0.4301964129068014,False,1.2946519611173222,-0.009050361030943121,-0.009480557443849923,-0.009910753856756724
mom,diag,2018-07-31,2018-08-31,0.024466620816380326,0.46307650936767575,False,1.420949781481055,0.02400354430701265,0.023540467797644973,0.023077391288277297
mom,diag,2018-08-31,2018-09-30,0.006431515638868434,0.521702567730397,False,1.4468606651103522,0.005909813071138037,0.00538811050340764,0.004866407935677244
mom,diag,2018-09-30,2018-10-31,-0.023462951672438018,0.7128711314204292,False,1.4950160099423389,-0.024175822803858448,-0.024888693935278875,-0.025601565066699306
mom,diag,2018-10-31,2018-11-30,-0.015209374622382716,0.5406718696315319,False,1.4895391167661372,-0.01575004649201425,-0.01629071836164578,-0.01683139023127731
mom,diag,2018-11-30,2018-12-31,0.004038838036807042,0.6369829268391952,False,1.3782423550523826,0.003401855109967847,0.002764872183128652,0.0021278892562894567
mom,diag,2018-12-31,2019-01-31,-0.009555395641725013,0.5725332198455474,False,1.3167992752096074,-0.010127928861570561,-0.010700462081416107,-0.011272995301261655
mom,diag,2019-01-31,2019-02-28,-0.0022356106865509353,0.5498204284477236,False,1.3069412490962562,-0.0027854311149986587,-0.0033352515434463825,-0.0038850719718941064
mom,diag,2019-02-28,2019-03-31,0.018341134411137813,0.3906601867513619,False,1.344117292279704,0.01795047422438645,0.01755981403763509,0.017169153850883728
mom,diag,2019-03-31,2019-04-30,-0.004021688346724356,0.4748789540696256,False,1.3853365301939888,-0.004496567300793982,-0.004971446254863607,-0.005446325208933232
mom,diag,2019-04-30,2019-05-31,0.019165834786939867,0.5856738575535905,False,1.2381173114264996,0.018580160929386278,0.017994487071832686,0.017408813214279097
mom,diag,2019-05-31,2019-06-30,-0.021388147347207846,0.5054553672820646,False,1.1227192395799364,-0.02189360271448991,-0.022399058081771974,-0.02290451344905404
mom,diag,2019-06-30,2019-07-31,0.014018007696434262,0.4438557116217833,False,1.1559119237437856,0.013574151984812478,0.013130296273190695,0.012686440561568911
mom,diag,2019-07-31,2019-08-31,0.038762866589772176,0.3568050909688668,False,1.2000386686155964,0.03840606149880331,0.03804925640783444,0.03769245131686558
mom,diag,2019-08-31,2019-09-30,-0.016517643591873625,0.43150239274110125,False,1.0947672622426219,-0.016949145984614725,-0.01738064837735583,-0.01781215077009693
mom,diag,2019-09-30,2019-10-31,-0.009077918371195565,0.37484177217892717,False,1.0838888626083387,-0.009452760143374492,-0.00982760191555342,-0.010202443687732345
mom,diag,2019-10-31,2019-11-30,0.0005298003811630423,0.7077441639913954,False,1.3042186257884696,-0.0001779437828283531,-0.0008856879468197485,-0.001593432110811144
mom,diag,2019-11-30,2019-12-31,-0.009851926689760091,0.5819801022892299,False,1.4144588847726747,-0.010433906792049322,-0.011015886894338552,-0.011597866996627782
mom,diag,2019-12-31,2020-01-31,0.04047710298054512,0.6313629309939588,False,1.3823304528302245,0.03984574004955116,0.0392143771185572,0.03858301418756324
mom,diag,2020-01-31,2020-02-29,6.887512336252707e-05,0.5799139186871699,False,1.3614979726090028,-0.0005110387953246428,-0.0010909527140118126,-0.0016708666326989826
mom,diag,2020-02-29,2020-03-31,0.04896412034299006,0.5853333657552617,False,1.1898588545235673,0.0483787869772348,0.04779345361147953,0.047208120245724274
mom,diag,2020-03-31,2020-04-30,0.00753211543499387,0.41682025322487337,False,1.1122160798228493,0.007115295181768996,0.006698474928544123,0.0062816546753192495
mom,diag,2020-04-30,2020-05-31,-0.006584403627794089,0.9301271666049146,False,0.8756161895155815,-0.007514530794399003,-0.008444657961003918,-0.009374785127608833
mom,diag,2020-05-31,2020-06-30,0.007870360743151748,0.37791096114202843,False,0.9205239703091512,0.00749244978200972,0.007114538820867692,0.006736627859725663
mom,diag,2020-06-30,2020-07-31,0.03171088123989783,0.25630680324808136,False,0.9569098512831685,0.03145457443664974,0.031198267633401663,0.030941960830153582
mom,diag,2020-07-31,2020-08-31,0.027392861413492006,0.2960044156403459,False,1.0445000562268958,0.027096856997851658,0.026800852582211314,0.026504848166570966
mom,diag,2020-08-31,2020-09-30,-0.009620377763321232,0.35673216723544676,False,1.0355130026737793,-0.009977109930556678,-0.010333842097792126,-0.010690574265027572
mom,diag,2020-09-30,2020-10-31,-0.003344453147734604,0.2926566412132243,False,1.003676252435749,-0.0036371097889478284,-0.003929766430161052,-0.004222423071374277
mom,diag,2020-10-31,2020-11-30,-0.031852402305417006,0.2865226672144002,False,1.0365247414692527,-0.032138924972631405,-0.032425447639845804,-0.032711970307060204
mom,diag,2020-11-30,2020-12-31,-0.0028947918455853204,0.45967286664459095,False,1.0169150776465035,-0.0033544647122299115,-0.003814137578874502,-0.004273810445519093
mom,diag,2020-12-31,2021-01-31,0.013513276150278796,0.36647338439566196,False,1.0767543948333933,0.013146802765883134,0.012780329381487472,0.01241385599709181
mom,diag,2021-01-31,2021-02-28,-0.024654397573953397,0.4419393029696974,False,1.083884772564706,-0.025096336876923094,-0.02553827617989279,-0.02598021548286249
mom,diag,2021-02-28,2021-03-31,-0.030697080165638768,0.3586896875238985,False,0.9731417709454477,-0.031055769853162666,-0.031414459540686564,-0.031773149228210465
mom,diag,2021-03-31,2021-04-30,0.0013315864256144136,0.7050826793104883,False,0.7914472958076574,0.0006265037463039253,-7.8578933006563e-05,-0.0007836616123170514
mom,diag,2021-04-30,2021-05-31,-0.00014734165320843238,0.2852612675190355,False,0.8194877074140325,-0.00043260292072746793,-0.0007178641882465035,-0.001003125455765539
mom,diag,2021-05-31,2021-06-30,-0.0025986689302694545,0.17814486743162755,False,0.8009624527547614,-0.002776813797701082,-0.0029549586651327095,-0.003133103532564337
mom,diag,2021-06-30,2021-07-31,0.003513046437338585,0.23743357923700503,False,0.8367113560741791,0.00327561285810158,0.003038179278864575,0.00280074569962757
mom,diag,2021-07-31,2021-08-31,0.0038385756333314727,0.27782051776372646,False,0.8106541970228052,0.003560755115567746,0.0032829345978040198,0.003005114080040293
mom,diag,2021-08-31,2021-09-30,0.0030655025031619313,0.257043928449194,False,0.8372737197985265,0.0028084585747127373,0.0025514146462635432,0.002294370717814349
mom,diag,2021-09-30,2021-10-31,0.01039687712444798,0.23518536783263874,False,0.8237638185135097,0.010161691756615342,0.009926506388782702,0.009691321020950064
mom,diag,2021-10-31,2021-11-30,-0.01151177806292589,0.2979463797203808,False,0.7805979257025256,-0.011809724442646271,-0.012107670822366651,-0.012405617202087034
mom,diag,2021-11-30,2021-12-31,-0.005204536906098237,0.33112333550770656,False,0.8313448371737013,-0.005535660241605944,-0.005866783577113651,-0.0061979069126213565
mom,diag,2021-12-31,2022-01-31,-0.005663112007821099,0.44082415439340633,False,0.9771365741981807,-0.006103936162214506,-0.006544760316607912,-0.006985584471001318
mom,diag,2022-01-31,2022-02-28,0.032121756930256345,0.5438919359372203,False,0.9873396975115787,0.031577864994319124,0.031033973058381906,0.030490081122444685
mom,diag,2022-02-28,2022-03-31,0.032218294678040285,0.7660663922397302,False,1.095705469022641,0.031452228285800556,0.030686161893560826,0.029920095501321096
mom,diag,2022-03-31,2022-04-30,0.01801784389427709,0.5589678768655528,False,0.8621131060748488,0.017458876017411536,0.016899908140545983,0.01634094026368043
mom,diag,2022-04-30,2022-05-31,0.001332425111263868,0.27682774511349,False,0.7678247250481824,0.001055597366150378,0.000778769621036888,0.000501941875923398
mom,diag,2022-05-31,2022-06-30,0.0037848677236912657,0.3814664907299081,False,0.8852297086799733,0.0034034012329613576,0.0030219347422314495,0.0026404682515015414
mom,diag,2022-06-30,2022-07-31,-0.018572222205165564,0.28002589344915885,False,0.8463136945040862,-0.018852248098614723,-0.01913227399206388,-0.019412299885513042
mom,diag,2022-07-31,2022-08-31,0.02483636950857973,0.28480580243913095,False,0.9045554976285887,0.0245515637061406,0.024266757903701468,0.02398195210126234
mom,diag,2022-08-31,2022-09-30,0.010930584121004895,0.24731085803454841,False,0.9277853206744494,0.010683273262970347,0.010435962404935798,0.01018865154690125
mom,diag,2022-09-30,2022-10-31,0.02609542054285648,0.1903949773563155,False,0.9408364247398148,0.025905025565500166,0.02571463058814385,0.025524235610787534
mom,diag,2022-10-31,2022-11-30,-0.019000029704003486,0.2793866220898761,False,0.9213993469832269,-0.01927941632609336,-0.019558802948183237,-0.019838189570273113
mom,diag,2022-11-30,2022-12-31,0.0035719273778853987,0.31005993989272485,False,0.8840537763758418,0.0032618674379926737,0.002951807498099949,0.002641747558207224
mom,diag,2022-12-31,2023-01-31,-0.03192818493555161,0.20222961922018226,False,0.8671821001362877,-0.03213041455477179,-0.032332644173991974,-0.032534873793212155
mom,diag,2023-01-31,2023-02-28,0.001547695957009578,0.30090937307339155,False,0.9069332364650531,0.0012467865839361865,0.0009458772108627948,0.0006449678377894033
mom,diag,2023-02-28,2023-03-31,-0.01014025554398689,0.39740555105499814,False,1.035933016003175,-0.010537661095041888,-0.010935066646096886,-0.011332472197151883
mom,diag,2023-03-31,2023-04-30,0.009144440068120359,0.5358186405597118,False,1.106125951049859,0.008608621427560647,0.008072802787000935,0.007536984146441223
mom,diag,2023-04-30,2023-05-31,0.025684140068966115,0.8274737058249138,False,1.2023198461801718,0.0248566663631412,0.02402919265731629,0.023201718951491375
mom,diag,2023-05-31,2023-06-30,-0.011110942817530238,0.585425691914316,False,1.1679474528167775,-0.011696368509444555,-0.012281794201358871,-0.012867219893273187
mom,diag,2023-06-30,2023-07-31,-0.0054115821675537025,0.6868218891312364,False,1.1073683140472235,-0.006098404056684939,-0.006785225945816175,-0.007472047834947412
mom,diag,2023-07-31,2023-08-31,0.0012443390261434254,0.4513742369100045,False,1.2355963400070757,0.000792964789233421,0.0003415905523234164,-0.00010978368458658817
mom,diag,2023-08-31,2023-09-30,-0.015615932661161855,0.4174520172604346,False,1.119922304035161,-0.01603338467842229,-0.016450836695682723,-0.016868288712943158
mom,diag,2023-09-30,2023-10-31,0.004794230588109398,0.42654025609950164,False,1.1045056431337803,0.004367690332009897,0.003941150075910395,0.003514609819810893
mom,diag,2023-10-31,2023-11-30,0.0256392610237167,0.42408234580461474,False,1.1323870235747306,0.025215178677912085,0.02479109633210747,0.024367013986302855
mom,diag,2023-11-30,2023-12-31,-0.005068734606939189,0.6184047348178447,False,1.244926239001611,-0.005687139341757034,-0.006305544076574878,-0.006923948811392723
mom,diag,2023-12-31,2024-01-31,0.011752800512702334,0.6371082051575196,False,0.9937881379480838,0.011115692307544814,0.010478584102387296,0.009841475897229775
mom,diag,2024-01-31,2024-02-29,0.015224925693758835,0.3834536129267128,False,1.070075210410467,0.014841472080832122,0.01445801846790541,0.014074564854978697
mom,diag,2024-02-29,2024-03-31,-0.012414487247221277,0.48031471316032925,False,1.1869285595783095,-0.012894801960381605,-0.013375116673541935,-0.013855431386702264
mom,diag,2024-03-31,2024-04-30,-0.019907345460902608,0.5087591095497648,False,1.150423468449373,-0.020416104570452374,-0.020924863680002136,-0.021433622789551902
mom,diag,2024-04-30,2024-05-31,0.009732103997288081,0.37758451347642047,False,1.1025509270959375,0.00935451948381166,0.00897693497033524,0.00859935045685882
mom,diag,2024-05-31,2024-06-30,-0.006243865825695628,0.5639097376134771,False,1.1110989775796474,-0.0068077755633091045,-0.007371685300922581,-0.007935595038536058
mom,diag,2024-06-30,2024-07-31,-0.0025986667496043156,0.645725824520245,False,1.3541653248805403,-0.0032443925741245604,-0.0038901183986448052,-0.0045358442231650505
mom,diag,2024-07-31,2024-08-31,0.003542599429307349,0.6524933647718597,False,1.3306007891804585,0.002890106064535489,0.0022376126997636294,0.0015851193349917694
mom,diag,2024-08-31,2024-09-30,-0.0018509840285325467,0.8020728659216053,False,1.3526036967020452,-0.0026530568944541522,-0.0034551297603757575,-0.004257202626297363
mom,diag,2024-09-30,2024-10-31,0.0025686406731183936,0.5785890471969969,False,1.2249211138614748,0.001990051625921397,0.0014114625787243998,0.0008328735315274029
mom,diag,2024-10-31,2024-11-30,0.007959902952615769,0.6046830603588583,False,1.1725165674737594,0.00735521989225691,0.006750536831898052,0.006145853771539193
mom,diag,2024-11-30,2024-12-31,-0.0031412357526687485,0.5917874216966242,False,1.3678239023926864,-0.0037330231743653726,-0.004324810596061997,-0.004916598017758621
mom,diag,2024-12-31,2025-01-31,0.016824361415840428,0.656109057310233,False,1.394504195916037,0.016168252358530196,0.015512143301219961,0.014856034243909728
mom,diag,2025-01-31,2025-02-28,-0.014313372211178134,0.5945198440697517,False,1.228274260733391,-0.014907892055247885,-0.015502411899317637,-0.016096931743387388
mom,diag,2025-02-28,2025-03-31,-0.004441812096950021,0.379952927455139,False,1.2899482750551519,-0.00482176502440516,-0.005201717951860299,-0.005581670879315438
mom,diag,2025-03-31,2025-04-30,0.02697206626604991,0.6425981403331691,False,1.237075434414281,0.02632946812571674,0.02568686998538357,0.025044271845050405
mom,diag,2025-04-30,2025-05-31,0.006915005279569899,0.4001581923466897,False,1.2147265376542247,0.0065148470872232085,0.006114688894876519,0.005714530702529829
mom,diag,2025-05-31,2025-06-30,-0.004581823567943145,0.4189200593773714,False,1.1938068763683243,-0.005000743627320517,-0.005419663686697888,-0.005838583746075259
mom,diag,2025-06-30,2025-07-31,-0.024384857573266285,0.4199203575146324,False,1.2731391087867385,-0.024804777930780918,-0.02522469828829555,-0.02564461864581018
mom,diag,2025-07-31,2025-08-31,-0.015514475004568611,0.5491009074966079,False,1.1917255399118747,-0.01606357591206522,-0.016612676819561828,-0.017161777727058434
mom,diag,2025-08-31,2025-09-30,0.023032652264918706,0.6561409781397647,False,1.1290221599568449,0.022376511286778943,0.021720370308639176,0.021064229330499413
mom,diag,2025-09-30,2025-10-31,0.004857205911846592,0.3585938818105138,False,1.163085637594874,0.004498612030036079,0.004140018148225564,0.0037814242664150504
mom,diag,2025-10-31,2025-11-30,-0.013551233770936949,0.49177506467569376,False,1.0454860994038329,-0.014043008835612643,-0.014534783900288336,-0.015026558964964031
mom,diag,2025-11-30,2025-12-31,0.00556024594491867,0.5098848943666865,False,1.1168967369137848,0.005050361050551984,0.004540476156185297,0.004030591261818611
mom,diag,2025-12-31,2026-01-31,0.027422525269874043,0.4531093585515823,False,1.181282109024998,0.026969415911322462,0.026516306552770878,0.026063197194219297
mom,diag,2026-01-31,2026-02-28,0.0058570629555890034,0.38611445321322246,False,1.0941944502119605,0.005470948502375781,0.0050848340491625585,0.0046987195959493355
mom,diag,2026-02-28,2026-03-31,-1.9775624720025974e-05,0.5112333944152847,False,0.9513624489660658,-0.0005310090191353108,-0.0010422424135505955,-0.00155347580796588
mom,diag,2026-03-31,2026-04-30,0.03508407581032018,0.24807120760235327,False,0.9249308795394672,0.034836004602717824,0.03458793339511547,0.03433986218751312
mom,diag,2026-04-30,2026-05-31,0.029681774704628915,0.295816148935482,False,0.9213461833477792,0.029385958555693432,0.02909014240675795,0.02879432625782247
mom,diag,2026-05-31,2026-06-30,-0.0021176565033941383,0.2096082164273726,False,0.862890112602538,-0.002327264719821511,-0.0025368729362488835,-0.002746481152676256
mom,diag,2026-06-30,2026-07-31,-0.055583020933254935,0.22753546851669232,False,0.8753746954285272,-0.05581055640177163,-0.05603809187028832,-0.05626562733880501
mom,diag,2026-07-31,2026-08-31,0.009383688342601056,0.3542917654280716,False,0.8527873165342861,0.009029396577172985,0.008675104811744914,0.00832081304631684
mom,diag,2026-08-31,2026-09-30,,0.4083674670854276,False,0.9690937958609388,,,
rev,mv,1990-01-31,1990-02-28,-0.009082605487235487,1.4421257061673765,True,1.4421257061673765,-0.010524731193402864,-0.01196685689957024,-0.013408982605737616
rev,mv,1990-02-28,1990-03-31,0.014950674243724484,1.4400567504819173,False,1.4688909326846196,0.013510617493242567,0.01207056074276065,0.010630503992278731
rev,mv,1990-03-31,1990-04-30,-0.004045897470313978,1.6360045554805014,False,1.319187494547053,-0.00568190202579448,-0.007317906581274981,-0.008953911136755484
rev,mv,1990-04-30,1990-05-31,-0.0010377677049273636,1.3580831390209969,False,1.4340167715599939,-0.0023958508439483606,-0.0037539339829693575,-0.0051120171219903535
rev,mv,1990-05-31,1990-06-30,0.022102804328202615,1.4744558347210701,False,1.405335887009503,0.020628348493481545,0.019153892658760475,0.017679436824039406
rev,mv,1990-06-30,1990-07-31,0.010573832171003406,1.2751725266600527,False,1.4787697511280382,0.009298659644343354,0.0080234871176833,0.006748314591023248
rev,mv,1990-07-31,1990-08-31,0.011469719275527564,1.417372711752915,False,1.4172603617382415,0.010052346563774649,0.008634973852021735,0.007217601140268819
rev,mv,1990-08-31,1990-09-30,0.0035021149187559044,1.191426696307964,False,1.4272929639584435,0.0023106882224479403,0.001119261526139976,-7.216517016798768e-05
rev,mv,1990-09-30,1990-10-31,-0.006678154486926779,1.253551878252112,False,1.3393293097330339,-0.00793170636517889,-0.009185258243431003,-0.010438810121683115
rev,mv,1990-10-31,1990-11-30,-0.0060454147835416975,1.14761845123673,False,1.3265630466401472,-0.007193033234778427,-0.008340651686015157,-0.009488270137251887
rev,mv,1990-11-30,1990-12-31,0.001766459753778272,1.3364674085307666,False,1.4590165561237463,0.0004299923452475054,-0.0009064750632832611,-0.0022429424718140275
rev,mv,1990-12-31,1991-01-31,0.00042172049567008657,1.162947408022941,False,1.3936371646829244,-0.0007412269123528545,-0.0019041743203757956,-0.003067121728398736
rev,mv,1991-01-31,1991-02-28,-3.436002011795465e-05,1.1775168547079713,False,1.3256466450856963,-0.0012118768748259259,-0.0023893937295338973,-0.003566910584241869
rev,mv,1991-02-28,1991-03-31,0.009063481798416487,1.3849628226147672,False,1.3930068884026636,0.00767851897580172,0.006293556153186953,0.004908593330572185
rev,mv,1991-03-31,1991-04-30,-0.0029146443846835178,1.350841769249824,False,1.2436728690732308,-0.0042654861539333415,-0.005616327923183166,-0.00696716969243299
rev,mv,1991-04-30,1991-05-31,-0.006403142281292706,1.2639794155823791,False,1.435287079870385,-0.007667121696875085,-0.008931101112457464,-0.010195080528039843
rev,mv,1991-05-31,1991-06-30,-0.01061958660870196,0.9513506428963268,False,1.442835909500788,-0.011570937251598287,-0.012522287894494614,-0.01347363853739094
rev,mv,1991-06-30,1991-07-31,0.000819117454558096,1.058950849954556,False,1.229451440402688,-0.00023983339539645988,-0.0012987842453510159,-0.0023577350953055717
rev,mv,1991-07-31,1991-08-31,0.004262406690788075,1.3276798660020903,False,1.3550252502689315,0.0029347268247859847,0.0016070469587838943,0.0002793670927818039
rev,mv,1991-08-31,1991-09-30,0.00513499414621535,1.3460857083202449,False,1.5008328494463967,0.0037889084378951053,0.0024428227295748605,0.0010967370212546157
rev,mv,1991-09-30,1991-10-31,0.0010020741662612321,1.490553278039421,False,1.4566277705634878,-0.0004884791117781889,-0.00197903238981761,-0.0034695856678570313
rev,mv,1991-10-31,1991-11-30,0.019530199799557835,1.2848336465728145,False,1.569397261641707,0.01824536615298502,0.016960532506412204,0.015675698859839392
rev,mv,1991-11-30,1991-12-31,0.01618370565977007,1.4657403330913532,False,1.603314879501392,0.014717965326678718,0.013252224993587365,0.011786484660496012
rev,mv,1991-12-31,1992-01-31,0.0012298652958199765,1.442139394383613,False,1.3898164445261822,-0.00021227409856363656,-0.0016544134929472496,-0.0030965528873308622
rev,mv,1992-01-31,1992-02-29,-0.006827759630230917,1.5317390635137644,False,1.3938063389291606,-0.008359498693744681,-0.009891237757258446,-0.01142297682077221
rev,mv,1992-02-29,1992-03-31,-0.007115249124627023,1.4822389226513237,False,1.331203274119621,-0.008597488047278347,-0.01007972696992967,-0.011561965892580994
rev,mv,1992-03-31,1992-04-30,-0.011294111017560423,1.3452891716677597,False,1.3275284193864925,-0.012639400189228182,-0.013984689360895943,-0.015329978532563703
rev,mv,1992-04-30,1992-05-31,-0.0130829782890072,1.1742197490393156,False,1.299695961915928,-0.014257198038046516,-0.015431417787085832,-0.016605637536125147
rev,mv,1992-05-31,1992-06-30,0.006242903644320452,1.195870459039772,False,1.4304738930994976,0.00504703318528068,0.003851162726240908,0.0026552922672011363
rev,mv,1992-06-30,1992-07-31,-0.012887121787514501,1.443135638076685,False,1.5101865195997473,-0.014330257425591186,-0.015773393063667873,-0.017216528701744557
rev,mv,1992-07-31,1992-08-31,-0.011433809424022787,1.5606549630495918,False,1.3680897037320408,-0.012994464387072378,-0.014555119350121971,-0.016115774313171564
rev,mv,1992-08-31,1992-09-30,-0.006723862370985161,1.3637041255399782,False,1.581748405679044,-0.00808756649652514,-0.009451270622065118,-0.010814974747605096
rev,mv,1992-09-30,1992-10-31,-0.010043345845974948,1.591908581794395,False,1.586157505853035,-0.011635254427769344,-0.013227163009563739,-0.014819071591358132
rev,mv,1992-10-31,1992-11-30,-0.0046376221519357705,1.3960338728851507,False,1.437734642565284,-0.0060336560248209214,-0.007429689897706072,-0.008825723770591223
rev,mv,1992-11-30,1992-12-31,-0.0019661504634432493,1.9088840008956585,False,1.6354448623849616,-0.003875034464338908,-0.005783918465234567,-0.007692802466130225
rev,mv,1992-12-31,1993-01-31,0.013051193124731774,1.8172025735828299,False,1.5727153281450226,0.011233990551148945,0.009416787977566114,0.007599585403983285
rev,mv,1993-01-31,1993-02-28,0.01604034381771188,1.489645405086805,False,1.588988841781686,0.014550698412625074,0.013061053007538268,0.011571407602451464
rev,mv,1993-02-28,1993-03-31,0.022495520252108395,1.551837462574874,False,1.7336711549020212,0.02094368278953352,0.019391845326958645,0.01784000786438377
rev,mv,1993-03-31,1993-04-30,0.010723518253463482,1.2065213081109856,False,1.818143463181479,0.009516996945352497,0.00831047563724151,0.007103954329130526
rev,mv,1993-04-30,1993-05-31,0.0020603563017601335,1.3188126911111686,False,1.7406241967680722,0.0007415436106489649,-0.0005772690804622038,-0.001896081771573372
rev,mv,1993-05-31,1993-06-30,0.0083290095697027,1.3591627457437854,False,1.6241118500162355,0.006969846823958915,0.005610684078215129,0.004251521332471344
rev,mv,1993-06-30,1993-07-31,0.012369645304067403,1.5595535878727231,False,1.5226660840229926,0.01081009171619468,0.009250538128321956,0.007690984540449234
rev,mv,1993-07-31,1993-08-31,-0.001541769001540203,1.5037354211534133,False,1.4351688275773544,-0.0030455044226936163,-0.00454923984384703,-0.006052975265000443
rev,mv,1993-08-31,1993-09-30,0.004114848051119531,1.370068657350755,False,1.4136919909894168,0.0027447793937687764,0.001374710736418021,4.64207906726577e-06
rev,mv,1993-09-30,1993-10-31,-0.0016191830485314048,1.4847360834844014,False,1.4778363259312843,-0.0031039191320158064,-0.004588655215500208,-0.006073391298984609
rev,mv,1993-10-31,1993-11-30,-0.013089186811089115,1.5680621622484163,False,1.4958660802151253,-0.014657248973337532,-0.016225311135585948,-0.017793373297834363
rev,mv,1993-11-30,1993-12-31,-0.009170563838107416,1.2591636639909,False,1.578607567482478,-0.010429727502098316,-0.011688891166089217,-0.012948054830080116
rev,mv,1993-12-31,1994-01-31,-0.0032313044128976765,1.3608930793887841,False,1.7024386503335334,-0.004592197492286461,-0.005953090571675245,-0.007313983651064029
rev,mv,1994-01-31,1994-02-28,-0.007484381079287426,1.5161320124512028,False,1.5494234987430386,-0.009000513091738629,-0.010516645104189832,-0.012032777116641035
rev,mv,1994-02-28,1994-03-31,-0.022600990105103514,1.4873894497677829,False,1.550409820678987,-0.024088379554871298,-0.02557576900463908,-0.027063158454406863
rev,mv,1994-03-31,1994-04-30,-0.004867418225374151,1.4619026993733868,False,1.620705770163322,-0.0063293209247475375,-0.007791223624120925,-0.009253126323494312
rev,mv,1994-04-30,1994-05-31,-0.009880501319446166,1.8131513766470553,False,1.6678761199978658,-0.01169365269609322,-0.013506804072740276,-0.015319955449387333
rev,mv,1994-05-31,1994-06-30,-0.00574070836724548,1.7821622794670005,False,1.7141562998312772,-0.0075228706467124805,-0.009305032926179482,-0.011087195205646482
rev,mv,1994-06-30,1994-07-31,0.012173228788843226,1.4506539659664917,False,1.4762547340249244,0.010722574822876734,0.009271920856910244,0.007821266890943751
rev,mv,1994-07-31,1994-08-31,0.003383945405938859,2.2469423790895307,False,1.7562735105440321,0.0011370030268493285,-0.0011099393522402022,-0.003356881731329733
rev,mv,1994-08-31,1994-09-30,0.0017218464940864982,2.0427530168358357,False,1.6012735371169535,-0.00032090652274933745,-0.002363659539585173,-0.004406412556421009
rev,mv,1994-09-30,1994-10-31,-0.006506772097116075,1.4703968797269027,False,1.7711795572372608,-0.007977168976842978,-0.00944756585656988,-0.010917962736296784
rev,mv,1994-10-31,1994-11-30,-0.0057228719462821655,1.7995780592744162,False,1.6057340037970433,-0.007522450005556581,-0.009322028064830998,-0.011121606124105414
rev,mv,1994-11-30,1994-12-31,0.012555475014940854,2.0729671031869725,False,1.6997623758128486,0.010482507911753881,0.008409540808566908,0.006336573705379937
rev,mv,1994-12-31,1995-01-31,0.008480254169027162,1.6556033595053845,False,1.5414990419279886,0.0068246508095217776,0.005169047450016393,0.0035134440905110077
rev,mv,1995-01-31,1995-02-28,-0.009371433627411115,1.8225088045189473,False,1.5938621244868532,-0.011193942431930061,-0.01301645123644901,-0.014838960040967956
rev,mv,1995-02-28,1995-03-31,-0.0001264747046220274,1.807575118416554,False,1.672828029915617,-0.0019340498230385815,-0.003741624941455136,-0.005549200059871689
rev,mv,1995-03-31,1995-04-30,0.006391556273619153,1.8153138320001154,False,1.4878194664076714,0.004576242441619038,0.002760928609618922,0.000945614777618807
rev,mv,1995-04-30,1995-05-31,-0.013028900186329139,1.3813986322835692,False,1.7550407082603419,-0.014410298818612709,-0.01579169745089628,-0.017173096083179847
rev,mv,1995-05-31,1995-06-30,-0.0004819236577812674,1.85548720863841,False,1.8048943685163283,-0.002337410866419677,-0.004192898075058087,-0.006048385283696498
rev,mv,1995-06-30,1995-07-31,-0.0013272576785456807,1.627868315942812,False,1.779490501939978,-0.0029551259944884927,-0.004582994310431305,-0.006210862626374117
rev,mv,1995-07-31,1995-08-31,0.004577448096751193,1.6658985075947026,False,1.649190730258694,0.00291154958915649,0.0012456510815617872,-0.000420247426032915
rev,mv,1995-08-31,1995-09-30,0.014040842403811676,1.4933842869736604,False,1.7133669632588164,0.012547458116838016,0.011054073829864355,0.009560689542890695
rev,mv,1995-09-30,1995-10-31,0.022942845853494178,1.5338368036529684,False,1.5962076667093412,0.02140900904984121,0.01987517224618824,0.018341335442535273
rev,mv,1995-10-31,1995-11-30,-0.026994503218145314,1.4748198655869968,False,1.5594200558950324,-0.02846932308373231,-0.029944142949319307,-0.031418962814906304
rev,mv,1995-11-30,1995-12-31,0.020472380534557633,1.4661417848687093,False,1.6198782879692732,0.019006238749688924,0.017540096964820215,0.016073955179951506
rev,mv,1995-12-31,1996-01-31,0.004464900602710019,1.7749593096286658,False,1.6304081181131629,0.002689941293081353,0.0009149819834526874,-0.0008599773261759782
rev,mv,1996-01-31,1996-02-29,0.0010444328243619104,1.4074478478801633,False,1.597272355341148,-0.00036301502351825284,-0.001770462871398416,-0.0031779107192785798
rev,mv,1996-02-29,1996-03-31,-0.013965022873846386,1.6299687890263015,False,1.6131354395508617,-0.015594991662872688,-0.017224960451898988,-0.018854929240925293
rev,mv,1996-03-31,1996-04-30,-0.00867972021090962,1.6741399555609837,False,1.782711532455082,-0.010353860166470604,-0.012028000122031587,-0.013702140077592571
rev,mv,1996-04-30,1996-05-31,-0.007241542944367566,1.7050585789827093,False,1.721392063209659,-0.008946601523350275,-0.010651660102332984,-0.012356718681315694
rev,mv,1996-05-31,1996-06-30,0.006124077517956058,1.459216744866656,False,1.856651288927224,0.004664860773089401,0.003205644028222746,0.0017464272833560895
rev,mv,1996-06-30,1996-07-31,0.0022495910937598484,1.5110381030274245,False,1.7760520154049695,0.000738552990732424,-0.0007724851122950004,-0.002283523215322425
rev,mv,1996-07-31,1996-08-31,0.007291750476824888,1.485394112501218,False,1.6562549099558057,0.0058063563643236706,0.004320962251822452,0.0028355681393212344
rev,mv,1996-08-31,1996-09-30,-0.0019532810708654206,1.8418930507051612,False,1.7729094084838963,-0.003795174121570582,-0.005637067172275743,-0.007478960222980904
rev,mv,1996-09-30,1996-10-31,0.004479663569649885,2.2050706730550487,False,1.841810285842602,0.002274592896594836,6.952222353978719e-05,-0.002135548449515262
rev,mv,1996-10-31,1996-11-30,-0.0008660897458817145,2.2664987992053343,False,1.8659097518836114,-0.003132588545087049,-0.005399087344292383,-0.0076655861434977175
rev,mv,1996-11-30,1996-12-31,0.026050149647584307,2.4691491055057795,False,1.9264903733993421,0.02358100054207853,0.021111851436572748,0.01864270233106697
rev,mv,1996-12-31,1997-01-31,-0.0006535078240445915,1.6976165618446082,False,1.6805733530318352,-0.0023511243858891995,-0.004048740947733808,-0.0057463575095784165
rev,mv,1997-01-31,1997-02-28,-0.02531316451391325,1.7463618123128728,False,1.769823969411991,-0.027059526326226123,-0.028805888138538998,-0.03055224995085187
rev,mv,1997-02-28,1997-03-31,0.0019493582063001764,2.2958179447326224,False,1.8359954110116001,-0.00034645973843244597,-0.002642277683165068,-0.00493809562789769
rev,mv,1997-03-31,1997-04-30,-0.010817557621293768,1.7691813265932048,False,2.180156267640925,-0.012586738947886974,-0.014355920274480178,-0.01612510160107338
rev,mv,1997-04-30,1997-05-31,0.0020075751633613775,2.0740854559559216,False,1.9481018898809352,-6.651029259454417e-05,-0.002140595748550466,-0.004214681204506387
rev,mv,1997-05-31,1997-06-30,0.004280920235958054,2.5329891988900184,False,1.9362459323639798,0.0017479310370680356,-0.0007850581618219828,-0.0033180473607120013
rev,mv,1997-06-30,1997-07-31,0.006179775743756244,2.284433442188075,False,1.7751426771413963,0.0038953423015681693,0.0016109088593800943,-0.0006735245828079807
rev,mv,1997-07-31,1997-08-31,-0.009519519845652488,2.3053363992024107,False,1.7658763836500877,-0.011824856244854898,-0.01413019264405731,-0.01643552904325972
rev,mv,1997-08-31,1997-09-30,0.03167006092373923,2.2099991867718374,False,1.8898960710223676,0.029460061736967393,0.027250062550195554,0.02504006336342372
rev,mv,1997-09-30,1997-10-31,0.03223894826492748,2.109285546236022,False,1.7987372970704307,0.03012966271869146,0.028020377172455434,0.025911091626219414
rev,mv,1997-10-31,1997-11-30,-0.011027899035731011,2.0429468321125692,False,1.8059877018094588,-0.01307084586784358,-0.01511379269995615,-0.01715673953206872
rev,mv,1997-11-30,1997-12-31,-0.001034710239917964,1.4950722147684732,False,1.747237448636166,-0.0025297824546864373,-0.00402485466945491,-0.005519926884223384
rev,mv,1997-12-31,1998-01-31,0.0122867828278537,1.831473389934159,False,1.8190069817537469,0.01045530943791954,0.008623836047985382,0.006792362658051223
rev,mv,1998-01-31,1998-02-28,-0.014833151069134942,1.912901868038739,False,1.717750052125117,-0.01674605293717368,-0.01865895480521242,-0.02057185667325116
rev,mv,1998-02-28,1998-03-31,0.009941575874339878,2.071118302736855,False,1.7502741267204596,0.007870457571603023,0.005799339268866168,0.003728220966129313
rev,mv,1998-03-31,1998-04-30,-0.04029117466388871,1.623986459239859,False,1.864029588428147,-0.04191516112312857,-0.043539147582368425,-0.04516313404160829
rev,mv,1998-04-30,1998-05-31,0.00235874460710039,1.7934402117060715,False,1.7955567072640213,0.0005653043953943182,-0.0012281358163117534,-0.0030215760280178244
rev,mv,1998-05-31,1998-06-30,0.022008848540755896,1.3830585664838735,False,1.8391817172132554,0.020625789974272023,0.01924273140778815,0.017859672841304276
rev,mv,1998-06-30,1998-07-31,0.011687419708167945,1.8762654659391518,False,1.6098676393891558,0.009811154242228793,0.007934888776289641,0.00605862331035049
rev,mv,1998-07-31,1998-08-31,-0.006196670858147471,1.2778873426760673,False,1.8124192678704938,-0.007474558200823538,-0.008752445543499606,-0.010030332886175674
rev,mv,1998-08-31,1998-09-30,0.0033336375378623913,1.1950617429745436,False,1.721349086177748,0.0021385757948878476,0.0009435140519133043,-0.00025154769106123945
rev,mv,1998-09-30,1998-10-31,-0.024655458877896025,1.6076585874605673,False,1.380489101443992,-0.026263117465356593,-0.02787077605281716,-0.029478434640277728
rev,mv,1998-10-31,1998-11-30,0.0036075609063959783,1.5493263347785828,False,1.4612152261837021,0.0020582345716173957,0.0005089082368388126,-0.0010404180979397704
rev,mv,1998-11-30,1998-12-31,0.03611257127397943,1.544340974270687,False,1.6009281410994496,0.03456823029970874,0.03302388932543806,0.03147954835116737
rev,mv,1998-12-31,1999-01-31,0.03382368554673214,1.572414295078389,False,1.4374876939742578,0.03225127125165375,0.030678856956575358,0.02910644266149697
rev,mv,1999-01-31,1999-02-28,-0.019711136872802848,1.2603688062697744,False,1.4098908689416247,-0.020971505679072622,-0.022231874485342397,-0.02349224329161217
rev,mv,1999-02-28,1999-03-31,-0.012789903913036487,1.5438645786158494,False,1.4212651651775348,-0.014333768491652335,-0.015877633070268186,-0.017421497648884034
rev,mv,1999-03-31,1999-04-30,-0.040497654464753875,1.2505663490893624,False,1.4962427900208886,-0.04174822081384324,-0.0429987871629326,-0.044249353512021965
rev,mv,1999-04-30,1999-05-31,-0.010468968971366047,1.5392518810664308,False,1.4394752680446723,-0.012008220852432479,-0.013547472733498909,-0.015086724614565339
rev,mv,1999-05-31,1999-06-30,0.03244313323608334,1.6882225172611953,False,1.502745992838675,0.030754910718822144,0.02906668820156095,0.027378465684299753
rev,mv,1999-06-30,1999-07-31,0.007466179777362254,1.5789428603918296,False,1.3710471881609012,0.005887236916970425,0.004308294056578595,0.0027293511961867653
rev,mv,1999-07-31,1999-08-31,-0.00446930910422866,1.7463007724686095,False,1.4405611887455916,-0.006215609876697269,-0.00796191064916588,-0.009708211421634489
rev,mv,1999-08-31,1999-09-30,0.01333594698744051,1.2366474624283086,False,1.3564323947021526,0.012099299525012203,0.010862652062583893,0.009626004600155585
rev,mv,1999-09-30,1999-10-31,-0.014823674114411807,1.1981590869482812,False,1.371427716578972,-0.016021833201360088,-0.01721999228830837,-0.01841815137525665
rev,mv,1999-10-31,1999-11-30,-0.012358771105082648,1.9615032284103637,False,1.5159996212728037,-0.014320274333493012,-0.016281777561903375,-0.01824328079031374
rev,mv,1999-11-30,1999-12-31,-0.0011504140387987311,1.7712104793152246,False,1.575528606844298,-0.0029216245181139557,-0.00469283499742918,-0.006464045476744405
rev,mv,1999-12-31,2000-01-31,-0.01107063317008026,1.7837410297583083,False,1.599493073146993,-0.01285437419983857,-0.014638115229596876,-0.016421856259355185
rev,mv,2000-01-31,2000-02-29,0.028027484508408182,1.6843921974921885,False,1.3875554376113985,0.026343092310915993,0.024658700113423804,0.022974307915931615
rev,mv,2000-02-29,2000-03-31,0.01161680686512035,1.788149488069456,False,1.5150047994659628,0.009828657377050895,0.00804050788898144,0.006252358400911983
rev,mv,2000-03-31,2000-04-30,-0.019897956477056326,1.8141240894829636,False,1.3789111950179207,-0.02171208056653929,-0.023526204656022252,-0.025340328745505215
rev,mv,2000-04-30,2000-05-31,-0.003361227407541611,1.632429952984967,False,1.3303519330677156,-0.0049936573605265785,-0.006626087313511546,-0.008258517266496512
rev,mv,2000-05-31,2000-06-30,0.011372241894834715,1.8506891860390253,False,1.504624514614576,0.00952155270879569,0.007670863522756664,0.005820174336717639
rev,mv,2000-06-30,2000-07-31,-0.004344241739540095,1.2533962939575465,False,1.5258717850287666,-0.005597638033497642,-0.006851034327455189,-0.008104430621412735
rev,mv,2000-07-31,2000-08-31,0.02895297040208597,1.5048764327443307,False,1.460129160915314,0.027448093969341638,0.02594321753659731,0.024438341103852977
rev,mv,2000-08-31,2000-09-30,0.004029690280053931,1.6450170979320025,False,1.4484835523816184,0.002384673182121929,0.0007396560841899263,-0.0009053610137420764
rev,mv,2000-09-30,2000-10-31,-0.014682127953698684,1.30893087883121,False,1.4333767895394196,-0.015991058832529895,-0.017299989711361104,-0.018608920590192313
rev,mv,2000-10-31,2000-11-30,0.0027136287141623543,1.1578992149433076,False,1.37852648550419,0.0015557294992190466,0.00039783028427573886,-0.0007600689306675686
rev,mv,2000-11-30,2000-12-31,-0.011679976426406793,1.354848120501983,False,1.472437451285307,-0.013034824546908776,-0.01438967266741076,-0.015744520787912743
rev,mv,2000-12-31,2001-01-31,-0.03025852716772716,1.4611001041807254,False,1.3968300624373446,-0.031719627271907885,-0.03318072737608861,-0.03464182748026934
rev,mv,2001-01-31,2001-02-28,0.008932408788793362,1.4087946858757008,False,1.3895366571009538,0.007523614102917661,0.0061148194170419605,0.004706024731166259
rev,mv,2001-02-28,2001-03-31,-0.0013931631075284816,1.3214975643513553,False,1.4038391048416903,-0.002714660671879837,-0.004036158236231192,-0.0053576558005825475
rev,mv,2001-03-31,2001-04-30,-0.0021169225071685973,1.606678798505731,False,1.3409294599099004,-0.0037236013056743283,-0.005330280104180059,-0.00693695890268579
rev,mv,2001-04-30,2001-05-31,0.012608569353184407,1.457018157777553,False,1.30606352559254,0.011151551195406855,0.0096945330376293,0.008237514879851748
rev,mv,2001-05-31,2001-06-30,0.0036453708755835377,1.4624785919756706,False,1.346843639711212,0.002182892283607867,0.0007204136916321964,-0.0007420649003434744
rev,mv,2001-06-30,2001-07-31,0.0018914630407939911,1.6478338767007599,False,1.4428089074753463,0.00024362916409323117,-0.0014042047126075288,-0.0030520385893082888
rev,mv,2001-07-31,2001-08-31,-0.008134089471191569,1.4356186117429972,False,1.3250739301056205,-0.009569708082934567,-0.011005326694677563,-0.012440945306420561
rev,mv,2001-08-31,2001-09-30,0.021995629343269128,1.4261414707711846,False,1.2676505645514475,0.020569487872497943,0.019143346401726758,0.017717204930955573
rev,mv,2001-09-30,2001-10-31,-0.003926776160054281,1.309478042383871,False,1.0713754034393494,-0.005236254202438152,-0.006545732244822023,-0.007855210287205894
rev,mv,2001-10-31,2001-11-30,-0.02618761497069944,1.5138118729510672,False,1.4570833659745752,-0.027701426843650505,-0.029215238716601574,-0.03072905058955264
rev,mv,2001-11-30,2001-12-31,-0.006841510558190031,1.72485139084598,False,1.370946663646814,-0.008566361949036011,-0.010291213339881991,-0.012016064730727971
rev,mv,2001-12-31,2002-01-31,0.016946561894845984,1.7528808029623981,False,1.2317653924120775,0.015193681091883586,0.013440800288921188,0.01168791948595879
rev,mv,2002-01-31,2002-02-28,-0.025031053357421482,1.4577960630503217,False,1.2045516672851717,-0.026488849420471805,-0.027946645483522124,-0.029404441546572447
rev,mv,2002-02-28,2002-03-31,-0.0008269990576246919,1.543207826390992,False,1.4139448002762274,-0.002370206884015684,-0.003913414710406676,-0.005456622536797668
rev,mv,2002-03-31,2002-04-30,0.01614495665206902,1.6046689433245958,False,1.2112247300853982,0.014540287708744423,0.012935618765419828,0.011330949822095232
rev,mv,2002-04-30,2002-05-31,0.004127042706548236,1.595080287595999,False,1.283956337595263,0.0025319624189522366,0.0009368821313562375,-0.0006581981562397612
rev,mv,2002-05-31,2002-06-30,0.006414257727617748,1.6506870966661848,False,1.328660582796713,0.004763570630951563,0.003112883534285378,0.0014621964376191933
rev,mv,2002-06-30,2002-07-31,0.009781748811319978,1.5723620773440254,False,1.4321238217184933,0.008209386733975952,0.006637024656631928,0.005064662579287902
rev,mv,2002-07-31,2002-08-31,0.0019875844978903606,1.5257705610233212,False,1.2702247339574075,0.0004618139368670394,-0.0010639566241562818,-0.0025897271851796034
rev,mv,2002-08-31,2002-09-30,0.017187400200282706,1.4140107116753688,False,1.3718345797735139,0.015773389488607337,0.014359378776931967,0.0129453680652566
rev,mv,2002-09-30,2002-10-31,-0.02714488618926525,1.5898624746516328,False,1.3793756589839874,-0.02873474866391688,-0.030324611138568516,-0.03191447361322015
rev,mv,2002-10-31,2002-11-30,-0.004221366065667639,1.7738546144823144,False,1.215191018917324,-0.005995220680149953,-0.007769075294632268,-0.00954292990911458
rev,mv,2002-11-30,2002-12-31,-0.00039189104170442464,1.4160453882751602,False,1.28457076452371,-0.001807936429979585,-0.003223981818254745,-0.004640027206529906
rev,mv,2002-12-31,2003-01-31,0.012662556092429039,1.295913370862474,False,1.2915965703027839,0.011366642721566565,0.010070729350704091,0.008774815979841616
rev,mv,2003-01-31,2003-02-28,0.001730157272731702,1.418750211045798,False,1.4026213402094847,0.0003114070616859041,-0.0011073431493598938,-0.0025260933604056915
rev,mv,2003-02-28,2003-03-31,0.0069667745588944925,1.4518021910777101,False,1.380379996263347,0.005514972367816782,0.004063170176739073,0.0026113679856613623
rev,mv,2003-03-31,2003-04-30,-0.029175386043657645,1.4302067383310442,False,1.3276167715145237,-0.03060559278198869,-0.032035799520319735,-0.033466006258650774
rev,mv,2003-04-30,2003-05-31,-0.012496051694917359,1.6392759945994335,False,1.395459179702886,-0.014135327689516792,-0.015774603684116227,-0.01741387967871566
rev,mv,2003-05-31,2003-06-30,-0.024141229028952934,1.622346383540952,False,1.2255787636077358,-0.025763575412493887,-0.02738592179603484,-0.02900826817957579
rev,mv,2003-06-30,2003-07-31,-0.009543130234173698,1.983071279999524,False,1.339225521841779,-0.011526201514173221,-0.013509272794172746,-0.01549234407417227
rev,mv,2003-07-31,2003-08-31,0.0007229175187384221,1.528335045315048,False,1.3461979715328514,-0.0008054175265766258,-0.002333752571891674,-0.0038620876172067217
rev,mv,2003-08-31,2003-09-30,-0.010602997307857763,1.8531388515231082,False,1.42280527611437,-0.012456136159380871,-0.014309275010903979,-0.01616241386242709
rev,mv,2003-09-30,2003-10-31,0.008545634260702512,1.534406520265783,False,1.4577846815719278,0.0070112277404367285,0.0054768212201709455,0.0039424146999051625
rev,mv,2003-10-31,2003-11-30,-0.0012634514787187175,1.6177049262904841,False,1.3354558870893924,-0.0028811564050092017,-0.0044988613312996854,-0.00611656625759017
rev,mv,2003-11-30,2003-12-31,-0.019955257667017938,1.763443475755608,False,1.491594545814356,-0.021718701142773546,-0.023482144618529155,-0.02524558809428476
rev,mv,2003-12-31,2004-01-31,-0.007739007807618561,1.589815875579486,False,1.2628351968504854,-0.009328823683198047,-0.010918639558777532,-0.012508455434357019
rev,mv,2004-01-31,2004-02-29,0.01000861295875346,1.5323969961143982,False,1.5250637817888932,0.008476215962639063,0.006943818966524664,0.005411421970410266
rev,mv,2004-02-29,2004-03-31,0.00914141111910558,1.7045589705632878,False,1.4243419831928534,0.007436852148542292,0.005732293177979004,0.004027734207415716
rev,mv,2004-03-31,2004-04-30,0.0010199921551375553,1.4686067979958881,False,1.4934960035142035,-0.00044861464285833293,-0.0019172214408542212,-0.0033858282388501085
rev,mv,2004-04-30,2004-05-31,-0.005891262969932772,1.2287166179547986,False,1.4092944526690128,-0.0071199795878875705,-0.008348696205842368,-0.009577412823797168
rev,mv,2004-05-31,2004-06-30,0.01134910605292504,1.4712060900140838,False,1.4519570382434823,0.009877899962910957,0.008406693872896873,0.00693548778288279
rev,mv,2004-06-30,2004-07-31,0.018227016192706783,1.1641443895496195,False,1.3140208570356093,0.017062871803157163,0.015898727413607545,0.014734583024057925
rev,mv,2004-07-31,2004-08-31,-0.006795269125178713,1.4413895759226933,False,1.3673103643661277,-0.008236658701101407,-0.0096780482770241,-0.011119437852946792
rev,mv,2004-08-31,2004-09-30,0.015657908069390245,1.8179324774856827,False,1.3508651052472704,0.013839975591904563,0.01202204311441888,0.010204110636933196
rev,mv,2004-09-30,2004-10-31,-0.011062394812486295,1.422371727776432,False,1.4112786962115638,-0.012484766540262726,-0.01390713826803916,-0.015329509995815591
rev,mv,2004-10-31,2004-11-30,-0.000937646091743042,1.487227632779189,False,1.5561382859827104,-0.002424873724522231,-0.00391210135730142,-0.005399328990080609
rev,mv,2004-11-30,2004-12-31,-0.026068916740739696,2.0587664364069598,False,1.5218268656592477,-0.028127683177146656,-0.030186449613553615,-0.03224521604996058
rev,mv,2004-12-31,2005-01-31,0.0003914182730849203,2.0132734695202408,False,1.635706140661433,-0.0016218551964353204,-0.003635128665955561,-0.005648402135475802
rev,mv,2005-01-31,2005-02-28,0.012087120904202633,1.5869362489388106,False,1.551584385389024,0.010500184655263822,0.00891324840632501,0.007326312157386201
rev,mv,2005-02-28,2005-03-31,-0.006943830729007793,1.7925735150556381,False,1.573753423613568,-0.00873640424406343,-0.01052897775911907,-0.012321551274174707
rev,mv,2005-03-31,2005-04-30,0.002742824440912936,1.6135817016476337,False,1.3633201128559227,0.0011292427392653023,-0.00048433896238233133,-0.002097920664029965
rev,mv,2005-04-30,2005-05-31,-0.008033286589237623,1.3649272024190637,False,1.5039460496020796,-0.009398213791656687,-0.01076314099407575,-0.012128068196494814
rev,mv,2005-05-31,2005-06-30,0.004762681875141019,1.8819031341958457,False,1.5326917958388333,0.0028807787409451733,0.0009988756067493276,-0.0008830275274465177
rev,mv,2005-06-30,2005-07-31,-0.0007598293450291042,1.7732863118421165,False,1.4522642759741382,-0.002533115656871221,-0.0043064019687133375,-0.006079688280555454
rev,mv,2005-07-31,2005-08-31,0.0072453993070307416,1.2869050652132135,False,1.477464995016358,0.005958494241817528,0.004671589176604315,0.003384684111391101
rev,mv,2005-08-31,2005-09-30,0.0009682957080574437,1.48896440342838,False,1.5777129961291945,-0.0005206686953709364,-0.002009633098799316,-0.003498597502227697
rev,mv,2005-09-30,2005-10-31,-0.016107031474264105,1.9209431448180982,False,1.3110353767314986,-0.018027974619082204,-0.0199489177639003,-0.0218698609087184
rev,mv,2005-10-31,2005-11-30,-0.00367237150715921,1.6162226564076947,False,1.6086246600273948,-0.005288594163566905,-0.0069048168199746,-0.008521039476382294
rev,mv,2005-11-30,2005-12-31,0.0059626053257367554,2.137402666615876,False,1.4833093157247803,0.003825202659120879,0.001687799992505003,-0.00044960267411087336
rev,mv,2005-12-31,2006-01-31,0.013896104268303958,1.5910149563696319,False,1.4206658458875534,0.012305089311934327,0.010714074355564695,0.009123059399195062
rev,mv,2006-01-31,2006-02-28,0.005687061003909358,2.027208253201669,False,1.4139145034543028,0.0036598527507076895,0.0016326444975060207,-0.0003945637556956481
rev,mv,2006-02-28,2006-03-31,0.01236601448184913,2.06080563335237,False,1.753141978306748,0.01030520884849676,0.00824440321514439,0.00618359758179202
rev,mv,2006-03-31,2006-04-30,0.0023724750777400177,2.379596787669663,False,1.3365960569788422,-7.121709929645576e-06,-0.002386718497599309,-0.004766315285268972
rev,mv,2006-04-30,2006-05-31,-0.012869787236927716,1.7413039734702445,False,1.4265680741494586,-0.014611091210397961,-0.016352395183868204,-0.01809369915733845
rev,mv,2006-05-31,2006-06-30,-0.0037170918962145783,2.038862241486669,False,1.6325195726604529,-0.005755954137701247,-0.007794816379187917,-0.009833678620674585
rev,mv,2006-06-30,2006-07-31,0.011363158354054558,1.9480297048940969,False,1.4114566569908655,0.009415128649160462,0.007467098944266365,0.005519069239372267
rev,mv,2006-07-31,2006-08-31,-0.013194390473724952,1.9428869344154416,False,1.6048624668665696,-0.015137277408140394,-0.017080164342555836,-0.01902305127697128
rev,mv,2006-08-31,2006-09-30,0.011742691100537939,1.8051642669890646,False,1.6299836863634547,0.009937526833548874,0.00813236256655981,0.006327198299570745
rev,mv,2006-09-30,2006-10-31,-0.0082795131952168,1.892290433536125,False,1.4706710208662774,-0.010171803628752925,-0.01206409406228905,-0.013956384495825175
rev,mv,2006-10-31,2006-11-30,-0.0005149206856312927,2.1343477856504562,False,1.535507670319279,-0.0026492684712817486,-0.004783616256932205,-0.006917964042582662
rev,mv,2006-11-30,2006-12-31,0.01117714256973167,1.8805060159543983,False,1.5000443568224744,0.009296636553777273,0.007416130537822875,0.005535624521868476
rev,mv,2006-12-31,2007-01-31,-0.000570257948169762,2.1393164973585197,False,1.6987632904495018,-0.002709574445528282,-0.004848890942886801,-0.006988207440245321
rev,mv,2007-01-31,2007-02-28,-0.003998161715093547,1.3958808132439222,False,1.6519864888275886,-0.005394042528337469,-0.0067899233415813914,-0.008185804154825314
rev,mv,2007-02-28,2007-03-31,0.011521340923328476,2.2319432834330377,False,1.6014854658328723,0.009289397639895438,0.007057454356462401,0.004825511073029362
rev,mv,2007-03-31,2007-04-30,-0.001438883277812889,1.785849288784837,False,1.6329815502776697,-0.003224732566597726,-0.005010581855382563,-0.006796431144167401
rev,mv,2007-04-30,2007-05-31,-0.00036462232894783625,2.088364432243231,False,1.7305959116626264,-0.002452986761191067,-0.004541351193434298,-0.006629715625677529
rev,mv,2007-05-31,2007-06-30,0.0024957842726124942,2.120642614663795,False,1.7684736790376658,0.00037514165794869927,-0.0017455009567150957,-0.003866143571378891
rev,mv,2007-06-30,2007-07-31,0.008225791641366543,1.8766622356252791,False,1.624594095861435,0.006349129405741264,0.004472467170115985,0.0025958049344907055
rev,mv,2007-07-31,2007-08-31,0.0013688826620804919,1.6622160320638988,False,1.7100612483833184,-0.000293333369983407,-0.001955549402047306,-0.0036177654341112047
rev,mv,2007-08-31,2007-09-30,0.007018435859253169,2.307542820393471,False,1.6368585609995083,0.004710893038859697,0.0024033502184662263,9.580739807275515e-05
rev,mv,2007-09-30,2007-10-31,0.007253256880400301,2.074790272957171,False,1.643712207598244,0.00517846660744313,0.0031036763344859594,0.0010288860615287887
rev,mv,2007-10-31,2007-11-30,0.013236512773180106,1.7331633059195537,False,1.6427211143924862,0.011503349467260553,0.009770186161340998,0.008037022855421443
rev,mv,2007-11-30,2007-12-31,0.008814746178046028,1.8994833672582685,False,1.5921298755218654,0.006915262810787759,0.005015779443529491,0.003116296076271222
rev,mv,2007-12-31,2008-01-31,-0.042987764735798656,1.8113358616745197,False,1.6187040277159737,-0.044799100597473177,-0.0466104364591477,-0.04842177232082222
rev,mv,2008-01-31,2008-02-29,0.03608104686685782,2.1147927022585984,False,1.7676754899627376,0.033966254164599224,0.03185146146234062,0.029736668760082026
rev,mv,2008-02-29,2008-03-31,-0.0036218501732353855,2.2136034830440323,False,1.810037760137678,-0.005835453656279418,-0.00804905713932345,-0.010262660622367484
rev,mv,2008-03-31,2008-04-30,-0.019843422738598737,2.4082513314207916,False,1.6244421067044004,-0.022251674070019527,-0.02465992540144032,-0.02706817673286111
rev,mv,2008-04-30,2008-05-31,-0.0024895238952818907,2.085239558409593,False,1.6565074114957816,-0.004574763453691484,-0.0066600030121010765,-0.00874524257051067
rev,mv,2008-05-31,2008-06-30,0.01934580270657663,2.2903729096706473,False,1.8342244985648892,0.017055429796905983,0.014765056887235334,0.012474683977564687
rev,mv,2008-06-30,2008-07-31,-0.02832177843986581,1.7061305379652305,False,1.625644764758713,-0.03002790897783104,-0.03173403951579627,-0.0334401700537615
rev,mv,2008-07-31,2008-08-31,-0.010839513895999364,1.583638165817756,False,1.6369274135507197,-0.012423152061817119,-0.014006790227634876,-0.015590428393452632
rev,mv,2008-08-31,2008-09-30,-0.012037871463730242,2.232069542998849,False,1.5423979536789514,-0.01426994100672909,-0.01650201054972794,-0.018734080092726788
rev,mv,2008-09-30,2008-10-31,0.023690425028299343,1.5584834023937602,False,1.4341130157012179,0.022131941625905583,0.020573458223511823,0.019014974821118063
rev,mv,2008-10-31,2008-11-30,-0.0019645492593760184,1.6063081852621242,False,1.4911962537967036,-0.0035708574446381425,-0.0051771656299002666,-0.006783473815162391
rev,mv,2008-11-30,2008-12-31,0.0067150093508636126,1.752041713811595,False,1.4100437200982547,0.0049629676370520175,0.003210925923240423,0.0014588842094288281
rev,mv,2008-12-31,2009-01-31,0.03479154871491832,1.5338078630892757,False,1.4970978584583112,0.03325774085182904,0.03172393298873977,0.030190125125650488
rev,mv,2009-01-31,2009-02-28,-0.01931543658503775,1.388404407183482,False,1.3051325425313285,-0.02070384099222123,-0.022092245399404714,-0.023480649806588195
rev,mv,2009-02-28,2009-03-31,-0.01891516128232846,1.5204404692574152,False,1.33084637689738,-0.020435601751585875,-0.02195604222084329,-0.023476482690100706
rev,mv,2009-03-31,2009-04-30,-0.0720487684923035,2.071684257426732,False,1.324198527307486,-0.07412045274973024,-0.07619213700715696,-0.0782638212645837
rev,mv,2009-04-30,2009-05-31,-0.024657175406204625,1.8812529553687711,False,1.1411937778941899,-0.026538428361573396,-0.02841968131694217,-0.03030093427231094
rev,mv,2009-05-31,2009-06-30,0.003007480411802361,1.4131493057184785,False,1.138199108712483,0.0015943311060838826,0.00018118180036540404,-0.001231967505353074
rev,mv,2009-06-30,2009-07-31,-0.031643726004270005,1.3665398236535957,False,1.1912156444317137,-0.0330102658279236,-0.0343768056515772,-0.035743345475230795
rev,mv,2009-07-31,2009-08-31,-0.013519083786978227,1.3760191191389752,False,1.2142929765399781,-0.014895102906117202,-0.016271122025256178,-0.017647141144395154
rev,mv,2009-08-31,2009-09-30,-0.009483830306250616,1.3025102533235362,False,1.025789847938642,-0.010786340559574151,-0.012088850812897688,-0.013391361066221224
rev,mv,2009-09-30,2009-10-31,0.010129037210918054,1.4960125123551211,False,1.2069650746016436,0.008633024698562933,0.007137012186207812,0.0056409996738526905
rev,mv,2009-10-31,2009-11-30,-0.0075464536851820715,1.1969740043944401,False,1.256824967497881,-0.008743427689576512,-0.009940401693970952,-0.011137375698365391
rev,mv,2009-11-30,2009-12-31,-0.011479597924211375,1.5015310946297062,False,1.125460660688024,-0.012981129018841082,-0.014482660113470788,-0.015984191208100493
rev,mv,2009-12-31,2010-01-31,-0.0013371702774020208,1.6810114766130668,False,1.242502395409768,-0.0030181817540150873,-0.0046991932306281545,-0.006380204707241222
rev,mv,2010-01-31,2010-02-28,0.010030234000667833,0.9318028095795859,False,1.19330321387377,0.009098431191088246,0.00816662838150866,0.0072348255719290756
rev,mv,2010-02-28,2010-03-31,0.0009783317590970721,1.7121033352965151,False,1.3641107860750248,-0.000733771576199443,-0.0024458749114959584,-0.004157978246792473
rev,mv,2010-03-31,2010-04-30,0.009830908344889496,2.028363380891295,False,1.243287166546848,0.007802544963998201,0.005774181583106906,0.003745818202215611
rev,mv,2010-04-30,2010-05-31,0.006658832115480273,1.4758986830130276,False,1.2488686690681683,0.005182933432467245,0.0037070347494542175,0.00223113606644119
rev,mv,2010-05-31,2010-06-30,-0.011775766478719078,1.3239617823786691,False,1.2267175273915385,-0.013099728261097747,-0.014423690043476416,-0.015747651825855087
rev,mv,2010-06-30,2010-07-31,-0.005330453947985137,2.0830767515569066,False,1.4140367672776946,-0.007413530699542044,-0.00949660745109895,-0.011579684202655857
rev,mv,2010-07-31,2010-08-31,-0.000944149000076942,1.8417728434801675,False,1.3273920950311426,-0.0027859218435571094,-0.004627694687037277,-0.006469467530517445
rev,mv,2010-08-31,2010-09-30,0.02363141411596869,1.3351668881736198,False,1.1989765747987224,0.02229624722779507,0.02096108033962145,0.01962591345144783
rev,mv,2010-09-30,2010-10-31,0.007983742353032891,2.0566682238461276,False,1.2705063805552343,0.005927074129186764,0.003870405905340636,0.0018137376814945086
rev,mv,2010-10-31,2010-11-30,4.877205932261075e-05,1.3166163340374597,False,1.1157065660228662,-0.001267844274714849,-0.0025844606087523083,-0.003901076942789768
rev,mv,2010-11-30,2010-12-31,-0.0100435775092579,1.4444142350415914,False,1.340623009510525,-0.011487991744299491,-0.012932405979341081,-0.014376820214382673
rev,mv,2010-12-31,2011-01-31,-0.011925888163980042,1.5546056988095966,False,1.1576379316139274,-0.013480493862789638,-0.015035099561599236,-0.016589705260408833
rev,mv,2011-01-31,2011-02-28,0.004843262412964473,1.328361809606879,False,0.9615928640243101,0.0035149006033575935,0.0021865387937507145,0.0008581769841438354
rev,mv,2011-02-28,2011-03-31,0.001335549182836982,1.5798351233376533,False,1.3167915118197528,-0.0002442859405006714,-0.0018241210638383248,-0.0034039561871759784
rev,mv,2011-03-31,2011-04-30,-0.004360192787896348,1.6893970899292214,False,1.359768094568666,-0.006049589877825569,-0.007738986967754791,-0.009428384057684012
rev,mv,2011-04-30,2011-05-31,-0.005589414683321998,1.3915863723574355,False,1.2060704402642592,-0.006981001055679434,-0.008372587428036869,-0.009764173800394304
rev,mv,2011-05-31,2011-06-30,0.008599976740407266,1.6521035378886877,False,1.3381817709910537,0.006947873202518578,0.00529576966462989,0.003643666126741202
rev,mv,2011-06-30,2011-07-31,0.016698383759230093,1.5766750606924202,False,1.4135496351070833,0.015121708698537673,0.013545033637845252,0.01196835857715283
rev,mv,2011-07-31,2011-08-31,0.006075803980609546,1.7378729140267686,False,1.4809759184115343,0.004337931066582777,0.0026000581525560088,0.0008621852385292403
rev,mv,2011-08-31,2011-09-30,0.018100760735434925,1.4159387429009267,False,1.3201504404683402,0.016684821992534,0.015268883249633072,0.013852944506732145
rev,mv,2011-09-30,2011-10-31,-0.006833850972694351,1.512154397591995,False,1.0955743444491606,-0.008346005370286347,-0.00985815976787834,-0.011370314165470337
rev,mv,2011-10-31,2011-11-30,3.6130220957223046e-06,1.714487451154714,False,1.3462153008792317,-0.0017108744290589915,-0.0034253618802137053,-0.00513984933136842
rev,mv,2011-11-30,2011-12-31,0.01778871404608696,1.6313822869865757,False,1.3280023951879805,0.016157331759100384,0.01452594947211381,0.012894567185127234
rev,mv,2011-12-31,2012-01-31,-0.008694046760302268,1.4244274702423714,False,1.2006910556155987,-0.01011847423054464,-0.01154290170078701,-0.012967329171029381
rev,mv,2012-01-31,2012-02-29,0.0010781210774444031,1.579294490650168,False,1.4139597160477906,-0.0005011734132057649,-0.0020804679038559327,-0.003659762394506101
rev,mv,2012-02-29,2012-03-31,0.015489954856035673,1.4320673837950189,False,1.3239608488497399,0.014057887472240654,0.012625820088445636,0.011193752704650617
rev,mv,2012-03-31,2012-04-30,0.0015306002373762261,1.3946771975324201,False,1.2450842180733424,0.00013592303984380602,-0.001258754157688614,-0.0026534313552210344
rev,mv,2012-04-30,2012-05-31,0.008183188247414796,1.0870747775792684,False,1.2733867572587887,0.0070961134698355275,0.006009038692256259,0.004921963914676991
rev,mv,2012-05-31,2012-06-30,-0.0025541377113368186,1.4294351227681699,False,1.286254200056072,-0.0039835728341049885,-0.005413007956873158,-0.006842443079641328
rev,mv,2012-06-30,2012-07-31,0.0010102469191535523,1.5886342386488308,False,1.4663178509972234,-0.0005783873194952784,-0.002167021558144109,-0.0037556557967929408
rev,mv,2012-07-31,2012-08-31,-0.0046762506757382135,1.5982666915650665,False,1.4031909335411887,-0.00627451736730328,-0.007872784058868347,-0.009471050750433413
rev,mv,2012-08-31,2012-09-30,-0.0029914763756777466,1.8442337818855397,False,1.3980421242577363,-0.004835710157563286,-0.006679943939448826,-0.008524177721334365
rev,mv,2012-09-30,2012-10-31,-0.0228154952733118,1.83906232259038,False,1.1907101212757154,-0.02465455759590218,-0.02649361991849256,-0.028332682241082936
rev,mv,2012-10-31,2012-11-30,-0.00020294930836513574,1.2364048834881278,False,1.2632255857587122,-0.0014393541918532636,-0.0026757590753413918,-0.003912163958829519
rev,mv,2012-11-30,2012-12-31,0.0025599705434589276,1.896748265396094,False,1.4651256052621888,0.0006632222780628334,-0.0012335259873332608,-0.003130274252729355
rev,mv,2012-12-31,2013-01-31,0.008362885014470653,1.5809849890651992,False,1.248930198242631,0.006781900025405453,0.005200915036340254,0.003619930047275055
rev,mv,2013-01-31,2013-02-28,0.010028946100351262,1.654103448233213,False,1.462436397930961,0.00837484265211805,0.006720739203884836,0.005066635755651623
rev,mv,2013-02-28,2013-03-31,-0.0025596233826161905,1.7583576908351815,False,1.3511067771394165,-0.004317981073451372,-0.006076338764286553,-0.007834696455121736
rev,mv,2013-03-31,2013-04-30,0.015367864760470385,2.068709448716239,False,1.2845367347451564,0.013299155311754147,0.011230445863037907,0.009161736414321667
rev,mv,2013-04-30,2013-05-31,-0.0038939090098282798,1.883031056277744,False,1.354714017310134,-0.005776940066106024,-0.007659971122383768,-0.009543002178661511
rev,mv,2013-05-31,2013-06-30,0.019842681516928643,1.547195885075135,False,1.2735322922348795,0.018295485631853507,0.016748289746778375,0.015201093861703239
rev,mv,2013-06-30,2013-07-31,-0.004963305828322232,1.617471334791309,False,1.435885117597598,-0.006580777163113541,-0.008198248497904851,-0.009815719832696159
rev,mv,2013-07-31,2013-08-31,-0.00909118061830751,1.4659070870570046,False,1.315338534494711,-0.010557087705364515,-0.01202299479242152,-0.013488901879478524
rev,mv,2013-08-31,2013-09-30,0.011811901005355497,1.2618406543960388,False,1.2732278001604904,0.010550060350959458,0.009288219696563418,0.00802637904216738
rev,mv,2013-09-30,2013-10-31,-0.008206504373270869,1.637808976014753,False,1.3500166134862277,-0.009844313349285622,-0.011482122325300374,-0.013119931301315127
rev,mv,2013-10-31,2013-11-30,0.0076040683297906465,1.4292577652791394,False,1.562401818896524,0.006174810564511507,0.004745552799232368,0.0033162950339532286
rev,mv,2013-11-30,2013-12-31,0.0005110573610300425,1.898914625567656,False,1.6095164471754573,-0.0013878572645376133,-0.003286771890105269,-0.0051856865156729255
rev,mv,2013-12-31,2014-01-31,0.020682919394969603,1.9922209576799133,False,1.5453382594053229,0.01869069843728969,0.01669847747960978,0.014706256521929863
rev,mv,2014-01-31,2014-02-28,-0.007480701027438918,1.775344757990967,False,1.445834447120813,-0.009256045785429885,-0.011031390543420852,-0.012806735301411819
rev,mv,2014-02-28,2014-03-31,-0.002257202645020033,1.817716834898328,False,1.551420446315636,-0.004074919479918361,-0.005892636314816689,-0.007710353149715017
rev,mv,2014-03-31,2014-04-30,0.0007368939580630611,1.72359965610696,False,1.3808567126359192,-0.0009867056980438988,-0.0027103053541508585,-0.004433905010257819
rev,mv,2014-04-30,2014-05-31,0.006590107225162678,1.6942640810425593,False,1.5374062532167443,0.004895843144120119,0.003201579063077559,0.0015073149820350002
rev,mv,2014-05-31,2014-06-30,-0.0003837805474847535,1.8585489160821471,False,1.5422489168098081,-0.0022423294635669005,-0.004100878379649048,-0.0059594272957311945
rev,mv,2014-06-30,2014-07-31,0.007606150981604926,1.9154302245118755,False,1.6751383810968041,0.00569072075709305,0.0037752905325811746,0.0018598603080692989
rev,mv,2014-07-31,2014-08-31,0.004906287988712448,1.8238970022454475,False,1.6621339451284685,0.003082390986467001,0.0012584939842215535,-0.0005654030180238939
rev,mv,2014-08-31,2014-09-30,0.020726867037997476,1.5665702843802722,False,1.3148619313654812,0.019160296753617204,0.01759372646923693,0.01602715618485666
rev,mv,2014-09-30,2014-10-31,0.01892565703679104,1.7417856013976865,False,1.4541446078329958,0.017183871435393353,0.015442085833995669,0.013700300232597981
rev,mv,2014-10-31,2014-11-30,0.012630315660832074,1.579475441823073,False,1.7253121744445172,0.011050840219009001,0.009471364777185928,0.007891889335362855
rev,mv,2014-11-30,2014-12-31,0.014919993230297999,1.6688287069785241,False,1.5827827875587366,0.013251164523319474,0.01158233581634095,0.009913507109362427
rev,mv,2014-12-31,2015-01-31,0.004654923277619461,1.72950552223231,False,1.7560733181460386,0.0029254177553871513,0.0011959122331548413,-0.0005335932890774683
rev,mv,2015-01-31,2015-02-28,0.0053291205612888875,1.656813026882455,False,1.601363867991303,0.0036723075344064324,0.0020154945075239773,0.0003586814806415227
rev,mv,2015-02-28,2015-03-31,-0.0014860274640243693,1.8388570738051169,False,1.6230270669941727,-0.003324884537829486,-0.0051637416116346035,-0.00700259868543972
rev,mv,2015-03-31,2015-04-30,-0.0073248044482800605,1.5953582891472216,False,1.4744513163306385,-0.008920162737427281,-0.010515521026574503,-0.012110879315721725
rev,mv,2015-04-30,2015-05-31,0.011129238620169589,1.7975360393018445,False,1.6401098220456005,0.009331702580867744,0.0075341665415659,0.005736630502264055
rev,mv,2015-05-31,2015-06-30,0.0011207200198525876,1.5510873416373898,False,1.7929887115426268,-0.0004303673217848022,-0.001981454663422192,-0.0035325420050595817
rev,mv,2015-06-30,2015-07-31,0.006011419643883655,2.0380204957737296,False,1.555510631777898,0.003973399148109926,0.001935378652336196,-0.0001026418434375339
rev,mv,2015-07-31,2015-08-31,0.0025250817891720825,1.3041638372158812,False,1.6677944662956847,0.0012209179519562011,-8.324588525968025e-05,-0.0013874097224755616
rev,mv,2015-08-31,2015-09-30,-0.011255810230761857,2.163570806184497,False,1.6610303837332945,-0.013419381036946353,-0.015582951843130851,-0.01774652264931535
rev,mv,2015-09-30,2015-10-31,-0.025067898771917767,1.745406859070786,False,1.562318510911635,-0.026813305630988552,-0.02855871249005934,-0.030304119349130125
rev,mv,2015-10-31,2015-11-30,-0.002887563942467859,1.9107632282040443,False,1.5905047725331865,-0.0047983271706719035,-0.006709090398875948,-0.008619853627079992
rev,mv,2015-11-30,2015-12-31,-0.006363339131387335,1.85232091673466,False,1.7766792242024967,-0.008215660048121996,-0.010067980964856655,-0.011920301881591315
rev,mv,2015-12-31,2016-01-31,-0.012091327671170318,1.9132853857945302,False,1.640191443691608,-0.014004613056964849,-0.015917898442759378,-0.01783118382855391
rev,mv,2016-01-31,2016-02-29,-0.02126553735259871,1.462005643149866,False,1.598560481331508,-0.022727542995748577,-0.024189548638898443,-0.02565155428204831
rev,mv,2016-02-29,2016-03-31,-0.015761025143351547,2.011637078211163,False,1.850188512414581,-0.01777266222156271,-0.019784299299773874,-0.021795936377985037
rev,mv,2016-03-31,2016-04-30,0.0070942646891742666,2.0619871834903893,False,1.511766503484536,0.005032277505683877,0.0029702903221934876,0.0009083031387030985
rev,mv,2016-04-30,2016-05-31,-0.018457453355448777,1.9075174316855152,False,1.7811850163126683,-0.02036497078713429,-0.022272488218819806,-0.02418000565050532
rev,mv,2016-05-31,2016-06-30,0.019274344830876287,1.8518545965240694,False,1.5199118381063639,0.017422490234352217,0.015570635637828147,0.013718781041304078
rev,mv,2016-06-30,2016-07-31,0.004802002740704746,2.3135327914359385,False,1.8482003787641035,0.0024884699492688078,0.00017493715783286918,-0.0021385956336030694
rev,mv,2016-07-31,2016-08-31,-0.024957997697831857,2.349432205885122,False,1.4445580318376745,-0.02730742990371698,-0.0296568621096021,-0.032006294315487224
rev,mv,2016-08-31,2016-09-30,0.0028072748056401156,2.318052810427513,False,1.7894448756579917,0.0004892219952126026,-0.0018288308152149104,-0.004146883625642423
rev,mv,2016-09-30,2016-10-31,0.00860919167721885,2.2226177794247133,False,1.6142666026615444,0.006386573897794137,0.004163956118369424,0.0019413383389447108
rev,mv,2016-10-31,2016-11-30,-0.01823870036104751,2.2248558311963866,False,1.674436593177036,-0.0204635561922439,-0.022688412023440286,-0.02491326785463667
rev,mv,2016-11-30,2016-12-31,0.00412350209671864,2.2187318203647335,False,1.808618265593091,0.0019047702763539068,-0.0003139615440108266,-0.00253269336437556
rev,mv,2016-12-31,2017-01-31,-0.009412836238178091,1.8980577921316153,False,1.5625686521453936,-0.011310894030309706,-0.013208951822441322,-0.015107009614572937
rev,mv,2017-01-31,2017-02-28,0.005309379151743821,1.490874805110563,False,1.46378614978564,0.003818504346633258,0.002327629541522695,0.0008367547364121321
rev,mv,2017-02-28,2017-03-31,-0.004700587043970842,2.234519675916305,False,1.6890807222040185,-0.006935106719887146,-0.009169626395803453,-0.011404146071719756
rev,mv,2017-03-31,2017-04-30,0.004719786818768046,2.718032274991935,False,1.8606184955306786,0.0020017545437761106,-0.0007162777312158244,-0.0034343100062077603
rev,mv,2017-04-30,2017-05-31,0.0016197634079359107,2.55027280073748,False,1.8442854449256416,-0.0009305093928015692,-0.0034807821935390493,-0.006031054994276529
rev,mv,2017-05-31,2017-06-30,0.0032964137594919864,2.840851081752433,False,1.9300435345894558,0.00045556267773955335,-0.0023852884040128797,-0.005226139485765313
rev,mv,2017-06-30,2017-07-31,-0.011411939665559326,2.28503786227577,False,1.694858775674054,-0.013696977527835096,-0.015982015390110866,-0.018267053252386638
rev,mv,2017-07-31,2017-08-31,0.027630764959199344,2.257158976044112,False,1.7573864516184359,0.02537360598315523,0.02311644700711112,0.020859288031067007
rev,mv,2017-08-31,2017-09-30,0.011927933891353038,2.3283643683962643,False,1.7663155862886672,0.009599569522956774,0.0072712051545605096,0.004942840786164245
rev,mv,2017-09-30,2017-10-31,0.005550539817993816,2.5230363230257047,False,1.763790923807482,0.003027503494968111,0.0005044671719424063,-0.0020185691510832982
rev,mv,2017-10-31,2017-11-30,-0.012801206653198978,1.8723680399707088,False,1.9581115540096492,-0.014673574693169687,-0.016545942733140397,-0.018418310773111103
rev,mv,2017-11-30,2017-12-31,-0.0002805271442749942,2.608481995711449,False,1.8231531901091667,-0.0028890091399864436,-0.005497491135697892,-0.00810597313140934
rev,mv,2017-12-31,2018-01-31,0.019419052386191304,2.1031583911411467,False,1.7729987308292245,0.017315893995050156,0.015212735603909011,0.013109577212767863
rev,mv,2018-01-31,2018-02-28,-0.016771745074791077,1.7013002915355568,False,1.721458437225813,-0.018473045366326633,-0.02017434565786219,-0.021875645949397747
rev,mv,2018-02-28,2018-03-31,-0.015033329421106946,2.8391788787228673,False,2.015627992241701,-0.017872508299829813,-0.02071168717855268,-0.02355086605727555
rev,mv,2018-03-31,2018-04-30,0.011842943101237213,2.250604176457398,False,1.5428392076987285,0.009592338924779814,0.007341734748322417,0.005091130571865018
rev,mv,2018-04-30,2018-05-31,0.017132865428075763,2.4919777147640296,False,1.6386789648502367,0.014640887713311734,0.012148909998547704,0.009656932283783674
rev,mv,2018-05-31,2018-06-30,-0.038154684488506736,2.6511663289453637,False,1.7540415432036303,-0.0408058508174521,-0.043457017146397464,-0.04610818347534283
rev,mv,2018-06-30,2018-07-31,0.010374201082386467,2.1963741143924,False,1.784399344325398,0.008177826967994066,0.005981452853601667,0.0037850787392092666
rev,mv,2018-07-31,2018-08-31,0.030002850417541672,1.6414146522307989,False,1.7581721280357008,0.028361435765310875,0.026720021113080073,0.025078606460849275
rev,mv,2018-08-31,2018-09-30,0.01443008380419659,1.927906450837672,False,1.770973939293136,0.012502177353358918,0.010574270902521245,0.008646364451683573
rev,mv,2018-09-30,2018-10-31,-0.02099484036212903,1.9307877273943603,False,1.7055424493700964,-0.02292562808952339,-0.02485641581691775,-0.026787203544312112
rev,mv,2018-10-31,2018-11-30,0.00515287705710657,1.8833112108967494,False,1.5892471516077495,0.0032695658462098204,0.0013862546353130708,-0.0004970565755836789
rev,mv,2018-11-30,2018-12-31,0.020611944527137084,2.2153938446401265,False,1.7460799670638654,0.01839655068249696,0.01618115683785683,0.013965762993216705
rev,mv,2018-12-31,2019-01-31,-0.001113169515609341,1.8573070741211148,False,1.6793318059061473,-0.002970476589730456,-0.004827783663851571,-0.006685090737972686
rev,mv,2019-01-31,2019-02-28,0.0006510886472933091,1.5498780628351532,False,1.773876109075642,-0.0008987894155418442,-0.0024486674783769976,-0.00399854554121215
rev,mv,2019-02-28,2019-03-31,-0.013663287502388054,1.8247727482708285,False,1.8461977334909931,-0.015488060250658882,-0.01731283299892971,-0.01913760574720054
rev,mv,2019-03-31,2019-04-30,-0.019736096441774924,2.7715634272473664,False,1.6358318299281973,-0.02250765986902229,-0.025279223296269658,-0.028050786723517025
rev,mv,2019-04-30,2019-05-31,0.024659666419756268,2.5223307976625398,False,1.777222236655608,0.02213733562209373,0.01961500482443119,0.01709267402676865
rev,mv,2019-05-31,2019-06-30,-0.010509278127319346,1.9730501843202894,False,1.8695615368174279,-0.012482328311639635,-0.014455378495959926,-0.016428428680280216
rev,mv,2019-06-30,2019-07-31,0.013219920851613023,1.877095062253903,False,1.7834319133880967,0.01134282578935912,0.009465730727105217,0.007588635664851314
rev,mv,2019-07-31,2019-08-31,0.017191456601325053,1.8037110790045694,False,1.6396276342224323,0.015387745522320483,0.013584034443315914,0.011780323364311344
rev,mv,2019-08-31,2019-09-30,-0.0034676278937800955,1.4004891802373596,False,1.701168237444356,-0.004868117074017455,-0.006268606254254815,-0.007669095434492174
rev,mv,2019-09-30,2019-10-31,0.019064517434194083,1.6965056967122751,False,1.5781243129814018,0.017368011737481807,0.015671506040769532,0.013975000344057258
rev,mv,2019-10-31,2019-11-30,0.007173322377668785,1.9205810137487556,False,1.5864668535891882,0.0052527413639200295,0.003332160350171274,0.0014115793364225188
rev,mv,2019-11-30,2019-12-31,0.0007003623721130255,2.1292898513310847,False,1.8104308619497638,-0.0014289274792180595,-0.0035582173305491443,-0.005687507181880228
rev,mv,2019-12-31,2020-01-31,-0.0031778983644651414,2.4252096577352242,False,1.918789679757708,-0.0056031080222003656,-0.00802831767993559,-0.010453527337670814
rev,mv,2020-01-31,2020-02-29,0.0125423957818737,1.9156423687359532,False,1.484955528244872,0.010626753413137747,0.008711111044401795,0.006795468675665841
rev,mv,2020-02-29,2020-03-31,0.04692436793186031,1.876242348481604,False,1.6133880080197947,0.04504812558337871,0.0431718832348971,0.0412956408864155
rev,mv,2020-03-31,2020-04-30,0.006128213851023511,1.8714822265993711,False,1.3909288776020918,0.00425673162442414,0.0023852493978247682,0.0005137671712253976
rev,mv,2020-04-30,2020-05-31,-0.009151140166591376,1.4384249842903956,False,1.5474817914968038,-0.010589565150881771,-0.012027990135172167,-0.013466415119462564
rev,mv,2020-05-31,2020-06-30,0.009949247578587466,1.6702124177481696,False,1.4358554081133923,0.008279035160839296,0.006608822743091126,0.004938610325342957
rev,mv,2020-06-30,2020-07-31,0.005744765213955762,2.015420278425414,False,1.4645771676836408,0.0037293449355303475,0.0017139246571049333,-0.0003014956213204809
rev,mv,2020-07-31,2020-08-31,0.011050558697414918,2.1033461727344944,False,1.4836007235953532,0.008947212524680424,0.006843866351945929,0.0047405201792114346
rev,mv,2020-08-31,2020-09-30,-0.005485049157611624,1.7115418686951658,False,1.3788892089810825,-0.00719659102630679,-0.008908132895001955,-0.010619674763697122
rev,mv,2020-09-30,2020-10-31,0.005947863959042129,1.8069190936277222,False,1.5121484203628865,0.0041409448654144065,0.0023340257717866845,0.0005271066781589624
rev,mv,2020-10-31,2020-11-30,-0.00877874557364814,1.869525540049912,False,1.3593726278829068,-0.010648271113698052,-0.012517796653747965,-0.014387322193797876
rev,mv,2020-11-30,2020-12-31,-0.004364724588250138,2.394719345262811,False,1.4887251763154803,-0.00675944393351295,-0.00915416327877576,-0.01154888262403857
rev,mv,2020-12-31,2021-01-31,0.012051062029199937,2.02087433612242,False,1.416417163784602,0.010030187693077517,0.008009313356955098,0.005988439020832677
rev,mv,2021-01-31,2021-02-28,-0.007699310745127939,1.4540693264381581,False,1.262350510010886,-0.009153380071566098,-0.010607449398004256,-0.012061518724442413
rev,mv,2021-02-28,2021-03-31,0.008001709215041869,1.883583763255431,False,1.566570973315235,0.0061181254517864376,0.004234541688531006,0.0023509579252755756
rev,mv,2021-03-31,2021-04-30,0.009660066084788185,1.9120004969310063,False,1.311924715208035,0.007748065587857179,0.0058360650909261725,0.003924064593995166
rev,mv,2021-04-30,2021-05-31,-0.003507265433541152,1.5962618430301396,False,1.273547265769568,-0.005103527276571292,-0.0066997891196014315,-0.008296050962631571
rev,mv,2021-05-31,2021-06-30,-0.0043051356190183625,1.5484952026907752,False,1.4060886343981847,-0.005853630821709138,-0.007402126024399913,-0.008950621227090689
rev,mv,2021-06-30,2021-07-31,-0.0061303059409189495,1.784325787828918,False,1.2055827951363647,-0.007914631728747868,-0.009698957516576786,-0.011483283304405704
rev,mv,2021-07-31,2021-08-31,0.011889240790867677,1.251214274814141,False,1.1603082338955,0.010638026516053537,0.009386812241239394,0.008135597966425254
rev,mv,2021-08-31,2021-09-30,-0.007115237148631395,1.7516402659970653,False,1.4586287387556673,-0.00886687741462846,-0.010618517680625526,-0.012370157946622592
rev,mv,2021-09-30,2021-10-31,0.012193111638891078,1.7844880051804974,False,1.3176101008060714,0.010408623633710581,0.008624135628530084,0.006839647623349586
rev,mv,2021-10-31,2021-11-30,-0.016294927833900578,1.309703899039505,False,1.2324714455173131,-0.017604631732940083,-0.018914335631979588,-0.020224039531019092
rev,mv,2021-11-30,2021-12-31,0.0072287138138822345,1.306651495252588,False,1.3328763807105137,0.005922062318629647,0.004615410823377058,0.00330875932812447
rev,mv,2021-12-31,2022-01-31,-0.0034025141410268093,1.6377117497594749,False,1.2856918053029138,-0.005040225890786284,-0.006677937640545759,-0.008315649390305234
rev,mv,2022-01-31,2022-02-28,-0.013808594385677326,1.6601826578612495,False,1.1610448474064103,-0.015468777043538575,-0.017128959701399826,-0.018789142359261074
rev,mv,2022-02-28,2022-03-31,0.01826705555312394,1.416151362283232,False,1.3435479326496358,0.016850904190840708,0.015434752828557476,0.014018601466274243
rev,mv,2022-03-31,2022-04-30,0.017908140041496157,1.5403853280606463,False,1.24401346979949,0.01636775471343551,0.014827369385374864,0.013286984057314218
rev,mv,2022-04-30,2022-05-31,0.006060639176166047,1.5442450288208438,False,1.3256092531621728,0.004516394147345203,0.002972149118524359,0.0014279040897035153
rev,mv,2022-05-31,2022-06-30,-0.019652535845838384,1.6793821021118507,False,1.6502628235143015,-0.021331917947950235,-0.023011300050062085,-0.024690682152173935
rev,mv,2022-06-30,2022-07-31,0.018443936171240776,1.664700016639477,False,1.4900962165606508,0.0167792361546013,0.015114536137961822,0.013449836121322344
rev,mv,2022-07-31,2022-08-31,-0.0010004974639167006,1.7728013323455059,False,1.326077315645589,-0.0027732987962622068,-0.004546100128607712,-0.006318901460953218
rev,mv,2022-08-31,2022-09-30,0.0017893970248097886,1.4893359103216626,False,1.3681145858393617,0.00030006111448812613,-0.0011892747958335364,-0.002678610706155199
rev,mv,2022-09-30,2022-10-31,-0.0031204256999193903,1.138824709928227,False,1.440852474606109,-0.004259250409847617,-0.005398075119775844,-0.006536899829704072
rev,mv,2022-10-31,2022-11-30,-0.026832095635416463,1.7058904956974847,False,1.4025387957599584,-0.028537986131113947,-0.030243876626811432,-0.03194976712250892
rev,mv,2022-11-30,2022-12-31,-0.005899857676060042,1.811849478115794,False,1.4094522197387298,-0.007711707154175836,-0.00952355663229163,-0.011335406110407426
rev,mv,2022-12-31,2023-01-31,-0.014581703754858968,1.261547308268717,False,1.4813721726385805,-0.015843251063127686,-0.017104798371396404,-0.01836634567966512
rev,mv,2023-01-31,2023-02-28,-0.01725314440013616,1.3352140690656946,False,1.264939496219259,-0.018588358469201854,-0.01992357253826755,-0.02125878660733324
rev,mv,2023-02-28,2023-03-31,0.000931026220930983,1.6536960130863505,False,1.503070277470916,-0.0007226697921553675,-0.002376365805241718,-0.004030061818328068
rev,mv,2023-03-31,2023-04-30,-0.0007457091598814862,2.095100596623902,False,1.410222385184497,-0.002840809756505388,-0.00493591035312929,-0.007031010949753192
rev,mv,2023-04-30,2023-05-31,-0.02019406493241492,1.5432656963280904,False,1.3496041528063658,-0.02173733062874301,-0.023280596325071103,-0.02482386202139919
rev,mv,2023-05-31,2023-06-30,0.005909552266613086,1.567416856568151,False,1.5180923849827608,0.004342135410044935,0.0027747185534767837,0.0012073016969086333
rev,mv,2023-06-30,2023-07-31,-0.007170236298593656,1.7101893817380833,False,1.1196432795484628,-0.00888042568033174,-0.010590615062069823,-0.012300804443807906
rev,mv,2023-07-31,2023-08-31,-0.002355035917357141,1.631122714117058,False,1.2399672376788042,-0.0039861586314741985,-0.005617281345591257,-0.007248404059708315
rev,mv,2023-08-31,2023-09-30,-0.018811274403857315,1.5865453986442029,False,1.3668092020377482,-0.020397819802501518,-0.02198436520114572,-0.023570910599789923
rev,mv,2023-09-30,2023-10-31,0.01210209092160789,1.786993829972121,False,1.4078494988799999,0.010315097091635769,0.008528103261663648,0.006741109431691527
rev,mv,2023-10-31,2023-11-30,-0.01196744157418214,1.6149440447136778,False,1.3799242940879992,-0.013582385618895817,-0.015197329663609496,-0.016812273708323174
rev,mv,2023-11-30,2023-12-31,-0.009778421016606647,1.9302717208857767,False,1.2630213292928465,-0.011708692737492424,-0.0136389644583782,-0.015569236179263977
rev,mv,2023-12-31,2024-01-31,0.012956798595291408,1.714701514385729,False,1.5503153017236488,0.01124209708090568,0.00952739556651995,0.007812694052134223
rev,mv,2024-01-31,2024-02-29,-0.005083032041097669,2.1139172405922553,False,1.220886835173669,-0.007196949281689924,-0.00931086652228218,-0.011424783762874435
rev,mv,2024-02-29,2024-03-31,-0.00304820110215685,1.7080203793785818,False,1.313375942462315,-0.004756221481535432,-0.006464241860914014,-0.008172262240292594
rev,mv,2024-03-31,2024-04-30,-0.010574516037589817,1.8407024241591856,False,1.0851915126459368,-0.012415218461749002,-0.014255920885908189,-0.016096623310067375
rev,mv,2024-04-30,2024-05-31,-0.0005917351013646789,1.6216295550047148,False,1.2656558269534637,-0.0022133646563693935,-0.0038349942113741087,-0.005456623766378824
rev,mv,2024-05-31,2024-06-30,0.01756771446453235,1.6282965262591726,False,1.3293366725213092,0.01593941793827318,0.014311121412014006,0.012682824885754833
rev,mv,2024-06-30,2024-07-31,-0.0049501861624579035,2.006101037568228,False,1.2387389427655433,-0.006956287200026131,-0.008962388237594359,-0.010968489275162589
rev,mv,2024-07-31,2024-08-31,0.0005656726923300228,1.780786091110804,False,1.4152860386412296,-0.0012151133987807813,-0.002995899489891585,-0.0047766855810023896
rev,mv,2024-08-31,2024-09-30,-0.008914229439083226,1.9070587324721455,False,1.257371654289001,-0.01082128817155537,-0.012728346904027518,-0.014635405636499663
rev,mv,2024-09-30,2024-10-31,-0.007324181796884236,1.6406161959154246,False,1.2295501936856983,-0.00896479799279966,-0.010605414188715086,-0.01224603038463051
rev,mv,2024-10-31,2024-11-30,0.003448924227441531,1.6692901644075373,False,1.2954468947798854,0.0017796340630339934,0.00011034389862645596,-0.0015589462657810815
rev,mv,2024-11-30,2024-12-31,0.021000831957353194,1.7014673937941847,False,1.4065725411421184,0.01929936456355901,0.017597897169764825,0.01589642977597064
rev,mv,2024-12-31,2025-01-31,0.0031013184642956345,1.610855289562794,False,1.4438364763177918,0.0014904631747328406,-0.00012039211482995325,-0.0017312474043927476
rev,mv,2025-01-31,2025-02-28,-5.2574207350015455e-05,1.7558151514465268,False,1.5114241466295593,-0.0018083893587965423,-0.003564204510243069,-0.005320019661689596
rev,mv,2025-02-28,2025-03-31,-0.025495530634613687,2.080318647739432,False,1.5818300513481127,-0.02757584928235312,-0.02965616793009255,-0.031736486577831985
rev,mv,2025-03-31,2025-04-30,-0.021285641239834844,1.8303865910017045,False,1.216277757543697,-0.02311602783083655,-0.024946414421838252,-0.026776801012839958
rev,mv,2025-04-30,2025-05-31,0.007654038347085133,1.8257931978779884,False,1.121745667005075,0.005828245149207145,0.004002451951329157,0.0021766587534511684
rev,mv,2025-05-31,2025-06-30,0.03739077534116212,1.266262608583492,False,1.2526205707897764,0.03612451273257863,0.034858250123995134,0.03359198751541165
rev,mv,2025-06-30,2025-07-31,0.005962818913743761,1.445313149242025,False,1.12745502794658,0.004517505764501736,0.003072192615259711,0.0016268794660176857
rev,mv,2025-07-31,2025-08-31,-0.0025053520786283124,1.4280087774284105,False,1.4372365317031226,-0.003933360856056722,-0.005361369633485134,-0.006789378410913543
rev,mv,2025-08-31,2025-09-30,-0.007442085087044608,1.1302997700228596,False,1.2430182284708873,-0.008572384857067468,-0.009702684627090327,-0.010832984397113186
rev,mv,2025-09-30,2025-10-31,-0.008967708254816163,1.4970588229846986,False,1.2808116427305016,-0.010464767077800861,-0.01196182590078556,-0.013458884723770258
rev,mv,2025-10-31,2025-11-30,-0.001563802434381524,1.556838971387906,False,1.5812792493960517,-0.00312064140576943,-0.004677480377157336,-0.0062343193485452425
rev,mv,2025-11-30,2025-12-31,0.008051886052950598,1.4716274723223313,False,1.5781106631610033,0.006580258580628267,0.005108631108305936,0.003637003635983604
rev,mv,2025-12-31,2026-01-31,-0.005031658909644538,1.431909671921626,False,1.5362012781468728,-0.006463568581566164,-0.00789547825348779,-0.009327387925409415
rev,diag,1990-01-31,1990-02-28,-0.012570989854760021,1.3870055786082278,True,1.3870055786082278,-0.013957995433368248,-0.015345001011976476,-0.016732006590584703
rev,diag,1990-02-28,1990-03-31,0.019461788344354882,1.3519794551541835,False,1.4662729772920908,0.018109808889200697,0.016757829434046516,0.015405849978892331
rev,diag,1990-03-31,1990-04-30,-6.566123118477433e-05,1.3535520050265184,False,1.3417993156689036,-0.0014192132362112928,-0.0027727652412378114,-0.004126317246264329
rev,diag,1990-04-30,1990-05-31,0.00927997808880994,1.2219626757640356,False,1.4270419418396045,0.008058015413045905,0.006836052737281868,0.005614090061517833
rev,diag,1990-05-31,1990-06-30,0.015522900292232114,1.6594545936592855,False,1.5111691703202752,0.013863445698572828,0.012203991104913544,0.010544536511254258
rev,diag,1990-06-30,1990-07-31,0.0018493568770380974,1.3558392021975283,False,1.4626966539783992,0.000493517674840569,-0.0008623215273569594,-0.0022181607295544874
rev,diag,1990-07-31,1990-08-31,0.011749410091245673,1.159275669566612,False,1.3889749125144253,0.01059013442167906,0.009430858752112449,0.008271583082545837
rev,diag,1990-08-31,1990-09-30,0.012758714071225353,1.1629618271097513,False,1.4057362985780497,0.011595752244115602,0.01043279041700585,0.009269828589896098
rev,diag,1990-09-30,1990-10-31,0.009209367482892644,1.10450272098949,False,1.24599963368821,0.008104864761903153,0.007000362040913664,0.005895859319924174
rev,diag,1990-10-31,1990-11-30,-0.013817211449426822,0.8096937045064551,False,1.2894401284760961,-0.014626905153933277,-0.015436598858439732,-0.016246292562946185
rev,diag,1990-11-30,1990-12-31,-0.0014043572786917675,1.1113532190353985,False,1.4153697978189264,-0.002515710497727166,-0.003627063716762565,-0.004738416935797963
rev,diag,1990-12-31,1991-01-31,-0.0138289598938718,1.119108130085567,False,1.3999317033857237,-0.014948068023957366,-0.016067176154042934,-0.0171862842841285
rev,diag,1991-01-31,1991-02-28,-0.004085948782484547,1.0570004789357057,False,1.3308864474988655,-0.005142949261420253,-0.006199949740355959,-0.007256950219291664
rev,diag,1991-02-28,1991-03-31,0.01328063005493082,1.2797440694907793,False,1.414412733698276,0.012000885985440041,0.010721141915949261,0.009441397846458482
rev,diag,1991-03-31,1991-04-30,-0.004127672586494442,1.2375023366660336,False,1.2492469057217346,-0.0053651749231604755,-0.00660267725982651,-0.007840179596492542
rev,diag,1991-04-30,1991-05-31,-0.013076741271247394,1.004296628760183,False,1.4379049759988953,-0.014081037900007577,-0.01508533452876776,-0.016089631157527942
rev,diag,1991-05-31,1991-06-30,-0.007863516630116514,0.8127360361935665,False,1.4403381335643741,-0.00867625266631008,-0.009488988702503646,-0.010301724738697213
rev,diag,1991-06-30,1991-07-31,0.0027557751149796697,0.9661949447382594,False,1.2311796165724949,0.0017895801702414102,0.0008233852255031509,-0.00014280971923510835
rev,diag,1991-07-31,1991-08-31,0.011139548827328953,1.1086831677209201,False,1.3654019016405488,0.010030865659608033,0.008922182491887112,0.007813499324166192
rev,diag,1991-08-31,1991-09-30,0.0052358333741738825,1.1939399896107952,False,1.4173401839687447,0.0040418933845630875,0.002847953394952292,0.001654013405341497
rev,diag,1991-09-30,1991-10-31,0.00028827053039841034,1.4217888968869472,False,1.41184523853175,-0.001133518366488537,-0.0025553072633754843,-0.003977096160262431
rev,diag,1991-10-31,1991-11-30,0.012880333616819662,1.3156395765924667,False,1.6430991714081802,0.011564694040227195,0.010249054463634728,0.008933414887042263
rev,diag,1991-11-30,1991-12-31,0.016925057137420572,1.4462944593173408,False,1.560316110721732,0.015478762678103232,0.01403246821878589,0.01258617375946855
rev,diag,1991-12-31,1992-01-31,-0.006787324403271102,1.4862086652554198,False,1.397963392093239,-0.008273533068526523,-0.009759741733781942,-0.011245950399037362
rev,diag,1992-01-31,1992-02-29,-0.010786037588024405,1.3503068739741793,False,1.3212902937506055,-0.012136344461998586,-0.013486651335972764,-0.014836958209946943
rev,diag,1992-02-29,1992-03-31,-0.004817382811564519,1.2130647959881873,False,1.2871363821226618,-0.0060304476075527065,-0.007243512403540894,-0.00845657719952908
rev,diag,1992-03-31,1992-04-30,-0.013091881386063563,1.1323277466576922,False,1.1755031414952377,-0.014224209132721256,-0.015356536879378947,-0.016488864626036638
rev,diag,1992-04-30,1992-05-31,-0.01042384731544354,1.1106107178200118,False,1.2394458154046843,-0.01153445803326355,-0.012645068751083562,-0.013755679468903576
rev,diag,1992-05-31,1992-06-30,0.004105441166498408,1.1100075881231461,False,1.428481355179636,0.002995433578375262,0.001885425990252116,0.0007754184021289698
rev,diag,1992-06-30,1992-07-31,-0.013971046068490964,1.4685967426036155,False,1.5344362506472509,-0.015439642811094579,-0.016908239553698193,-0.01837683629630181
rev,diag,1992-07-31,1992-08-31,-0.004772481775336139,1.3507507326937565,False,1.3696553691747846,-0.006123232508029896,-0.007473983240723653,-0.008824733973417409
rev,diag,1992-08-31,1992-09-30,-0.005321350431125323,1.332550666529414,False,1.4186531702491163,-0.006653901097654737,-0.00798645176418415,-0.009319002430713565
rev,diag,1992-09-30,1992-10-31,-0.0005363052429272073,1.3647288865513834,False,1.3878862249272212,-0.0019010341294785908,-0.0032657630160299743,-0.004630491902581357
rev,diag,1992-10-31,1992-11-30,0.004779697739810072,1.1818308169963576,False,1.3315703999384458,0.0035978669228137142,0.002416036105817357,0.0012342052888209992
rev,diag,1992-11-30,1992-12-31,0.0003002538413462256,1.577832752393603,False,1.5415690932435702,-0.0012775789110473774,-0.0028554116634409805,-0.004433244415834584
rev,diag,1992-12-31,1993-01-31,0.010707652624590214,1.4482471080593444,False,1.4556601834614948,0.00925940551653087,0.007811158408471526,0.006362911300412181
rev,diag,1993-01-31,1993-02-28,0.005645509675901993,1.3431999651853803,False,1.3671145205082915,0.004302309710716613,0.0029591097455312324,0.0016159097803458517
rev,diag,1993-02-28,1993-03-31,0.019682827893219974,1.2190839495572443,False,1.5028497936876968,0.01846374394366273,0.017244659994105484,0.01602557604454824
rev,diag,1993-03-31,1993-04-30,-0.002163248926188625,1.200092679344397,False,1.6869548769367768,-0.003363341605533022,-0.004563434284877418,-0.005763526964221816
rev,diag,1993-04-30,1993-05-31,0.0028362509116482046,1.1607951408922628,False,1.6058664508817662,0.0016754557707559419,0.0005146606298636791,-0.0006461345110285836
rev,diag,1993-05-31,1993-06-30,0.011193705307825222,1.3082253239835637,False,1.537004708865493,0.009885479983841658,0.008577254659858095,0.00726902933587453
rev,diag,1993-06-30,1993-07-31,0.013112358975586028,1.5670730044360308,False,1.40420232461611,0.011545285971149998,0.009978212966713966,0.008411139962277936
rev,diag,1993-07-31,1993-08-31,0.0051761897128076075,1.3776384086067641,False,1.443190889404889,0.003798551304200843,0.0024209128955940793,0.0010432744869873153
rev,diag,1993-08-31,1993-09-30,0.016665383003430272,1.2786432255430704,False,1.451815461911358,0.015386739777887203,0.014108096552344131,0.012829453326801061
rev,diag,1993-09-30,1993-10-31,-0.0031827961180043436,1.268902221769093,False,1.5453330089591495,-0.004451698339773436,-0.00572060056154253,-0.006989502783311623
rev,diag,1993-10-31,1993-11-30,-0.018193757848802585,1.4539770237505587,False,1.4986717147129818,-0.019647734872553144,-0.021101711896303704,-0.02255568892005426
rev,diag,1993-11-30,1993-12-31,-0.005576823501461332,1.1582026064936422,False,1.626791800402933,-0.006735026107954975,-0.007893228714448617,-0.00905143132094226
rev,diag,1993-12-31,1994-01-31,0.0022794506817254943,1.4018088776577589,False,1.7711261635527251,0.0008776418040677355,-0.0005241670735900233,-0.0019259759512477827
rev,diag,1994-01-31,1994-02-28,-1.3046399534666012e-05,1.648035415897403,False,1.473283262081712,-0.001661081815432069,-0.003309117231329472,-0.004957152647226876
rev,diag,1994-02-28,1994-03-31,-0.01944700740212673,1.3483736044581949,False,1.5647297836319158,-0.020795381006584925,-0.02214375461104312,-0.023492128215501316
rev,diag,1994-03-31,1994-04-30,-0.008163898805234153,1.303358221288151,False,1.510095898905077,-0.009467257026522303,-0.010770615247810455,-0.012073973469098605
rev,diag,1994-04-30,1994-05-31,-0.0009500455044977163,1.6248267742048073,False,1.4867083483804509,-0.0025748722787025235,-0.004199699052907331,-0.005824525827112138
rev,diag,1994-05-31,1994-06-30,-0.006449224091429902,1.697554824449449,False,1.6544835251899392,-0.00814677891587935,-0.0098443337403288,-0.011541888564778249
rev,diag,1994-06-30,1994-07-31,0.015846195168604988,1.3478296573992723,False,1.5786356388483551,0.014498365511205716,0.013150535853806444,0.011802706196407171
rev,diag,1994-07-31,1994-08-31,0.0005096646199516698,2.078416663831314,False,1.6565519104851436,-0.0015687520438796444,-0.0036471687077109585,-0.005725585371542273
rev,diag,1994-08-31,1994-09-30,0.0034543635951305154,1.9194962365597563,False,1.6463289296488812,0.0015348673585707591,-0.0003846288779889972,-0.002304125114548754
rev,diag,1994-09-30,1994-10-31,-0.0005620916908318264,1.528593488264806,False,1.744800556370679,-0.0020906851790966326,-0.0036192786673614383,-0.005147872155626245
rev,diag,1994-10-31,1994-11-30,-0.008933344805166565,1.8166695287362453,False,1.667017335247383,-0.01075001433390281,-0.012566683862639056,-0.014383353391375302
rev,diag,1994-11-30,1994-12-31,0.01570626627127266,1.8507767306436234,False,1.660342803015183,0.013855489540629037,0.012004712809985413,0.01015393607934179
rev,diag,1994-12-31,1995-01-31,0.0001310923279941173,1.471630921035124,False,1.47853488926586,-0.0013405385930410068,-0.002812169514076131,-0.004283800435111254
rev,diag,1995-01-31,1995-02-28,0.0005487896605414987,1.6112280010597297,False,1.606793340816888,-0.001062438340518231,-0.0026736663415779607,-0.00428489434263769
rev,diag,1995-02-28,1995-03-31,0.008041896546687053,1.537486270007873,False,1.726909554044679,0.00650441027667918,0.004966924006671307,0.003429437736663434
rev,diag,1995-03-31,1995-04-30,0.01514013643583699,1.7204439952572481,False,1.4675084801965894,0.013419692440579742,0.011699248445322493,0.009978804450065246
rev,diag,1995-04-30,1995-05-31,-0.011838053989370344,1.3077844903875375,False,1.6754430932366469,-0.013145838479757881,-0.014453622970145418,-0.015761407460532957
rev,diag,1995-05-31,1995-06-30,0.005706381457252008,1.3831311178147687,False,1.7440734988812112,0.0043232503394372394,0.0029401192216224705,0.0015569881038077016
rev,diag,1995-06-30,1995-07-31,0.0023190488310936806,1.3945243097098607,False,1.6678221360349132,0.0009245245213838199,-0.00046999978832604076,-0.0018645240980359017
rev,diag,1995-07-31,1995-08-31,0.0015782188858643842,1.5126670033850598,False,1.6106387225764767,6.555188247932427e-05,-0.0014471151209057356,-0.0029597821242907953
rev,diag,1995-08-31,1995-09-30,0.006406106216908478,1.5551848756793156,False,1.7139954055325004,0.004850921341229162,0.003295736465549847,0.0017405515898705308
rev,diag,1995-09-30,1995-10-31,0.024394233923136326,1.4308960673433022,False,1.5125870608039484,0.022963337855793024,0.02153244178844972,0.02010154572110642
rev,diag,1995-10-31,1995-11-30,-0.02270901748199091,1.3699318243068912,False,1.5277938936615274,-0.024078949306297802,-0.025448881130604693,-0.026818812954911585
rev,diag,1995-11-30,1995-12-31,0.017077834065439345,1.173147249174074,False,1.7217423606638236,0.015904686816265272,0.014731539567091197,0.013558392317917122
rev,diag,1995-12-31,1996-01-31,0.007587940803884017,1.4267747226274576,False,1.5916602721149584,0.00616116608125656,0.004734391358629101,0.003307616636001644
rev,diag,1996-01-31,1996-02-29,-0.002710490097484328,1.0141282208748543,False,1.5796631263283556,-0.0037246183183591826,-0.004738746539234037,-0.005752874760108891
rev,diag,1996-02-29,1996-03-31,-0.021587880649169004,1.2910846751813292,False,1.5921456765013724,-0.022878965324350332,-0.02417004999953166,-0.02546113467471299
rev,diag,1996-03-31,1996-04-30,-0.0040117161646737,1.4516124075263428,False,1.5478479391916897,-0.005463328572200043,-0.0069149409797263865,-0.008366553387252729
rev,diag,1996-04-30,1996-05-31,-0.00046931777336417204,1.4611792146896299,False,1.6187701585152214,-0.001930496988053802,-0.003391676202743432,-0.004852855417433062
rev,diag,1996-05-31,1996-06-30,0.010063499570175254,1.4116500332155835,False,1.8067384021151087,0.00865184953695967,0.007240199503744087,0.005828549470528504
rev,diag,1996-06-30,1996-07-31,0.005591627368067008,1.5347150999504517,False,1.6484665021295777,0.004056912268116556,0.0025221971681661046,0.0009874820682156532
rev,diag,1996-07-31,1996-08-31,0.0035219763259737766,1.1903925159660804,False,1.504533207636245,0.0023315838100076963,0.0011411912940416159,-4.92012219244645e-05
rev,diag,1996-08-31,1996-09-30,-0.004438146776443319,1.7372677846256115,False,1.7388129784180353,-0.006175414561068931,-0.007912682345694541,-0.009649950130320153
rev,diag,1996-09-30,1996-10-31,0.0032312056381590126,2.1366326963699263,False,1.8275934834551955,0.0010945729417890862,-0.0010420597545808402,-0.0031786924509507666
rev,diag,1996-10-31,1996-11-30,-0.004215936489518214,2.0410365653325386,False,1.8931124637853334,-0.006256973054850753,-0.008298009620183292,-0.01033904618551583
rev,diag,1996-11-30,1996-12-31,0.025029962305600038,2.094374337756265,False,1.863610208264399,0.022935587967843774,0.020841213630087507,0.018746839292331244
rev,diag,1996-12-31,1997-01-31,0.0017653862426526916,1.6849115679520745,False,1.7045793642337432,8.047467470061707e-05,-0.0016044368932514575,-0.0032893484612035316
rev,diag,1997-01-31,1997-02-28,-0.021000553810208898,1.6718551177381153,False,1.5711428991090868,-0.022672408927947012,-0.02434426404568513,-0.026016119163423244
rev,diag,1997-02-28,1997-03-31,-0.003378318835132427,2.1389635729863414,False,1.760790439145627,-0.005517282408118768,-0.007656245981105109,-0.00979520955409145
rev,diag,1997-03-31,1997-04-30,-0.011524670010886848,1.5975337160829821,False,1.9848483481495682,-0.01312220372696983,-0.014719737443052812,-0.016317271159135796
rev,diag,1997-04-30,1997-05-31,0.005753718352648218,1.7619805674179203,False,1.7424103560602244,0.003991737785230297,0.002229757217812377,0.00046777665039445665
rev,diag,1997-05-31,1997-06-30,0.002726055182578402,2.0003017063127437,False,1.8321500702123314,0.000725753476265658,-0.001274548230047086,-0.0032748499363598298
rev,diag,1997-06-30,1997-07-31,0.0024804028482346696,2.0779413482107723,False,1.6524304961802085,0.0004024615000238975,-0.0016754798481868746,-0.003753421196397647
rev,diag,1997-07-31,1997-08-31,-0.011657856291916709,2.2385002006389785,False,1.7223731497600347,-0.013896356492555688,-0.016134856693194664,-0.018373356893833646
rev,diag,1997-08-31,1997-09-30,0.024659561683323478,2.1523031168296334,False,1.8750541094418942,0.022507258566493844,0.02035495544966421,0.01820265233283458
rev,diag,1997-09-30,1997-10-31,0.03136454633321681,1.964433638466033,False,1.593850346609927,0.029400112694750777,0.027435679056284742,0.02547124541781871
rev,diag,1997-10-31,1997-11-30,-0.00179503569565787,1.834677713256387,False,1.7376646132833824,-0.003629713408914257,-0.005464391122170644,-0.007299068835427031
rev,diag,1997-11-30,1997-12-31,0.016103061300658052,1.4760646646668536,False,1.7060758749047102,0.014626996635991199,0.013150931971324345,0.011674867306657491
rev,diag,1997-12-31,1998-01-31,0.004531198057888407,1.7323838659655886,False,1.83696286259681,0.002798814191922818,0.0010664303259572297,-0.0006659535400083587
rev,diag,1998-01-31,1998-02-28,-0.012231584606866052,1.8904129285756577,False,1.634677028237549,-0.01412199753544171,-0.016012410464017367,-0.017902823392593026
rev,diag,1998-02-28,1998-03-31,0.005857795344907017,1.874523531364119,False,1.7469506802859254,0.003983271813542898,0.0021087482821787787,0.00023422475081465947
rev,diag,1998-03-31,1998-04-30,-0.03456216134859584,1.569376134903445,False,1.7748004990520168,-0.03613153748349929,-0.03770091361840273,-0.039270289753306174
rev,diag,1998-04-30,1998-05-31,0.0036361306752149816,1.6232793116871627,False,1.8643963320562766,0.002012851363527819,0.00038957205184065626,-0.0012337072598465068
rev,diag,1998-05-31,1998-06-30,0.03254890614069069,1.4322724279088523,False,1.8431027173384638,0.031116633712781838,0.029684361284872986,0.028252088856964133
rev,diag,1998-06-30,1998-07-31,0.017407512411015083,1.643399300041452,False,1.5298550718406314,0.01576411311097363,0.014120713810932179,0.012477314510890727
rev,diag,1998-07-31,1998-08-31,-0.004728523149937874,1.0427909062798943,False,1.5562607097238825,-0.005771314056217768,-0.006814104962497663,-0.007856895868777556
rev,diag,1998-08-31,1998-09-30,0.0015058775235248783,0.9955810212840926,False,1.649836421992846,0.0005102965022407856,-0.00048528451904330714,-0.0014808655403273998
rev,diag,1998-09-30,1998-10-31,-0.025898370316266447,1.4689051576549919,False,1.4332318706356983,-0.02736727547392144,-0.028836180631576433,-0.030305085789231422
rev,diag,1998-10-31,1998-11-30,0.006960745469271325,1.3532788892323857,False,1.4762731187918638,0.005607466580038939,0.004254187690806554,0.002900908801574168
rev,diag,1998-11-30,1998-12-31,0.04601297272560062,1.412383557336416,False,1.4609151653926853,0.044600589168264204,0.04318820561092779,0.04177582205359137
rev,diag,1998-12-31,1999-01-31,0.03480571125732723,1.3557644709618537,False,1.2336608435861045,0.03344994678636538,0.03209418231540352,0.03073841784444167
rev,diag,1999-01-31,1999-02-28,-0.017985578507197644,0.9395758379139773,False,1.0760111910838435,-0.01892515434511162,-0.0198647301830256,-0.020804306020939575
rev,diag,1999-02-28,1999-03-31,-0.0006926484564043199,1.2238216321313482,False,1.3017168070015666,-0.0019164700885356681,-0.0031402917206670164,-0.0043641133527983645
rev,diag,1999-03-31,1999-04-30,-0.06904481504675389,1.1138324440441085,False,1.246670052163116,-0.07015864749079799,-0.0712724799348421,-0.07238631237888621
rev,diag,1999-04-30,1999-05-31,-0.010510189632042047,1.2746466520484543,False,1.3257135035687475,-0.011784836284090501,-0.013059482936138955,-0.01433412958818741
rev,diag,1999-05-31,1999-06-30,0.03694338567996927,1.5169312956200287,False,1.4510059417373113,0.03542645438434924,0.033909523088729215,0.03239259179310919
rev,diag,1999-06-30,1999-07-31,0.0034618685837808313,1.3794902301303318,False,1.3471688504390953,0.0020823783536504997,0.0007028881235201677,-0.0006766021066101639
rev,diag,1999-07-31,1999-08-31,-0.010648972585723324,1.7147846921162346,False,1.373361309239107,-0.012363757277839558,-0.014078541969955793,-0.015793326662072026
rev,diag,1999-08-31,1999-09-30,0.016448325353094102,1.3126123014524151,False,1.3192319896937557,0.015135713051641688,0.013823100750189271,0.012510488448736857
rev,diag,1999-09-30,1999-10-31,-0.014575381467567958,1.277653944793594,False,1.352893705415169,-0.015853035412361553,-0.017130689357155147,-0.01840834330194874
rev,diag,1999-10-31,1999-11-30,-0.010115782127901702,1.7725474847303337,False,1.3257896223984282,-0.011888329612632035,-0.01366087709736237,-0.015433424582092703
rev,diag,1999-11-30,1999-12-31,0.014139954296685424,1.576469503174836,False,1.4848033893682282,0.012563484793510589,0.010987015290335751,0.009410545787160916
rev,diag,1999-12-31,2000-01-31,-0.006503589029256267,1.6370016906676383,False,1.3874510031921257,-0.008140590719923905,-0.009777592410591545,-0.011414594101259182
rev,diag,2000-01-31,2000-02-29,0.05145138781185808,1.398020694425452,False,1.1281863918951247,0.05005336711743263,0.04865534642300718,0.047257325728581726
rev,diag,2000-02-29,2000-03-31,-0.0009946643431517914,1.4680639432983233,False,1.3510392935052744,-0.002462728286450115,-0.003930792229748438,-0.0053988561730467614
rev,diag,2000-03-31,2000-04-30,-0.028059402110895314,1.6681416021943885,False,1.188574614122542,-0.029727543713089704,-0.03139568531528409,-0.03306382691747848
rev,diag,2000-04-30,2000-05-31,-0.01747006952542163,1.3805004305139177,False,1.2073344209056271,-0.01885056995593555,-0.020231070386449466,-0.021611570816963382
rev,diag,2000-05-31,2000-06-30,0.014773936767463813,1.653016400579042,False,1.4685656722798812,0.01312092036688477,0.011467903966305728,0.009814887565726686
rev,diag,2000-06-30,2000-07-31,-0.01681527953276185,1.3535240974367564,False,1.354252988000671,-0.018168803630198606,-0.019522327727635364,-0.02087585182507212
rev,diag,2000-07-31,2000-08-31,0.030986658325133868,1.3520484536697193,False,1.2633091789169015,0.02963460987146415,0.02828256141779443,0.02693051296412471
rev,diag,2000-08-31,2000-09-30,-0.00026153850340948154,1.3824079295192755,False,1.3021273108094589,-0.0016439464329287572,-0.0030263543624480327,-0.004408762291967308
rev,diag,2000-09-30,2000-10-31,-0.02638860607380594,1.0710664999128303,False,1.201875927722155,-0.027459672573718768,-0.0285307390736316,-0.02960180557354443
rev,diag,2000-10-31,2000-11-30,0.001501277566860902,0.9668115234048187,False,1.2058141309245347,0.0005344660434560834,-0.00043234547994873526,-0.0013991570033535542
rev,diag,2000-11-30,2000-12-31,-0.020717443148843905,1.0681910224999709,False,1.2239918804142391,-0.021785634171343875,-0.022853825193843845,-0.02392201621634382
rev,diag,2000-12-31,2001-01-31,-0.042654668156584634,1.1985663579315018,False,1.253235127103871,-0.043853234514516136,-0.04505180087244764,-0.04625036723037914
rev,diag,2001-01-31,2001-02-28,0.01901655832713041,1.0333057293145018,False,1.1232462382440207,0.017983252597815906,0.016949946868501407,0.015916641139186904
rev,diag,2001-02-28,2001-03-31,-0.0020324683009122933,1.0230156750089527,False,1.201531176531324,-0.003055483975921246,-0.004078499650930199,-0.005101515325939152
rev,diag,2001-03-31,2001-04-30,-0.01376513927041539,1.2190597861128933,False,0.9720047852716984,-0.014984199056528284,-0.016203258842641177,-0.01742231862875407
rev,diag,2001-04-30,2001-05-31,0.010487962831416913,1.0532357721571115,False,1.0230193305440547,0.0094347270592598,0.00838149128710269,0.007328255514945578
rev,diag,2001-05-31,2001-06-30,0.006573625837601947,0.9520341123935335,False,1.2052815269572592,0.005621591725208413,0.00466955761281488,0.0037175235004213458
rev,diag,2001-06-30,2001-07-31,0.0031215702251503226,1.3234611039012003,False,1.2874761713823877,0.0017981091212491223,0.00047464801734792197,-0.0008488130865532788
rev,diag,2001-07-31,2001-08-31,0.0007293186305334856,1.1869966027203849,False,1.0651190942705513,-0.0004576779721868993,-0.0016446745749072842,-0.002831671177627669
rev,diag,2001-08-31,2001-09-30,0.030505777084597327,0.9369097285136041,False,1.0821431716379382,0.029568867356083724,0.02863195762757012,0.027695047899056514
rev,diag,2001-09-30,2001-10-31,-0.015612672386194652,0.9701269909962705,False,0.8445472017949723,-0.016582799377190923,-0.017552926368187192,-0.018523053359183465
rev,diag,2001-10-31,2001-11-30,-0.0375439826302694,0.9237238158394465,False,1.0801383884699547,-0.03846770644610885,-0.039391430261948295,-0.04031515407778774
rev,diag,2001-11-30,2001-12-31,-0.005757331266307342,1.2698719336101165,False,1.1745864058713003,-0.0070272031999174586,-0.008297075133527575,-0.00956694706713769
rev,diag,2001-12-31,2002-01-31,0.013566936425900228,1.3842978644258463,False,1.0534618443757369,0.012182638561474382,0.010798340697048535,0.009414042832622689
rev,diag,2002-01-31,2002-02-28,-0.021003070879652336,1.306126108937304,False,1.0603981365260788,-0.02230919698858964,-0.023615323097526945,-0.024921449206464247
rev,diag,2002-02-28,2002-03-31,-0.005014547901593364,1.1852633735365026,False,1.1771634873961816,-0.006199811275129866,-0.007385074648666369,-0.008570338022202872
rev,diag,2002-03-31,2002-04-30,0.022221150257498587,1.3312042829897814,False,1.054578056394647,0.020889945974508807,0.019558741691519024,0.018227537408529244
rev,diag,2002-04-30,2002-05-31,0.004038108580509231,1.1547759826871398,False,0.9241927671023134,0.0028833325978220915,0.0017285566151349517,0.0005737806324478119
rev,diag,2002-05-31,2002-06-30,0.014599505335896318,1.0266232584281596,False,1.055010941962356,0.013572882077468158,0.012546258819039998,0.011519635560611838
rev,diag,2002-06-30,2002-07-31,0.006414479821956161,1.1023020870592832,False,1.0642712032919852,0.005312177734896877,0.004209875647837594,0.003107573560778311
rev,diag,2002-07-31,2002-08-31,0.0003969255088987206,1.0659991512861278,False,1.0326351907313946,-0.0006690736423874071,-0.0017350727936735347,-0.0028010719449596626
rev,diag,2002-08-31,2002-09-30,0.017912326220890305,1.010726378350204,False,1.1529319348685103,0.0169015998425401,0.015890873464189898,0.014880147085839693
rev,diag,2002-09-30,2002-10-31,-0.027564558589428124,1.228627554910537,False,1.0166076629285,-0.02879318614433866,-0.030021813699249198,-0.03125044125415973
rev,diag,2002-10-31,2002-11-30,-0.025180501890787018,1.1150598759518637,False,0.953088457902309,-0.026295561766738883,-0.027410621642690744,-0.02852568151864261
rev,diag,2002-11-30,2002-12-31,0.005649824565469101,1.1787737859369085,False,1.169299885526268,0.004471050779532192,0.0032922769935952835,0.002113503207658375
rev,diag,2002-12-31,2003-01-31,0.013930445528543925,0.9790018397531431,False,1.10681868654894,0.012951443688790781,0.01197244184903764,0.010993440009284495
rev,diag,2003-01-31,2003-02-28,0.005701888700260385,1.3108032821227582,False,1.2449446483529745,0.004391085418137626,0.0030802821360148684,0.0017694788538921103
rev,diag,2003-02-28,2003-03-31,0.005282305728941948,1.1789788914890207,False,1.2641380297335674,0.004103326837452927,0.0029243479459639065,0.0017453690544748856
rev,diag,2003-03-31,2003-04-30,-0.030768021144805736,1.2681320148105213,False,1.1161812712583952,-0.032036153159616255,-0.03330428517442678,-0.0345724171892373
rev,diag,2003-04-30,2003-05-31,-0.006393036909946395,1.3998112634075144,False,1.290979078399418,-0.007792848173353909,-0.009192659436761424,-0.010592470700168938
rev,diag,2003-05-31,2003-06-30,-0.022978099567102582,1.3949667968928925,False,1.187680100557432,-0.024373066363995475,-0.025768033160888368,-0.02716299995778126
rev,diag,2003-06-30,2003-07-31,-0.0182536368693104,1.6297143248474413,False,1.163438912223252,-0.019883351194157843,-0.021513065519005285,-0.023142779843852726
rev,diag,2003-07-31,2003-08-31,0.0003167615870728611,1.1834179776446523,False,1.2283959580018784,-0.0008666563905717912,-0.0020500743682164433,-0.0032334923458610955
rev,diag,2003-08-31,2003-09-30,-0.005763172725745087,1.6487379769930746,False,1.2375017356116667,-0.007411910702738162,-0.009060648679731236,-0.010709386656724312
rev,diag,2003-09-30,2003-10-31,0.01523079644342945,1.4929981875738303,False,1.2787433874942684,0.01373779825585562,0.01224480006828179,0.01075180188070796
rev,diag,2003-10-31,2003-11-30,-0.002759280499182922,1.4639842918562087,False,1.233900283712001,-0.004223264791039131,-0.005687249082895339,-0.007151233374751548
rev,diag,2003-11-30,2003-12-31,-0.018842695953234165,1.6065795044188755,False,1.3726667617527757,-0.02044927545765304,-0.022055854962071915,-0.023662434466490793
rev,diag,2003-12-31,2004-01-31,-0.007280968180481249,1.6280647349574664,False,1.0908520838712634,-0.008909032915438715,-0.010537097650396182,-0.012165162385353648
rev,diag,2004-01-31,2004-02-29,0.008627629435453707,1.3865422519849626,False,1.3972398579368914,0.007241087183468745,0.005854544931483782,0.00446800267949882
rev,diag,2004-02-29,2004-03-31,0.002293762823179266,1.5413962142213207,False,1.1012624919367235,0.0007523666089579452,-0.0007890296052633756,-0.0023304258194846964
rev,diag,2004-03-31,2004-04-30,-0.001959340729294491,1.431993769489945,False,1.453785291524383,-0.003391334498784436,-0.004823328268274381,-0.006255322037764325
rev,diag,2004-04-30,2004-05-31,-0.007530033819118412,1.1982656554837423,False,1.413550518117053,-0.008728299474602155,-0.009926565130085897,-0.01112483078556964
rev,diag,2004-05-31,2004-06-30,0.014613464486985507,1.5041582861214136,False,1.3390132889210837,0.013109306200864094,0.01160514791474268,0.010100989628621267
rev,diag,2004-06-30,2004-07-31,0.018257294297152397,1.1006931388150334,False,1.2521236514212553,0.017156601158337365,0.01605590801952233,0.014955214880707297
rev,diag,2004-07-31,2004-08-31,0.00032548878128819367,1.194475988327839,False,1.2590073695790414,-0.0008689872070396453,-0.0020634631953674845,-0.0032579391836953238
rev,diag,2004-08-31,2004-09-30,0.016357100670897833,1.4290111836259938,False,1.2425166213507195,0.01492808948727184,0.013499078303645846,0.012070067120019852
rev,diag,2004-09-30,2004-10-31,-0.009714563812506604,1.2943706685525744,False,1.21350259782502,-0.011008934481059178,-0.012303305149611754,-0.013597675818164328
rev,diag,2004-10-31,2004-11-30,0.0030673089215050467,1.2083900951091633,False,1.472341880051524,0.0018589188263958834,0.00065052873128672,-0.0005578613638224433
rev,diag,2004-11-30,2004-12-31,-0.02335827477315305,1.7419628155558955,False,1.3596799182772865,-0.025100237588708947,-0.02684220040426484,-0.028584163219820737
rev,diag,2004-12-31,2005-01-31,-0.0010933227275771046,1.7088251589413412,False,1.466980898956314,-0.002802147886518446,-0.004510973045459787,-0.006219798204401128
rev,diag,2005-01-31,2005-02-28,0.010507967411264287,1.5458138583111172,False,1.2560236932196833,0.00896215355295317,0.007416339694642052,0.005870525836330935
rev,diag,2005-02-28,2005-03-31,-0.009050189204408608,1.6039701279672482,False,1.4794479510497425,-0.010654159332375856,-0.012258129460343105,-0.013862099588310353
rev,diag,2005-03-31,2005-04-30,-0.004982282562858681,1.4880322447341126,False,1.1922633217613967,-0.0064703148075927934,-0.007958347052326906,-0.00944637929706102
rev,diag,2005-04-30,2005-05-31,-0.004168489513514458,1.1615601210576567,False,1.373899531193544,-0.005330049634572114,-0.006491609755629771,-0.007653169876687428
rev,diag,2005-05-31,2005-06-30,0.006665968444081961,1.5814763319858545,False,1.4142027372713728,0.005084492112096106,0.003503015780110252,0.0019215394481243977
rev,diag,2005-06-30,2005-07-31,0.004704916383808892,1.6783618194049494,False,1.3496494140992157,0.0030265545644039423,0.0013481927449989928,-0.00033016907440595704
rev,diag,2005-07-31,2005-08-31,0.009105044158787438,1.1976629249024113,False,1.3514681533248731,0.007907381233885026,0.0067097183089826155,0.0055120553840802035
rev,diag,2005-08-31,2005-09-30,0.011963290355975969,1.507284666915598,False,1.5213216705172685,0.01045600568906037,0.008948721022144772,0.007441436355229175
rev,diag,2005-09-30,2005-10-31,-0.017091866068405934,1.62220430218575,False,1.1409430230378388,-0.018714070370591685,-0.020336274672777436,-0.021958478974963183
rev,diag,2005-10-31,2005-11-30,-0.0008648228203218977,1.1756802018310084,False,1.4185548180810374,-0.002040503022152906,-0.0032161832239839144,-0.0043918634258149234
rev,diag,2005-11-30,2005-12-31,0.00416391617086604,1.8056299562362952,False,1.35265510854178,0.0023582862146297448,0.0005526562583934498,-0.0012529736978428452
rev,diag,2005-12-31,2006-01-31,0.020792088200903617,1.3660892560760942,False,1.1577779683315075,0.01942599894482752,0.01805990968875143,0.016693820432675335
rev,diag,2006-01-31,2006-02-28,0.0022655727311988207,1.6865777859858413,False,1.370842346565258,0.0005789949452129793,-0.001107582840772862,-0.0027941606267587035
rev,diag,2006-02-28,2006-03-31,0.01601815262851975,1.6572937637923166,False,1.486760997940437,0.014360858864727434,0.012703565100935118,0.0110462713371428
rev,diag,2006-03-31,2006-04-30,0.011196088347381615,1.6701766899558659,False,1.1891041838069214,0.009525911657425749,0.007855734967469883,0.006185558277514017
rev,diag,2006-04-30,2006-05-31,-0.012129293777286384,1.3234993915411055,False,1.3066834243792353,-0.01345279316882749,-0.014776292560368595,-0.0160997919519097
rev,diag,2006-05-31,2006-06-30,-0.0002891472771692959,1.5272950721239456,False,1.430234312805833,-0.0018164423492932416,-0.003343737421417187,-0.004871032493541133
rev,diag,2006-06-30,2006-07-31,0.007667332312247869,1.575054274693196,False,1.243496639136152,0.0060922780375546725,0.004517223762861477,0.0029421694881682807
rev,diag,2006-07-31,2006-08-31,-0.011075190887307122,1.562033631362235,False,1.4125847573351182,-0.012637224518669356,-0.014199258150031592,-0.01576129178139383
rev,diag,2006-08-31,2006-09-30,0.012246843575735133,1.695821549382351,False,1.5524755586841839,0.010551022026352783,0.008855200476970432,0.00715937892758808
rev,diag,2006-09-30,2006-10-31,-0.007963406825398069,1.6690977500572355,False,1.2128940404556952,-0.009632504575455305,-0.01130160232551254,-0.012970700075569774
rev,diag,2006-10-31,2006-11-30,-0.009702975899767216,1.6529786107842528,False,1.257975561766815,-0.011355954510551469,-0.013008933121335723,-0.014661911732119975
rev,diag,2006-11-30,2006-12-31,0.010937548852102293,1.4362581773919116,False,1.3907199096204776,0.009501290674710382,0.008065032497318471,0.006628774319926558
rev,diag,2006-12-31,2007-01-31,-0.005558400293811784,1.6501698863597718,False,1.4663906294796565,-0.007208570180171556,-0.008858740066531328,-0.0105089099528911
rev,diag,2007-01-31,2007-02-28,-0.0078310292560119,1.3554336549555388,False,1.3788287714677625,-0.00918646291096744,-0.010541896565922979,-0.011897330220878518
rev,diag,2007-02-28,2007-03-31,0.010251273144993188,2.011715954276139,False,1.4422009069571375,0.008239557190717048,0.006227841236440909,0.00421612528216477
rev,diag,2007-03-31,2007-04-30,-0.0030337873151685796,1.8256612161521302,False,1.5797249377013902,-0.00485944853132071,-0.00668510974747284,-0.00851077096362497
rev,diag,2007-04-30,2007-05-31,-0.006086366020311177,1.9596985880453432,False,1.616600245157311,-0.00804606460835652,-0.010005763196401864,-0.011965461784447207
rev,diag,2007-05-31,2007-06-30,0.010641224432968263,2.057146572417122,False,1.646537635301411,0.008584077860551141,0.006526931288134019,0.004469784715716896
rev,diag,2007-06-30,2007-07-31,0.015037710447071844,1.5560661362259431,False,1.2962895370830434,0.0134816443108459,0.011925578174619958,0.010369512038394015
rev,diag,2007-07-31,2007-08-31,-0.0002879705435921986,1.3599825832569938,False,1.6314935542314113,-0.0016479531268491926,-0.0030079357101061863,-0.00436791829336318
rev,diag,2007-08-31,2007-09-30,0.01729266358146707,1.987504504270384,False,1.4875729677695388,0.015305159077196685,0.0133176545729263,0.011330150068655917
rev,diag,2007-09-30,2007-10-31,0.012791089279569344,1.8374133939366426,False,1.4609376602951527,0.0109536758856327,0.009116262491696059,0.007278849097759416
rev,diag,2007-10-31,2007-11-30,0.018779944068379864,1.4934609221527713,False,1.6229290605630655,0.01728648314622709,0.015793022224074322,0.014299561301921549
rev,diag,2007-11-30,2007-12-31,0.007004201324084952,1.7291736087915284,False,1.371836281155859,0.005275027715293424,0.0035458541065018956,0.001816680497710367
rev,diag,2007-12-31,2008-01-31,-0.044856712705542694,1.779833650650008,False,1.4294938017299845,-0.0466365463561927,-0.04841638000684271,-0.050196213657492716
rev,diag,2008-01-31,2008-02-29,0.042444690151028544,1.8501025774541406,False,1.5189867189301327,0.040594587573574405,0.038744484996120265,0.03689438241866612
rev,diag,2008-02-29,2008-03-31,0.0010648231370106133,1.8877644642359575,False,1.5952809379863626,-0.0008229413272253443,-0.0027107057914613018,-0.004598470255697259
rev,diag,2008-03-31,2008-04-30,-0.006306373761752131,1.7754294615798782,False,1.3161759248534142,-0.00808180322333201,-0.009857232684911888,-0.011632662146491765
rev,diag,2008-04-30,2008-05-31,0.009807451652604087,1.4158394780902974,False,1.431357260564111,0.00839161217451379,0.006975772696423492,0.005559933218333195
rev,diag,2008-05-31,2008-06-30,0.03749987374461824,1.662049842212011,False,1.4138807816238979,0.035837823902406224,0.03417577406019422,0.0325137242179822
rev,diag,2008-06-30,2008-07-31,-0.03249875445263638,1.158750515786015,False,1.2936433731035135,-0.033657504968422396,-0.03481625548420841,-0.035975005999994425
rev,diag,2008-07-31,2008-08-31,-0.01653718095818775,1.1072253644400871,False,1.2961628373608147,-0.017644406322627836,-0.018751631687067925,-0.01985885705150801
rev,diag,2008-08-31,2008-09-30,-0.005876811278849025,1.7954352872974206,False,1.5212837207007803,-0.0076722465661464454,-0.009467681853443866,-0.011263117140741286
rev,diag,2008-09-30,2008-10-31,0.03549689528093407,1.4709021105161542,False,1.399327049518349,0.03402599317041791,0.03255509105990176,0.031084188949385604
rev,diag,2008-10-31,2008-11-30,-0.0019419946040212632,1.217757733247541,False,1.2980548918280805,-0.003159752337268804,-0.004377510070516346,-0.005595267803763886
rev,diag,2008-11-30,2008-12-31,0.009649867087334412,1.3569282544489971,False,1.1622740087123913,0.008292938832885415,0.006936010578436418,0.00557908232398742
rev,diag,2008-12-31,2009-01-31,0.021870126457746795,1.2677286879263368,False,1.31216815583732,0.02060239776982046,0.019334669081894122,0.018066940393967786
rev,diag,2009-01-31,2009-02-28,-0.015611145309056022,1.0211781894674217,False,1.0990891246796095,-0.016632323498523442,-0.017653501687990864,-0.018674679877458286
rev,diag,2009-02-28,2009-03-31,-0.024235232384032353,1.239721254614796,False,1.2838070104288613,-0.02547495363864715,-0.026714674893261944,-0.02795439614787674
rev,diag,2009-03-31,2009-04-30,-0.10232519955999368,1.7571783100392633,False,1.168508326570068,-0.10408237787003294,-0.10583955618007221,-0.10759673449011148
rev,diag,2009-04-30,2009-05-31,-0.017347012349247307,1.56270885213748,False,1.0310030433110822,-0.018909721201384788,-0.020472430053522266,-0.022035138905659744
rev,diag,2009-05-31,2009-06-30,0.011246643374524093,1.0737954980765791,False,0.9175391382637903,0.010172847876447514,0.009099052378370935,0.008025256880294356
rev,diag,2009-06-30,2009-07-31,-0.03564194597704142,1.0394077252759646,False,0.9041544221950032,-0.036681353702317385,-0.03772076142759335,-0.03876016915286931
rev,diag,2009-07-31,2009-08-31,-0.0173583175535293,1.265847490122889,False,1.1876980408782074,-0.01862416504365219,-0.01989001253377508,-0.02115586002389797
rev,diag,2009-08-31,2009-09-30,-0.011945287279418907,1.325278681232215,False,0.9107168628758184,-0.013270565960651123,-0.014595844641883337,-0.01592112332311555
rev,diag,2009-09-30,2009-10-31,0.011668598405974891,1.2867638926102913,False,1.0103554468050981,0.0103818345133646,0.00909507062075431,0.007808306728144017
rev,diag,2009-10-31,2009-11-30,-0.011934941897468791,0.9521429907390767,False,1.0455214504110164,-0.012887084888207868,-0.013839227878946946,-0.014791370869686021
rev,diag,2009-11-30,2009-12-31,-0.011230014375243891,1.251746104455888,False,0.9621863854362086,-0.01248176047969978,-0.013733506584155668,-0.014985252688611556
rev,diag,2009-12-31,2010-01-31,-0.0023097261078129498,1.4363370496369834,False,1.1743514387320662,-0.0037460631574499333,-0.005182400207086916,-0.0066187372567239
rev,diag,2010-01-31,2010-02-28,0.008863777552827194,1.0348878766682383,False,1.170997635900756,0.007828889676158956,0.006794001799490717,0.005759113922822478
rev,diag,2010-02-28,2010-03-31,0.0024816368239900057,1.5309111128471578,False,1.2217806967797067,0.0009507257111428479,-0.00058018540170431,-0.0021110965145514676
rev,diag,2010-03-31,2010-04-30,0.007704283029989272,1.7888715397899655,False,1.1247188447910508,0.005915411490199306,0.00412653995040934,0.0023376684106193747
rev,diag,2010-04-30,2010-05-31,0.001566988058743412,1.303364282570067,False,1.0664171365334392,0.00026362377617334494,-0.0010397405063967222,-0.002343104788966789
rev,diag,2010-05-31,2010-06-30,-0.014425541473158662,0.9391047920081088,False,1.0417019364712639,-0.01536464626516677,-0.016303751057174878,-0.01724285584918299
rev,diag,2010-06-30,2010-07-31,0.007573925876798896,1.396394846979621,False,1.1872019225352126,0.0061775310298192755,0.004781136182839654,0.0033847413358600326
rev,diag,2010-07-31,2010-08-31,0.0007404298110166192,1.3676284646877452,False,1.1059479209983443,-0.0006271986536711259,-0.001994827118358871,-0.0033624555830466165
rev,diag,2010-08-31,2010-09-30,0.023557330243501626,1.1341945794266137,False,1.0540365883972191,0.022423135664075014,0.021288941084648398,0.020154746505221786
rev,diag,2010-09-30,2010-10-31,0.007934827041347953,1.7441567387801764,False,1.2625518716066553,0.006190670302567777,0.0044465135637876,0.002702356825007424
rev,diag,2010-10-31,2010-11-30,0.009635767150698098,1.3428294292151317,False,1.0584525992030764,0.008292937721482966,0.006950108292267835,0.0056072788630527025
rev,diag,2010-11-30,2010-12-31,-0.011943970394150119,1.1623007237625294,False,1.195564972286008,-0.013106271117912648,-0.014268571841675178,-0.015430872565437707
rev,diag,2010-12-31,2011-01-31,-0.013285607698891009,1.4505838624796552,False,1.0651093693412683,-0.014736191561370664,-0.01618677542385032,-0.017637359286329975
rev,diag,2011-01-31,2011-02-28,-7.298478839767202e-05,1.2041734384503306,False,0.9901912869053355,-0.0012771582268480026,-0.0024813316652983336,-0.003685505103748664
rev,diag,2011-02-28,2011-03-31,0.008682340761282048,1.5513217047583865,False,1.2715631799183922,0.007131019056523661,0.005579697351765275,0.004028375647006889
rev,diag,2011-03-31,2011-04-30,5.933988595373039e-06,1.6304088549273341,False,1.3794459583641818,-0.0016244748663319611,-0.003254883721259295,-0.00488529257618663
rev,diag,2011-04-30,2011-05-31,-0.012198576766735417,1.2983357089182432,False,1.0612382065415649,-0.01349691247565366,-0.014795248184571903,-0.016093583893490148
rev,diag,2011-05-31,2011-06-30,0.006348145598274972,1.446079417635247,False,1.266105304122147,0.004902066180639725,0.0034559867630044776,0.0020099073453692306
rev,diag,2011-06-30,2011-07-31,0.019402619218551315,1.534945234587613,False,1.2548870409319417,0.017867673983963703,0.01633272874937609,0.014797783514788478
rev,diag,2011-07-31,2011-08-31,0.008108078913237107,1.2909984048068537,False,1.2936858876582988,0.006817080508430253,0.0055260821036234,0.004235083698816545
rev,diag,2011-08-31,2011-09-30,0.026723195162731216,1.1901452156066308,False,1.3267740495676779,0.025533049947124586,0.024342904731517956,0.023152759515911323
rev,diag,2011-09-30,2011-10-31,-0.02181252544344941,1.3784304841003108,False,1.1341222677002265,-0.02319095592754972,-0.02456938641165003,-0.02594781689575034
rev,diag,2011-10-31,2011-11-30,-0.003500092459868014,1.4826931081892383,False,1.2138518808583403,-0.004982785568057252,-0.006465478676246491,-0.007948171784435729
rev,diag,2011-11-30,2011-12-31,0.01780988363395054,1.3680735865775906,False,1.1850218062092324,0.01644181004737295,0.01507373646079536,0.013705662874217768
rev,diag,2011-12-31,2012-01-31,-0.018872035552690958,1.247622352217468,False,1.0790101496813085,-0.020119657904908425,-0.021367280257125892,-0.022614902609343363
rev,diag,2012-01-31,2012-02-29,0.0019277002933330983,1.297825774282851,False,1.1520078386881494,0.0006298745190502473,-0.0006679512552326037,-0.0019657770295154545
rev,diag,2012-02-29,2012-03-31,0.018436222313037546,1.3347501789599503,False,1.199431024511817,0.017101472134077596,0.015766721955117646,0.014431971776157695
rev,diag,2012-03-31,2012-04-30,-0.0018732002943248193,1.2517871663421087,False,1.1723479647299282,-0.0031249874606669283,-0.004376774627009037,-0.005628561793351146
rev,diag,2012-04-30,2012-05-31,0.014021680304336481,0.9671298900197163,False,1.1001377181460048,0.013054550414316765,0.012087420524297048,0.011120290634277332
rev,diag,2012-05-31,2012-06-30,-0.005245540824714964,1.1607680855970046,False,1.2063853070027317,-0.0064063089103119685,-0.007567076995908973,-0.008727845081505977
rev,diag,2012-06-30,2012-07-31,-0.004385368131851708,1.4907066866603567,False,1.3280389404534365,-0.005876074818512065,-0.0073667815051724215,-0.008857488191832779
rev,diag,2012-07-31,2012-08-31,-0.0015445796322129202,1.5910321600605182,False,1.3560278335389933,-0.0031356117922734386,-0.0047266439523339565,-0.006317676112394474
rev,diag,2012-08-31,2012-09-30,-0.006685311503492586,1.4863453367347328,False,1.1780446284885293,-0.00817165684022732,-0.009658002176962052,-0.011144347513696785
rev,diag,2012-09-30,2012-10-31,-0.01741413463312223,1.462711499712981,False,1.113629472083383,-0.01887684613283521,-0.020339557632548192,-0.021802269132261173
rev,diag,2012-10-31,2012-11-30,-0.0006602499092928771,1.0593377883917972,False,1.1135548263931934,-0.0017195876976846742,-0.0027789254860764714,-0.0038382632744682686
rev,diag,2012-11-30,2012-12-31,-0.0008310116548389185,1.400981411605907,False,1.2820681091215498,-0.0022319930664448256,-0.0036329744780507324,-0.00503395588965664
rev,diag,2012-12-31,2013-01-31,0.004075314101813069,1.403275598933475,False,1.1039406170677692,0.002672038502879594,0.001268762903946119,-0.00013451269498735569
rev,diag,2013-01-31,2013-02-28,0.006222228063275301,1.5285424228691566,False,1.3881262385007451,0.004693685640406144,0.003165143217536987,0.0016366007946678309
rev,diag,2013-02-28,2013-03-31,0.0010916131288182204,1.520775018586391,False,1.2337813254400083,-0.00042916188976817077,-0.001949936908354562,-0.003470711926940953
rev,diag,2013-03-31,2013-04-30,0.012006939160126035,1.609687389583754,False,1.235909151863078,0.01039725177054228,0.008787564380958526,0.007177876991374773
rev,diag,2013-04-30,2013-05-31,0.0001542636794884579,1.5807462101422283,False,1.06466599929488,-0.0014264825306537705,-0.0030072287407959986,-0.004587974950938227
rev,diag,2013-05-31,2013-06-30,0.01919230269143765,1.2423288320141102,False,1.2053104956172296,0.01794997385942354,0.016707645027409432,0.015465316195395321
rev,diag,2013-06-30,2013-07-31,0.00013386294825338358,1.3808349398269266,False,1.1379451166230026,-0.001246971991573543,-0.0026278069314004697,-0.004008641871227396
rev,diag,2013-07-31,2013-08-31,-0.01114109704642643,1.3361214716191336,False,1.2051561359637655,-0.012477218518045563,-0.013813339989664697,-0.01514946146128383
rev,diag,2013-08-31,2013-09-30,0.011416031706261159,1.1935756253022622,False,1.3362346761694206,0.010222456080958897,0.009028880455656633,0.007835304830354372
rev,diag,2013-09-30,2013-10-31,-0.008736074276755856,1.4557580799738072,False,1.3173367850275466,-0.010191832356729663,-0.011647590436703471,-0.013103348516677278
rev,diag,2013-10-31,2013-11-30,0.010001650436692096,1.4946087552998923,False,1.3639121986538738,0.008507041681392205,0.007012432926092311,0.0055178241707924194
rev,diag,2013-11-30,2013-12-31,-0.0007365052289386398,1.705045986121893,False,1.5535814009731075,-0.002441551215060533,-0.004146597201182426,-0.005851643187304319
rev,diag,2013-12-31,2014-01-31,0.012638446073172013,1.7497502811572703,False,1.4251575279852178,0.010888695792014742,0.009138945510857473,0.007389195229700202
rev,diag,2014-01-31,2014-02-28,-0.010694641479976045,1.5158059521725864,False,1.389560331134936,-0.01221044743214863,-0.013726253384321218,-0.015242059336493804
rev,diag,2014-02-28,2014-03-31,-0.0023504730969972905,1.7064326430527093,False,1.5496223812987981,-0.00405690574005,-0.005763338383102709,-0.007469771026155418
rev,diag,2014-03-31,2014-04-30,0.00027812334465660156,1.788711336836518,False,1.4031925515322787,-0.0015105879921799164,-0.0032992993290164342,-0.005088010665852952
rev,diag,2014-04-30,2014-05-31,0.006981088120669955,1.4155835867029205,False,1.3672961561084516,0.005565504533967034,0.004149920947264114,0.0027343373605611936
rev,diag,2014-05-31,2014-06-30,0.00018814997061780968,1.9039556211913207,False,1.4741950730192452,-0.001715805650573511,-0.003619761271764832,-0.005523716892956152
rev,diag,2014-06-30,2014-07-31,0.010019285203687387,1.8922164737255667,False,1.5276504328929825,0.008127068729961821,0.0062348522562362535,0.004342635782510687
rev,diag,2014-07-31,2014-08-31,0.004600310000370343,1.522930466784375,False,1.5196123412315978,0.0030773795335859683,0.0015544490668015932,3.151860001721768e-05
rev,diag,2014-08-31,2014-09-30,0.024888840581093054,1.6575418744830084,False,1.2738049002695448,0.023231298706610046,0.021573756832127037,0.019916214957644028
rev,diag,2014-09-30,2014-10-31,0.022135599934807765,1.5974000314444876,False,1.406392051601442,0.020538199903363277,0.01894079987191879,0.017343399840474304
rev,diag,2014-10-31,2014-11-30,0.020646998503550593,1.5468506818821255,False,1.566194276996941,0.019100147821668467,0.01755329713978634,0.016006446457904215
rev,diag,2014-11-30,2014-12-31,0.018386824494578673,1.4650510679391462,False,1.471530009262961,0.016921773426639527,0.015456722358700381,0.013991671290761235
rev,diag,2014-12-31,2015-01-31,0.0025584078703938377,1.5480762914463229,False,1.5275250866535648,0.0010103315789475149,-0.0005377447124988079,-0.002085821003945131
rev,diag,2015-01-31,2015-02-28,0.00140863361809991,1.3520197353027097,False,1.4886735328942289,5.661388279720042e-05,-0.0012954058525055092,-0.002647425587808219
rev,diag,2015-02-28,2015-03-31,0.005847749618973951,1.6433255163254332,False,1.6640534215419085,0.004204424102648518,0.0025610985863230846,0.0009177730699976511
rev,diag,2015-03-31,2015-04-30,-0.011404834371639689,1.5827640088669872,False,1.3631940970503802,-0.012987598380506676,-0.014570362389373663,-0.01615312639824065
rev,diag,2015-04-30,2015-05-31,0.013821426884094021,1.7537175513942147,False,1.4735556937506975,0.012067709332699806,0.010313991781305591,0.008560274229911378
rev,diag,2015-05-31,2015-06-30,0.003793674159396814,1.3237343225777074,False,1.6475240346300788,0.002469939836819106,0.001146205514241399,-0.0001775288083363082
rev,diag,2015-06-30,2015-07-31,0.009449906792323257,2.0131031350131536,False,1.481966698247102,0.007436803657310103,0.00542370052229695,0.0034105973872837958
rev,diag,2015-07-31,2015-08-31,0.0014083623821422894,1.2988432475315943,False,1.2259648172075295,0.00010951913461069518,-0.001189324112920899,-0.0024881673604524937
rev,diag,2015-08-31,2015-09-30,0.004436628062086002,1.5857664565492824,False,1.458510983381828,0.0028508616055367194,0.001265095148987437,-0.0003206713075618456
rev,diag,2015-09-30,2015-10-31,-0.014485222788732252,1.4243839409406918,False,1.299361831412346,-0.015909606729672943,-0.017333990670613635,-0.01875837461155433
rev,diag,2015-10-31,2015-11-30,-0.0027804542561344287,1.512426321346112,False,1.2492645946149052,-0.004292880577480541,-0.0058053068988266525,-0.0073177332201727644
rev,diag,2015-11-30,2015-12-31,0.001210933900506931,1.4748820304413097,False,1.4314856439012804,-0.00026394812993437876,-0.0017388301603756884,-0.003213712190816998
rev,diag,2015-12-31,2016-01-31,-0.008093108034347722,1.6689873103526294,False,1.2734736096440749,-0.009762095344700352,-0.011431082655052981,-0.013100069965405612
rev,diag,2016-01-31,2016-02-29,-0.019366939535403985,1.1998377003584435,False,1.3483063106021846,-0.02056677723576243,-0.021766614936120872,-0.022966452636479315
rev,diag,2016-02-29,2016-03-31,-0.016150689189476392,1.996521318263715,False,1.8543233989398327,-0.018147210507740107,-0.020143731826003822,-0.022140253144267538
rev,diag,2016-03-31,2016-04-30,-9.90842751662559e-07,2.181837320218873,False,1.4450675202985452,-0.0021828281629705354,-0.004364665483189409,-0.006546502803408282
rev,diag,2016-04-30,2016-05-31,-0.00783747872970839,1.618883424272067,False,1.5974922782087,-0.009456362153980456,-0.011075245578252523,-0.01269412900252459
rev,diag,2016-05-31,2016-06-30,0.017433903927943535,1.8352613660578205,False,1.4796081668051824,0.015598642561885714,0.013763381195827894,0.011928119829770073
rev,diag,2016-06-30,2016-07-31,0.00807430496930772,2.282165520977653,False,1.7268518251526381,0.0057921394483300675,0.003509973927352414,0.0012278084063747606
rev,diag,2016-07-31,2016-08-31,-0.02743421302307761,1.9686522289505584,False,1.2889648221354757,-0.02940286525202817,-0.03137151748097873,-0.033340169709929285
rev,diag,2016-08-31,2016-09-30,0.010227182484744,2.0457862353692993,False,1.6139627849918914,0.0081813962493747,0.0061356100140054015,0.004089823778636102
rev,diag,2016-09-30,2016-10-31,0.011935356280273588,2.0078242298202187,False,1.5081270545493592,0.00992753205045337,0.00791970782063315,0.005911883590812932
rev,diag,2016-10-31,2016-11-30,-0.01864422449071948,1.728464842927821,False,1.5546393634622948,-0.0203726893336473,-0.02210115417657512,-0.023829619019502944
rev,diag,2016-11-30,2016-12-31,0.0024360453134614547,1.987303803208531,False,1.6206298640019177,0.0004487415102529236,-0.0015385622929556075,-0.0035258660961641386
rev,diag,2016-12-31,2017-01-31,-0.009041933455101297,1.9236673782667069,False,1.4631243275664305,-0.010965600833368004,-0.01288926821163471,-0.014812935589901419
rev,diag,2017-01-31,2017-02-28,0.00566433355450588,1.7910231394865581,False,1.463413794247326,0.003873310415019322,0.0020822872755327636,0.00029126413604620583
rev,diag,2017-02-28,2017-03-31,-0.0013061686568417324,2.1908173482996545,False,1.538152547906491,-0.003496986005141387,-0.005687803353441042,-0.007878620701740696
rev,diag,2017-03-31,2017-04-30,0.0024462845921179675,2.1038273061612545,False,1.4936015171681032,0.00034245728595671274,-0.001761370020204542,-0.0038651973263657963
rev,diag,2017-04-30,2017-05-31,-0.006696096836987649,2.1973702135738393,False,1.8363947412973594,-0.008893467050561488,-0.011090837264135327,-0.013288207477709167
rev,diag,2017-05-31,2017-06-30,0.0014406642347702266,2.4540117124959027,False,1.6921113628667077,-0.0010133474777256762,-0.003467359190221579,-0.005921370902717481
rev,diag,2017-06-30,2017-07-31,-0.011262273972413925,1.7392118020093579,False,1.431236685285107,-0.013001485774423283,-0.014740697576432642,-0.016479909378442
rev,diag,2017-07-31,2017-08-31,0.016422486115005852,1.7278176841991555,False,1.4108860984415135,0.014694668430806697,0.012966850746607542,0.011239033062408386
rev,diag,2017-08-31,2017-09-30,0.0034042806445459548,1.796942395310094,False,1.6093933738489017,0.0016073382492358607,-0.00018960414607423334,-0.0019865465413843276
rev,diag,2017-09-30,2017-10-31,0.006907918825179088,2.170204332641286,False,1.5873766738331805,0.004737714492537802,0.0025675101598965156,0.0003973058272552293
rev,diag,2017-10-31,2017-11-30,-0.01786545205785228,1.7490081137572777,False,1.704100583939854,-0.019614460171609557,-0.021363468285366834,-0.023112476399124112
rev,diag,2017-11-30,2017-12-31,-0.00047734669370431856,2.348657461681332,False,1.7659612788102572,-0.0028260041553856505,-0.005174661617066983,-0.007523319078748315
rev,diag,2017-12-31,2018-01-31,0.014055842170914004,2.2198298172005337,False,1.7232800993328241,0.01183601235371347,0.009616182536512936,0.007396352719312403
rev,diag,2018-01-31,2018-02-28,-0.016968841049011255,1.8016261346861806,False,1.6020587112438258,-0.018770467183697435,-0.020572093318383618,-0.022373719453069797
rev,diag,2018-02-28,2018-03-31,-0.015038741358129132,2.513486236118416,False,1.8586831222088516,-0.017552227594247547,-0.020065713830365962,-0.02257920006648438
rev,diag,2018-03-31,2018-04-30,0.005761099853656366,2.2779453599391637,False,1.4415834704525292,0.0034831544937172017,0.0012052091337780377,-0.0010727362261611258
rev,diag,2018-04-30,2018-05-31,0.025311069657347186,2.0398471162188856,False,1.494981249314703,0.0232712225411283,0.021231375424909413,0.01919152830869053
rev,diag,2018-05-31,2018-06-30,-0.03300567656022438,2.175055946841895,False,1.6416376587481853,-0.03518073250706627,-0.03735578845390817,-0.03953084440075007
rev,diag,2018-06-30,2018-07-31,0.016263277640089367,1.9872774000908782,False,1.5988887122160549,0.014276000239998489,0.01228872283990761,0.010301445439816731
rev,diag,2018-07-31,2018-08-31,0.016381527459003793,1.5458817511528857,False,1.4475799314993936,0.014835645707850908,0.013289763956698022,0.011743882205545137
rev,diag,2018-08-31,2018-09-30,0.012978177018340187,1.6865688135860986,False,1.6023324160714816,0.011291608204754089,0.00960503939116799,0.007918470577581892
rev,diag,2018-09-30,2018-10-31,-0.029007232078459132,1.582778688222987,False,1.4452495553353373,-0.030590010766682118,-0.03217278945490511,-0.03375556814312809
rev,diag,2018-10-31,2018-11-30,0.00678023473847743,1.5015121803396163,False,1.506095818146547,0.005278722558137813,0.0037772103777981973,0.002275698197458581
rev,diag,2018-11-30,2018-12-31,0.01330959585525834,1.4632561087400013,False,1.492328379702974,0.01184633974651834,0.010383083637778338,0.008919827529038336
rev,diag,2018-12-31,2019-01-31,-0.003752110004758865,1.6555086840513829,False,1.6246477300257371,-0.005407618688810248,-0.007063127372861631,-0.008718636056913014
rev,diag,2019-01-31,2019-02-28,0.002827721444161052,1.5041346143695848,False,1.7656194034841808,0.0013235868297914674,-0.0001805477845781174,-0.0016846823989477024
rev,diag,2019-02-28,2019-03-31,-0.011311412875333458,1.6866388909756336,False,1.589167018391899,-0.012998051766309093,-0.014684690657284725,-0.016371329548260358
rev,diag,2019-03-31,2019-04-30,-0.02327271938712032,2.289390894131717,False,1.554627700810281,-0.025562110281252035,-0.027851501175383753,-0.030140892069515472
rev,diag,2019-04-30,2019-05-31,0.03557180172058401,2.279733210923547,False,1.6303991204130501,0.03329206850966046,0.031012335298736916,0.02873260208781337
rev,diag,2019-05-31,2019-06-30,-0.017183346956999405,1.976092521757636,False,1.70579574040594,-0.01915943947875704,-0.021135532000514677,-0.023111624522272313
rev,diag,2019-06-30,2019-07-31,0.006755086049819886,1.8859944131931854,False,1.616371883612755,0.0048690916366267,0.002983097223433515,0.0010971028102403297
rev,diag,2019-07-31,2019-08-31,0.025132926314857078,1.5658916873598336,False,1.4668491557383754,0.023567034627497246,0.02200114294013741,0.020435251252777578
rev,diag,2019-08-31,2019-09-30,-0.008916999901201766,1.1357480035453644,False,1.4953075279743826,-0.01005274790474713,-0.011188495908292495,-0.012324243911837859
rev,diag,2019-09-30,2019-10-31,0.007208306513159974,1.5920839290913351,False,1.2720513377414413,0.005616222584068639,0.004024138654977303,0.002432054725885969
rev,diag,2019-10-31,2019-11-30,0.003888683491620038,1.534683884508594,False,1.370565735155572,0.0023539996071114443,0.0008193157226028501,-0.0007153681619057437
rev,diag,2019-11-30,2019-12-31,-7.380556919962304e-05,1.6634101418607465,False,1.7261923347417207,-0.0017372157110603697,-0.003400625852921116,-0.0050640359947818625
rev,diag,2019-12-31,2020-01-31,0.013168307551249776,1.9005716757784112,False,1.421319034199248,0.011267735875471365,0.009367164199692954,0.007466592523914542
rev,diag,2020-01-31,2020-02-29,0.01338293256828772,1.4049584843588274,False,1.2994995632383453,0.011977974083928894,0.010573015599570065,0.009168057115211238
rev,diag,2020-02-29,2020-03-31,0.05075864160034107,1.5365331182528832,False,1.4259481263079148,0.04922210848208818,0.0476855753638353,0.04614904224558242
rev,diag,2020-03-31,2020-04-30,-0.0015085454176846681,1.6038433771140739,False,1.4106675006208624,-0.0031123887947987422,-0.004716232171912816,-0.00632007554902689
rev,diag,2020-04-30,2020-05-31,-0.018202783599290916,1.1978909360146879,False,1.3577554093027022,-0.019400674535305605,-0.02059856547132029,-0.02179645640733498
rev,diag,2020-05-31,2020-06-30,0.010198006317482288,1.3870306997966746,False,1.485471669077691,0.008810975617685613,0.0074239449178889385,0.006036914218092264
rev,diag,2020-06-30,2020-07-31,0.011609022869052354,1.704569118471341,False,1.3543343140792239,0.009904453750581013,0.008199884632109673,0.006495315513638331
rev,diag,2020-07-31,2020-08-31,0.00810550943889649,1.6827222226915144,False,1.3568151396931143,0.006422787216204976,0.004740064993513461,0.0030573427708219473
rev,diag,2020-08-31,2020-09-30,-0.0009065936900819994,1.5392494100936385,False,1.3719974051731096,-0.002445843100175638,-0.0039850925102692765,-0.005524341920362915
rev,diag,2020-09-30,2020-10-31,0.006646188199270376,1.643535248946734,False,1.5293317620308726,0.0050026529503236425,0.003359117701376908,0.0017155824524301734
rev,diag,2020-10-31,2020-11-30,-0.0030388316910559842,1.8430675840872295,False,1.2851596044145952,-0.004881899275143214,-0.006724966859230443,-0.008568034443317673
rev,diag,2020-11-30,2020-12-31,-0.007674994311688936,2.0242594879720817,False,1.347627680472997,-0.009699253799661018,-0.0117235132876331,-0.013747772775605181
rev,diag,2020-12-31,2021-01-31,0.017531787126413612,1.8456259305478158,False,1.321902296467155,0.015686161195865796,0.01384053526531798,0.011994909334770164
rev,diag,2021-01-31,2021-02-28,-0.0008922433274864528,1.2995511737578833,False,1.2428271672887254,-0.0021917945012443363,-0.0034913456750022198,-0.004790896848760102
rev,diag,2021-02-28,2021-03-31,0.01443770007967239,1.6057027216585729,False,1.5035546326007048,0.012831997358013818,0.011226294636355244,0.00962059191469667
rev,diag,2021-03-31,2021-04-30,0.009622431571690728,1.859321976185727,False,1.1345489015333967,0.007763109595505002,0.0059037876193192744,0.004044465643133548
rev,diag,2021-04-30,2021-05-31,0.006720349401380063,1.1925565505315574,False,1.0418456916982846,0.005527792850848506,0.0043352363003169485,0.003142679749785391
rev,diag,2021-05-31,2021-06-30,-0.01357009652132158,1.4821857109173753,False,1.326695992097207,-0.015052282232238956,-0.01653446794315633,-0.018016653654073705
rev,diag,2021-06-30,2021-07-31,-0.005431515052051402,1.5592390522261472,False,1.2672411562146242,-0.006990754104277549,-0.008549993156503696,-0.010109232208729843
rev,diag,2021-07-31,2021-08-31,0.006006844821469484,1.1914818051965899,False,1.0361828010057428,0.004815363016272894,0.0036238812110763047,0.002432399405879715
rev,diag,2021-08-31,2021-09-30,-0.006358488885443678,1.784220806765481,False,1.4609045135131484,-0.00814270969220916,-0.00992693049897464,-0.01171115130574012
rev,diag,2021-09-30,2021-10-31,0.005235061862997157,1.755159288329848,False,1.2996065884952752,0.0034799025746673094,0.0017247432863374615,-3.0416001992386414e-05
rev,diag,2021-10-31,2021-11-30,-0.02033593823919397,1.415445990238231,False,1.3153412912909372,-0.0217513842294322,-0.023166830219670434,-0.024582276209908663
rev,diag,2021-11-30,2021-12-31,0.004119137553030178,1.339026143334399,False,1.395647444529472,0.002780111409695779,0.00144108526636138,0.0001020591230269808
rev,diag,2021-12-31,2022-01-31,-0.009409684828625921,1.6785712643815276,False,1.3372929604176231,-0.011088256093007448,-0.012766827357388976,-0.014445398621770505
rev,diag,2022-01-31,2022-02-28,-0.014822048981792995,1.5875385692120487,False,1.1647901163679277,-0.016409587551005043,-0.017997126120217092,-0.01958466468942914
rev,diag,2022-02-28,2022-03-31,0.011948052455314507,1.255271356395207,False,1.2695751648539797,0.0106927810989193,0.009437509742524093,0.008182238386128887
rev,diag,2022-03-31,2022-04-30,0.0180581973666993,1.4048786525493404,False,1.1960086266512653,0.01665331871414996,0.015248440061600619,0.01384356140905128
rev,diag,2022-04-30,2022-05-31,-0.001396899769633203,1.2217722230362356,False,1.0719859971475367,-0.0026186719926694383,-0.003840444215705674,-0.00506221643874191
rev,diag,2022-05-31,2022-06-30,-0.02261103847700853,1.41344853118317,False,1.3202223582553514,-0.0240244870081917,-0.02543793553937487,-0.02685138407055804
rev,diag,2022-06-30,2022-07-31,-0.0005053740681115662,1.2980380014988755,False,1.2447359936500875,-0.0018034120696104419,-0.003101450071109317,-0.004399488072608193
rev,diag,2022-07-31,2022-08-31,0.0014916090105990363,1.6107582042437163,False,1.2346074415290764,-0.00011914919364467997,-0.0017299073978883962,-0.003340665602132113
rev,diag,2022-08-31,2022-09-30,0.00120741897846204,1.5444291888261021,False,1.2979654967160654,-0.0003370102103640623,-0.0018814393991901646,-0.003425868588016267
rev,diag,2022-09-30,2022-10-31,0.010197023875938106,1.131452396077964,False,1.4345452536448333,0.009065571479860143,0.007934119083782179,0.006802666687704214
rev,diag,2022-10-31,2022-11-30,-0.029427345214918927,1.7121832736165203,False,1.3876812150964306,-0.031139528488535448,-0.032851711762151965,-0.03456389503576849
rev,diag,2022-11-30,2022-12-31,-0.0019913696642257324,1.762410493671263,False,1.3491695465886993,-0.0037537801578969954,-0.005516190651568258,-0.007278601145239522
rev,diag,2022-12-31,2023-01-31,-0.01816346808288587,1.238526589262554,False,1.3438492740228323,-0.019401994672148426,-0.020640521261410978,-0.021879047850673534
rev,diag,2023-01-31,2023-02-28,-0.017458377550499064,1.2052685566729155,False,1.1669563601539459,-0.01866364610717198,-0.019868914663844894,-0.02107418322051781
rev,diag,2023-02-28,2023-03-31,-0.0038910890219429244,1.521754021317653,False,1.3715319342916932,-0.005412843043260578,-0.006934597064578231,-0.008456351085895883
rev,diag,2023-03-31,2023-04-30,-0.004750045981976986,1.7730405271629128,False,1.3270775119349505,-0.0065230865091398995,-0.008296127036302812,-0.010069167563465726
rev,diag,2023-04-30,2023-05-31,-0.027867031980711554,1.5177406979715344,False,1.3225834161392576,-0.02938477267868309,-0.030902513376654624,-0.032420254074626155
rev,diag,2023-05-31,2023-06-30,0.008061773509677175,1.3906460188856657,False,1.4736631298725669,0.006671127490791509,0.0052804814719058435,0.0038898354530201773
rev,diag,2023-06-30,2023-07-31,-0.0066066652331612736,1.552042119421051,False,1.072173074505947,-0.008158707352582324,-0.009710749472003375,-0.011262791591424426
rev,diag,2023-07-31,2023-08-31,0.0004237845023132825,1.3196364398036908,False,1.1816376923715421,-0.0008958519374904082,-0.002215488377294099,-0.0035351248170977898
rev,diag,2023-08-31,2023-09-30,-0.014489079143817307,1.0825905654523096,False,1.222887072387078,-0.015571669709269617,-0.016654260274721926,-0.017736850840174234
rev,diag,2023-09-30,2023-10-31,-0.0026237820804090642,1.6421909592674833,False,1.21375090089953,-0.004265973039676548,-0.005908163998944031,-0.007550354958211514
rev,diag,2023-10-31,2023-11-30,-0.016521180217461462,1.6020885071421953,False,1.1946004048655483,-0.018123268724603656,-0.019725357231745854,-0.02132744573888805
rev,diag,2023-11-30,2023-12-31,-0.007873403375359673,1.7409768121828286,False,1.2795472855047707,-0.009614380187542501,-0.01135535699972533,-0.01309633381190816
rev,diag,2023-12-31,2024-01-31,0.009933189174450664,1.504660558432673,False,1.3508979954927738,0.008428528616017991,0.006923868057585318,0.005419207499152645
rev,diag,2024-01-31,2024-02-29,0.00241108492480095,1.755911085806631,False,1.1119270368528753,0.0006551738389943193,-0.0011007372468123115,-0.0028566483326189426
rev,diag,2024-02-29,2024-03-31,-0.007339066795144723,1.485495710554383,False,1.2524659606023254,-0.008824562505699105,-0.010310058216253488,-0.01179555392680787
rev,diag,2024-03-31,2024-04-30,-0.017126723123965622,1.4590259325873165,False,1.076110396536533,-0.018585749056552938,-0.020044774989140257,-0.021503800921727573
rev,diag,2024-04-30,2024-05-31,-0.00023643390913662306,1.6318712387987102,False,1.2912507339353076,-0.0018683051479353333,-0.0035001763867340435,-0.005132047625532754
rev,diag,2024-05-31,2024-06-30,0.02029158874332475,1.8338649279478128,False,1.2984840373943352,0.018457723815376935,0.01662385888742912,0.01478999395948131
rev,diag,2024-06-30,2024-07-31,-0.016423644980697653,1.8122340719868246,False,1.120878012727998,-0.01823587905268448,-0.0200481131246713,-0.021860347196658126
rev,diag,2024-07-31,2024-08-31,0.002268580302728198,1.5821383357322198,False,1.3969009094765292,0.0006864419669959782,-0.0008956963687362417,-0.0024778347044684614
rev,diag,2024-08-31,2024-09-30,-0.01127493332187912,1.6836274353718168,False,1.2353620620604762,-0.012958560757250936,-0.014642188192622753,-0.01632581562799457
rev,diag,2024-09-30,2024-10-31,-0.00422789331524253,1.616215765590992,False,1.1403663626109881,-0.005844109080833522,-0.007460324846424514,-0.009076540612015505
rev,diag,2024-10-31,2024-11-30,0.010653679380546566,1.415998327791825,False,1.2020175571681129,0.009237681052754741,0.007821682724962916,0.00640568439717109
rev,diag,2024-11-30,2024-12-31,0.02777674103719625,1.5966030147596233,False,1.2901803781329457,0.026180138022436628,0.024583535007677005,0.02298693199291738
rev,diag,2024-12-31,2025-01-31,0.0018086698403533628,1.441556483806142,False,1.3009626519150692,0.00036711335654722064,-0.0010744431272589215,-0.0025159996110650637
rev,diag,2025-01-31,2025-02-28,-0.010643996252790503,1.4331903462725388,False,1.1544624507116918,-0.012077186599063042,-0.013510376945335582,-0.014943567291608121
rev,diag,2025-02-28,2025-03-31,-0.02421934418839435,1.4748028030249656,False,1.4516461219021266,-0.025694146991419316,-0.02716894979444428,-0.028643752597469246
rev,diag,2025-03-31,2025-04-30,-0.011134206960846472,1.7456040187806914,False,1.0953571262451913,-0.012879810979627164,-0.014625414998407856,-0.016371019017188546
rev,diag,2025-04-30,2025-05-31,0.0017560344706040762,1.7272308472493187,False,1.1621433819755371,2.880362335475734e-05,-0.0016984272238945615,-0.00342565807114388
rev,diag,2025-05-31,2025-06-30,0.03333969444162715,1.3290159039702312,False,1.2834962808842554,0.03201067853765692,0.030681662633686685,0.029352646729716454
rev,diag,2025-06-30,2025-07-31,0.007976510752388644,1.3354555416767444,False,1.1111179696724751,0.006641055210711899,0.005305599669035155,0.00397014412735841
rev,diag,2025-07-31,2025-08-31,-0.008588800285273385,1.1792828793542318,False,1.294177405788975,-0.009768083164627617,-0.01094736604398185,-0.012126648923336081
rev,diag,2025-08-31,2025-09-30,-0.007235221766631913,1.1994955880838694,False,1.2537130611849352,-0.008434717354715782,-0.009634212942799652,-0.010833708530883522
rev,diag,2025-09-30,2025-10-31,-0.005829506709050624,1.4329688512106271,False,1.282890089424661,-0.007262475560261251,-0.008695444411471877,-0.010128413262682505
rev,diag,2025-10-31,2025-11-30,-0.003315776725248775,1.2709777548989436,False,1.3807342445668578,-0.004586754480147719,-0.005857732235046662,-0.007128709989945606
rev,diag,2025-11-30,2025-12-31,0.0019431735621023587,1.2154559036337855,False,1.522481849515681,0.0007277176584685732,-0.0004877382451652123,-0.001703194148798998
rev,diag,2025-12-31,2026-01-31,-0.0067366857462994615,1.3786749703262988,False,1.3774767679250046,-0.00811536071662576,-0.009494035686952059,-0.010872710657278357
rev_orth,mv,1990-01-31,1990-02-28,-0.0032841770526383356,1.6290909536707885,True,1.6290909536707885,-0.004913268006309124,-0.006542358959979913,-0.008171449913650701
rev_orth,mv,1990-02-28,1990-03-31,0.01707737112322187,1.5635215797833053,False,1.5080942031040012,0.015513849543438566,0.01395032796365526,0.012386806383871955
rev_orth,mv,1990-03-31,1990-04-30,-0.0045172897734849365,1.6866505226873225,False,1.3574103303272647,-0.006203940296172259,-0.007890590818859582,-0.009577241341546904
rev_orth,mv,1990-04-30,1990-05-31,-0.004918461589682115,1.3618302149671793,False,1.4121445780799904,-0.006280291804649294,-0.007642122019616473,-0.009003952234583654
rev_orth,mv,1990-05-31,1990-06-30,0.022824512384055265,1.4988689964666064,False,1.320719175070309,0.021325643387588657,0.019826774391122053,0.018327905394655446
rev_orth,mv,1990-06-30,1990-07-31,0.004832186107255971,1.2587349531360237,False,1.4595997007302126,0.0035734511541199473,0.0023147162009839236,0.0010559812478478999
rev_orth,mv,1990-07-31,1990-08-31,0.006558781772132977,1.461337670202818,False,1.4546449902219931,0.005097444101930159,0.003636106431727341,0.002174768761524523
rev_orth,mv,1990-08-31,1990-09-30,-0.006199023307517242,1.3407435212492096,False,1.4934628111402068,-0.007539766828766452,-0.008880510350015662,-0.010221253871264872
rev_orth,mv,1990-09-30,1990-10-31,-0.021153626518405744,1.4819940664985365,False,1.4566252822800825,-0.02263562058490428,-0.024117614651402816,-0.025599608717901352
rev_orth,mv,1990-10-31,1990-11-30,0.008919598014179202,1.4247528610212592,False,1.4602176094907864,0.007494845153157943,0.006070092292136684,0.004645339431115425
rev_orth,mv,1990-11-30,1990-12-31,0.008683940398985525,1.502982021200537,False,1.5267515129382,0.007180958377784988,0.005677976356584451,0.004174994335383914
rev_orth,mv,1990-12-31,1991-01-31,-0.0034625391573167076,1.3205618862047728,False,1.4438593035049752,-0.00478310104352148,-0.006103662929726254,-0.007424224815931026
rev_orth,mv,1991-01-31,1991-02-28,0.0024721957955585335,1.3028619816467402,False,1.407528368248823,0.0011693338139117933,-0.00013352816773494697,-0.0014363901493816872
rev_orth,mv,1991-02-28,1991-03-31,0.0033127951477510994,1.512723982670236,False,1.257268679946458,0.0018000711650808636,0.0002873471824106277,-0.0012253768002596084
rev_orth,mv,1991-03-31,1991-04-30,0.0027947515465245308,1.5114521455158458,False,1.3305382632274185,0.001283299401008685,-0.0002281527445071609,-0.0017396048900230067
rev_orth,mv,1991-04-30,1991-05-31,-0.009917968873019099,1.3263185022218478,False,1.382316721829279,-0.011244287375240946,-0.012570605877462795,-0.013896924379684643
rev_orth,mv,1991-05-31,1991-06-30,-0.006701769567004231,1.0344734732257097,False,1.4377976098050458,-0.00773624304022994,-0.00877071651345565,-0.00980518998668136
rev_orth,mv,1991-06-30,1991-07-31,-0.007822534969178592,1.1128975025856351,False,1.254638416761628,-0.008935432471764227,-0.010048329974349863,-0.011161227476935497
rev_orth,mv,1991-07-31,1991-08-31,-0.004423344103626578,1.3541267236013976,False,1.330298060631561,-0.005777470827227975,-0.007131597550829373,-0.00848572427443077
rev_orth,mv,1991-08-31,1991-09-30,0.003334869190635161,1.3057860322834602,False,1.4697134341302327,0.0020290831583517008,0.0007232971260682408,-0.00058248890621522
rev_orth,mv,1991-09-30,1991-10-31,-0.0010726128824615792,1.500230806641948,False,1.4495132954231895,-0.0025728436891035273,-0.004073074495745475,-0.005573305302387424
rev_orth,mv,1991-10-31,1991-11-30,0.018741897524453495,1.343006867060038,False,1.5805345103272694,0.017398890657393456,0.01605588379033342,0.014712876923273381
rev_orth,mv,1991-11-30,1991-12-31,0.009269226860600862,1.4819080384574876,False,1.5731453491090626,0.007787318822143374,0.006305410783685886,0.004823502745228398
rev_orth,mv,1991-12-31,1992-01-31,0.013019209418351278,1.5694114806321777,False,1.4030283767225158,0.0114497979377191,0.009880386457086922,0.008310974976454744
rev_orth,mv,1992-01-31,1992-02-29,-0.004204257287762702,1.5942510011527027,False,1.432986405280586,-0.005798508288915405,-0.007392759290068107,-0.00898701029122081
rev_orth,mv,1992-02-29,1992-03-31,-0.014638002040792738,1.5200266665126752,False,1.3604044573408478,-0.016158028707305414,-0.01767805537381809,-0.019198082040330765
rev_orth,mv,1992-03-31,1992-04-30,-0.011407425731871184,1.4700864617913216,False,1.3515198727551756,-0.012877512193662505,-0.014347598655453828,-0.01581768511724515
rev_orth,mv,1992-04-30,1992-05-31,-0.01871798278665069,1.278642864875021,False,1.4022576266032514,-0.019996625651525712,-0.02127526851640073,-0.022553911381275753
rev_orth,mv,1992-05-31,1992-06-30,0.005579120228927424,1.2914818345277341,False,1.4539775323905757,0.00428763839439969,0.0029961565598719555,0.0017046747253442215
rev_orth,mv,1992-06-30,1992-07-31,-0.012864343548327634,1.4145284779700253,False,1.5105349310645981,-0.014278872026297658,-0.015693400504267683,-0.01710792898223771
rev_orth,mv,1992-07-31,1992-08-31,-0.011098456499035535,1.5905409757790037,False,1.5132291281111256,-0.012688997474814539,-0.014279538450593543,-0.015870079426372544
rev_orth,mv,1992-08-31,1992-09-30,-0.005024233316583471,1.5262519829014507,False,1.5708258195590432,-0.006550485299484921,-0.008076737282386372,-0.009602989265287822
rev_orth,mv,1992-09-30,1992-10-31,-0.010763163423739334,1.5704267009117074,False,1.5904113936396913,-0.012333590124651041,-0.01390401682556275,-0.015474443526474457
rev_orth,mv,1992-10-31,1992-11-30,-0.005110037194420906,1.4150064022393383,False,1.4381080148569902,-0.006525043596660244,-0.007940049998899582,-0.009355056401138921
rev_orth,mv,1992-11-30,1992-12-31,-0.0030740662047609615,1.8649786612071164,False,1.6404612361391693,-0.004939044865968078,-0.006804023527175194,-0.00866900218838231
rev_orth,mv,1992-12-31,1993-01-31,0.004443955650879555,1.8638340473991024,False,1.6057951048572625,0.002580121603480453,0.0007162875560813506,-0.0011475464913177523
rev_orth,mv,1993-01-31,1993-02-28,0.012896251327524247,1.5480099125080948,False,1.6070538164981765,0.011348241415016152,0.009800231502508057,0.008252221589999963
rev_orth,mv,1993-02-28,1993-03-31,0.02503563689214975,1.6210524697434097,False,1.661114089046461,0.02341458442240634,0.02179353195266293,0.02017247948291952
rev_orth,mv,1993-03-31,1993-04-30,0.012311566138655918,1.2980507294198675,False,1.6813271182086935,0.01101351540923605,0.009715464679816183,0.008417413950396316
rev_orth,mv,1993-04-30,1993-05-31,0.008002455807639577,1.3391336809478913,False,1.5680415898204194,0.006663322126691686,0.005324188445743795,0.003985054764795903
rev_orth,mv,1993-05-31,1993-06-30,0.00026189431778247534,1.4099973549323401,False,1.5799624061307347,-0.0011481030371498647,-0.002558100392082205,-0.003968097747014545
rev_orth,mv,1993-06-30,1993-07-31,0.006864310040855448,1.6638235430347044,False,1.532654289882695,0.005200486497820744,0.0035366629547860387,0.0018728394117513347
rev_orth,mv,1993-07-31,1993-08-31,-0.006470980718251195,1.5810314398247645,False,1.4343280967050185,-0.00805201215807596,-0.009633043597900725,-0.011214075037725488
rev_orth,mv,1993-08-31,1993-09-30,-0.0034576461508297744,1.538325545392933,False,1.611332457306894,-0.004995971696222707,-0.00653429724161564,-0.008072622787008573
rev_orth,mv,1993-09-30,1993-10-31,0.003908872001792703,1.7125840992567865,False,1.530411450947796,0.0021962879025359166,0.0004837038032791301,-0.0012288802959776563
rev_orth,mv,1993-10-31,1993-11-30,-0.0035259019732663574,1.6353331046483133,False,1.4516304163598357,-0.0051612350779146705,-0.006796568182562984,-0.008431901287211297
rev_orth,mv,1993-11-30,1993-12-31,-0.009100055046432482,1.3697228844505467,False,1.7044982391949506,-0.010469777930883028,-0.011839500815333576,-0.013209223699784122
rev_orth,mv,1993-12-31,1994-01-31,-0.002744239455122438,1.4491157800901902,False,1.6807400705110436,-0.004193355235212628,-0.005642471015302818,-0.007091586795393009
rev_orth,mv,1994-01-31,1994-02-28,-0.01188421198313842,1.5923875509876677,False,1.5347982645607001,-0.013476599534126088,-0.015068987085113755,-0.01666137463610142
rev_orth,mv,1994-02-28,1994-03-31,-0.020474713778378072,1.5970359510437826,False,1.5012143297785872,-0.022071749729421854,-0.023668785680465636,-0.025265821631509422
rev_orth,mv,1994-03-31,1994-04-30,0.0005671189773834088,1.693367655668324,False,1.6915727460331171,-0.001126248678284915,-0.0028196163339532392,-0.0045129839896215634
rev_orth,mv,1994-04-30,1994-05-31,-0.012527060614083858,1.9584112648367185,False,1.7395572348623711,-0.014485471878920577,-0.016443883143757297,-0.018402294408594012
rev_orth,mv,1994-05-31,1994-06-30,-0.005014936191868099,1.9029721741793921,False,1.7369317872852301,-0.006917908366047491,-0.008820880540226884,-0.010723852714406276
rev_orth,mv,1994-06-30,1994-07-31,0.012544151433490677,1.5533941261814068,False,1.4501143127409508,0.01099075730730927,0.009437363181127863,0.007883969054946456
rev_orth,mv,1994-07-31,1994-08-31,0.0007896031199755103,2.288859095060064,False,1.7359251188883549,-0.0014992559750845536,-0.0037881150701446174,-0.006076974165204681
rev_orth,mv,1994-08-31,1994-09-30,-0.0008268152994560232,2.1131981532614463,False,1.5289519551948922,-0.0029400134527174694,-0.005053211605978916,-0.007166409759240363
rev_orth,mv,1994-09-30,1994-10-31,-0.006288278159476695,1.5560975593421704,False,1.7419704276089758,-0.007844375718818866,-0.009400473278161035,-0.010956570837503208
rev_orth,mv,1994-10-31,1994-11-30,-0.0008301365113162677,1.9589334160856025,False,1.610903389614803,-0.0027890699274018705,-0.004748003343487473,-0.006706936759573075
rev_orth,mv,1994-11-30,1994-12-31,0.012900000570065009,2.1622653760547736,False,1.811279029749288,0.010737735194010235,0.008575469817955463,0.006413204441900688
rev_orth,mv,1994-12-31,1995-01-31,0.009266183421089003,1.6963753048088765,False,1.5721590876950253,0.007569808116280126,0.005873432811471249,0.004177057506662373
rev_orth,mv,1995-01-31,1995-02-28,-0.012449631709522443,1.8293035977781686,False,1.544576157550152,-0.014278935307300612,-0.01610823890507878,-0.01793754250285695
rev_orth,mv,1995-02-28,1995-03-31,0.0007216471204820494,1.8259214739383334,False,1.6719507081177183,-0.001104274353456284,-0.0029301958273946173,-0.004756117301332951
rev_orth,mv,1995-03-31,1995-04-30,-0.0024354934779914636,1.9662585668373322,False,1.4060375605404443,-0.004401752044828795,-0.006368010611666128,-0.00833426917850346
rev_orth,mv,1995-04-30,1995-05-31,-0.016623374648105264,1.5467228122658048,False,1.667796271650667,-0.018170097460371067,-0.019716820272636874,-0.021263543084902678
rev_orth,mv,1995-05-31,1995-06-30,-0.014333661608270109,2.160294543760311,False,1.9233110373103877,-0.01649395615203042,-0.01865425069579073,-0.020814545239551042
rev_orth,mv,1995-06-30,1995-07-31,-0.0019310540537364287,1.7991838836128924,False,1.8342380883495797,-0.0037302379373493214,-0.005529421820962214,-0.007328605704575107
rev_orth,mv,1995-07-31,1995-08-31,0.0069987741640048584,1.8377377813705478,False,1.6585004084130388,0.0051610363826343104,0.003323298601263763,0.0014855608198932153
rev_orth,mv,1995-08-31,1995-09-30,0.010883688691648848,1.5580451679318241,False,1.7749025838004495,0.009325643523717024,0.0077675983557852005,0.006209553187853376
rev_orth,mv,1995-09-30,1995-10-31,0.014022703075623666,1.6003326544458127,False,1.550699984557113,0.012422370421177853,0.01082203776673204,0.009221705112286229
rev_orth,mv,1995-10-31,1995-11-30,-0.017625546789740227,1.578619854396001,False,1.7642298980333126,-0.01920416664413623,-0.02078278649853223,-0.02236140635292823
rev_orth,mv,1995-11-30,1995-12-31,0.028646207549973428,1.6746952889464741,False,1.74282479810062,0.026971512261026953,0.02529681697208048,0.023622121683134004
rev_orth,mv,1995-12-31,1996-01-31,0.002158355207104067,1.9922821009906488,False,1.6533819361474587,0.00016607310611341805,-0.0018262089948772307,-0.0038184910958678803
rev_orth,mv,1996-01-31,1996-02-29,-0.0025432002379640523,1.5660029514007965,False,1.7552507011929028,-0.004109203189364849,-0.005675206140765646,-0.007241209092166441
rev_orth,mv,1996-02-29,1996-03-31,-0.0013681313658249986,1.8645694630632534,False,1.803538827985415,-0.003232700828888252,-0.005097270291951506,-0.006961839755014759
rev_orth,mv,1996-03-31,1996-04-30,-0.005252670364360147,1.8334607893194672,False,1.844878316481546,-0.007086131153679615,-0.008919591942999083,-0.010753052732318549
rev_orth,mv,1996-04-30,1996-05-31,-0.0078076123442997036,1.806493391450718,False,1.757789421735235,-0.009614105735750422,-0.011420599127201139,-0.013227092518651857
rev_orth,mv,1996-05-31,1996-06-30,0.009622643671188114,1.5714864285163153,False,2.0200953967156687,0.008051157242671799,0.006479670814155483,0.004908184385639168
rev_orth,mv,1996-06-30,1996-07-31,-0.002093216787112877,1.592425571656763,False,1.7373586545019108,-0.00368564235876964,-0.0052780679304264035,-0.006870493502083166
rev_orth,mv,1996-07-31,1996-08-31,0.006770569745048028,1.5464046026613334,False,1.7530852139452036,0.005224165142386695,0.003677760539725361,0.0021313559370640276
rev_orth,mv,1996-08-31,1996-09-30,-0.005151748972184287,1.886403481012979,False,1.8691027596286507,-0.007038152453197267,-0.008924555934210245,-0.010810959415223226
rev_orth,mv,1996-09-30,1996-10-31,0.00453106920410112,2.1681743765618644,False,1.842212207324632,0.002362894827539256,0.0001947204509773915,-0.0019734539255844737
rev_orth,mv,1996-10-31,1996-11-30,0.0005852007436686416,2.259454529227264,False,1.8424981542260648,-0.0016742537855586226,-0.003933708314785887,-0.0061931628440131505
rev_orth,mv,1996-11-30,1996-12-31,0.027901079943154737,2.5373734755063637,False,2.032636133796626,0.025363706467648375,0.02282633299214201,0.020288959516635646
rev_orth,mv,1996-12-31,1997-01-31,-0.008614127003108773,1.704637913219134,False,1.7263739078117997,-0.010318764916327907,-0.012023402829547041,-0.013728040742766175
rev_orth,mv,1997-01-31,1997-02-28,-0.020766763670803323,1.921968361972484,False,1.8876853013570318,-0.022688732032775806,-0.024610700394748292,-0.026532668756720775
rev_orth,mv,1997-02-28,1997-03-31,-0.0020744828123495517,2.4209328738833276,False,1.9212918606131812,-0.004495415686232879,-0.006916348560116206,-0.009337281433999535
rev_orth,mv,1997-03-31,1997-04-30,-0.013996738871794853,1.783171089947984,False,2.1792188457602903,-0.015779909961742836,-0.01756308105169082,-0.019346252141638806
rev_orth,mv,1997-04-30,1997-05-31,0.0018988361530765524,2.0910681516682463,False,1.9353091788734644,-0.00019223199859169388,-0.00228330015025994,-0.0043743683019281865
rev_orth,mv,1997-05-31,1997-06-30,0.003352062507317367,2.5058882379421736,False,1.9251623375196216,0.0008461742693751935,-0.0016597139685669803,-0.0041656022065091535
rev_orth,mv,1997-06-30,1997-07-31,0.0014048118454269406,2.315013136685419,False,1.7909290286005803,-0.0009102012912584783,-0.003225214427943897,-0.005540227564629316
rev_orth,mv,1997-07-31,1997-08-31,-0.0050915675693267055,2.330661783174213,False,1.7116145412559873,-0.007422229352500919,-0.009752891135675132,-0.012083552918849345
rev_orth,mv,1997-08-31,1997-09-30,0.033124637032209456,2.217277061342592,False,1.8788604181362356,0.030907359970866865,0.02869008290952427,0.02647280584818168
rev_orth,mv,1997-09-30,1997-10-31,0.03129984068882511,2.104053947359048,False,1.761638949989766,0.029195786741466064,0.027091732794107013,0.024987678846747966
rev_orth,mv,1997-10-31,1997-11-30,-0.012118447598236362,2.094213178224986,False,1.7447385659754535,-0.014212660776461349,-0.016306873954686336,-0.01840108713291132
rev_orth,mv,1997-11-30,1997-12-31,-0.0044611641219372365,1.5438520543322956,False,1.6788563057221413,-0.006005016176269532,-0.007548868230601828,-0.009092720284934123
rev_orth,mv,1997-12-31,1998-01-31,0.012700286241188937,1.7058080215204896,False,1.851528880651929,0.010994478219668447,0.009288670198147957,0.007582862176627468
rev_orth,mv,1998-01-31,1998-02-28,-0.015416294557328795,1.9618189209200336,False,1.7377779528815949,-0.01737811347824883,-0.019339932399168862,-0.021301751320088894
rev_orth,mv,1998-02-28,1998-03-31,0.011477848741218795,2.1291629201019644,False,1.7431463065939958,0.00934868582111683,0.007219522901014866,0.005090359980912902
rev_orth,mv,1998-03-31,1998-04-30,-0.04081304630577745,1.652664739084159,False,1.8875554569777457,-0.04246571104486161,-0.04411837578394577,-0.045771040523029924
rev_orth,mv,1998-04-30,1998-05-31,-0.0038606813777897118,1.8573577784480828,False,1.8044427212835183,-0.005718039156237795,-0.007575396934685877,-0.00943275471313396
rev_orth,mv,1998-05-31,1998-06-30,0.021399974686580975,1.3802084860225319,False,1.8376364881750094,0.020019766200558443,0.01863955771453591,0.01725934922851338
rev_orth,mv,1998-06-30,1998-07-31,0.00572366755255073,1.8168004445758477,False,1.6912571852372882,0.003906867107974882,0.0020900666633990347,0.0002732662188231873
rev_orth,mv,1998-07-31,1998-08-31,-0.01071939115566182,1.28658470897609,False,1.8098584403942255,-0.01200597586463791,-0.013292560573614,-0.01457914528259009
rev_orth,mv,1998-08-31,1998-09-30,0.014686388607776433,1.2267339369980124,False,1.7211352952991956,0.01345965467077842,0.01223292073378041,0.011006186796782396
rev_orth,mv,1998-09-30,1998-10-31,-0.022376120905000497,1.568442462879408,False,1.411491013812668,-0.023944563367879906,-0.025513005830759314,-0.027081448293638722
rev_orth,mv,1998-10-31,1998-11-30,0.0015367182120379734,1.5521098591320932,False,1.4678994412207091,-1.539164709411984e-05,-0.001567501506226213,-0.0031196113653583065
rev_orth,mv,1998-11-30,1998-12-31,0.022248914970102444,1.585279352159853,False,1.599668090471823,0.020663635617942593,0.019078356265782737,0.017493076913622885
rev_orth,mv,1998-12-31,1999-01-31,0.022837990688111254,1.6584726079999241,False,1.4794107181312406,0.02117951808011133,0.019521045472111406,0.017862572864111484
rev_orth,mv,1999-01-31,1999-02-28,-0.018024106856324294,1.2884908297125666,False,1.4413742041493183,-0.01931259768603686,-0.020601088515749426,-0.021889579345461995
rev_orth,mv,1999-02-28,1999-03-31,-0.020077356786422088,1.587293415473982,False,1.4237105769081415,-0.02166465020189607,-0.02325194361737005,-0.024839237032844033
rev_orth,mv,1999-03-31,1999-04-30,-0.024913996083054783,1.3381211367312276,False,1.6084375278938678,-0.02625211721978601,-0.02759023835651724,-0.028928359493248464
rev_orth,mv,1999-04-30,1999-05-31,-0.010045336007784525,1.6032370767056667,False,1.495013750411023,-0.011648573084490191,-0.013251810161195858,-0.014855047237901525
rev_orth,mv,1999-05-31,1999-06-30,0.02903786324236306,1.7797155373872628,False,1.529131626282526,0.027258147704975796,0.025478432167588536,0.02369871663020127
rev_orth,mv,1999-06-30,1999-07-31,0.0036839595914632474,1.6656224318551835,False,1.3835999687431622,0.002018337159608064,0.00035271472775288016,-0.0013129077041023032
rev_orth,mv,1999-07-31,1999-08-31,-0.0070478813862651,1.8574169077192428,False,1.4596922938194568,-0.008905298293984343,-0.010762715201703587,-0.01262013210942283
rev_orth,mv,1999-08-31,1999-09-30,0.002707678910110483,1.3030761190599227,False,1.3885872430464163,0.0014046027910505601,0.0001015266719906374,-0.0012015494470692853
rev_orth,mv,1999-09-30,1999-10-31,-0.028071027307263414,1.2662840060325862,False,1.4030943213802853,-0.029337311313296,-0.03060359531932859,-0.03186987932536117
rev_orth,mv,1999-10-31,1999-11-30,-0.019994228005812773,2.0330540961351127,False,1.5616872476119066,-0.022027282101947886,-0.024060336198083,-0.02609339029421811
rev_orth,mv,1999-11-30,1999-12-31,-0.012482573331292575,1.825204971449248,False,1.5887869462240511,-0.014307778302741823,-0.016132983274191073,-0.01795818824564032
rev_orth,mv,1999-12-31,2000-01-31,-0.009830128477919885,1.8640178422697162,False,1.5918941967988074,-0.011694146320189601,-0.013558164162459318,-0.015422182004729033
rev_orth,mv,2000-01-31,2000-02-29,0.009097536485148112,1.8193439384458188,False,1.3917361267811255,0.007278192546702294,0.005458848608256475,0.0036395046698106557
rev_orth,mv,2000-02-29,2000-03-31,0.012410913643308237,1.9947732032993375,False,1.490118244872307,0.0104161404400089,0.008421367236709562,0.006426594033410225
rev_orth,mv,2000-03-31,2000-04-30,-0.013360248909901151,1.942464056343959,False,1.422170305782439,-0.01530271296624511,-0.01724517702258907,-0.01918764107893303
rev_orth,mv,2000-04-30,2000-05-31,0.0050466433577830575,1.742519816227597,False,1.400347247770929,0.00330412354155546,0.0015616037253278633,-0.00018091609089973364
rev_orth,mv,2000-05-31,2000-06-30,0.0037910544205301657,2.0014572363680685,False,1.5321945132670258,0.001789597184162097,-0.00021186005220597166,-0.00221331728857404
rev_orth,mv,2000-06-30,2000-07-31,-0.0010338385549476827,1.3631852437097751,False,1.542041993034527,-0.0023970237986574577,-0.0037602090423672326,-0.005123394286077008
rev_orth,mv,2000-07-31,2000-08-31,0.019640762673020916,1.6200964218416591,False,1.4791077074575032,0.018020666251179256,0.0164005698293376,0.014780473407495939
rev_orth,mv,2000-08-31,2000-09-30,0.005309124223063179,1.7346200282761426,False,1.5246703048040544,0.0035745041947870364,0.001839884166510894,0.00010526413823475165
rev_orth,mv,2000-09-30,2000-10-31,-0.009491654755991345,1.47007821216952,False,1.521530957892805,-0.010961732968160864,-0.012431811180330384,-0.013901889392499905
rev_orth,mv,2000-10-31,2000-11-30,0.009900921603782201,1.174231652993338,False,1.3678484136733078,0.008726689950788864,0.007552458297795525,0.006378226644802187
rev_orth,mv,2000-11-30,2000-12-31,-0.014245319663956724,1.4480823574171806,False,1.5042815630952087,-0.015693402021373905,-0.017141484378791084,-0.018589566736208266
rev_orth,mv,2000-12-31,2001-01-31,-0.012016902092985532,1.591262360847022,False,1.3771802536215854,-0.013608164453832554,-0.015199426814679576,-0.016790689175526598
rev_orth,mv,2001-01-31,2001-02-28,0.007174956293620535,1.5079043081984433,False,1.5053036910982798,0.005667051985422091,0.004159147677223648,0.0026512433690252047
rev_orth,mv,2001-02-28,2001-03-31,-0.00411146427471921,1.4549971703553326,False,1.3661647725365818,-0.005566461445074542,-0.007021458615429875,-0.008476455785785209
rev_orth,mv,2001-03-31,2001-04-30,-0.002390228996388471,1.7060763688025056,False,1.3607196715471845,-0.004096305365190977,-0.005802381733993483,-0.007508458102795988
rev_orth,mv,2001-04-30,2001-05-31,0.011805049247767856,1.6912619173147183,False,1.3806073808837604,0.010113787330453138,0.00842252541313842,0.006731263495823701
rev_orth,mv,2001-05-31,2001-06-30,0.0022562025906384497,1.549848164394628,False,1.3245428621489157,0.0007063544262438217,-0.0008434937381508064,-0.002393341902545435
rev_orth,mv,2001-06-30,2001-07-31,0.0002955509060879951,1.764998854848486,False,1.4187174574558896,-0.001469447948760491,-0.0032344468036089773,-0.004999445658457464
rev_orth,mv,2001-07-31,2001-08-31,-0.011287050888234763,1.5774630075247937,False,1.338945100252371,-0.012864513895759558,-0.01444197690328435,-0.016019439910809147
rev_orth,mv,2001-08-31,2001-09-30,0.017173769086826003,1.627779763256706,False,1.2774322784112007,0.015545989323569298,0.013918209560312592,0.012290429797055885
rev_orth,mv,2001-09-30,2001-10-31,-4.109938238428392e-05,1.4178280812485689,False,1.0991766690976508,-0.0014589274636328529,-0.002876755544881422,-0.004294583626129991
rev_orth,mv,2001-10-31,2001-11-30,-0.016511275098283627,1.6186019203349284,False,1.5371559752046924,-0.018129877018618554,-0.019748478938953484,-0.02136708085928841
rev_orth,mv,2001-11-30,2001-12-31,-0.008575963146607284,1.828603249483466,False,1.365042226771661,-0.010404566396090751,-0.012233169645574216,-0.014061772895057683
rev_orth,mv,2001-12-31,2002-01-31,0.012314304872189555,1.786715484662763,False,1.2432844446257003,0.010527589387526792,0.008740873902864028,0.0069541584182012655
rev_orth,mv,2002-01-31,2002-02-28,-0.023608307245938057,1.458325684563081,False,1.2215857261153475,-0.025066632930501136,-0.02652495861506422,-0.0279832842996273
rev_orth,mv,2002-02-28,2002-03-31,-0.0010022616967809608,1.5595986299641076,False,1.4088702342819064,-0.0025618603267450685,-0.004121458956709176,-0.0056810575866732835
rev_orth,mv,2002-03-31,2002-04-30,0.014027173691507622,1.6101938523039574,False,1.213379035984349,0.012416979839203665,0.010806785986899707,0.009196592134595751
rev_orth,mv,2002-04-30,2002-05-31,0.00025872469193747395,1.5208320344469983,False,1.289054268783265,-0.0012621073425095244,-0.0027829393769565228,-0.004303771411403521
rev_orth,mv,2002-05-31,2002-06-30,0.0062846409946495365,1.739426907337904,False,1.2034927144093275,0.004545214087311632,0.0028057871799737283,0.0010663602726358242
rev_orth,mv,2002-06-30,2002-07-31,0.015573952344647587,1.6141285881896952,False,1.4635199312539566,0.013959823756457893,0.012345695168268197,0.0107315665800785
rev_orth,mv,2002-07-31,2002-08-31,-0.0034511459639032034,1.5195542017799455,False,1.2655829665674465,-0.004970700165683149,-0.006490254367463095,-0.00800980856924304
rev_orth,mv,2002-08-31,2002-09-30,0.008407284308271677,1.4956079491193064,False,1.3279168684076006,0.00691167635915237,0.0054160684100330635,0.003920460460913757
rev_orth,mv,2002-09-30,2002-10-31,-0.023878972323650507,1.6319768567342778,False,1.3790363131807628,-0.025510949180384785,-0.027142926037119063,-0.02877490289385334
rev_orth,mv,2002-10-31,2002-11-30,-0.00012842993365529278,1.7824620822185384,False,1.1947003600473656,-0.0019108920158738313,-0.0036933540980923696,-0.005475816180310908
rev_orth,mv,2002-11-30,2002-12-31,-0.001867132674690681,1.427913807404014,False,1.2624075954920446,-0.003295046482094695,-0.00472296028949871,-0.006150874096902723
rev_orth,mv,2002-12-31,2003-01-31,0.012393922526280793,1.3010333490267385,False,1.3001018592184894,0.011092889177254055,0.009791855828227315,0.008490822479200577
rev_orth,mv,2003-01-31,2003-02-28,0.0021164149263540985,1.4390962596597,False,1.4019185444873223,0.0006773186666943986,-0.0007617775929653014,-0.0022008738526250013
rev_orth,mv,2003-02-28,2003-03-31,0.010150120567154164,1.4724406052754522,False,1.3385826327456127,0.008677679961878713,0.0072052393566032595,0.005732798751327808
rev_orth,mv,2003-03-31,2003-04-30,-0.028042262651172507,1.4468557046369201,False,1.3336189010892483,-0.029489118355809425,-0.030935974060446347,-0.03238282976508327
rev_orth,mv,2003-04-30,2003-05-31,-0.007593121764830266,1.7105874516759163,False,1.3616587135529923,-0.009303709216506183,-0.0110142966681821,-0.012724884119858015
rev_orth,mv,2003-05-31,2003-06-30,-0.024005445454714603,1.5601686654469629,False,1.2271091863152255,-0.025565614120161565,-0.02712578278560853,-0.028685951451055493
rev_orth,mv,2003-06-30,2003-07-31,-0.00809953513363719,1.9937175622335928,False,1.4095719443885129,-0.010093252695870782,-0.012086970258104375,-0.01408068782033797
rev_orth,mv,2003-07-31,2003-08-31,0.0024904450417342875,1.5680050912994732,False,1.34634921556594,0.0009224399504348141,-0.0006455651408646592,-0.002213570232164132
rev_orth,mv,2003-08-31,2003-09-30,-0.009072792100478936,1.8864779873758932,False,1.425188950276067,-0.01095927008785483,-0.012845748075230722,-0.014732226062606615
rev_orth,mv,2003-09-30,2003-10-31,0.004125303565237338,1.5376606771595736,False,1.451961739700363,0.0025876428880777643,0.001049982210918191,-0.0004876784662413824
rev_orth,mv,2003-10-31,2003-11-30,-0.003420680102042662,1.6731962853537898,False,1.310479947139734,-0.0050938763873964515,-0.006767072672750242,-0.008440268958104031
rev_orth,mv,2003-11-30,2003-12-31,-0.01669469880447963,1.812124339537624,False,1.4939750478276308,-0.018506823144017255,-0.020318947483554877,-0.022131071823092503
rev_orth,mv,2003-12-31,2004-01-31,-0.0029370745094971368,1.614956642216247,False,1.2871210473539887,-0.004552031151713384,-0.006166987793929631,-0.007781944436145878
rev_orth,mv,2004-01-31,2004-02-29,0.007262664283453122,1.6395903324539112,False,1.4995638099272468,0.005623073950999211,0.0039834836185452995,0.002343893286091389
rev_orth,mv,2004-02-29,2004-03-31,0.006620454383356396,1.8499068393128197,False,1.4630379120330905,0.004770547544043576,0.002920640704730756,0.001070733865417936
rev_orth,mv,2004-03-31,2004-04-30,0.005790661150414842,1.5834276666385139,False,1.4757360747245016,0.004207233483776328,0.0026238058171378143,0.0010403781504993003
rev_orth,mv,2004-04-30,2004-05-31,-0.006041058096533375,1.2159415217260816,False,1.4091041693859772,-0.007256999618259457,-0.008472941139985538,-0.00968888266171162
rev_orth,mv,2004-05-31,2004-06-30,0.010906734945028378,1.501241167837718,False,1.4460719800504642,0.00940549377719066,0.007904252609352942,0.006403011441515224
rev_orth,mv,2004-06-30,2004-07-31,0.024617692664138387,1.1716555117041485,False,1.3512554279503797,0.02344603715243424,0.02227438164073009,0.02110272612902594
rev_orth,mv,2004-07-31,2004-08-31,-0.005044567920409667,1.5237205825488678,False,1.4515640869847979,-0.0065682885029585344,-0.008092009085507402,-0.00961572966805627
rev_orth,mv,2004-08-31,2004-09-30,0.008940428165419961,1.913053814898697,False,1.4403287054965956,0.007027374350521264,0.005114320535622567,0.00320126672072387
rev_orth,mv,2004-09-30,2004-10-31,-0.007230892411090436,1.4986864949542682,False,1.4090030095548276,-0.008729578906044705,-0.010228265400998972,-0.011726951895953242
rev_orth,mv,2004-10-31,2004-11-30,-0.0040208294663977686,1.4984664575514712,False,1.5523568933959957,-0.00551929592394924,-0.0070177623815007115,-0.008516228839052183
rev_orth,mv,2004-11-30,2004-12-31,-0.02512018353645969,2.134225936102282,False,1.5440024831142527,-0.027254409472561972,-0.029388635408664255,-0.031522861344766534
rev_orth,mv,2004-12-31,2005-01-31,-0.00037741592508450404,2.05482512103852,False,1.6336735753083733,-0.002432241046123024,-0.004487066167161544,-0.006541891288200065
rev_orth,mv,2005-01-31,2005-02-28,0.015030564043398278,1.5907825727714258,False,1.5415983637852733,0.013439781470626851,0.011848998897855427,0.010258216325084
rev_orth,mv,2005-02-28,2005-03-31,-0.006299667862829938,1.7633684287801354,False,1.6026023141518073,-0.008063036291610074,-0.00982640472039021,-0.011589773149170344
rev_orth,mv,2005-03-31,2005-04-30,0.0021368134319543854,1.6029749514114024,False,1.3831301966354004,0.000533838480542983,-0.0010691364708684194,-0.0026721114222798222
rev_orth,mv,2005-04-30,2005-05-31,-0.011031464892820655,1.3517935193087809,False,1.5850911541167194,-0.012383258412129436,-0.013735051931438216,-0.015086845450746999
rev_orth,mv,2005-05-31,2005-06-30,0.0006359509664590117,1.9801956239518144,False,1.4855427818908526,-0.0013442446574928027,-0.0033244402814446173,-0.005304635905396432
rev_orth,mv,2005-06-30,2005-07-31,-0.0005495975033930224,1.776002865240504,False,1.4126554822189805,-0.0023256003686335266,-0.004101603233874031,-0.005877606099114535
rev_orth,mv,2005-07-31,2005-08-31,0.008127659020132587,1.342037365942252,False,1.5418534840613851,0.006785621654190335,0.005443584288248083,0.004101546922305831
rev_orth,mv,2005-08-31,2005-09-30,-0.00040340597597855927,1.5855219688716073,False,1.5796970669880757,-0.0019889279448501666,-0.003574449913721774,-0.005159971882593381
rev_orth,mv,2005-09-30,2005-10-31,-0.014846792478179507,1.93586072553898,False,1.3032542780319467,-0.016782653203718488,-0.01871851392925747,-0.02065437465479645
rev_orth,mv,2005-10-31,2005-11-30,-0.002570919556696906,1.654222030661454,False,1.5613716541916753,-0.00422514158735836,-0.0058793636180198144,-0.007533585648681268
rev_orth,mv,2005-11-30,2005-12-31,0.005856899440990701,2.1841575243129476,False,1.5353996342744902,0.0036727419166777534,0.0014885843923648058,-0.0006955731319481422
rev_orth,mv,2005-12-31,2006-01-31,0.012531775369959136,1.6189887144049833,False,1.4227695661830124,0.010912786655554153,0.00929379794114917,0.007674809226744186
rev_orth,mv,2006-01-31,2006-02-28,0.007277430039227851,2.060788509446568,False,1.4553096358036441,0.005216641529781282,0.003155853020334714,0.0010950645108881458
rev_orth,mv,2006-02-28,2006-03-31,0.010037441387110468,2.084619965452104,False,1.7667979543145764,0.007952821421658363,0.00586820145620626,0.0037835814907541555
rev_orth,mv,2006-03-31,2006-04-30,-0.009155770358558529,2.4541026530440635,False,1.3400383869804176,-0.011609873011602592,-0.014063975664646657,-0.01651807831769072
rev_orth,mv,2006-04-30,2006-05-31,-0.0014400997630884108,1.8711117821346894,False,1.41721636026278,-0.0033112115452231003,-0.005182323327357789,-0.00705343510949248
rev_orth,mv,2006-05-31,2006-06-30,-0.004041067726843389,2.2422475953532954,False,1.676645295620006,-0.0062833153221966845,-0.00852556291754998,-0.010767810512903275
rev_orth,mv,2006-06-30,2006-07-31,0.021894313581572147,2.2023698957390985,False,1.4406394977253274,0.019691943685833047,0.01748957379009395,0.015287203894354852
rev_orth,mv,2006-07-31,2006-08-31,-0.008709926697227775,2.1445582042987676,False,1.6031601707585952,-0.010854484901526542,-0.01299904310582531,-0.015143601310124079
rev_orth,mv,2006-08-31,2006-09-30,0.011611745080038396,1.8348538096530929,False,1.6564507011186167,0.009776891270385304,0.00794203746073221,0.006107183651079117
rev_orth,mv,2006-09-30,2006-10-31,-0.005569119763633207,2.148653076136673,False,1.7270806378982626,-0.00771777283976988,-0.009866425915906554,-0.012015078992043226
rev_orth,mv,2006-10-31,2006-11-30,-0.0029460464713083195,2.422659297823576,False,1.5595159547047777,-0.005368705769131895,-0.007791365066955471,-0.010214024364779048
rev_orth,mv,2006-11-30,2006-12-31,0.010743471085284792,2.131559999062683,False,1.6754072441962224,0.00861191108622211,0.006480351087159426,0.004348791088096743
rev_orth,mv,2006-12-31,2007-01-31,-0.003470018643416387,2.3282031208044787,False,1.748729948078121,-0.005798221764220866,-0.008126424885025345,-0.010454628005829823
rev_orth,mv,2007-01-31,2007-02-28,-0.005233122091558651,1.5212629042442927,False,1.6369627672045024,-0.006754384995802944,-0.008275647900047237,-0.009796910804291528
rev_orth,mv,2007-02-28,2007-03-31,0.0015634714260496904,2.4005513904452056,False,1.690541560508619,-0.0008370799643955152,-0.0032376313548407205,-0.005638182745285926
rev_orth,mv,2007-03-31,2007-04-30,0.0008181980453295802,1.9816142801165544,False,1.6176552499311003,-0.0011634162347869744,-0.0031450305149035287,-0.005126644795020083
rev_orth,mv,2007-04-30,2007-05-31,-0.00036962647484349006,2.245576562792218,False,1.7846655068396735,-0.0026152030376357083,-0.004860779600427926,-0.0071063561632201434
rev_orth,mv,2007-05-31,2007-06-30,0.0029546607381225327,2.300343338659198,False,1.791768197238053,0.000654317399463335,-0.0016460259391958628,-0.00394636927785506
rev_orth,mv,2007-06-30,2007-07-31,0.004498225276011625,2.002841378726393,False,1.7017164863245802,0.0024953838972852317,0.0004925425185588386,-0.0015102988601675546
rev_orth,mv,2007-07-31,2007-08-31,0.00463699819568471,1.7932949638699038,False,1.7374065241661407,0.0028437032318148056,0.001050408267944902,-0.0007428866959250024
rev_orth,mv,2007-08-31,2007-09-30,0.0026024607255285322,2.4071218853144227,False,1.6916487219474483,0.00019533884021410942,-0.0022117830451003134,-0.004618904930414736
rev_orth,mv,2007-09-30,2007-10-31,0.005319164099651115,2.102890129751366,False,1.5934618026101615,0.003216273969899749,0.001113383840148383,-0.0009895062896029833
rev_orth,mv,2007-10-31,2007-11-30,0.01435617332991326,1.7199613962485047,False,1.6868403116646398,0.012636211933664755,0.01091625053741625,0.009196289141167746
rev_orth,mv,2007-11-30,2007-12-31,0.00986449025538917,1.854084605832561,False,1.5947809928681813,0.008010405649556608,0.006156321043724048,0.004302236437891487
rev_orth,mv,2007-12-31,2008-01-31,-0.03932797144391095,1.7456999150291823,False,1.634669773867001,-0.041073671358940134,-0.042819371273969314,-0.0445650711889985
rev_orth,mv,2008-01-31,2008-02-29,0.024415069234070157,2.133116745964195,False,1.7744401652054276,0.022281952488105963,0.02014883574214177,0.01801571899617757
rev_orth,mv,2008-02-29,2008-03-31,0.0005984657943226192,2.242186714183313,False,1.7688760786456328,-0.0016437209198606941,-0.0038859076340440075,-0.00612809434822732
rev_orth,mv,2008-03-31,2008-04-30,-0.02476991508226631,2.4036895454627287,False,1.6806203681490632,-0.027173604627729036,-0.029577294173191767,-0.031980983718654495
rev_orth,mv,2008-04-30,2008-05-31,-0.012459648206910048,2.1742067365282005,False,1.7322291268703252,-0.01463385494343825,-0.01680806167996645,-0.01898226841649465
rev_orth,mv,2008-05-31,2008-06-30,-0.012493340466770855,2.4041473607324373,False,1.8467092077430434,-0.014897487827503293,-0.01730163518823573,-0.019705782548968168
rev_orth,mv,2008-06-30,2008-07-31,-0.02100975377672213,1.8183281441071923,False,1.6139561121264687,-0.022828081920829323,-0.024646410064936515,-0.026464738209043707
rev_orth,mv,2008-07-31,2008-08-31,-0.005015573948568389,1.6296157597817038,False,1.6620583419422377,-0.006645189708350093,-0.008274805468131797,-0.0099044212279135
rev_orth,mv,2008-08-31,2008-09-30,-0.005746082880399701,2.2319359039865376,False,1.5308407297283482,-0.007978018784386238,-0.010209954688372776,-0.012441890592359313
rev_orth,mv,2008-09-30,2008-10-31,0.017491597805119122,1.5917115455916546,False,1.4244713062355754,0.015899886259527467,0.014308174713935813,0.012716463168344159
rev_orth,mv,2008-10-31,2008-11-30,-0.0018934509957758232,1.6589941284323333,False,1.4933759097377433,-0.0035524451242081563,-0.00521143925264049,-0.006870433381072823
rev_orth,mv,2008-11-30,2008-12-31,0.02137491278947759,1.8276613578638292,False,1.5239643119997175,0.01954725143161376,0.01771959007374993,0.015891928715886103
rev_orth,mv,2008-12-31,2009-01-31,0.030075026869917202,1.5592671673487108,False,1.4817228843976713,0.02851575970256849,0.02695649253521978,0.02539722536787107
rev_orth,mv,2009-01-31,2009-02-28,-0.024912141862784228,1.4261278026083628,False,1.35590932838436,-0.026338269665392593,-0.027764397468000954,-0.029190525270609315
rev_orth,mv,2009-02-28,2009-03-31,-0.012927193690919658,1.6070844080810902,False,1.3528002972454127,-0.014534278099000748,-0.016141362507081838,-0.01774844691516293
rev_orth,mv,2009-03-31,2009-04-30,-0.02588669101411661,2.22293599353606,False,1.4168182518737806,-0.028109627007652672,-0.03033256300118873,-0.03255549899472479
rev_orth,mv,2009-04-30,2009-05-31,-0.023458624472401643,2.0123517547200502,False,1.258320326689137,-0.025470976227121692,-0.02748332798184174,-0.029495679736561795
rev_orth,mv,2009-05-31,2009-06-30,0.0010355914770209778,1.543289983989022,False,1.2104298962984383,-0.0005076985069680442,-0.002050988490957066,-0.003594278474946088
rev_orth,mv,2009-06-30,2009-07-31,-0.026103116867418966,1.4418778145655435,False,1.2311870845425676,-0.02754499468198451,-0.02898687249655005,-0.030428750311115596
rev_orth,mv,2009-07-31,2009-08-31,-0.012050220488363725,1.4579257274415325,False,1.239954245115188,-0.013508146215805258,-0.01496607194324679,-0.016423997670688324
rev_orth,mv,2009-08-31,2009-09-30,-0.00825471990498272,1.3789339651544044,False,1.1155632348535403,-0.009633653870137125,-0.011012587835291528,-0.012391521800445933
rev_orth,mv,2009-09-30,2009-10-31,0.0067402819790807166,1.6820672458527839,False,1.258166463260628,0.0050582147332279325,0.003376147487375149,0.0016940802415223652
rev_orth,mv,2009-10-31,2009-11-30,-0.010226171517185589,1.2840325075515575,False,1.2414210517912647,-0.011510204024737146,-0.012794236532288703,-0.01407826903984026
rev_orth,mv,2009-11-30,2009-12-31,-0.012140762631713119,1.5124362254372974,False,1.192748024452549,-0.013653198857150417,-0.015165635082587713,-0.01667807130802501
rev_orth,mv,2009-12-31,2010-01-31,-0.0021264747280138026,1.7003164453209443,False,1.2437034337348734,-0.003826791173334747,-0.005527107618655691,-0.007227424063976635
rev_orth,mv,2010-01-31,2010-02-28,0.008646849705011086,0.9048168649282139,False,1.1591058253671243,0.007742032840082872,0.006837215975154658,0.005932399110226444
rev_orth,mv,2010-02-28,2010-03-31,-6.532311223909485e-05,1.698345680952292,False,1.372360051697651,-0.001763668793191387,-0.003462014474143679,-0.005160360155095971
rev_orth,mv,2010-03-31,2010-04-30,0.009095596567728384,2.0661764331523007,False,1.2584478847337837,0.0070294201345760835,0.004963243701423783,0.002897067268271482
rev_orth,mv,2010-04-30,2010-05-31,0.003808435573729704,1.6348720955701108,False,1.2054860635160094,0.0021735634781595934,0.0005386913825894822,-0.001096180712980628
rev_orth,mv,2010-05-31,2010-06-30,-0.00724635495076547,1.3174177475566582,False,1.2584687792314413,-0.008563772698322128,-0.009881190445878787,-0.011198608193435444
rev_orth,mv,2010-06-30,2010-07-31,-0.0037738404652271646,2.0980305624443982,False,1.420192324153698,-0.005871871027671563,-0.007969901590115961,-0.010067932152560358
rev_orth,mv,2010-07-31,2010-08-31,-0.008929429702807534,1.902028922287183,False,1.3140583386637423,-0.010831458625094716,-0.012733487547381898,-0.014635516469669083
rev_orth,mv,2010-08-31,2010-09-30,0.01766550506490766,1.406495881760134,False,1.2062931454394894,0.016259009183147526,0.014852513301387392,0.013446017419627258
rev_orth,mv,2010-09-30,2010-10-31,0.008083844428200516,2.101108394200491,False,1.2809869815509172,0.005982736034000026,0.003881627639799535,0.001780519245599044
rev_orth,mv,2010-10-31,2010-11-30,-0.0016178665020315564,1.4543881245310304,False,1.148041072933225,-0.003072254626562587,-0.004526642751093617,-0.0059810308756246475
rev_orth,mv,2010-11-30,2010-12-31,0.008103641925653517,1.5368495204264156,False,1.3813177446167613,0.006566792405227102,0.005029942884800687,0.0034930933643742704
rev_orth,mv,2010-12-31,2011-01-31,-0.0077614771625579065,1.5871403220856344,False,1.2177519990952421,-0.00934861748464354,-0.010935757806729176,-0.01252289812881481
rev_orth,mv,2011-01-31,2011-02-28,0.004825878916491233,1.3262716392545468,False,0.9631039092441321,0.0034996072772366864,0.0021733356379821395,0.0008470639987275923
rev_orth,mv,2011-02-28,2011-03-31,-0.003923646236959958,1.559181833917437,False,1.3157453426559433,-0.005482828070877395,-0.007042009904794832,-0.00860119173871227
rev_orth,mv,2011-03-31,2011-04-30,-0.004727097435071462,1.7661112534016996,False,1.3899630479795333,-0.006493208688473162,-0.00825931994187486,-0.01002543119527656
rev_orth,mv,2011-04-30,2011-05-31,-0.0046365920556679825,1.4189860915008485,False,1.2919176205737524,-0.006055578147168831,-0.007474564238669679,-0.008893550330170528
rev_orth,mv,2011-05-31,2011-06-30,0.00782447652220332,1.6569443449452712,False,1.3239384698733074,0.00616753217725805,0.0045105878323127785,0.002853643487367507
rev_orth,mv,2011-06-30,2011-07-31,0.016747676395955122,1.5750000144106715,False,1.4137339975487737,0.015172676381544452,0.01359767636713378,0.012022676352723107
rev_orth,mv,2011-07-31,2011-08-31,0.006995188160010468,1.7811369465508065,False,1.486871203398925,0.005214051213459661,0.003432914266908855,0.0016517773203580484
rev_orth,mv,2011-08-31,2011-09-30,0.020280004358307235,1.4099418533584416,False,1.3170954392467125,0.018870062504948795,0.017460120651590354,0.01605017879823191
rev_orth,mv,2011-09-30,2011-10-31,-0.006603969464133476,1.5071537564158441,False,1.1024370865856712,-0.00811112322054932,-0.009618276976965164,-0.011125430733381007
rev_orth,mv,2011-10-31,2011-11-30,-0.0008125844830696462,1.6983438820273782,False,1.35112494241289,-0.0025109283650970246,-0.0042092722471244026,-0.0059076161291517805
rev_orth,mv,2011-11-30,2011-12-31,0.01691176888157178,1.6328174171068213,False,1.3162926787881266,0.01527895146446496,0.013646134047358139,0.012013316630251318
rev_orth,mv,2011-12-31,2012-01-31,-0.004001219578415365,1.4384877953826265,False,1.1637310896424011,-0.005439707373797992,-0.0068781951691806184,-0.008316682964563244
rev_orth,mv,2012-01-31,2012-02-29,0.000541320001430656,1.6097641741765862,False,1.4203424965721705,-0.0010684441727459302,-0.0026782083469225164,-0.004287972521099102
rev_orth,mv,2012-02-29,2012-03-31,0.013609199892153166,1.4542008322275102,False,1.3765768221751047,0.012154999059925656,0.010700798227698146,0.009246597395470636
rev_orth,mv,2012-03-31,2012-04-30,-0.0006175128910346771,1.5108093481399323,False,1.2549909370969672,-0.0021283222391746096,-0.003639131587314542,-0.005149940935454474
rev_orth,mv,2012-04-30,2012-05-31,0.00084205113683722,1.219683054004631,False,1.3150174470870184,-0.00037763191716741115,-0.0015973149711720424,-0.0028169980251766735
rev_orth,mv,2012-05-31,2012-06-30,0.004325665319382776,1.615382320090057,False,1.4018182883224835,0.0027102829992927185,0.0010949006792026618,-0.0005204816408873958
rev_orth,mv,2012-06-30,2012-07-31,0.0016484535185811182,1.6667128397460729,False,1.4708036310425163,-1.8259321164954727e-05,-0.0016849721609110276,-0.0033516850006571003
rev_orth,mv,2012-07-31,2012-08-31,-0.00021841523587357858,1.5690736708221107,False,1.4127128551725854,-0.0017874889066956893,-0.0033565625775178,-0.004925636248339911
rev_orth,mv,2012-08-31,2012-09-30,-0.00032803234774448286,1.938067197569962,False,1.397938852962282,-0.002266099545314445,-0.004204166742884407,-0.006142233940454369
rev_orth,mv,2012-09-30,2012-10-31,-0.016901272160180423,1.9757088781253007,False,1.241181397614675,-0.018876981038305724,-0.020852689916431025,-0.022828398794556323
rev_orth,mv,2012-10-31,2012-11-30,-0.00575842989569615,1.3860280574524961,False,1.3771690716211076,-0.007144457953148646,-0.008530486010601142,-0.009916514068053639
rev_orth,mv,2012-11-30,2012-12-31,0.002692168215684603,1.908940778378763,False,1.4553154818968985,0.0007832274373058398,-0.0011257133410729234,-0.0030346541194516867
rev_orth,mv,2012-12-31,2013-01-31,0.005014986683881467,1.6246602177822198,False,1.2577659552551308,0.0033903264660992472,0.0017656662483170275,0.00014100603053480727
rev_orth,mv,2013-01-31,2013-02-28,0.011069024751483752,1.6194426447490602,False,1.4439793930271836,0.009449582106734692,0.007830139461985632,0.006210696817236572
rev_orth,mv,2013-02-28,2013-03-31,-0.004231547929641213,1.765800059356992,False,1.3886750906621435,-0.0059973479889982055,-0.0077631480483551975,-0.009528948107712189
rev_orth,mv,2013-03-31,2013-04-30,0.011547003807004203,2.1812106331323773,False,1.424588520167577,0.009365793173871826,0.007184582540739448,0.0050033719076070715
rev_orth,mv,2013-04-30,2013-05-31,-0.002037203216053467,1.9931601609737537,False,1.386752294206867,-0.0040303633770272206,-0.006023523538000975,-0.008016683698974727
rev_orth,mv,2013-05-31,2013-06-30,0.010054474004607303,1.7915066977527587,False,1.5479855039677186,0.008262967306854545,0.0064714606091017856,0.004679953911349027
rev_orth,mv,2013-06-30,2013-07-31,-0.01126046980482435,1.885929141675057,False,1.6618128529690765,-0.013146398946499407,-0.015032328088174464,-0.01691825722984952
rev_orth,mv,2013-07-31,2013-08-31,-0.007673079784323819,1.8712066839707735,False,1.4806869617298744,-0.009544286468294593,-0.011415493152265366,-0.013286699836236138
rev_orth,mv,2013-08-31,2013-09-30,-0.0001570236434821288,1.5239118496270652,False,1.379899800926625,-0.001680935493109194,-0.0032048473427362593,-0.004728759192363324
rev_orth,mv,2013-09-30,2013-10-31,-0.008604808104405013,1.6531116852415684,False,1.3565768137604208,-0.010257919789646582,-0.011911031474888149,-0.013564143160129718
rev_orth,mv,2013-10-31,2013-11-30,0.005774591354183267,1.4185831388414059,False,1.5715558093142752,0.00435600821534186,0.002937425076500455,0.0015188419376590493
rev_orth,mv,2013-11-30,2013-12-31,-0.0003544055227151256,1.9205954155827734,False,1.584327639231154,-0.002275000938297899,-0.004195596353880672,-0.006116191769463446
rev_orth,mv,2013-12-31,2014-01-31,0.020242261810742374,2.048967852301487,False,1.5463511322839367,0.01819329395844089,0.0161443261061394,0.014095358253837913
rev_orth,mv,2014-01-31,2014-02-28,-0.009471112573503996,1.9443205269478439,False,1.4896880608704608,-0.01141543310045184,-0.013359753627399685,-0.015304074154347529
rev_orth,mv,2014-02-28,2014-03-31,0.0030272400204548345,1.992335786949029,False,1.7237555471702188,0.0010349042335058055,-0.0009574315534432234,-0.0029497673403922524
rev_orth,mv,2014-03-31,2014-04-30,0.005225415369779366,1.9641522867772898,False,1.3411979398939677,0.003261263083002076,0.0012971107962247864,-0.0006670414905525042
rev_orth,mv,2014-04-30,2014-05-31,0.004890704384006175,1.8046216330150842,False,1.5413060539418906,0.003086082750991091,0.0012814611179760068,-0.0005231605150390773
rev_orth,mv,2014-05-31,2014-06-30,0.004316283417602341,1.938484679381393,False,1.5272451492426766,0.0023777987382209483,0.0004393140588395553,-0.0014991706205418377
rev_orth,mv,2014-06-30,2014-07-31,0.0029720815307971806,2.0013124070469983,False,1.6196816758135657,0.0009707691237501822,-0.0010305432832968162,-0.0030318556903438146
rev_orth,mv,2014-07-31,2014-08-31,0.005662398863952914,1.8257883642960828,False,1.6476782680256643,0.0038366104996568314,0.0020108221353607484,0.0001850337710646655
rev_orth,mv,2014-08-31,2014-09-30,0.011221900979352866,1.6847313745109502,False,1.3797084924328635,0.009537169604841916,0.007852438230330966,0.006167706855820015
rev_orth,mv,2014-09-30,2014-10-31,0.01713410227145953,1.942730190855519,False,1.4479378588252334,0.015191372080604011,0.013248641889748492,0.011305911698892973
rev_orth,mv,2014-10-31,2014-11-30,0.01705990749412351,1.6690765523019346,False,1.6770918235713608,0.015390830941821573,0.01372175438951964,0.012052677837217704
rev_orth,mv,2014-11-30,2014-12-31,0.017329280850083683,1.8864263345379162,False,1.6718529785432632,0.015442854515545766,0.01355642818100785,0.011670001846469935
rev_orth,mv,2014-12-31,2015-01-31,0.0063185520989594,1.849435415282741,False,1.7479193120482748,0.004469116683676659,0.002619681268393918,0.0007702458531111773
rev_orth,mv,2015-01-31,2015-02-28,0.012041442202555349,1.8848735370728695,False,1.7151936148578648,0.01015656866548248,0.00827169512840961,0.00638682159133674
rev_orth,mv,2015-02-28,2015-03-31,-0.00864602013466772,2.030655768764779,False,1.6321604459538748,-0.010676675903432499,-0.01270733167219728,-0.014737987440962056
rev_orth,mv,2015-03-31,2015-04-30,-0.0026618763051361144,1.636126019344802,False,1.5180681147348525,-0.0042980023244809165,-0.005934128343825718,-0.00757025436317052
rev_orth,mv,2015-04-30,2015-05-31,0.00025485851071959975,1.880037645311237,False,1.6943378866263088,-0.0016251791345916373,-0.0035052167799028747,-0.005385254425214112
rev_orth,mv,2015-05-31,2015-06-30,-0.001222103548687061,1.5254774048505009,False,1.7925643598774883,-0.0027475809535375617,-0.004273058358388063,-0.005798535763238563
rev_orth,mv,2015-06-30,2015-07-31,0.003362289000528189,2.038601734896427,False,1.5433713583586417,0.0013236872656317619,-0.0007149144692646654,-0.0027535162041610922
rev_orth,mv,2015-07-31,2015-08-31,0.005969746690720477,1.3401109248017513,False,1.7461066957285523,0.004629635765918726,0.0032895248411169745,0.001949413916315223
rev_orth,mv,2015-08-31,2015-09-30,-0.014238248445094756,2.46347002206471,False,1.81458185643852,-0.016701718467159468,-0.019165188489224175,-0.021628658511288888
rev_orth,mv,2015-09-30,2015-10-31,-0.032339873265355236,2.003448973058899,False,1.676374346826281,-0.03434332223841413,-0.03634677121147303,-0.038350220184531936
rev_orth,mv,2015-10-31,2015-11-30,-0.0027451567726974164,2.0450970740591212,False,1.8001712609852103,-0.004790253846756538,-0.0068353509208156586,-0.00888044799487478
rev_orth,mv,2015-11-30,2015-12-31,-0.007515144109900654,1.9753518376532029,False,1.8376438272046014,-0.009490495947553856,-0.01146584778520706,-0.013441199622860263
rev_orth,mv,2015-12-31,2016-01-31,-0.012346152093645736,2.230833247943054,False,1.8729455009205043,-0.014576985341588791,-0.016807818589531846,-0.0190386518374749
rev_orth,mv,2016-01-31,2016-02-29,-0.006333838646965661,1.6665514256803955,False,1.6402184518781953,-0.008000390072646057,-0.009666941498326451,-0.011333492924006847
rev_orth,mv,2016-02-29,2016-03-31,-0.01487219216672026,2.243437505829696,False,1.840152643592961,-0.017115629672549957,-0.019359067178379652,-0.02160250468420935
rev_orth,mv,2016-03-31,2016-04-30,0.0076696461028237205,2.0537120781661873,False,1.4937681318641332,0.005615934024657533,0.003562221946491346,0.0015085098683251582
rev_orth,mv,2016-04-30,2016-05-31,-0.019235597503579917,2.0873591678240597,False,1.826577379186637,-0.021322956671403978,-0.023410315839228035,-0.025497675007052096
rev_orth,mv,2016-05-31,2016-06-30,0.010141319112498845,1.9530756853930238,False,1.6490329267300918,0.00818824342710582,0.006235167741712797,0.004282092056319773
rev_orth,mv,2016-06-30,2016-07-31,0.005061105430466589,2.3569492067253592,False,1.8499814455530177,0.00270415622374123,0.0003472070170158709,-0.0020097421897094887
rev_orth,mv,2016-07-31,2016-08-31,-0.026100204148595832,2.572527956085339,False,1.792369698754027,-0.028672732104681173,-0.03124526006076651,-0.03381778801685185
rev_orth,mv,2016-08-31,2016-09-30,0.002344032571130378,2.6850350499598026,False,1.8460389761127078,-0.00034100247882942443,-0.003026037528789227,-0.005711072578749029
rev_orth,mv,2016-09-30,2016-10-31,0.008565896565347534,2.2544763743608955,False,1.6167155031893865,0.006311420190986639,0.004056943816625743,0.0018024674422648474
rev_orth,mv,2016-10-31,2016-11-30,-0.020080013454900254,2.2275662809421526,False,1.6849333098599295,-0.022307579735842405,-0.02453514601678456,-0.026762712297726712
rev_orth,mv,2016-11-30,2016-12-31,0.004120113579526994,2.232033681448022,False,1.8086372986667842,0.0018880798980789718,-0.0003439537833690503,-0.002575987464817072
rev_orth,mv,2016-12-31,2017-01-31,-0.007941957478134478,1.895994825308284,False,1.5758373587448131,-0.009837952303442761,-0.011733947128751046,-0.01362994195405933
rev_orth,mv,2017-01-31,2017-02-28,0.0046074846698398,1.5163594582061979,False,1.5241771375628714,0.0030911252116336023,0.0015747657534274043,5.840629522120642e-05
rev_orth,mv,2017-02-28,2017-03-31,-0.003779947622793411,2.307782768693474,False,1.6895370031165033,-0.006087730391486886,-0.008395513160180359,-0.010703295928873834
rev_orth,mv,2017-03-31,2017-04-30,-0.0029572871924517683,2.728900931660906,False,1.7903497944735853,-0.005686188124112675,-0.00841508905577358,-0.011143989987434488
rev_orth,mv,2017-04-30,2017-05-31,0.0007361632822382182,2.6069977098171506,False,1.8574718666244752,-0.0018708344275789324,-0.004477832137396083,-0.007084829847213233
rev_orth,mv,2017-05-31,2017-06-30,0.010165564132082097,2.878180439548465,False,1.9909818510465045,0.007287383692533633,0.004409203252985167,0.0015310228134367016
rev_orth,mv,2017-06-30,2017-07-31,-0.012660742468576605,2.3484838243927606,False,1.7575468030230808,-0.015009226292969366,-0.017357710117362125,-0.019706193941754886
rev_orth,mv,2017-07-31,2017-08-31,0.022328955072737335,2.4018590809595484,False,1.867147529461851,0.019927095991777787,0.01752523691081824,0.015123377829858689
rev_orth,mv,2017-08-31,2017-09-30,0.01216045534333772,2.371185100810682,False,1.7982442469852713,0.009789270242527038,0.007418085141716355,0.005046900040905674
rev_orth,mv,2017-09-30,2017-10-31,0.0055831984675955215,2.550898417091343,False,1.7639763876959635,0.0030323000505041785,0.00048140163341283543,-0.002069496783678507
rev_orth,mv,2017-10-31,2017-11-30,-0.01396242969111499,1.8778543436239736,False,2.003659424703516,-0.015840284034738965,-0.017718138378362936,-0.01959599272198691
rev_orth,mv,2017-11-30,2017-12-31,0.0070006364816799045,2.7579437119205026,False,1.8759318358296748,0.004242692769759401,0.001484749057838899,-0.001273194654081604
rev_orth,mv,2017-12-31,2018-01-31,0.01855266800507573,2.15442337582792,False,1.768361952611623,0.01639824462924781,0.01424382125341989,0.01208939787759197
rev_orth,mv,2018-01-31,2018-02-28,-0.017708376240471686,1.6909875841725146,False,1.7218604249781573,-0.0193993638246442,-0.021090351408816713,-0.02278133899298923
rev_orth,mv,2018-02-28,2018-03-31,-0.017132818449992072,2.9185895092234313,False,2.031326609475898,-0.020051407959215502,-0.022969997468438936,-0.025888586977662366
rev_orth,mv,2018-03-31,2018-04-30,0.012589124575103196,2.2567067321841217,False,1.577337976224198,0.010332417842919075,0.008075711110734952,0.005819004378550831
rev_orth,mv,2018-04-30,2018-05-31,0.010619475204897387,2.4379250409327606,False,1.7543470287568972,0.008181550163964626,0.0057436251230318655,0.0033057000820991052
rev_orth,mv,2018-05-31,2018-06-30,-0.03753507765509114,2.8661947288950103,False,1.8063366719037919,-0.04040127238398615,-0.04326746711288116,-0.04613366184177617
rev_orth,mv,2018-06-30,2018-07-31,0.016530774374363802,2.2649287862428666,False,1.8783108812638307,0.014265845588120935,0.012000916801878068,0.009735988015635202
rev_orth,mv,2018-07-31,2018-08-31,0.024059067983899833,1.721922323223416,False,1.7961632542200985,0.022337145660676416,0.020615223337453,0.018893301014229584
rev_orth,mv,2018-08-31,2018-09-30,0.011552162554542063,1.9765713036828094,False,1.7808671702051075,0.009575591250859253,0.007599019947176444,0.005622448643493635
rev_orth,mv,2018-09-30,2018-10-31,-0.0046761855864100015,2.144464066098615,False,1.7748919645661805,-0.006820649652508616,-0.008965113718607233,-0.011109577784705848
rev_orth,mv,2018-10-31,2018-11-30,0.013019027108307673,2.003838560458847,False,1.832413868226709,0.011015188547848826,0.009011349987389979,0.007007511426931132
rev_orth,mv,2018-11-30,2018-12-31,0.019802056786222877,2.3121432337630825,False,1.8095676608496758,0.017489913552459796,0.015177770318696712,0.012865627084933629
rev_orth,mv,2018-12-31,2019-01-31,0.0002727441600640459,1.9013694767863176,False,1.632172221793959,-0.0016286253167222718,-0.0035299947935085894,-0.005431364270294907
rev_orth,mv,2019-01-31,2019-02-28,-0.002716044737458109,1.687590680947436,False,1.7494409290468673,-0.004403635418405545,-0.006091226099352981,-0.007778816780300417
rev_orth,mv,2019-02-28,2019-03-31,-0.015178840976141627,1.9450785335007224,False,1.792645085006477,-0.01712391950964235,-0.019068998043143073,-0.021014076576643795
rev_orth,mv,2019-03-31,2019-04-30,-0.019113347848866855,2.8068216528856103,False,1.6458997906381794,-0.021920169501752466,-0.024726991154638077,-0.027533812807523685
rev_orth,mv,2019-04-30,2019-05-31,0.024512714921198334,2.5145533091075976,False,1.7736555451156117,0.021998161612090738,0.019483608302983138,0.01696905499387554
rev_orth,mv,2019-05-31,2019-06-30,-0.006237604973231601,1.9024194656543185,False,1.8464403661554114,-0.00814002443888592,-0.010042443904540238,-0.011944863370194556
rev_orth,mv,2019-06-30,2019-07-31,0.0069741594407848485,1.8800424623104433,False,1.7914406835786487,0.005094116978474405,0.0032140745161639618,0.0013340320538535186
rev_orth,mv,2019-07-31,2019-08-31,0.005828676255846232,1.8837693188688247,False,1.6466805313020723,0.003944906936977407,0.0020611376181085823,0.00017736829923975777
rev_orth,mv,2019-08-31,2019-09-30,-0.0018601154204218129,1.4939569375000055,False,1.7213896698093876,-0.0033540723579218185,-0.0048480292954218235,-0.006341986232921829
rev_orth,mv,2019-09-30,2019-10-31,0.02285147538613671,1.867679250090363,False,1.8021324890691486,0.020983796136046347,0.019116116885955985,0.01724843763586562
rev_orth,mv,2019-10-31,2019-11-30,0.004992294337635096,2.1138111410368987,False,1.725967241018089,0.0028784831965981967,0.0007646720555612978,-0.0013491390854756006
rev_orth,mv,2019-11-30,2019-12-31,0.0013402435197542532,2.1169300857016893,False,1.8040661934888795,-0.000776686565947436,-0.002893616651649125,-0.005010546737350815
rev_orth,mv,2019-12-31,2020-01-31,-0.0024376442455640427,2.4127584017789396,False,1.9133968121217608,-0.004850402647342982,-0.007263161049121922,-0.009675919450900862
rev_orth,mv,2020-01-31,2020-02-29,0.014524967550532654,1.9166215393975223,False,1.5102851520517087,0.012608346011135132,0.010691724471737609,0.008775102932340087
rev_orth,mv,2020-02-29,2020-03-31,0.0344180205007984,1.8910911722642907,False,1.6117162991880365,0.03252692932853411,0.030635838156269822,0.02874474698400553
rev_orth,mv,2020-03-31,2020-04-30,0.0003979312564651552,1.9263469826083564,False,1.4344924892166084,-0.0015284157261432013,-0.0034547627087515576,-0.005381109691359914
rev_orth,mv,2020-04-30,2020-05-31,-0.010816713200272906,1.574327979593675,False,1.6230731447179298,-0.012391041179866582,-0.013965369159460256,-0.015539697139053931
rev_orth,mv,2020-05-31,2020-06-30,0.005058372442246753,1.7996901137179104,False,1.5899043478487471,0.0032586823285288427,0.0014589922148109322,-0.0003406978989069784
rev_orth,mv,2020-06-30,2020-07-31,0.0010624006762594762,2.1241909346154277,False,1.5015076295248388,-0.0010617902583559516,-0.0031859811929713794,-0.005310172127586808
rev_orth,mv,2020-07-31,2020-08-31,-0.00560306393418993,2.1988050325713435,False,1.5747754549521378,-0.0078018689667612735,-0.010000673999332618,-0.012199479031903961
rev_orth,mv,2020-08-31,2020-09-30,0.0005911776983423369,1.8440857404084638,False,1.516786680101999,-0.001252908042066127,-0.0030969937824745905,-0.004941079522883055
rev_orth,mv,2020-09-30,2020-10-31,0.011002943778232842,1.969204491362892,False,1.5346929558011468,0.00903373928686995,0.007064534795507058,0.005095330304144166
rev_orth,mv,2020-10-31,2020-11-30,-0.0030676520787954816,1.9887803436136584,False,1.4581959961718416,-0.00505643242240914,-0.007045212766022798,-0.009033993109636457
rev_orth,mv,2020-11-30,2020-12-31,-0.009129891368980151,2.5347512811014346,False,1.5166322700909938,-0.011664642650081585,-0.01419939393118302,-0.016734145212284456
rev_orth,mv,2020-12-31,2021-01-31,0.008010259790028134,2.0741972857398467,False,1.4199162344205798,0.005936062504288287,0.0038618652185484397,0.0017876679328085931
rev_orth,mv,2021-01-31,2021-02-28,-0.00024316663234158478,1.4732017554999002,False,1.2593338191172592,-0.001716368387841485,-0.0031895701433413853,-0.004662771898841286
rev_orth,mv,2021-02-28,2021-03-31,0.006590767611441854,1.850779890567233,False,1.5662873965053628,0.004739987720874621,0.0028892078303073875,0.0010384279397401544
rev_orth,mv,2021-03-31,2021-04-30,0.008451581529503883,1.9274278881891265,False,1.337776411521791,0.006524153641314757,0.004596725753125631,0.0026692978649365037
rev_orth,mv,2021-04-30,2021-05-31,0.0014502750755543328,1.6348392060912458,False,1.302568714602517,-0.000184564130536913,-0.0018194033366281588,-0.0034542425427194047
rev_orth,mv,2021-05-31,2021-06-30,-0.0038708329688047654,1.604190165669179,False,1.4074184203579763,-0.005475023134473945,-0.007079213300143123,-0.008683403465812303
rev_orth,mv,2021-06-30,2021-07-31,-0.007160079234866666,1.7921191612372438,False,1.2158183971670766,-0.00895219839610391,-0.010744317557341154,-0.012536436718578396
rev_orth,mv,2021-07-31,2021-08-31,0.010564856694189053,1.262318566912161,False,1.2237776889589551,0.009302538127276891,0.008040219560364732,0.00677790099345257
rev_orth,mv,2021-08-31,2021-09-30,-0.0061882403110778365,1.8281780774352228,False,1.459336591606242,-0.00801641838851306,-0.009844596465948282,-0.011672774543383505
rev_orth,mv,2021-09-30,2021-10-31,0.011302652830832642,1.7977519851099135,False,1.3110942998443367,0.009504900845722728,0.007707148860612815,0.005909396875502902
rev_orth,mv,2021-10-31,2021-11-30,-0.017238767717509255,1.385083784427983,False,1.2749875489358056,-0.01862385150193724,-0.02000893528636522,-0.021394019070793205
rev_orth,mv,2021-11-30,2021-12-31,0.008121248046764904,1.3797972292161749,False,1.3759339110449877,0.006741450817548729,0.005361653588332554,0.003981856359116379
rev_orth,mv,2021-12-31,2022-01-31,-0.0058254255046215585,1.7423220333805598,False,1.332575266319195,-0.007567747538002118,-0.009310069571382678,-0.011052391604763238
rev_orth,mv,2022-01-31,2022-02-28,-0.015662315559228607,1.7180771028949549,False,1.1691123307921076,-0.017380392662123562,-0.019098469765018517,-0.020816546867913472
rev_orth,mv,2022-02-28,2022-03-31,0.005608607734007125,1.6200648236683866,False,1.4118788077291824,0.003988542910338738,0.0023684780866703517,0.0007484132630019647
rev_orth,mv,2022-03-31,2022-04-30,0.006012540453232441,1.959051412703309,False,1.452576361139341,0.0040534890405291325,0.0020944376278258237,0.00013538621512251478
rev_orth,mv,2022-04-30,2022-05-31,0.005338978474669245,1.6843193691799636,False,1.4155766253224198,0.0036546591054892816,0.001970339736309318,0.00028602036712935437
rev_orth,mv,2022-05-31,2022-06-30,-0.02198653324402748,1.7539419625271842,False,1.6909637211954773,-0.023740475206554666,-0.02549441716908185,-0.027248359131609036
rev_orth,mv,2022-06-30,2022-07-31,0.01916831013826129,1.8325632284560132,False,1.621315731945236,0.017335746909805275,0.015503183681349262,0.013670620452893249
rev_orth,mv,2022-07-31,2022-08-31,-0.005965477077030624,1.9285449527472642,False,1.347050695073659,-0.007894022029777889,-0.009822566982525153,-0.011751111935272417
rev_orth,mv,2022-08-31,2022-09-30,1.6184300551326525e-05,1.5220209184204505,False,1.3859058713557144,-0.0015058366178691241,-0.0030278575362895745,-0.004549878454710025
rev_orth,mv,2022-09-30,2022-10-31,-0.006897630195128319,1.2065136519938082,False,1.4512373052869834,-0.008104143847122127,-0.009310657499115936,-0.010517171151109743
rev_orth,mv,2022-10-31,2022-11-30,-0.025527424968622706,1.8013984839837645,False,1.4197304659947982,-0.027328823452606472,-0.029130221936590234,-0.030931620420574
rev_orth,mv,2022-11-30,2022-12-31,-0.0060919441315984086,1.8396711801307306,False,1.4327742185672865,-0.007931615311729139,-0.00977128649185987,-0.0116109576719906
rev_orth,mv,2022-12-31,2023-01-31,-0.017803531122219367,1.243487017529195,False,1.4961910540459369,-0.019047018139748562,-0.020290505157277757,-0.021533992174806952
rev_orth,mv,2023-01-31,2023-02-28,-0.017247091269447318,1.3670209773867814,False,1.2657037626949397,-0.0186141122468341,-0.01998113322422088,-0.021348154201607662
rev_orth,mv,2023-02-28,2023-03-31,0.0014482036720499486,1.6377950547485403,False,1.4874489661019596,-0.0001895913826985918,-0.0018273864374471322,-0.003465181492195672
rev_orth,mv,2023-03-31,2023-04-30,-0.004163829366680236,2.1280262375842303,False,1.4493733211564377,-0.0062918556042644656,-0.008419881841848696,-0.010547908079432927
rev_orth,mv,2023-04-30,2023-05-31,-0.022338925843355412,1.5935616707753282,False,1.3311963808098406,-0.02393248751413074,-0.025526049184906068,-0.027119610855681396
rev_orth,mv,2023-05-31,2023-06-30,0.006430690645641559,1.5414816596564835,False,1.492777657685225,0.004889208985985075,0.0033477273263285913,0.0018062456666721079
rev_orth,mv,2023-06-30,2023-07-31,-0.003950339795560369,1.7614916147295543,False,1.1521047857243134,-0.005711831410289923,-0.007473323025019478,-0.009234814639749032
rev_orth,mv,2023-07-31,2023-08-31,-0.0033773826537110965,1.7610564692895871,False,1.3023573868100542,-0.005138439123000684,-0.006899495592290271,-0.008660552061579858
rev_orth,mv,2023-08-31,2023-09-30,-0.016357575584748867,1.6694255547535672,False,1.357442366757747,-0.018027001139502435,-0.019696426694256003,-0.021365852249009568
rev_orth,mv,2023-09-30,2023-10-31,0.009518557330902087,1.820298250103013,False,1.4191884750403263,0.007698259080799075,0.005877960830696062,0.0040576625805930485
rev_orth,mv,2023-10-31,2023-11-30,-0.009856021118226976,1.6482365076426917,False,1.3902343259776162,-0.011504257625869669,-0.01315249413351236,-0.01480073064115505
rev_orth,mv,2023-11-30,2023-12-31,0.00626785430808024,2.177961380755582,False,1.3776814910232336,0.0040898929273246575,0.001911931546569076,-0.0002660298341865064
rev_orth,mv,2023-12-31,2024-01-31,-0.005679537907575395,1.9065959429296198,False,1.537472990448168,-0.0075861338505050155,-0.009492729793434636,-0.011399325736364254
rev_orth,mv,2024-01-31,2024-02-29,0.007537165160500068,2.2793711738891265,False,1.3199092314159186,0.005257793986610942,0.002978422812721815,0.000699051638832689
rev_orth,mv,2024-02-29,2024-03-31,-0.004141426082480517,1.740300266414399,False,1.4513570355911882,-0.005881726348894917,-0.007622026615309315,-0.009362326881723716
rev_orth,mv,2024-03-31,2024-04-30,0.00544654213861363,1.8795178088711522,False,1.1033920874692031,0.0035670243297424775,0.0016875065208713253,-0.00019201128799982686
rev_orth,mv,2024-04-30,2024-05-31,-0.0003643586647924686,1.7480717688169634,False,1.3090495412241852,-0.002112430433609432,-0.003860502202426395,-0.005608573971243359
rev_orth,mv,2024-05-31,2024-06-30,-0.017914276881710198,1.640909629519844,False,1.3571112758120811,-0.019555186511230043,-0.021196096140749885,-0.02283700577026973
rev_orth,mv,2024-06-30,2024-07-31,0.000554238200383799,2.047796501063796,False,1.242306217097084,-0.001493558300679997,-0.003541354801743793,-0.0055891513028075894
rev_orth,mv,2024-07-31,2024-08-31,-0.0010872434854524464,1.9108722333363142,False,1.3689029210039134,-0.0029981157187887603,-0.004908987952125075,-0.006819860185461389
rev_orth,mv,2024-08-31,2024-09-30,0.008339396333235756,2.0018496515964146,False,1.3433090324263808,0.006337546681639341,0.004335697030042926,0.002333847378446512
rev_orth,mv,2024-09-30,2024-10-31,0.007580407416072956,1.8893460196247849,False,1.4511894528516747,0.005691061396448172,0.0038017153768233865,0.001912369357198602
rev_orth,mv,2024-10-31,2024-11-30,-0.002891078917418097,1.9522140687826324,False,1.3871829825040218,-0.0048432929862007295,-0.006795507054983362,-0.008747721123765994
rev_orth,mv,2024-11-30,2024-12-31,-0.021322440295419375,1.7548765220573899,False,1.41708969564251,-0.023077316817476764,-0.024832193339534153,-0.026587069861591546
rev_orth,mv,2024-12-31,2025-01-31,0.0008938693189974635,2.3455458663850703,False,1.4240480979456984,-0.001451676547387607,-0.003797222413772678,-0.0061427682801577475
rev_orth,mv,2025-01-31,2025-02-28,0.002526579517256069,1.9080736792359905,False,1.5264427909253773,0.0006185058380200783,-0.0012895678412159122,-0.0031976415204519023
rev_orth,mv,2025-02-28,2025-03-31,0.0254077164765134,2.163243958833024,False,1.5905854956488474,0.023244472517680373,0.02108122855884735,0.018917984600014325
rev_orth,mv,2025-03-31,2025-04-30,0.02116480423093618,1.797833284139969,False,1.2129303371876505,0.019366970946796208,0.01756913766265624,0.015771304378516274
rev_orth,mv,2025-04-30,2025-05-31,-0.006185219100410512,1.7413489007164622,False,1.1042918929426537,-0.007926568001126974,-0.009667916901843437,-0.011409265802559899
rev_orth,mv,2025-05-31,2025-06-30,-0.037488096606884166,1.2762272518766409,False,1.290588500441813,-0.03876432385876081,-0.04004055111063745,-0.04131677836251409
rev_orth,mv,2025-06-30,2025-07-31,-0.008850833452868044,1.5279941331031621,False,1.1139392820656788,-0.010378827585971206,-0.011906821719074367,-0.013434815852177531
rev_orth,mv,2025-07-31,2025-08-31,-0.0004791456814242038,1.4731221321899652,False,1.4846782656132573,-0.001952267813614169,-0.0034253899458041343,-0.0048985120779941
rev_orth,mv,2025-08-31,2025-09-30,0.012639606455153343,1.1888132343883546,False,1.251371832406079,0.011450793220764989,0.010261979986376634,0.00907316675198828
rev_orth,mv,2025-09-30,2025-10-31,0.01054976800896152,1.5501601745832665,False,1.2343454763327366,0.008999607834378254,0.007449447659794987,0.00589928748521172
rev_orth,mv,2025-10-31,2025-11-30,0.000869130766164483,1.6653619664846626,False,1.6558665495015765,-0.0007962312003201797,-0.0024615931668048423,-0.004126955133289505
rev_orth,mv,2025-11-30,2025-12-31,-0.006862043105148945,1.5424532221346132,False,1.5823709240180823,-0.008404496327283559,-0.00994694954941817,-0.011489402771552784
rev_orth,mv,2025-12-31,2026-01-31,0.00894487623916724,1.5873366328456393,False,1.5947791126604611,0.007357539606321601,0.005770202973475962,0.004182866340630323
rev_orth,diag,1990-01-31,1990-02-28,-0.0059523435235991785,1.5983597213788727,True,1.5983597213788727,-0.0075507032449780515,-0.009149062966356925,-0.010747422687735797
rev_orth,diag,1990-02-28,1990-03-31,0.020896409524916677,1.5871740718567093,False,1.5209690294780087,0.01930923545305997,0.017722061381203257,0.01613488730934655
rev_orth,diag,1990-03-31,1990-04-30,-0.001410397988446078,1.4395679695070303,False,1.3109598339233415,-0.002849965957953108,-0.004289533927460138,-0.005729101896967169
rev_orth,diag,1990-04-30,1990-05-31,0.0051604771073086005,1.2283727024467648,False,1.4295251056454097,0.0039321044048618355,0.002703731702415071,0.001475358999968306
rev_orth,diag,1990-05-31,1990-06-30,0.015679490249756862,1.6751069459992878,False,1.4238623798119492,0.014004383303757573,0.012329276357758287,0.010654169411758998
rev_orth,diag,1990-06-30,1990-07-31,-0.00666320398143041,1.4347247377367394,False,1.456070332785595,-0.00809792871916715,-0.009532653456903888,-0.01096737819464063
rev_orth,diag,1990-07-31,1990-08-31,0.008080370282091505,1.2361479030773073,False,1.4158233996131484,0.006844222379014197,0.00560807447593689,0.004371926572859583
rev_orth,diag,1990-08-31,1990-09-30,0.0019305227286794194,1.3537707931327734,False,1.4314735413744601,0.0005767519355466459,-0.0007770188575861275,-0.0021307896507189008
rev_orth,diag,1990-09-30,1990-10-31,-0.006296331572828794,1.3660120679905736,False,1.3287138670826442,-0.0076623436408193675,-0.009028355708809941,-0.010394367776800514
rev_orth,diag,1990-10-31,1990-11-30,0.0012224499101828636,1.0399422757251098,False,1.408762576098202,0.00018250763445775385,-0.0008574346412673559,-0.001897376916992466
rev_orth,diag,1990-11-30,1990-12-31,0.004944289123858824,1.3912706741636969,False,1.4853933700143127,0.0035530184496951273,0.0021617477755314306,0.000770477101367734
rev_orth,diag,1990-12-31,1991-01-31,-0.012749227896332146,1.277255859986854,False,1.4971488754408542,-0.014026483756319,-0.015303739616305854,-0.016580995476292708
rev_orth,diag,1991-01-31,1991-02-28,0.0035430421106838338,1.2116231950169016,False,1.4230558631803238,0.002331418915666932,0.0011197957206500304,-9.182747436687136e-05
rev_orth,diag,1991-02-28,1991-03-31,0.005883573869085323,1.4043981881644712,False,1.2962520842736929,0.004479175680920852,0.0030747774927563807,0.0016703793045919095
rev_orth,diag,1991-03-31,1991-04-30,0.0009348254530649841,1.3923241895099097,False,1.3165835904880436,-0.0004574987364449255,-0.001849822925954835,-0.0032421471154647444
rev_orth,diag,1991-04-30,1991-05-31,-0.014924158928533415,1.124938823300555,False,1.431801094060468,-0.01604909775183397,-0.017174036575134527,-0.01829897539843508
rev_orth,diag,1991-05-31,1991-06-30,-0.006241093348688692,0.8861810690793653,False,1.3774306472397357,-0.007127274417768057,-0.008013455486847423,-0.008899636555926788
rev_orth,diag,1991-06-30,1991-07-31,-0.004869656192413667,1.0734431429617062,False,1.2782517949378052,-0.005943099335375373,-0.007016542478337079,-0.008089985621298784
rev_orth,diag,1991-07-31,1991-08-31,0.0020587134143301086,1.2276885358786913,False,1.3756327768273822,0.0008310248784514174,-0.00039666365742727387,-0.0016243521933059653
rev_orth,diag,1991-08-31,1991-09-30,0.003889577069469267,1.238164734599529,False,1.4457425109459054,0.002651412334869738,0.0014132476002702088,0.00017508286567068012
rev_orth,diag,1991-09-30,1991-10-31,-0.001314682645203626,1.499622807301817,False,1.3778811820687527,-0.002814305452505443,-0.00431392825980726,-0.005813551067109077
rev_orth,diag,1991-10-31,1991-11-30,0.011256525902279352,1.4348599107423967,False,1.6510263809792614,0.009821665991536955,0.008386806080794559,0.006951946170052161
rev_orth,diag,1991-11-30,1991-12-31,0.006435799735148788,1.5176723858689651,False,1.5442781481740322,0.004918127349279823,0.003400454963410858,0.0018827825775418923
rev_orth,diag,1991-12-31,1992-01-31,0.004128243096935387,1.6586890289884524,False,1.4244902757547708,0.0024695540679469346,0.0008108650389584823,-0.0008478239900299705
rev_orth,diag,1992-01-31,1992-02-29,-0.007974842096007422,1.5129710382434025,False,1.3876676866447868,-0.009487813134250823,-0.011000784172494227,-0.01251375521073763
rev_orth,diag,1992-02-29,1992-03-31,-0.01280260462952244,1.3374810026908028,False,1.376481853857707,-0.014140085632213242,-0.015477566634904046,-0.016815047637594848
rev_orth,diag,1992-03-31,1992-04-30,-0.010584384747531442,1.2644324316167113,False,1.2174187661490155,-0.011848817179148152,-0.013113249610764864,-0.014377682042381577
rev_orth,diag,1992-04-30,1992-05-31,-0.01523006918647312,1.2881194751183156,False,1.362026249661875,-0.016518188661591438,-0.01780630813670975,-0.019094427611828068
rev_orth,diag,1992-05-31,1992-06-30,0.007864074651478812,1.2580038720628415,False,1.4635413646193252,0.0066060707794159705,0.005348066907353129,0.004090063035290288
rev_orth,diag,1992-06-30,1992-07-31,-0.014020245940510403,1.5179509164754423,False,1.5322297831101326,-0.015538196856985846,-0.01705614777346129,-0.01857409868993673
rev_orth,diag,1992-07-31,1992-08-31,-0.00235858403187231,1.3893080162520546,False,1.40740193730975,-0.0037478920481243644,-0.005137200064376419,-0.006526508080628474
rev_orth,diag,1992-08-31,1992-09-30,-0.00629883789764947,1.479714503243266,False,1.4088525953926871,-0.007778552400892736,-0.009258266904136002,-0.010737981407379268
rev_orth,diag,1992-09-30,1992-10-31,-0.0014217359390746316,1.3832143955735496,False,1.4163386461101077,-0.002804950334648181,-0.004188164730221731,-0.005571379125795281
rev_orth,diag,1992-10-31,1992-11-30,0.00430436689472154,1.158413282317839,False,1.3346391583656263,0.0031459536124037015,0.001987540330085862,0.0008291270477680233
rev_orth,diag,1992-11-30,1992-12-31,-0.00038729294848111284,1.566858451704554,False,1.5299321292444659,-0.001954151400185667,-0.003521009851890221,-0.005087868303594776
rev_orth,diag,1992-12-31,1993-01-31,0.002561766330000596,1.4773477769050902,False,1.4801634136846222,0.0010844185530955056,-0.0003929292238095848,-0.0018702770007146745
rev_orth,diag,1993-01-31,1993-02-28,0.0028425793571996262,1.4362524828776186,False,1.3691217138144502,0.0014063268743220076,-2.9925608555610942e-05,-0.0014661780914332302
rev_orth,diag,1993-02-28,1993-03-31,0.019157161903019037,1.2620607539361095,False,1.5247629293889824,0.017895101149082927,0.01663304039514682,0.01537097964121071
rev_orth,diag,1993-03-31,1993-04-30,-0.0015914935832519411,1.3113751720783449,False,1.601944096469937,-0.002902868755330286,-0.004214243927408631,-0.005525619099486976
rev_orth,diag,1993-04-30,1993-05-31,0.0061339516273576245,1.3392673235304486,False,1.5132213683612337,0.004794684303827176,0.0034554169802967273,0.002116149656766279
rev_orth,diag,1993-05-31,1993-06-30,0.001545581118798642,1.4427676461562404,False,1.4787950811465627,0.00010281347264240156,-0.001339954173513839,-0.0027827218196700794
rev_orth,diag,1993-06-30,1993-07-31,0.0037544992475179785,1.7556694584680665,False,1.5167273074909642,0.001998829789049912,0.0002431603305818454,-0.0015125091278862216
rev_orth,diag,1993-07-31,1993-08-31,-0.0012205581085380833,1.5281578226853711,False,1.4481699911434636,-0.002748715931223455,-0.004276873753908826,-0.005805031576594196
rev_orth,diag,1993-08-31,1993-09-30,0.007069377956452055,1.544099146079405,False,1.6702376766797657,0.00552527881037265,0.003981179664293245,0.0024370805182138402
rev_orth,diag,1993-09-30,1993-10-31,0.006871940951606615,1.5953101140174903,False,1.5833823703254997,0.005276630837589124,0.003681320723571634,0.0020860106095541434
rev_orth,diag,1993-10-31,1993-11-30,-0.006806461860000396,1.647986089904878,False,1.4714437423897673,-0.008454447949905275,-0.010102434039810152,-0.011750420129715031
rev_orth,diag,1993-11-30,1993-12-31,-0.0098463464876713,1.3101933641391978,False,1.7188767560587934,-0.011156539851810497,-0.012466733215949696,-0.013776926580088894
rev_orth,diag,1993-12-31,1994-01-31,0.0004590247479594076,1.498199742218749,False,1.7590137568220852,-0.0010391749942593412,-0.00253737473647809,-0.004035574478696839
rev_orth,diag,1994-01-31,1994-02-28,-0.0038695272575783777,1.7321725414303193,False,1.4196035827530955,-0.005601699799008697,-0.007333872340439016,-0.009066044881869335
rev_orth,diag,1994-02-28,1994-03-31,-0.017614305687262993,1.5322554284852359,False,1.526695582377476,-0.01914656111574823,-0.020678816544233466,-0.022211071972718703
rev_orth,diag,1994-03-31,1994-04-30,-0.00025490819758343256,1.5406379209536312,False,1.5599056757148313,-0.0017955461185370637,-0.003336184039490695,-0.0048768219604443264
rev_orth,diag,1994-04-30,1994-05-31,-0.000596675192683902,1.7983086569626188,False,1.5037437251064263,-0.002394983849646521,-0.0041932925066091396,-0.005991601163571759
rev_orth,diag,1994-05-31,1994-06-30,-0.0047210756568884325,1.8464535276748144,False,1.648032818895421,-0.006567529184563247,-0.00841398271223806,-0.010260436239912876
rev_orth,diag,1994-06-30,1994-07-31,0.015813230665878676,1.5466798803976276,False,1.5405525556400241,0.014266550785481048,0.01271987090508342,0.011173191024685794
rev_orth,diag,1994-07-31,1994-08-31,-0.0033023203566989396,2.1244245519143234,False,1.636042314474131,-0.0054267449086132635,-0.0075511694605275865,-0.009675594012441911
rev_orth,diag,1994-08-31,1994-09-30,-0.00032497950579177433,1.991314771363984,False,1.6585964134439102,-0.0023162942771557584,-0.0043076090485197425,-0.0062989238198837266
rev_orth,diag,1994-09-30,1994-10-31,5.672230080137853e-05,1.6487031822788623,False,1.7580917640421825,-0.0015919808814774837,-0.003240684063756346,-0.004889387246035208
rev_orth,diag,1994-10-31,1994-11-30,-0.006056867179318081,2.008486383595679,False,1.635266960494434,-0.00806535356291376,-0.01007383994650944,-0.012082326330105118
rev_orth,diag,1994-11-30,1994-12-31,0.01474281327509639,2.145576888643802,False,1.73306277754682,0.012597236386452588,0.010451659497808786,0.008306082609164985
rev_orth,diag,1994-12-31,1995-01-31,0.0007560460623784811,1.6181583271527682,False,1.450940082087265,-0.0008621122647742871,-0.0024802705919270552,-0.004098428919079824
rev_orth,diag,1995-01-31,1995-02-28,-0.001967368577154239,1.6434605948927226,False,1.5712105059571169,-0.0036108291720469616,-0.005254289766939684,-0.006897750361832407
rev_orth,diag,1995-02-28,1995-03-31,0.007517217317007658,1.5647330656225722,False,1.7148224440935302,0.0059524842513850856,0.0043877511857625135,0.0028230181201399406
rev_orth,diag,1995-03-31,1995-04-30,0.006807813715091004,1.7868223068808131,False,1.3633465510117624,0.005020991408210191,0.003234169101329378,0.0014473467944485646
rev_orth,diag,1995-04-30,1995-05-31,-0.014377820157714558,1.3519107392694967,False,1.5019215543732796,-0.015729730896984054,-0.01708164163625355,-0.01843355237552305
rev_orth,diag,1995-05-31,1995-06-30,-0.00970038307346128,1.6330812500598717,False,1.7854768912061245,-0.011333464323521152,-0.012966545573581024,-0.014599626823640896
rev_orth,diag,1995-06-30,1995-07-31,0.0030265197680559093,1.6241040670597595,False,1.6876434117740016,0.0014024157009961498,-0.0002216883660636098,-0.001845792433123369
rev_orth,diag,1995-07-31,1995-08-31,0.004324903036732268,1.7455389735961417,False,1.5753975339260413,0.0025793640631361263,0.0008338250895399846,-0.000911713884056157
rev_orth,diag,1995-08-31,1995-09-30,0.0015152354596041423,1.6754771384454819,False,1.7373297794788656,-0.00016024167884133968,-0.0018357188172868216,-0.003511195955732303
rev_orth,diag,1995-09-30,1995-10-31,0.015313100306735133,1.6115836936653745,False,1.4863635605579295,0.013701516613069759,0.012089932919404384,0.010478349225739009
rev_orth,diag,1995-10-31,1995-11-30,-0.014885572843558735,1.6517204954170093,False,1.679922033429879,-0.016537293338975745,-0.018189013834392753,-0.01984073432980976
rev_orth,diag,1995-11-30,1995-12-31,0.027479634093456613,1.628368448811963,False,1.8070165796449167,0.025851265644644652,0.024222897195832687,0.022594528747020726
rev_orth,diag,1995-12-31,1996-01-31,0.007573237830785023,1.8781318794324071,False,1.5042247140937088,0.005695105951352616,0.003816974071920209,0.0019388421924878014
rev_orth,diag,1996-01-31,1996-02-29,-0.0035135957776967898,1.4566596958464917,False,1.6899798996517537,-0.004970255473543282,-0.006426915169389773,-0.007883574865236265
rev_orth,diag,1996-02-29,1996-03-31,-0.008280633871958827,1.748444024262997,False,1.6867504171995436,-0.010029077896221823,-0.011777521920484821,-0.013525965944747819
rev_orth,diag,1996-03-31,1996-04-30,0.0014427138546551095,1.8185918232608416,False,1.5925840993059532,-0.00037587796860573224,-0.002194469791866574,-0.004013061615127415
rev_orth,diag,1996-04-30,1996-05-31,-0.0004066345014297478,1.718691280924107,False,1.6840410312346201,-0.002125325782353855,-0.0038440170632779622,-0.005562708344202069
rev_orth,diag,1996-05-31,1996-06-30,0.011731104533456872,1.6521612939712598,False,1.9645714542531967,0.010078943239485612,0.008426781945514352,0.006774620651543092
rev_orth,diag,1996-06-30,1996-07-31,0.0032312598356007555,1.7354026658752761,False,1.6571360216424207,0.0014958571697254793,-0.0002395454961497969,-0.001974948162025073
rev_orth,diag,1996-07-31,1996-08-31,0.0059832644549147815,1.3994595560236605,False,1.6597699532941657,0.004583804898891121,0.0031843453428674604,0.0017848857868438001
rev_orth,diag,1996-08-31,1996-09-30,-0.008534722141524646,1.92989508659232,False,1.852411896672325,-0.010464617228116965,-0.012394512314709286,-0.014324407401301606
rev_orth,diag,1996-09-30,1996-10-31,0.003302741816195837,2.099504217070131,False,1.8270447094101294,0.0012032375991257063,-0.0008962666179444245,-0.002995770835014556
rev_orth,diag,1996-10-31,1996-11-30,-0.0018604159626128044,2.063569131991619,False,1.8766280916914067,-0.003923985094604424,-0.005987554226596043,-0.008051123358587663
rev_orth,diag,1996-11-30,1996-12-31,0.02493539128113386,2.1872199027004595,False,1.9240718969331272,0.0227481713784334,0.02056095147573294,0.01837373157303248
rev_orth,diag,1996-12-31,1997-01-31,-0.0067659409501575705,1.651421564508887,False,1.7103516866621689,-0.008417362514666458,-0.010068784079175344,-0.011720205643684232
rev_orth,diag,1997-01-31,1997-02-28,-0.01880125834108482,1.8741556758455358,False,1.7522731996664984,-0.020675414016930356,-0.022549569692775894,-0.02442372536862143
rev_orth,diag,1997-02-28,1997-03-31,-0.005331721953693662,2.340377470986867,False,1.7884417671224515,-0.0076720994246805285,-0.010012476895667395,-0.012352854366654262
rev_orth,diag,1997-03-31,1997-04-30,-0.01542415983259479,1.5842128901068042,False,1.9941990747473215,-0.017008372722701594,-0.0185925856128084,-0.020176798502915202
rev_orth,diag,1997-04-30,1997-05-31,0.005385539044844349,1.7741552495495905,False,1.7457661265654782,0.003611383795294758,0.0018372285457451676,6.307329619557704e-05
rev_orth,diag,1997-05-31,1997-06-30,0.0016086672867627362,1.9516764090835188,False,1.8336044465211754,-0.00034300912232078265,-0.0022946855314043015,-0.00424636194048782
rev_orth,diag,1997-06-30,1997-07-31,-0.002868343990611248,2.073036075840226,False,1.6548263716743044,-0.004941380066451475,-0.007014416142291701,-0.009087452218131927
rev_orth,diag,1997-07-31,1997-08-31,-0.006637833874591711,2.2539169390200486,False,1.6679847396468825,-0.00889175081361176,-0.011145667752631809,-0.013399584691651856
rev_orth,diag,1997-08-31,1997-09-30,0.02468626025651159,2.163576408410259,False,1.8491560280561297,0.022522683848101334,0.020359107439691073,0.018195531031280816
rev_orth,diag,1997-09-30,1997-10-31,0.03207357771323218,1.979576103475596,False,1.564049442039219,0.030094001609756584,0.028114425506280988,0.02613484940280539
rev_orth,diag,1997-10-31,1997-11-30,-0.0029577934509794476,1.830411662558231,False,1.6947657177227093,-0.004788205113537679,-0.00661861677609591,-0.008449028438654142
rev_orth,diag,1997-11-30,1997-12-31,0.009717613521447064,1.536930251873283,False,1.6170561724681207,0.008180683269573781,0.006643753017700498,0.0051068227658272155
rev_orth,diag,1997-12-31,1998-01-31,0.0048652354234036,1.7283261272721677,False,1.9011302808572075,0.0031369092961314325,0.0014085831688592648,-0.0003197429584129033
rev_orth,diag,1998-01-31,1998-02-28,-0.012469752449508707,2.0536238776269498,False,1.7771095373095251,-0.014523376327135656,-0.016577000204762608,-0.018630624082389555
rev_orth,diag,1998-02-28,1998-03-31,0.005313105329017695,2.077877000904978,False,1.7155221991442875,0.0032352283281127173,0.0011573513272077392,-0.0009205256736972388
rev_orth,diag,1998-03-31,1998-04-30,-0.03427651685482147,1.5890675709567357,False,1.7628113595977501,-0.0358655844257782,-0.03745465199673494,-0.039043719567691676
rev_orth,diag,1998-04-30,1998-05-31,-0.004743373950276048,1.7717878566666136,False,1.8035672684994037,-0.006515161806942662,-0.008286949663609275,-0.01005873752027589
rev_orth,diag,1998-05-31,1998-06-30,0.0315542857670761,1.4292534358543316,False,1.8410768962236679,0.03012503233122177,0.028695778895367435,0.027266525459513104
rev_orth,diag,1998-06-30,1998-07-31,0.009628287131560578,1.597297226152235,False,1.5983303295420963,0.008030989905408343,0.0064336926792561075,0.004836395453103873
rev_orth,diag,1998-07-31,1998-08-31,-0.014035840893026416,1.1549189329663143,False,1.717842245285441,-0.01519075982599273,-0.016345678758959044,-0.017500597691925357
rev_orth,diag,1998-08-31,1998-09-30,0.014524786048856674,1.1680868821623744,False,1.674544467694269,0.013356699166694299,0.012188612284531924,0.01102052540236955
rev_orth,diag,1998-09-30,1998-10-31,-0.025905237673198953,1.5202195915243804,False,1.4318893465777378,-0.027425457264723334,-0.028945676856247715,-0.030465896447772093
rev_orth,diag,1998-10-31,1998-11-30,0.004755616496361449,1.4336026573119056,False,1.42623025732892,0.0033220138390495438,0.001888411181737638,0.00045480852442573213
rev_orth,diag,1998-11-30,1998-12-31,0.029070902475748308,1.5432186166583808,False,1.5199373600064736,0.02752768385908993,0.025984465242431545,0.024441246625773166
rev_orth,diag,1998-12-31,1999-01-31,0.024002213705153944,1.623442992369765,False,1.2962723995430772,0.022378770712784178,0.020755327720414413,0.019131884728044647
rev_orth,diag,1999-01-31,1999-02-28,-0.024696992325286157,1.2104865073976034,False,1.334889941042088,-0.02590747883268376,-0.027117965340081363,-0.028328451847478966
rev_orth,diag,1999-02-28,1999-03-31,-0.014877800937951876,1.533029940278313,False,1.4537028614940852,-0.016410830878230188,-0.017943860818508503,-0.019476890758786815
rev_orth,diag,1999-03-31,1999-04-30,-0.04255264065415142,1.359017919850274,False,1.4581039151411936,-0.0439116585740017,-0.04527067649385197,-0.046629694413702245
rev_orth,diag,1999-04-30,1999-05-31,-0.008572970528332466,1.4588277030862615,False,1.4451335185035812,-0.010031798231418728,-0.011490625934504988,-0.01294945363759125
rev_orth,diag,1999-05-31,1999-06-30,0.029304000505169927,1.553892040898128,False,1.4987783061573572,0.027750108464271797,0.02619621642337367,0.024642324382475544
rev_orth,diag,1999-06-30,1999-07-31,-0.0012469687670968797,1.4192394767337266,False,1.3621595941803166,-0.0026662082438306065,-0.004085447720564333,-0.005504687197298059
rev_orth,diag,1999-07-31,1999-08-31,-0.017497866170046263,1.7993238749417277,False,1.3719688446686509,-0.01929719004498799,-0.02109651391992972,-0.022895837794871445
rev_orth,diag,1999-08-31,1999-09-30,-0.004648533512930017,1.3365866041539456,False,1.3152953746643892,-0.005985120117083962,-0.007321706721237909,-0.008658293325391853
rev_orth,diag,1999-09-30,1999-10-31,-0.03120044148765532,1.5835301665227146,False,1.42086808698444,-0.03278397165417803,-0.03436750182070075,-0.035951031987223464
rev_orth,diag,1999-10-31,1999-11-30,-0.025143156301291863,2.0087371628293456,False,1.4579968327276294,-0.02715189346412121,-0.029160630626950554,-0.031169367789779898
rev_orth,diag,1999-11-30,1999-12-31,-0.0062448192142636385,1.7356422420217419,False,1.5307826615667546,-0.00798046145628538,-0.009716103698307122,-0.011451745940328864
rev_orth,diag,1999-12-31,2000-01-31,-0.008196806313821317,1.8133606849250352,False,1.450762631880277,-0.010010166998746352,-0.011823527683671387,-0.013636888368596424
rev_orth,diag,2000-01-31,2000-02-29,0.017734967039701937,1.6264452434487773,False,1.2243448935065602,0.01610852179625316,0.014482076552804382,0.012855631309355605
rev_orth,diag,2000-02-29,2000-03-31,0.012073320809456795,1.8035570985855538,False,1.3904779992547234,0.010269763710871242,0.008466206612285688,0.006662649513700133
rev_orth,diag,2000-03-31,2000-04-30,-0.017234364112271423,1.866418976315437,False,1.2609724467999952,-0.01910078308858686,-0.020967202064902296,-0.022833621041217736
rev_orth,diag,2000-04-30,2000-05-31,-0.0010273449752789164,1.642853377482845,False,1.2420777586129128,-0.0026701983527617616,-0.004313051730244607,-0.005955905107727451
rev_orth,diag,2000-05-31,2000-06-30,-0.004437902869357988,1.7838232075073623,False,1.430445696905616,-0.00622172607686535,-0.008005549284372714,-0.009789372491880076
rev_orth,diag,2000-06-30,2000-07-31,-0.0024014053153894274,1.50447375316773,False,1.4867006269093783,-0.0039058790685571575,-0.005410352821724887,-0.006914826574892617
rev_orth,diag,2000-07-31,2000-08-31,0.013072264492127226,1.5931454106515104,False,1.340029756508252,0.011479119081475716,0.009885973670824205,0.008292828260172695
rev_orth,diag,2000-08-31,2000-09-30,0.015317814809899478,1.5786941950972473,False,1.3171700104092339,0.01373912061480223,0.012160426419704985,0.010581732224607735
rev_orth,diag,2000-09-30,2000-10-31,-0.009031279456226742,1.3409090536068446,False,1.3259157412312284,-0.010372188509833586,-0.011713097563440432,-0.013054006617047276
rev_orth,diag,2000-10-31,2000-11-30,0.01595288850914269,1.0334817930111893,False,1.17027094120945,0.014919406716131503,0.013885924923120314,0.012852443130109123
rev_orth,diag,2000-11-30,2000-12-31,-0.02419924121060698,1.2276859886182065,False,1.3230992496523055,-0.025426927199225187,-0.026654613187843394,-0.027882299176461598
rev_orth,diag,2000-12-31,2001-01-31,-0.011263111595639749,1.3068059046398053,False,1.16403035946129,-0.012569917500279554,-0.013876723404919359,-0.015183529309559164
rev_orth,diag,2001-01-31,2001-02-28,-0.0027669889614923442,1.155595789986077,False,1.1551131599925186,-0.003922584751478421,-0.005078180541464498,-0.006233776331450575
rev_orth,diag,2001-02-28,2001-03-31,-0.010108626582476634,1.107968667564716,False,1.1282213683154763,-0.01121659525004135,-0.012324563917606066,-0.013432532585170782
rev_orth,diag,2001-03-31,2001-04-30,-0.0019265868178064292,1.3785878036378396,False,1.288171446694874,-0.0033051746214442686,-0.004683762425082109,-0.006062350228719949
rev_orth,diag,2001-04-30,2001-05-31,0.007010222735444108,1.576790609908355,False,1.1998278000294047,0.005433432125535753,0.003856641515627398,0.002279850905719043
rev_orth,diag,2001-05-31,2001-06-30,0.0025733030868864536,1.068934062637871,False,1.1438551537952342,0.0015043690242485827,0.0004354349616107118,-0.0006334991010271593
rev_orth,diag,2001-06-30,2001-07-31,-0.00534245456451065,1.3478474769328324,False,1.2746723786039678,-0.006690302041443483,-0.008038149518376315,-0.009385996995309148
rev_orth,diag,2001-07-31,2001-08-31,-0.011422986490518117,1.2956471306549844,False,1.1453608673911484,-0.0127186336211731,-0.014014280751828086,-0.01530992788248307
rev_orth,diag,2001-08-31,2001-09-30,0.019954276303423155,1.1087314897642209,False,1.1601036766092234,0.018845544813658934,0.017736813323894714,0.016628081834130493
rev_orth,diag,2001-09-30,2001-10-31,-0.011582197766887565,1.0937269904435885,False,1.0054332350953283,-0.012675924757331153,-0.013769651747774742,-0.01486337873821833
rev_orth,diag,2001-10-31,2001-11-30,-0.02631119882318199,1.1899849426127065,False,1.323748080732205,-0.027501183765794697,-0.0286911687084074,-0.029881153651020106
rev_orth,diag,2001-11-30,2001-12-31,-0.008084598322420316,1.3943927497268205,False,1.1830184906029122,-0.009478991072147136,-0.010873383821873958,-0.012267776571600778
rev_orth,diag,2001-12-31,2002-01-31,0.00872758039892133,1.420692654781807,False,1.158187828368436,0.007306887744139523,0.005886195089357716,0.004465502434575909
rev_orth,diag,2002-01-31,2002-02-28,-0.018202670900454555,1.3334339614030744,False,1.0703660285118568,-0.01953610486185763,-0.020869538823260703,-0.02220297278466378
rev_orth,diag,2002-02-28,2002-03-31,-0.005064250035151483,1.2138539070622774,False,1.1739524395391185,-0.00627810394221376,-0.007491957849276037,-0.008705811756338316
rev_orth,diag,2002-03-31,2002-04-30,0.019664673550303588,1.347727974082466,False,1.048509154562726,0.01831694557622112,0.016969217602138657,0.01562148962805619
rev_orth,diag,2002-04-30,2002-05-31,0.0002024884862178074,1.33994554248093,False,1.163388052326456,-0.0011374570562631226,-0.0024774025987440522,-0.0038173481412249826
rev_orth,diag,2002-05-31,2002-06-30,0.009044943294065216,1.441827509787828,False,1.1957752000787099,0.007603115784277388,0.00616128827448956,0.0047194607647017325
rev_orth,diag,2002-06-30,2002-07-31,0.013346099118635595,1.391355828679054,False,1.2261759628522606,0.01195474328995654,0.010563387461277487,0.009172031632598433
rev_orth,diag,2002-07-31,2002-08-31,-0.003352731195265,1.2034178582379937,False,1.0537189832625624,-0.004556149053502994,-0.005759566911740987,-0.006962984769978982
rev_orth,diag,2002-08-31,2002-09-30,0.011468192069177935,1.2505864034473988,False,1.2521546649187436,0.010217605665730536,0.008967019262283136,0.007716432858835738
rev_orth,diag,2002-09-30,2002-10-31,-0.023306213530825688,1.4035929033704606,False,1.093605280077839,-0.02470980643419615,-0.02611339933756661,-0.02751699224093707
rev_orth,diag,2002-10-31,2002-11-30,-0.02099023716950786,1.170076102313922,False,0.9996910358789786,-0.02216031327182178,-0.023330389374135705,-0.024500465476449625
rev_orth,diag,2002-11-30,2002-12-31,0.0032814619577719397,1.2049048451060937,False,1.1637013752974104,0.002076557112665846,0.0008716522675597522,-0.0003332525775463415
rev_orth,diag,2002-12-31,2003-01-31,0.013546330089485357,0.9850523293816483,False,1.1018907066542802,0.012561277760103708,0.011576225430722061,0.010591173101340412
rev_orth,diag,2003-01-31,2003-02-28,0.006322653814145571,1.3283673658309074,False,1.22826224264543,0.004994286448314664,0.0036659190824837565,0.0023375517166528493
rev_orth,diag,2003-02-28,2003-03-31,0.006448755750887189,1.1614312292586249,False,1.2562016232490314,0.005287324521628564,0.004125893292369939,0.002964462063111314
rev_orth,diag,2003-03-31,2003-04-30,-0.027670396202899097,1.3005755040417797,False,1.1465315116577404,-0.028970971706940876,-0.030271547210982658,-0.03157212271502444
rev_orth,diag,2003-04-30,2003-05-31,-0.0004967764028500243,1.453429506803835,False,1.2443636633546795,-0.0019502059096538592,-0.003403635416457694,-0.004857064923261529
rev_orth,diag,2003-05-31,2003-06-30,-0.023106056432762954,1.415707085576024,False,1.1895115226576698,-0.024521763518338978,-0.025937470603915002,-0.027353177689491026
rev_orth,diag,2003-06-30,2003-07-31,-0.01698889231827428,1.7021897371909283,False,1.2369890921548499,-0.01869108205546521,-0.020393271792656136,-0.022095461529847066
rev_orth,diag,2003-07-31,2003-08-31,0.0006936997023982525,1.2020368913967068,False,1.2486637097882727,-0.0005083371889984542,-0.001710374080395161,-0.002912410971791868
rev_orth,diag,2003-08-31,2003-09-30,-0.005271289914250059,1.7146592509949736,False,1.271798080051014,-0.006985949165245032,-0.008700608416240006,-0.01041526766723498
rev_orth,diag,2003-09-30,2003-10-31,0.0032690247056678346,1.5032594869282245,False,1.3135405029889111,0.00176576521873961,0.0002625057318113855,-0.0012407537551168387
rev_orth,diag,2003-10-31,2003-11-30,-0.006505402151402919,1.5458081955241911,False,1.2478466989685342,-0.00805121034692711,-0.009597018542451301,-0.011142826737975493
rev_orth,diag,2003-11-30,2003-12-31,-0.016040273980543994,1.649555482705452,False,1.3797812247714436,-0.017689829463249446,-0.0193393849459549,-0.020988940428660348
rev_orth,diag,2003-12-31,2004-01-31,-0.003041069658188778,1.685292342055476,False,1.2162219153559983,-0.004726362000244254,-0.00641165434229973,-0.008096946684355205
rev_orth,diag,2004-01-31,2004-02-29,0.008333487147204558,1.6404583983530727,False,1.3692909404701155,0.006693028748851485,0.0050525703504984126,0.00341211195214534
rev_orth,diag,2004-02-29,2004-03-31,0.0030427148923333927,1.8535066274793723,False,1.3142704066710555,0.0011892082648540204,-0.0006642983626253519,-0.0025178049901047246
rev_orth,diag,2004-03-31,2004-04-30,0.006902529808490286,1.6075277968093031,False,1.371316359740643,0.005295002011680983,0.00368747421487168,0.0020799464180623764
rev_orth,diag,2004-04-30,2004-05-31,-0.00793759381036207,1.1508192807443525,False,1.4065859944033243,-0.009088413091106423,-0.010239232371850775,-0.011390051652595129
rev_orth,diag,2004-05-31,2004-06-30,0.01365330381465201,1.5054464299384807,False,1.3754668073806677,0.012147857384713528,0.010642410954775049,0.009136964524836567
rev_orth,diag,2004-06-30,2004-07-31,0.022902233720382165,1.1777113593640647,False,1.2597350680111576,0.0217245223610181,0.020546811001654036,0.019369099642289972
rev_orth,diag,2004-07-31,2004-08-31,0.001985233615264673,1.3932302420420677,False,1.3411133796794459,0.0005920033732226052,-0.0008012268688194625,-0.0021944571108615304
rev_orth,diag,2004-08-31,2004-09-30,0.01067613565333953,1.5964433778329847,False,1.3502611483982074,0.009079692275506545,0.00748324889767356,0.005886805519840575
rev_orth,diag,2004-09-30,2004-10-31,-0.004583595587542033,1.4542787614022596,False,1.2442562185514339,-0.006037874348944292,-0.007492153110346552,-0.008946431871748812
rev_orth,diag,2004-10-31,2004-11-30,-0.0014642720243559007,1.22718575942481,False,1.4310704857533483,-0.002691457783780711,-0.003918643543205521,-0.005145829302630331
rev_orth,diag,2004-11-30,2004-12-31,-0.022561556378732736,1.7630200683493376,False,1.3272223801056937,-0.024324576447082073,-0.02608759651543141,-0.027850616583780748
rev_orth,diag,2004-12-31,2005-01-31,-0.00190679481748197,1.7257952486699155,False,1.4606560766614767,-0.003632590066151886,-0.005358385314821801,-0.007084180563491717
rev_orth,diag,2005-01-31,2005-02-28,0.014757708842538622,1.5453368673825645,False,1.2827935546751645,0.013212371975156057,0.011667035107773492,0.010121698240390928
rev_orth,diag,2005-02-28,2005-03-31,-0.008632316844846949,1.5745448080460447,False,1.4951248363677045,-0.010206861652892994,-0.011781406460939038,-0.013355951268985082
rev_orth,diag,2005-03-31,2005-04-30,-0.003631126316287314,1.510353943686637,False,1.2485750720068358,-0.005141480259973951,-0.006651834203660588,-0.008162188147347225
rev_orth,diag,2005-04-30,2005-05-31,-0.008750009290133294,1.3247779414982266,False,1.5342568664946052,-0.010074787231631521,-0.011399565173129747,-0.012724343114627973
rev_orth,diag,2005-05-31,2005-06-30,-0.0008623191089462986,1.8515770328026075,False,1.480421932185185,-0.002713896141748906,-0.0045654731745515134,-0.006417050207354121
rev_orth,diag,2005-06-30,2005-07-31,0.004824478713631905,1.7326621427174302,False,1.318787002742142,0.0030918165709144753,0.0013591544281970447,-0.00037350771452038505
rev_orth,diag,2005-07-31,2005-08-31,0.009386649648619698,1.3539326521735129,False,1.563434558722461,0.008032716996446185,0.006678784344272673,0.0053248516920991595
rev_orth,diag,2005-08-31,2005-09-30,0.007775872135054869,1.5648646678164873,False,1.4809190668812555,0.006211007467238382,0.004646142799421894,0.003081278131605407
rev_orth,diag,2005-09-30,2005-10-31,-0.014874418298115158,1.664457255331976,False,1.1253897098670769,-0.016538875553447133,-0.01820333280877911,-0.019867790064111088
rev_orth,diag,2005-10-31,2005-11-30,-0.00034037941138513925,1.3052265231827807,False,1.383887029407421,-0.00164560593456792,-0.0029508324577507006,-0.004256058980933481
rev_orth,diag,2005-11-30,2005-12-31,0.004931549711997375,1.7716707833167629,False,1.4013133023663462,0.0031598789286806117,0.0013882081453638487,-0.0003834626379529138
rev_orth,diag,2005-12-31,2006-01-31,0.018919222308107705,1.3957678041600234,False,1.162585897170847,0.017523454503947683,0.016127686699787657,0.014731918895627635
rev_orth,diag,2006-01-31,2006-02-28,0.005915272997655884,1.756855251823376,False,1.385923970963737,0.004158417745832508,0.002401562494009132,0.0006447072421857563
rev_orth,diag,2006-02-28,2006-03-31,0.011450841118595949,1.8247136599141283,False,1.6206914466377085,0.00962612745868182,0.007801413798767693,0.005976700138853564
rev_orth,diag,2006-03-31,2006-04-30,-0.00019806414330795369,2.0130758356199294,False,1.3139931411279078,-0.002211139978927883,-0.004224215814547813,-0.0062372916501677415
rev_orth,diag,2006-04-30,2006-05-31,0.0026003114891863443,1.6793143055876396,False,1.252267713206349,0.0009209971835987046,-0.0007583171219889351,-0.002437631427576575
rev_orth,diag,2006-05-31,2006-06-30,-0.0005076397438095544,1.6737502170371135,False,1.4678576208593281,-0.0021813899608466676,-0.0038551401778837814,-0.005528890394920895
rev_orth,diag,2006-06-30,2006-07-31,0.021758177777419053,1.8784958406824939,False,1.224917690855586,0.01987968193673656,0.018001186096054066,0.016122690255371573
rev_orth,diag,2006-07-31,2006-08-31,-0.003856949876919816,1.7170817171000456,False,1.361806757559192,-0.005574031594019861,-0.007291113311119908,-0.009008195028219953
rev_orth,diag,2006-08-31,2006-09-30,0.013629656315726137,1.680562463154381,False,1.5175491592784895,0.011949093852571755,0.010268531389417374,0.008587968926262995
rev_orth,diag,2006-09-30,2006-10-31,-0.007070234153964825,1.8425145177454125,False,1.4556649763851444,-0.008912748671710238,-0.01075526318945565,-0.012597777707201063
rev_orth,diag,2006-10-31,2006-11-30,-0.01132098626733487,1.8958552498977679,False,1.2283024082452554,-0.013216841517232637,-0.015112696767130406,-0.017008552017028174
rev_orth,diag,2006-11-30,2006-12-31,0.010839475977269492,1.5343385790197088,False,1.436271755689455,0.009305137398249784,0.007770798819230075,0.006236460240210366
rev_orth,diag,2006-12-31,2007-01-31,-0.007766142218361581,1.6734685293937472,False,1.498796536607936,-0.009439610747755327,-0.011113079277149076,-0.012786547806542823
rev_orth,diag,2007-01-31,2007-02-28,-0.006544811159078118,1.5048852205621226,False,1.5217562756150265,-0.008049696379640241,-0.009554581600202363,-0.011059466820764486
rev_orth,diag,2007-02-28,2007-03-31,0.0021471786901491267,2.1836584571486855,False,1.602371952605275,-3.647976699955877e-05,-0.002220138224148244,-0.00440379668129693
rev_orth,diag,2007-03-31,2007-04-30,-0.0003765647395420555,1.918538668138904,False,1.5981256558435046,-0.0022951034076809595,-0.0042136420758198635,-0.006132180743958768
rev_orth,diag,2007-04-30,2007-05-31,-0.003659992297862637,2.0232210357088816,False,1.6159414026086747,-0.005683213333571519,-0.0077064343692803995,-0.009729655404989282
rev_orth,diag,2007-05-31,2007-06-30,0.009958208761743576,2.081208474805677,False,1.6878602061173709,0.007877000286937899,0.0057957918121322215,0.003714583337326544
rev_orth,diag,2007-06-30,2007-07-31,0.012318683653445038,1.7006986745815558,False,1.4116288426717694,0.010617984978863482,0.008917286304281926,0.007216587629700371
rev_orth,diag,2007-07-31,2007-08-31,0.004939374434499623,1.427014084163855,False,1.4992315426915883,0.0035123603503357677,0.0020853462661719127,0.0006583321820080573
rev_orth,diag,2007-08-31,2007-09-30,0.012280235332515956,1.9692117385174324,False,1.5087273001095254,0.010311023593998523,0.008341811855481092,0.006372600116963659
rev_orth,diag,2007-09-30,2007-10-31,0.009980705303010533,1.831924527770897,False,1.4635545425388279,0.008148780775239636,0.006316856247468739,0.004484931719697841
rev_orth,diag,2007-10-31,2007-11-30,0.01895955126656418,1.480875137582451,False,1.625158947070189,0.017478676128981727,0.015997800991399275,0.014516925853816826
rev_orth,diag,2007-11-30,2007-12-31,0.0097841743845965,1.6990916090123256,False,1.3648836596697778,0.008085082775584174,0.006385991166571849,0.004686899557559523
rev_orth,diag,2007-12-31,2008-01-31,-0.03987293546929753,1.7366830428852573,False,1.4689344447701966,-0.04160961851218279,-0.043346301555068044,-0.045082984597953304
rev_orth,diag,2008-01-31,2008-02-29,0.020516573476473277,1.9917063482434305,False,1.5694219314223363,0.018524867128229847,0.016533160779986417,0.014541454431742986
rev_orth,diag,2008-02-29,2008-03-31,0.005560679840688213,2.0181954340954036,False,1.6783440984706979,0.0035424844065928096,0.001524288972497406,-0.0004939064615979974
rev_orth,diag,2008-03-31,2008-04-30,-0.017892961425687512,2.0889544495239836,False,1.470572784526725,-0.019981915875211496,-0.02207087032473548,-0.024159824774259462
rev_orth,diag,2008-04-30,2008-05-31,-0.006068054085780615,1.8743571337471554,False,1.6742022219791188,-0.007942411219527771,-0.009816768353274927,-0.011691125487022083
rev_orth,diag,2008-05-31,2008-06-30,-0.005546290795857375,2.276068546768622,False,1.7305376187043577,-0.007822359342625998,-0.01009842788939462,-0.012374496436163241
rev_orth,diag,2008-06-30,2008-07-31,-0.02491941171171941,1.6241980229040014,False,1.5235169696850224,-0.026543609734623413,-0.028167807757527415,-0.029792005780431417
rev_orth,diag,2008-07-31,2008-08-31,-0.004202448862590148,1.4359042002964386,False,1.5082348166514155,-0.005638353062886587,-0.007074257263183025,-0.008510161463479464
rev_orth,diag,2008-08-31,2008-09-30,0.010195186492785871,2.0422510299915566,False,1.5280377030893575,0.008152935462794315,0.006110684432802758,0.004068433402811202
rev_orth,diag,2008-09-30,2008-10-31,0.026656742524921288,1.4301625365490918,False,1.2934054731517555,0.025226579988372196,0.023796417451823104,0.02236625491527401
rev_orth,diag,2008-10-31,2008-11-30,-0.012970461497624583,1.4284497479223057,False,1.3581243165079118,-0.014398911245546889,-0.015827360993469194,-0.0172558107413915
rev_orth,diag,2008-11-30,2008-12-31,0.028328619781777312,1.662045927344218,False,1.368463406031436,0.026666573854433093,0.025004527927088877,0.023342481999744657
rev_orth,diag,2008-12-31,2009-01-31,0.017473778696080106,1.3531496700221086,False,1.3626949009911729,0.016120629026057997,0.014767479356035888,0.01341432968601378
rev_orth,diag,2009-01-31,2009-02-28,-0.031183903000867222,1.2395003696531433,False,1.2440212257794643,-0.03242340337052037,-0.03366290374017351,-0.03490240410982665
rev_orth,diag,2009-02-28,2009-03-31,-0.012771103535007631,1.5445745132560453,False,1.3583611161001177,-0.014315678048263676,-0.01586025256151972,-0.017404827074775767
rev_orth,diag,2009-03-31,2009-04-30,-0.021285738686569758,2.1006802850698243,False,1.3647145033248684,-0.02338641897163958,-0.025487099256709406,-0.027587779541779232
rev_orth,diag,2009-04-30,2009-05-31,-0.014441248467927418,1.8097548597741104,False,1.106800750198091,-0.01625100332770153,-0.01806075818747564,-0.01987051304724975
rev_orth,diag,2009-05-31,2009-06-30,0.004924254284104887,1.3577772578482235,False,1.1314882653520186,0.003566477026256663,0.0022086997684084395,0.0008509225105602161
rev_orth,diag,2009-06-30,2009-07-31,-0.02562668691496131,1.4151310729911142,False,1.103056399266508,-0.027041817987952424,-0.02845694906094354,-0.029872080133934654
rev_orth,diag,2009-07-31,2009-08-31,-0.01406104321528005,1.4589955362027587,False,1.2483153088034054,-0.015520038751482808,-0.016979034287685567,-0.018438029823888327
rev_orth,diag,2009-08-31,2009-09-30,-0.009572700736027043,1.4963673387133176,False,1.1358413012718662,-0.011069068074740361,-0.012565435413453677,-0.014061802752166997
rev_orth,diag,2009-09-30,2009-10-31,0.009076320340983806,1.6025666275095216,False,1.0523446108298826,0.0074737537134742845,0.005871187085964763,0.004268620458455241
rev_orth,diag,2009-10-31,2009-11-30,-0.012462434969881829,0.9921194579166109,False,1.0047163721731938,-0.01345455442779844,-0.01444667388571505,-0.015438793343631662
rev_orth,diag,2009-11-30,2009-12-31,-0.011144391970851703,1.2675569056578488,False,1.112508882225236,-0.012411948876509551,-0.0136795057821674,-0.014947062687825249
rev_orth,diag,2009-12-31,2010-01-31,-0.0042296823396684915,1.5195141667857655,False,1.1878082269132604,-0.005749196506454257,-0.007268710673240022,-0.008788224840025788
rev_orth,diag,2010-01-31,2010-02-28,0.005819487205214492,1.0178463598317358,False,1.131337010146962,0.004801640845382756,0.0037837944855510204,0.0027659481257192847
rev_orth,diag,2010-02-28,2010-03-31,-0.00042805037058986063,1.5558010629123316,False,1.2333088714210738,-0.0019838514335021925,-0.003539652496414524,-0.0050954535593268555
rev_orth,diag,2010-03-31,2010-04-30,0.0029468697904723967,1.8174371274801897,False,1.09327859325921,0.001129432662992207,-0.0006880044644879827,-0.0025054415919681726
rev_orth,diag,2010-04-30,2010-05-31,0.0026695137388843284,1.3721124800056024,False,1.0440630915268705,0.001297401258878726,-7.471122112687623e-05,-0.0014468237011324788
rev_orth,diag,2010-05-31,2010-06-30,-0.0047250803097615805,1.0669594236055482,False,1.2058778635415446,-0.005792039733367129,-0.006858999156972677,-0.007925958580578225
rev_orth,diag,2010-06-30,2010-07-31,0.005300186196843606,1.6651671364306533,False,1.286736757418243,0.003635019060412952,0.001969851923982299,0.0003046847875516458
rev_orth,diag,2010-07-31,2010-08-31,-0.0040081288777943785,1.5042964867786197,False,1.1223363620736366,-0.005512425364572998,-0.007016721851351618,-0.008521018338130237
rev_orth,diag,2010-08-31,2010-09-30,0.018892275090462804,1.2845945215281511,False,1.113929008982577,0.017607680568934653,0.016323086047406503,0.01503849152587835
rev_orth,diag,2010-09-30,2010-10-31,0.005871949291540644,1.8784698301074112,False,1.2647835587670104,0.003993479461433232,0.002115009631325821,0.00023653980121841021
rev_orth,diag,2010-10-31,2010-11-30,0.003802059745223995,1.386399650831826,False,1.0649746952563934,0.002415660094392169,0.0010292604435603431,-0.00035713920727148277
rev_orth,diag,2010-11-30,2010-12-31,0.0033034400279990618,1.1891430719282585,False,1.3016709743157135,0.002114296956070803,0.0009251538841425445,-0.0002639891877857137
rev_orth,diag,2010-12-31,2011-01-31,-0.009225130871903534,1.3794844592165125,False,1.0495466898639674,-0.010604615331120046,-0.011984099790336558,-0.01336358424955307
rev_orth,diag,2011-01-31,2011-02-28,-6.5659847969000485e-06,1.1953113057698102,False,0.98815213500811,-0.0012018772905667103,-0.0023971885963365203,-0.0035924999021063305
rev_orth,diag,2011-02-28,2011-03-31,0.00203862967282451,1.6356398781022914,False,1.310124300247777,0.00040298979472221845,-0.0012326500833800729,-0.0028682899614823646
rev_orth,diag,2011-03-31,2011-04-30,0.0007584380180341267,1.744055107925817,False,1.4005734514702777,-0.0009856170898916905,-0.002729672197817508,-0.004473727305743325
rev_orth,diag,2011-04-30,2011-05-31,-0.00845914835310378,1.4007114026388552,False,1.2231824020400557,-0.009859859755742635,-0.01126057115838149,-0.012661282561020346
rev_orth,diag,2011-05-31,2011-06-30,0.005573127021061037,1.6173727412167183,False,1.287578336053249,0.003955754279844318,0.0023383815386276005,0.0007210087974108825
rev_orth,diag,2011-06-30,2011-07-31,0.019388683220621584,1.538096454785054,False,1.2456685767930593,0.01785058676583653,0.016312490311051475,0.014774393856266423
rev_orth,diag,2011-07-31,2011-08-31,0.009376067580873079,1.3216884435211336,False,1.3073119044459485,0.008054379137351946,0.006732690693830812,0.005411002250309678
rev_orth,diag,2011-08-31,2011-09-30,0.0306334478723843,1.1763047984373252,False,1.3169295253722453,0.029457143073946975,0.028280838275509652,0.027104533477072326
rev_orth,diag,2011-09-30,2011-10-31,-0.02211881250046417,1.3484181081547448,False,1.1672204132571502,-0.023467230608618918,-0.02481564871677366,-0.026164066824928407
rev_orth,diag,2011-10-31,2011-11-30,-0.00469041531933101,1.5105386635776423,False,1.233971323219969,-0.006200953982908652,-0.007711492646486295,-0.009222031310063938
rev_orth,diag,2011-11-30,2011-12-31,0.0164168689516394,1.4200223505166025,False,1.2143188413240957,0.014996846601122799,0.013576824250606195,0.012156801900089591
rev_orth,diag,2011-12-31,2012-01-31,-0.012135322624781295,1.3343164598370356,False,1.1303295154202055,-0.01346963908461833,-0.014803955544455367,-0.016138272004292402
rev_orth,diag,2012-01-31,2012-02-29,0.001615897279136964,1.470870889601237,False,1.2158679818809282,0.00014502638953572695,-0.0013258445000655101,-0.0027967153896667468
rev_orth,diag,2012-02-29,2012-03-31,0.016127030272632216,1.4124315858612897,False,1.2160949185797456,0.014714598686770927,0.013302167100909637,0.011889735515048346
rev_orth,diag,2012-03-31,2012-04-30,-0.00577173316888572,1.3340272205478523,False,1.2131595412454508,-0.007105760389433572,-0.008439787609981424,-0.009773814830529276
rev_orth,diag,2012-04-30,2012-05-31,-0.0006355712934227962,1.1080100229483658,False,1.2504481925108224,-0.001743581316371162,-0.002851591339319528,-0.003959601362267894
rev_orth,diag,2012-05-31,2012-06-30,0.0022547131772926335,1.385997721953016,False,1.299290167778387,0.0008687154553396175,-0.0005172822666133984,-0.0019032799885664148
rev_orth,diag,2012-06-30,2012-07-31,-0.00368892732846039,1.6036732727971805,False,1.3474695203738436,-0.00529260060125757,-0.006896273874054751,-0.00849994714685193
rev_orth,diag,2012-07-31,2012-08-31,0.0036980383605487678,1.5846510519237718,False,1.3669038764165022,0.0021133873086249958,0.0005287362567012242,-0.0010559147952225473
rev_orth,diag,2012-08-31,2012-09-30,-0.002705294524949906,1.707187506300988,False,1.3262261588966842,-0.004412482031250894,-0.006119669537551883,-0.00782685704385287
rev_orth,diag,2012-09-30,2012-10-31,-0.014658682224629854,1.7080398561337171,False,1.1790985532185836,-0.01636672208076357,-0.018074761936897287,-0.019782801793031005
rev_orth,diag,2012-10-31,2012-11-30,-0.0031568870140828947,1.2162158069466111,False,1.2212078533780952,-0.004373102821029506,-0.005589318627976117,-0.006805534434922728
rev_orth,diag,2012-11-30,2012-12-31,-0.0006926610208930701,1.5318563108388659,False,1.2881911175940708,-0.002224517331731936,-0.003756373642570802,-0.005288229953409667
rev_orth,diag,2012-12-31,2013-01-31,0.001855760495707439,1.4376726696757873,False,1.1286390470682164,0.00041808782603165165,-0.0010195848436441357,-0.002457257513319923
rev_orth,diag,2013-01-31,2013-02-28,0.007623550696492092,1.5478701365426324,False,1.3800056298709678,0.00607568055994946,0.004527810423406827,0.002979940286864195
rev_orth,diag,2013-02-28,2013-03-31,-0.000955770654512159,1.5081772383008099,False,1.2782906644736682,-0.0024639478928129687,-0.003972125131113779,-0.005480302369414589
rev_orth,diag,2013-03-31,2013-04-30,0.009329774508730251,1.783343935648578,False,1.300929650728972,0.007546430573081673,0.005763086637433095,0.003979742701784517
rev_orth,diag,2013-04-30,2013-05-31,0.0008762787489858313,1.7639882037974501,False,1.158599879559049,-0.0008877094548116189,-0.002651697658609069,-0.004415685862406519
rev_orth,diag,2013-05-31,2013-06-30,0.00917249198388513,1.539652750213521,False,1.450977282048414,0.007632839233671608,0.0060931864834580865,0.004553533733244566
rev_orth,diag,2013-06-30,2013-07-31,-0.005134511263367191,1.699244874514446,False,1.2940473063849827,-0.006833756137881637,-0.008533001012396083,-0.010232245886910529
rev_orth,diag,2013-07-31,2013-08-31,-0.006593271080922616,1.7036858937347672,False,1.3670410385227942,-0.008296956974657384,-0.01000064286839215,-0.011704328762126917
rev_orth,diag,2013-08-31,2013-09-30,-0.0006633817324978855,1.4810787664467964,False,1.407928203265673,-0.002144460498944682,-0.0036255392653914784,-0.0051066180318382745
rev_orth,diag,2013-09-30,2013-10-31,-0.009324281402120037,1.453989813300545,False,1.3429609137012952,-0.010778271215420583,-0.012232261028721127,-0.013686250842021672
rev_orth,diag,2013-10-31,2013-11-30,0.0073987402494215485,1.4801355259510809,False,1.3781879112083943,0.005918604723470468,0.004438469197519387,0.002958333671568306
rev_orth,diag,2013-11-30,2013-12-31,-0.001408774007324128,1.7079755172618538,False,1.4866012531633217,-0.0031167495245859817,-0.004824725041847836,-0.00653270055910969
rev_orth,diag,2013-12-31,2014-01-31,0.013450103215226307,1.8350086129930403,False,1.390232918461403,0.011615094602233266,0.009780085989240225,0.007945077376247186
rev_orth,diag,2014-01-31,2014-02-28,-0.012490849482007032,1.7810318065887665,False,1.4301926970600514,-0.014271881288595798,-0.016052913095184564,-0.01783394490177333
rev_orth,diag,2014-02-28,2014-03-31,0.0029198247031631797,1.9802125945817615,False,1.5886316531785476,0.000939612108581418,-0.0010406004860003437,-0.0030208130805821046
rev_orth,diag,2014-03-31,2014-04-30,0.006607597412656169,1.9883539541627846,False,1.3334219507024812,0.004619243458493384,0.0026308895043306,0.0006425355501678155
rev_orth,diag,2014-04-30,2014-05-31,0.005501107092973867,1.5172150144775294,False,1.3487428056125237,0.003983892078496338,0.0024666770640188085,0.0009494620495412789
rev_orth,diag,2014-05-31,2014-06-30,0.0040735362167476225,1.8952414314330392,False,1.4871831057030152,0.0021782947853145832,0.000283053353881544,-0.0016121880775514952
rev_orth,diag,2014-06-30,2014-07-31,0.006638633053141181,1.949992115503349,False,1.5170981944363247,0.004688640937637832,0.002738648822134483,0.0007886567066311342
rev_orth,diag,2014-07-31,2014-08-31,0.004974037481756299,1.5263595126597589,False,1.477160143037137,0.0034476779690965397,0.0019213184564367807,0.00039495894377702175
rev_orth,diag,2014-08-31,2014-09-30,0.019842894918276507,1.6689258913994633,False,1.288435612011002,0.018173969026877044,0.01650504313547758,0.014836117244078116
rev_orth,diag,2014-09-30,2014-10-31,0.02163459602198501,1.8230173504986313,False,1.4340284658212747,0.01981157867148638,0.017988561320987747,0.016165543970489117
rev_orth,diag,2014-10-31,2014-11-30,0.023588487438543585,1.7355369498540316,False,1.6227760548357542,0.021852950488689554,0.020117413538835522,0.01838187658898149
rev_orth,diag,2014-11-30,2014-12-31,0.016059149912055266,1.6912204165557458,False,1.4974688016528401,0.014367929495499521,0.012676709078943775,0.010985488662388028
rev_orth,diag,2014-12-31,2015-01-31,0.0015775731454232016,1.6663864012318594,False,1.5287701270111773,-8.881325580865798e-05,-0.0017551996570405175,-0.0034215860582723764
rev_orth,diag,2015-01-31,2015-02-28,0.01236298526228117,1.5838962436210597,False,1.6306394358067522,0.01077908901866011,0.009195192775039052,0.007611296531417991
rev_orth,diag,2015-02-28,2015-03-31,-0.005515914268801505,1.890031844503588,False,1.6063014038780496,-0.007405946113305093,-0.00929597795780868,-0.011186009802312269
rev_orth,diag,2015-03-31,2015-04-30,-0.0028066548047776143,1.498129714252133,False,1.3995105947378053,-0.004304784519029747,-0.005802914233281881,-0.007301043947534013
rev_orth,diag,2015-04-30,2015-05-31,0.0008423074729496441,1.7754543462655707,False,1.6045483564584688,-0.0009331468733159267,-0.0027086012195814977,-0.004484055565847068
rev_orth,diag,2015-05-31,2015-06-30,0.00040911662939103707,1.427169195016415,False,1.6660226750002822,-0.0010180525656253779,-0.0024452217606417926,-0.003872390955658208
rev_orth,diag,2015-06-30,2015-07-31,0.0024786691856713687,2.0524859474448958,False,1.4694411063377455,0.00042618323822647295,-0.0016263027092184227,-0.0036787886566633184
rev_orth,diag,2015-07-31,2015-08-31,0.006136762105885452,1.3960146944036018,False,1.4896663191144501,0.00474074741148185,0.0033447327170782483,0.0019487180226746463
rev_orth,diag,2015-08-31,2015-09-30,-0.01181457342231876,2.1420160131673702,False,1.5741842733480365,-0.01395658943548613,-0.0160986054486535,-0.018240621461820872
rev_orth,diag,2015-09-30,2015-10-31,-0.019660456337880234,1.979716137175959,False,1.5335971949692346,-0.021640172475056195,-0.023619888612232152,-0.02559960474940811
rev_orth,diag,2015-10-31,2015-11-30,-0.005693335253913154,2.036303766753592,False,1.60926651312612,-0.007729639020666746,-0.009765942787420337,-0.011802246554173931
rev_orth,diag,2015-11-30,2015-12-31,-0.003955416495689553,1.7925520559062438,False,1.6084227877754336,-0.005747968551595798,-0.007540520607502041,-0.009333072663408284
rev_orth,diag,2015-12-31,2016-01-31,-0.015467625305200246,2.11888222695903,False,1.6260631834250026,-0.017586507532159276,-0.019705389759118307,-0.021824271986077337
rev_orth,diag,2016-01-31,2016-02-29,-0.004071762700668602,1.5936141590387254,False,1.4233420617430819,-0.005665376859707328,-0.007258991018746053,-0.008852605177784778
rev_orth,diag,2016-02-29,2016-03-31,-0.012378955264117475,2.124956367949972,False,1.8459826016315164,-0.014503911632067447,-0.016628868000017418,-0.01875382436796739
rev_orth,diag,2016-03-31,2016-04-30,0.003164054305724623,2.1867294062777094,False,1.401224721561354,0.0009773248994469136,-0.001209404506830796,-0.0033961339131085054
rev_orth,diag,2016-04-30,2016-05-31,-0.013652005974300637,1.7043779012911906,False,1.704293784410936,-0.015356383875591828,-0.017060761776883017,-0.018765139678174208
rev_orth,diag,2016-05-31,2016-06-30,0.006651667970170327,1.8250664030850419,False,1.495869056298927,0.004826601567085285,0.003001535164000243,0.0011764687609152015
rev_orth,diag,2016-06-30,2016-07-31,0.007257684285205409,2.311408124342708,False,1.7411317970473994,0.004946276160862701,0.002634868036519993,0.00032345991217728586
rev_orth,diag,2016-07-31,2016-08-31,-0.02854792616906834,2.2680689141825243,False,1.613122182783622,-0.030815995083250863,-0.03308406399743339,-0.035352132911615916
rev_orth,diag,2016-08-31,2016-09-30,0.008820950045577064,2.288388070138514,False,1.6099668406444552,0.00653256197543855,0.004244173905300036,0.0019557858351615222
rev_orth,diag,2016-09-30,2016-10-31,0.012017696673201352,1.9493168185743284,False,1.5126133790103646,0.010068379854627024,0.008119063036052695,0.006169746217478366
rev_orth,diag,2016-10-31,2016-11-30,-0.020000928047675882,1.7505340801574092,False,1.5852844409221534,-0.021751462127833292,-0.0235019962079907,-0.02525253028814811
rev_orth,diag,2016-11-30,2016-12-31,0.002506684387879859,2.0055830886928074,False,1.620916117062395,0.0005011012991870518,-0.0015044817895057557,-0.003510064878198563
rev_orth,diag,2016-12-31,2017-01-31,-0.006664688859234128,1.9494470524429837,False,1.431442033450228,-0.00861413591167711,-0.010563582964120095,-0.012513030016563079
rev_orth,diag,2017-01-31,2017-02-28,0.0038856394399793236,1.7905188576819238,False,1.5304925995686085,0.0020951205822973998,0.00030460172461547596,-0.0014859171330664474
rev_orth,diag,2017-02-28,2017-03-31,-0.00032954275126128153,2.2719155075735187,False,1.5392066820986987,-0.0026014582588348,-0.004873373766408319,-0.007145289273981838
rev_orth,diag,2017-03-31,2017-04-30,-0.003262205406580085,2.257648153651437,False,1.522363182774826,-0.0055198535602315225,-0.007777501713882959,-0.010035149867534397
rev_orth,diag,2017-04-30,2017-05-31,-0.00751800007641621,2.3904422109179273,False,1.8422089875744285,-0.009908442287334137,-0.012298884498252064,-0.014689326709169993
rev_orth,diag,2017-05-31,2017-06-30,0.003717269146078431,2.612426310626092,False,1.8370295428268313,0.0011048428354523388,-0.0015075834751737535,-0.004120009785799846
rev_orth,diag,2017-06-30,2017-07-31,-0.013103965723366928,1.9332583664037495,False,1.4716657477762773,-0.015037224089770677,-0.016970482456174427,-0.018903740822578174
rev_orth,diag,2017-07-31,2017-08-31,0.011429436013422056,1.915528045481045,False,1.4922775688205605,0.00951390796794101,0.007598379922459967,0.005682851876978921
rev_orth,diag,2017-08-31,2017-09-30,0.0018713081429027796,1.8370515748597565,False,1.656203086114802,3.425656804302308e-05,-0.0018027950068167334,-0.0036398465816764904
rev_orth,diag,2017-09-30,2017-10-31,0.00696725570067349,2.1842536893930586,False,1.5867712216485503,0.004783002011280431,0.0025987483218873723,0.00041449463249431436
rev_orth,diag,2017-10-31,2017-11-30,-0.019780993891017982,1.761134914970938,False,1.7992964271050071,-0.02154212880598892,-0.02330326372095986,-0.025064398635930796
rev_orth,diag,2017-11-30,2017-12-31,0.011326345547778501,2.492540047286381,False,1.8308265535556343,0.00883380550049212,0.006341265453205739,0.003848725405919358
rev_orth,diag,2017-12-31,2018-01-31,0.011676239438369219,2.0880649648692144,False,1.7054358343023601,0.009588174473500004,0.00750010950863079,0.005412044543761575
rev_orth,diag,2018-01-31,2018-02-28,-0.01877178111324228,1.791493665976407,False,1.5980709379391966,-0.02056327477921869,-0.022354768445195097,-0.024146262111171504
rev_orth,diag,2018-02-28,2018-03-31,-0.01588661852306443,2.57103588562705,False,1.8802862985542155,-0.01845765440869148,-0.02102869029431853,-0.02359972617994558
rev_orth,diag,2018-03-31,2018-04-30,0.00607878428356482,2.3381194846570104,False,1.5096796316462564,0.00374066479890781,0.0014025453142507997,-0.0009355741704062106
rev_orth,diag,2018-04-30,2018-05-31,0.01374855344355546,2.248615529363229,False,1.7950359667903657,0.01149993791419223,0.009251322384829001,0.007002706855465773
rev_orth,diag,2018-05-31,2018-06-30,-0.03015927293959704,2.6461377237530703,False,1.6418707203442464,-0.03280541066335011,-0.03545154838710318,-0.03809768611085625
rev_orth,diag,2018-06-30,2018-07-31,0.028025322386389613,2.119563401419115,False,1.8414389811517324,0.0259057589849705,0.023786195583551384,0.021666632182132266
rev_orth,diag,2018-07-31,2018-08-31,0.010802121742521867,1.7570215289231566,False,1.5764486916838119,0.00904510021359871,0.007288078684675553,0.005531057155752397
rev_orth,diag,2018-08-31,2018-09-30,0.011932673411600411,1.7541153412967292,False,1.558179196312316,0.010178558070303682,0.008424442729006953,0.0066703273877102235
rev_orth,diag,2018-09-30,2018-10-31,-0.015910335677052384,1.9077565442259004,False,1.6410280396432584,-0.017818092221278285,-0.019725848765504185,-0.021633605309730086
rev_orth,diag,2018-10-31,2018-11-30,0.022377190127270963,1.8129432843534898,False,1.5991461845352686,0.020564246842917473,0.018751303558563984,0.016938360274210494
rev_orth,diag,2018-11-30,2018-12-31,0.013411086089928748,1.6535593652346934,False,1.5686791753060272,0.011757526724694054,0.01010396735945936,0.008450407994224668
rev_orth,diag,2018-12-31,2019-01-31,-0.0005851139716113627,1.7900407704103287,False,1.6164870480349138,-0.0023751547420216915,-0.0041651955124320204,-0.0059552362828423485
rev_orth,diag,2019-01-31,2019-02-28,0.002298463099665467,1.6892857799508816,False,1.7188161642125412,0.0006091773197145853,-0.0010801084602362963,-0.0027693942401871775
rev_orth,diag,2019-02-28,2019-03-31,-0.02279638393124782,1.8932165690957468,False,1.5566012516593783,-0.024689600500343564,-0.02658281706943931,-0.02847603363853506
rev_orth,diag,2019-03-31,2019-04-30,-0.022627525637779786,2.4331723115511674,False,1.535102895368892,-0.025060697949330954,-0.02749387026088212,-0.02992704257243329
rev_orth,diag,2019-04-30,2019-05-31,0.03522318679110529,2.2750754024995037,False,1.6264323561649305,0.03294811138860579,0.03067303598610628,0.028397960583606777
rev_orth,diag,2019-05-31,2019-06-30,-0.010025583906012612,1.9335883265110707,False,1.733120895019732,-0.011959172232523681,-0.013892760559034753,-0.015826348885545825
rev_orth,diag,2019-06-30,2019-07-31,-0.00019132114292988363,2.011765185830681,False,1.7278860779243679,-0.0022030863287605647,-0.004214851514591246,-0.006226616700421927
rev_orth,diag,2019-07-31,2019-08-31,0.006332969160403693,1.7626133587846304,False,1.5027879043416827,0.004570355801619063,0.002807742442834432,0.0010451290840498015
rev_orth,diag,2019-08-31,2019-09-30,-0.003987391910161186,1.2795478994765446,False,1.521747282672695,-0.00526693980963773,-0.006546487709114275,-0.007826035608590819
rev_orth,diag,2019-09-30,2019-10-31,0.017053408899664287,1.864560731292253,False,1.7120816124194465,0.015188848168372033,0.013324287437079781,0.011459726705787527
rev_orth,diag,2019-10-31,2019-11-30,0.002040822637917318,1.9883095101422101,False,1.5087213346832826,5.251312777510746e-05,-0.0019357963823671029,-0.003924105892509312
rev_orth,diag,2019-11-30,2019-12-31,0.0007651382410145555,1.608438140438711,False,1.7290009826667152,-0.0008432998994241555,-0.0024517380398628667,-0.004060176180301577
rev_orth,diag,2019-12-31,2020-01-31,0.014042694933573702,1.910039296773486,False,1.4141255389503338,0.012132655636800216,0.01022261634002673,0.008312577043253243
rev_orth,diag,2020-01-31,2020-02-29,0.014818164677744276,1.504279494753828,False,1.3890604563568514,0.013313885182990447,0.01180960568823662,0.010305326193482792
rev_orth,diag,2020-02-29,2020-03-31,0.037194482480233715,1.6885257900890438,False,1.5056584803052495,0.03550595669014467,0.03381743090005563,0.032128905109966584
rev_orth,diag,2020-03-31,2020-04-30,-0.004125927547752416,1.6793494678526408,False,1.4371989596749504,-0.0058052770156050565,-0.007484626483457698,-0.009163975951310339
rev_orth,diag,2020-04-30,2020-05-31,-0.017829908240531912,1.4640749823989696,False,1.5630966370512382,-0.019293983222930883,-0.020758058205329853,-0.02222213318772882
rev_orth,diag,2020-05-31,2020-06-30,0.007659668517166698,1.575673450876336,False,1.5481005371105176,0.006083995066290362,0.004508321615414026,0.0029326481645376903
rev_orth,diag,2020-06-30,2020-07-31,0.005403493829628718,1.7860607414479808,False,1.3042414996296334,0.0036174330881807368,0.0018313723467327562,4.531160528477556e-05
rev_orth,diag,2020-07-31,2020-08-31,-0.006951017718265486,1.8315574225638633,False,1.445196466371843,-0.008782575140829349,-0.010614132563393212,-0.012445689985957076
rev_orth,diag,2020-08-31,2020-09-30,0.0029671977872750875,1.7479677509695943,False,1.3745879152480929,0.001219230036305493,-0.0005287377146641014,-0.002276705465633695
rev_orth,diag,2020-09-30,2020-10-31,0.009563896582445483,1.7586518811522893,False,1.5232771713315407,0.007805244701293194,0.006046592820140905,0.004287940938988615
rev_orth,diag,2020-10-31,2020-11-30,0.006506172918799658,1.8504822382692183,False,1.2990255122888772,0.00465569068053044,0.002805208442261221,0.0009547262039920033
rev_orth,diag,2020-11-30,2020-12-31,-0.011595043508007791,2.013967921916646,False,1.3112478308867919,-0.013609011429924437,-0.015622979351841083,-0.017636947273757732
rev_orth,diag,2020-12-31,2021-01-31,0.013024691056779907,1.9355330864650093,False,1.3086820742831033,0.011089157970314897,0.009153624883849888,0.007218091797384879
rev_orth,diag,2021-01-31,2021-02-28,0.0052249090489621215,1.3254726645741832,False,1.2337855567670875,0.003899436384387938,0.002573963719813755,0.0012484910552395716
rev_orth,diag,2021-02-28,2021-03-31,0.01289959963816153,1.592057223278702,False,1.5020737294036566,0.011307542414882828,0.009715485191604126,0.008123427968325424
rev_orth,diag,2021-03-31,2021-04-30,0.010161275626868686,1.8802557298676505,False,1.205769102152639,0.008281019897001037,0.006400764167133385,0.004520508437265734
rev_orth,diag,2021-04-30,2021-05-31,0.00812336539459799,1.3158181743179396,False,1.12540018192861,0.00680754722028005,0.005491729045962111,0.0041759108716441715
rev_orth,diag,2021-05-31,2021-06-30,-0.013205411402780561,1.4992479262674832,False,1.3114282789258016,-0.014704659329048044,-0.01620390725531553,-0.01770315518158301
rev_orth,diag,2021-06-30,2021-07-31,-0.006100976274570244,1.5674162883591032,False,1.2766730523170164,-0.007668392562929348,-0.009235808851288451,-0.010803225139647554
rev_orth,diag,2021-07-31,2021-08-31,0.004236577780280918,1.272406180156806,False,1.2294105291914845,0.0029641716001241117,0.0016917654199673057,0.0004193592398104998
rev_orth,diag,2021-08-31,2021-09-30,-0.005968784284369069,1.8968586500910245,False,1.4483987948135164,-0.007865642934460093,-0.009762501584551117,-0.011659360234642143
rev_orth,diag,2021-09-30,2021-10-31,0.0010980645186646036,1.7312438718283918,False,1.302194302875124,-0.0006331793531637881,-0.00236442322499218,-0.004095667096820572
rev_orth,diag,2021-10-31,2021-11-30,-0.019288271596894772,1.4461446719267954,False,1.3436815296913016,-0.020734416268821568,-0.022180560940748363,-0.02362670561267516
rev_orth,diag,2021-11-30,2021-12-31,0.009789622324297267,1.3872461287993683,False,1.355990342053714,0.008402376195497899,0.007015130066698531,0.005627883937899162
rev_orth,diag,2021-12-31,2022-01-31,-0.006769437679049803,1.646107685877739,False,1.3024453029662657,-0.008415545364927543,-0.01006165305080528,-0.011707760736683021
rev_orth,diag,2022-01-31,2022-02-28,-0.017733708545849023,1.5992120225611306,False,1.1513096815151176,-0.019332920568410152,-0.020932132590971285,-0.022531344613532414
rev_orth,diag,2022-02-28,2022-03-31,-0.00041414310790880045,1.3121026477886222,False,1.2788715651521327,-0.0017262457556974226,-0.0030383484034860447,-0.004350451051274667
rev_orth,diag,2022-03-31,2022-04-30,0.008052925175174051,1.6726409421096873,False,1.4928285138488275,0.006380284233064364,0.004707643290954676,0.0030350023488449895
rev_orth,diag,2022-04-30,2022-05-31,-0.0017588803433224963,1.5206773604510648,False,1.1641492560548787,-0.003279557703773561,-0.0048002350642246255,-0.006320912424675691
rev_orth,diag,2022-05-31,2022-06-30,-0.026277489061008425,1.5668847317440575,False,1.3874965369307741,-0.027844373792752484,-0.02941125852449654,-0.030978143256240598
rev_orth,diag,2022-06-30,2022-07-31,0.011869556700624687,1.6404943971066779,False,1.5691519668684564,0.010229062303518008,0.00858856790641133,0.006948073509304653
rev_orth,diag,2022-07-31,2022-08-31,-0.0069855687221213845,1.7796119422111454,False,1.2226746589056166,-0.00876518066433253,-0.010544792606543675,-0.01232440454875482
rev_orth,diag,2022-08-31,2022-09-30,-0.0022664356143093107,1.49619931404187,False,1.2652420926336434,-0.0037626349283511806,-0.0052588342423930505,-0.00675503355643492
rev_orth,diag,2022-09-30,2022-10-31,0.0012579099305299818,1.1689653942144982,False,1.4253336126193046,8.894453631548365e-05,-0.0010800208578990145,-0.002248986252113513
rev_orth,diag,2022-10-31,2022-11-30,-0.026306722896120925,1.7286973192800685,False,1.3696511495420791,-0.028035420215400994,-0.029764117534681063,-0.03149281485396113
rev_orth,diag,2022-11-30,2022-12-31,-0.00274080510508777,1.7803399215057758,False,1.3957395882365784,-0.004521145026593546,-0.006301484948099322,-0.008081824869605098
rev_orth,diag,2022-12-31,2023-01-31,-0.022249565696334513,1.205517654778743,False,1.3793689350309495,-0.023455083351113258,-0.024660601005892,-0.02586611866067074
rev_orth,diag,2023-01-31,2023-02-28,-0.017517154364753724,1.2609470116629293,False,1.1689714285167208,-0.018778101376416653,-0.020039048388079583,-0.021299995399742512
rev_orth,diag,2023-02-28,2023-03-31,-0.0029026160967118744,1.5099267173701545,False,1.3511188564493044,-0.004412542814082029,-0.005922469531452184,-0.007432396248822339
rev_orth,diag,2023-03-31,2023-04-30,-0.008412126895102593,1.8106130268243092,False,1.3298977916327437,-0.010222739921926903,-0.012033352948751212,-0.013843965975575521
rev_orth,diag,2023-04-30,2023-05-31,-0.031033756142874052,1.5546808158958174,False,1.3019000759968176,-0.03258843695876987,-0.034143117774665686,-0.035697798590561505
rev_orth,diag,2023-05-31,2023-06-30,0.00838401149941112,1.4216221003913254,False,1.461542917423589,0.006962389399019795,0.0055407672986284694,0.004119145198237144
rev_orth,diag,2023-06-30,2023-07-31,-0.005045757755423907,1.7094428906912933,False,1.1932457127067562,-0.006755200646115201,-0.008464643536806494,-0.010174086427497786
rev_orth,diag,2023-07-31,2023-08-31,-0.00012737388001058989,1.5785673587752171,False,1.1264197935538096,-0.001705941238785807,-0.0032845085975610243,-0.004863075956336241
rev_orth,diag,2023-08-31,2023-09-30,-0.010467887687982933,1.117319672533625,False,1.1880030759814098,-0.011585207360516558,-0.012702527033050182,-0.013819846705583809
rev_orth,diag,2023-09-30,2023-10-31,-0.0036505150299715947,1.687195643934132,False,1.25385565838668,-0.005337710673905727,-0.007024906317839859,-0.00871210196177399
rev_orth,diag,2023-10-31,2023-11-30,-0.01384034658786296,1.6433517860543552,False,1.243864992099345,-0.015483698373917314,-0.01712705015997167,-0.018770401946026024
rev_orth,diag,2023-11-30,2023-12-31,0.007070685247432162,2.26769642357966,False,1.3790987871238647,0.004802988823852501,0.0025352924002728415,0.000267595976693181
rev_orth,diag,2023-12-31,2024-01-31,-0.005652834130302313,1.631666640008258,False,1.297035965524074,-0.007284500770310572,-0.00891616741031883,-0.010547834050327087
rev_orth,diag,2024-01-31,2024-02-29,0.004431898070674958,1.9025480622719158,False,1.1694827289579208,0.0025293500084030427,0.0006268019461311268,-0.0012757461161407892
rev_orth,diag,2024-02-29,2024-03-31,0.002122651063483055,1.5759432443151542,False,1.344846814468315,0.0005467078191679006,-0.0010292354251472536,-0.0026051786694624075
rev_orth,diag,2024-03-31,2024-04-30,0.010094331345924643,1.6482992416784608,False,1.1352299780327348,0.008446032104246182,0.006797732862567721,0.00514943362088926
rev_orth,diag,2024-04-30,2024-05-31,-0.0014448892039754014,1.8339002973403502,False,1.3328697511642538,-0.0032787895013157518,-0.005112689798656102,-0.006946590095996452
rev_orth,diag,2024-05-31,2024-06-30,-0.020245969673101043,1.8333756143385762,False,1.3249119731368968,-0.022079345287439617,-0.023912720901778196,-0.02574609651611677
rev_orth,diag,2024-06-30,2024-07-31,0.016649318699002054,1.8593462881085892,False,1.0557912777489884,0.014789972410893465,0.012930626122784875,0.011071279834676286
rev_orth,diag,2024-07-31,2024-08-31,-0.0024044447217562294,1.7324333984970628,False,1.3597592013401214,-0.004136878120253292,-0.0058693115187503555,-0.0076017449172474175
rev_orth,diag,2024-08-31,2024-09-30,0.010880654360052531,1.7885101670392038,False,1.2751217957098875,0.009092144193013327,0.007303634025974124,0.00551512385893492
rev_orth,diag,2024-09-30,2024-10-31,0.0053931542026839155,1.7484134594622882,False,1.2648333648964736,0.003644740743221627,0.0018963272837593391,0.00014791382429705114
rev_orth,diag,2024-10-31,2024-11-30,-0.006365124259188678,1.6709768109840202,False,1.2892728376518419,-0.008036101070172698,-0.009707077881156718,-0.011378054692140739
rev_orth,diag,2024-11-30,2024-12-31,-0.028875730725553026,1.7417819877067868,False,1.2929059497063147,-0.030617512713259812,-0.0323592947009666,-0.03410107668867339
rev_orth,diag,2024-12-31,2025-01-31,-0.0058289786306470305,2.060343966962632,False,1.3826148304310313,-0.007889322597609662,-0.009949666564572295,-0.012010010531534925
rev_orth,diag,2025-01-31,2025-02-28,-0.00566376006898784,1.717197880946912,False,1.2464114542636617,-0.007380957949934752,-0.009098155830881664,-0.010815353711828575
rev_orth,diag,2025-02-28,2025-03-31,0.02432818749552871,2.2147181402268834,False,1.443302956977627,0.022113469355301826,0.019898751215074943,0.01768403307484806
rev_orth,diag,2025-03-31,2025-04-30,0.010943236778062485,1.7129754067833498,False,1.0899211634058508,0.009230261371279134,0.007517285964495785,0.005804310557712435
rev_orth,diag,2025-04-30,2025-05-31,-0.0007184601413572281,1.6709760789460564,False,1.1528368946227465,-0.0023894362203032843,-0.004060412299249341,-0.005731388378195397
rev_orth,diag,2025-05-31,2025-06-30,-0.03408070608253818,1.3277526851164545,False,1.3076926730328986,-0.03540845876765463,-0.03673621145277109,-0.03806396413788754
rev_orth,diag,2025-06-30,2025-07-31,-0.010895557684715623,1.4042992012697675,False,1.085357927331645,-0.01229985688598539,-0.013704156087255158,-0.015108455288524926
rev_orth,diag,2025-07-31,2025-08-31,0.002302790019525622,1.2800180632413236,False,1.3462170281619508,0.0010227719562842983,-0.0002572461069570253,-0.001537264170198349
rev_orth,diag,2025-08-31,2025-09-30,0.016923293875011743,1.286452757764698,False,1.2441339836601966,0.015636841117247044,0.014350388359482347,0.013063935601717648
rev_orth,diag,2025-09-30,2025-10-31,0.012907756388686575,1.5312185989783205,False,1.2620809753676279,0.011376537789708254,0.009845319190729934,0.008314100591751614
rev_orth,diag,2025-10-31,2025-11-30,-0.005764006997540733,1.4395427638392757,False,1.4638406404775828,-0.007203549761380009,-0.008643092525219285,-0.01008263528905856
rev_orth,diag,2025-11-30,2025-12-31,0.001111777611018107,1.3288274131670825,False,1.6122999357162835,-0.00021704980214897547,-0.001545877215316058,-0.00287470462848314
rev_orth,diag,2025-12-31,2026-01-31,0.01777976344247876,1.6098123852143034,False,1.4711059218349496,0.016169951057264455,0.014560138672050152,0.012950326286835848
blend,mv,1995-01-31,1995-02-28,0.014319128743782559,1.575517813140712,True,1.575517813140712,0.012743610930641847,0.011168093117501134,0.009592575304360423
blend,mv,1995-02-28,1995-03-31,-0.0022961783215268393,0.9019574638306698,False,1.509623047852324,-0.003198135785357509,-0.004100093249188179,-0.005002050713018848
blend,mv,1995-03-31,1995-04-30,0.029579631661747756,0.6875336078140143,False,1.5292191947349874,0.02889209805393374,0.028204564446119726,0.027517030838305714
blend,mv,1995-04-30,1995-05-31,-0.0006317084258654392,0.7350316562020414,False,1.657086513366614,-0.0013667400820674806,-0.002101771738269522,-0.002836803394471563
blend,mv,1995-05-31,1995-06-30,0.016153224679933118,0.8600764358412826,False,1.6353948010624328,0.015293148244091835,0.014433071808250552,0.01357299537240927
blend,mv,1995-06-30,1995-07-31,0.0008804720575090818,0.6183799279575004,False,1.6395864271093974,0.0002620921295515814,-0.000356287798405919,-0.0009746677263634194
blend,mv,1995-07-31,1995-08-31,-0.002050364726920141,0.7218585333049274,False,1.4735552198112054,-0.002772223260225069,-0.003494081793529996,-0.004215940326834923
blend,mv,1995-08-31,1995-09-30,0.02084374145601265,0.676496177037772,False,1.550307113038719,0.020167245278974878,0.019490749101937106,0.018814252924899334
blend,mv,1995-09-30,1995-10-31,0.034064932421483084,0.6322777243702058,False,1.5185436612724805,0.03343265469711288,0.03280037697274267,0.03216809924837247
blend,mv,1995-10-31,1995-11-30,-0.023773037397759735,0.7663273859474569,False,1.556459175782655,-0.02453936478370719,-0.02530569216965465,-0.026072019555602104
blend,mv,1995-11-30,1995-12-31,-0.002599793061249705,0.6315997081226166,False,1.4490431914225224,-0.0032313927693723215,-0.003862992477494938,-0.004494592185617555
blend,mv,1995-12-31,1996-01-31,0.005180662943449901,0.7450733831274694,False,1.6728725288609703,0.004435589560322431,0.003690516177194962,0.0029454427940674923
blend,mv,1996-01-31,1996-02-29,0.005868084900699546,0.7240211346854474,False,1.6415725563170558,0.0051440637660140984,0.004420042631328652,0.003696021496643204
blend,mv,1996-02-29,1996-03-31,-0.023170509295203718,0.7285401977747464,False,1.637341700148034,-0.023899049492978466,-0.02462758969075321,-0.025356129888527958
blend,mv,1996-03-31,1996-04-30,-0.009844172709841602,0.6988790524677291,False,1.7300960986161356,-0.010543051762309331,-0.01124193081477706,-0.01194080986724479
blend,mv,1996-04-30,1996-05-31,-0.0012254584762297841,0.8612140210811092,False,1.7421638431592377,-0.0020866724973108933,-0.0029478865183920023,-0.003809100539473112
blend,mv,1996-05-31,1996-06-30,-0.004312314191484579,0.9319058039135476,False,1.8408100202743292,-0.005244219995398127,-0.006176125799311674,-0.007108031603225222
blend,mv,1996-06-30,1996-07-31,0.011398671145730472,0.8856806275594676,False,1.9752781741527539,0.010512990518171004,0.009627309890611536,0.008741629263052069
blend,mv,1996-07-31,1996-08-31,0.004159266854903109,0.7764055128104146,False,1.7703647487424574,0.0033828613420926945,0.00260645582928228,0.0018300503164718654
blend,mv,1996-08-31,1996-09-30,0.007320067766076421,0.8129970635882684,False,1.8188420777860381,0.006507070702488152,0.0056940736388998835,0.004881076575311616
blend,mv,1996-09-30,1996-10-31,0.0059072627386664665,1.0226640540071945,False,1.8523881408908107,0.004884598684659272,0.0038619346306520775,0.002839270576644883
blend,mv,1996-10-31,1996-11-30,-0.010157953687404808,1.0358703155923772,False,1.8984033573473864,-0.011193824002997184,-0.012229694318589562,-0.01326556463418194
blend,mv,1996-11-30,1996-12-31,0.005490316468535464,0.9883133335851401,False,1.842735204269361,0.0045020031349503244,0.003513689801365184,0.002525376467780044
blend,mv,1996-12-31,1997-01-31,0.02510447448758024,0.9667061154288918,False,1.8794124286211376,0.02413776837215135,0.02317106225672246,0.022204356141293565
blend,mv,1997-01-31,1997-02-28,-0.019931657925952778,0.9170305572528912,False,1.6855432049036778,-0.02084868848320567,-0.02176571904045856,-0.022682749597711452
blend,mv,1997-02-28,1997-03-31,0.01155095748284426,0.9158171142277268,False,1.601407175324773,0.010635140368616533,0.009719323254388807,0.00880350614016108
blend,mv,1997-03-31,1997-04-30,0.014661504694685492,0.9181667849745296,False,1.7404632817207089,0.013743337909710962,0.012825171124736433,0.011907004339761903
blend,mv,1997-04-30,1997-05-31,-0.0019890809039852762,0.9260929467518396,False,1.7380551360823486,-0.002915173850737116,-0.0038412667974889554,-0.0047673597442407945
blend,mv,1997-05-31,1997-06-30,0.013461036839603141,0.8950118705925757,False,1.6664273359423205,0.012566024969010565,0.01167101309841799,0.010776001227825415
blend,mv,1997-06-30,1997-07-31,0.055360170005206516,0.8703923308315842,False,1.6713746137309777,0.054489777674374934,0.053619385343543345,0.05274899301271176
blend,mv,1997-07-31,1997-08-31,-0.029477192566425205,0.8638016602719016,False,1.616495983510048,-0.030340994226697105,-0.03120479588696901,-0.03206859754724091
blend,mv,1997-08-31,1997-09-30,-0.001216412952841792,0.9274672849985056,False,1.3669701172808937,-0.0021438802378402977,-0.0030713475228388034,-0.003998814807837309
blend,mv,1997-09-30,1997-10-31,0.017172603822702602,0.9091414683391917,False,1.65400965728888,0.01626346235436341,0.015354320886024219,0.014445179417685026
blend,mv,1997-10-31,1997-11-30,0.00020449434956375118,0.9594786340211598,False,1.7536298939568509,-0.0007549842844574087,-0.0017144629184785685,-0.0026739415524997283
blend,mv,1997-11-30,1997-12-31,0.012094827929034041,0.8939078003263129,False,1.5537150370443549,0.011200920128707728,0.010307012328381415,0.009413104528055102
blend,mv,1997-12-31,1998-01-31,0.007769942591594839,1.1056613353176599,False,1.6347120256158374,0.006664281256277179,0.0055586199209595195,0.00445295858564186
blend,mv,1998-01-31,1998-02-28,-0.004611183377694298,0.9237555742799073,False,1.4374784179305968,-0.005534938951974206,-0.006458694526254112,-0.00738245010053402
blend,mv,1998-02-28,1998-03-31,-0.0010610491136892803,1.0121020192233994,False,1.491656797316923,-0.0020731511329126796,-0.003085253152136079,-0.004097355171359479
blend,mv,1998-03-31,1998-04-30,-0.018215799379488112,0.8718877577847013,False,1.5986680954300443,-0.019087687137272814,-0.019959574895057515,-0.020831462652842216
blend,mv,1998-04-30,1998-05-31,0.02447957127531159,0.7807953700718194,False,1.6557267657888062,0.02369877590523977,0.022917980535167953,0.022137185165096135
blend,mv,1998-05-31,1998-06-30,0.05401903609428734,0.7181219455373229,False,1.6328341483454296,0.05330091414875002,0.05258279220321269,0.051864670257675376
blend,mv,1998-06-30,1998-07-31,0.023149374978526854,0.8610886606277407,False,1.4972098887757939,0.022288286317899114,0.02142719765727137,0.020566108996643632
blend,mv,1998-07-31,1998-08-31,0.010468764499010125,0.6717861117808944,False,1.362832727883181,0.009796978387229231,0.009125192275448337,0.00845340616366744
blend,mv,1998-08-31,1998-09-30,-0.03945680238657922,0.545990955837078,False,1.260362070806674,-0.0400027933424163,-0.04054878429825338,-0.04109477525409045
blend,mv,1998-09-30,1998-10-31,-0.019837257898333117,0.8477070960838403,False,1.1904130607401,-0.02068496499441696,-0.021532672090500797,-0.02238037918658464
blend,mv,1998-10-31,1998-11-30,0.01049481477290099,0.6069529225417208,False,1.3025707828902517,0.009887861850359269,0.009280908927817548,0.008673956005275827
blend,mv,1998-11-30,1998-12-31,0.0481909795262368,0.6014096272749442,False,1.4033383930696004,0.047589569898961855,0.04698816027168691,0.046386750644411966
blend,mv,1998-12-31,1999-01-31,0.04639847682136625,0.610513624425975,False,1.2564149336282622,0.04578796319694027,0.045177449572514294,0.044566935948088325
blend,mv,1999-01-31,1999-02-28,-0.009057362682107682,0.6620022623128997,False,1.2071022619855936,-0.009719364944420581,-0.010381367206733482,-0.011043369469046382
blend,mv,1999-02-28,1999-03-31,0.013179982440286106,0.587487196517584,False,1.1267555917148409,0.012592495243768521,0.012005008047250939,0.011417520850733354
blend,mv,1999-03-31,1999-04-30,-0.05146979730433317,0.5048376329395494,False,1.216970418102033,-0.051974634937272716,-0.052479472570212266,-0.052984310203151815
blend,mv,1999-04-30,1999-05-31,-0.00525556401913622,0.7182205344274541,False,1.212995414663951,-0.005973784553563674,-0.006692005087991129,-0.007410225622418583
blend,mv,1999-05-31,1999-06-30,0.028923615555491822,0.6480708898339689,False,1.3356103307978462,0.028275544665657855,0.027627473775823884,0.026979402885989916
blend,mv,1999-06-30,1999-07-31,0.016268160684172778,0.6247915598050915,False,1.3955264801790244,0.015643369124367687,0.015018577564562595,0.014393786004757504
blend,mv,1999-07-31,1999-08-31,0.009883712650119263,0.6225382911831803,False,1.3990607455747672,0.009261174358936083,0.008638636067752902,0.008016097776569722
blend,mv,1999-08-31,1999-09-30,0.023352075808037748,0.5962016058771259,False,1.2766958080190738,0.02275587420216062,0.022159672596283497,0.02156347099040637
blend,mv,1999-09-30,1999-10-31,0.03561231400223949,0.5220979413806944,False,1.209328183901101,0.0350902160608588,0.0345681181194781,0.03404602017809741
blend,mv,1999-10-31,1999-11-30,0.019820158278548636,0.6834948356902504,False,1.1793448605461445,0.019136663442858387,0.018453168607168134,0.017769673771477885
blend,mv,1999-11-30,1999-12-31,0.04631858783887431,0.5270327764555488,False,1.1305680990410898,0.04579155506241876,0.04526452228596321,0.044737489509507664
blend,mv,1999-12-31,2000-01-31,-0.007617095296621887,0.5997907304602169,False,1.1127048981349756,-0.008216886027082104,-0.008816676757542321,-0.009416467488002537
blend,mv,2000-01-31,2000-02-29,0.054415220090025335,0.5402876644362931,False,1.185110695623866,0.053874932425589044,0.053334644761152745,0.052794357096716454
blend,mv,2000-02-29,2000-03-31,0.002311834554551356,0.5196213547864188,False,1.1037294313585564,0.001792213199764937,0.0012725918449785181,0.0007529704901920993
blend,mv,2000-03-31,2000-04-30,-0.029931620677105825,0.6057111209224478,False,1.023515827053545,-0.030537331798028273,-0.03114304291895072,-0.03174875403987317
blend,mv,2000-04-30,2000-05-31,-0.02066485151863727,0.5756037369674081,False,0.9204025250174462,-0.021240455255604678,-0.021816058992572086,-0.022391662729539494
blend,mv,2000-05-31,2000-06-30,0.03290918615630779,0.5522568729650726,False,1.1235696575667993,0.032356929283342724,0.03180467241037765,0.03125241553741258
blend,mv,2000-06-30,2000-07-31,-0.010515424754431789,0.43007081655900603,False,1.1792006831952857,-0.010945495570990794,-0.011375566387549801,-0.011805637204108807
blend,mv,2000-07-31,2000-08-31,0.03735244247773922,0.49484405835732836,False,1.1518811861603973,0.036857598419381896,0.03636275436102457,0.035867910302667234
blend,mv,2000-08-31,2000-09-30,-0.0006465984544269293,0.6058028293799809,False,1.120338912690047,-0.00125240128380691,-0.0018582041131868909,-0.002464006942566872
blend,mv,2000-09-30,2000-10-31,-0.015584765047793053,0.4570417635034374,False,1.160939118151791,-0.01604180681129649,-0.016498848574799926,-0.016955890338303366
blend,mv,2000-10-31,2000-11-30,-0.023446682363140167,0.45602305776212776,False,1.1482618229089736,-0.023902705420902295,-0.024358728478664424,-0.024814751536426552
blend,mv,2000-11-30,2000-12-31,0.0009588369753657924,0.49428488546734545,False,1.1750785088290159,0.0004645520898984469,-2.9732795568898607e-05,-0.0005240176810362439
blend,mv,2000-12-31,2001-01-31,-0.06278981352024712,0.5451872670862048,False,1.1950044184325055,-0.06333500078733333,-0.06388018805441953,-0.06442537532150573
blend,mv,2001-01-31,2001-02-28,0.007326983623992878,0.67276417799762,False,1.1075355034837153,0.0066542194459952575,0.005981455267997638,0.005308691090000018
blend,mv,2001-02-28,2001-03-31,0.009153204875673742,0.5137944871970187,False,1.073888233964573,0.008639410388476723,0.008125615901279705,0.007611821414082686
blend,mv,2001-03-31,2001-04-30,-0.00039989783652589643,0.5798010308911159,False,1.0124798564433093,-0.0009796988674170123,-0.0015594998983081284,-0.0021393009291992443
blend,mv,2001-04-30,2001-05-31,0.007285603005719061,0.5763769321903371,False,1.0573566412678965,0.006709226073528724,0.006132849141338387,0.005556472209148049
blend,mv,2001-05-31,2001-06-30,0.006620331247003985,0.6663548742431953,False,1.1112704465256185,0.00595397637276079,0.0052876214985175946,0.004621266624274399
blend,mv,2001-06-30,2001-07-31,0.007086533617634393,0.6194949451159496,False,1.157100183831672,0.006467038672518443,0.005847543727402494,0.0052280487822865445
blend,mv,2001-07-31,2001-08-31,0.001352409979068447,0.6600944249526164,False,0.9923836493930115,0.0006923155541158306,3.2221129163214225e-05,-0.0006278732957894024
blend,mv,2001-08-31,2001-09-30,0.024889266424751182,0.5506206457659297,False,0.9829514666237386,0.024338645778985254,0.023788025133219322,0.023237404487453393
blend,mv,2001-09-30,2001-10-31,-0.010421007123181674,0.5847520496282586,False,0.9125241195789707,-0.011005759172809933,-0.01159051122243819,-0.01217526327206645
blend,mv,2001-10-31,2001-11-30,-0.02992274909364724,0.5084154504866136,False,0.81626928403314,-0.030431164544133856,-0.030939579994620468,-0.03144799544510708
blend,mv,2001-11-30,2001-12-31,0.015352279062225587,0.4430740136719617,False,0.9268402483827991,0.014909205048553626,0.014466131034881664,0.014023057021209703
blend,mv,2001-12-31,2002-01-31,0.023997633775113932,0.507872216236251,False,0.9818894455870221,0.02348976155887768,0.02298188934264143,0.02247401712640518
blend,mv,2002-01-31,2002-02-28,0.01941576491789511,0.49134622781626025,False,1.0154243423132874,0.01892441869007885,0.018433072462262588,0.01794172623444633
blend,mv,2002-02-28,2002-03-31,0.009217378024530102,0.49201493188509954,False,1.072928223442388,0.008725363092645003,0.008233348160759903,0.007741333228874803
blend,mv,2002-03-31,2002-04-30,0.03342613049094742,0.4949615334540324,False,0.9535390145178458,0.03293116895749339,0.032436207424039354,0.03194124589058532
blend,mv,2002-04-30,2002-05-31,0.008258523005490044,0.38253279222375836,False,0.973285756630123,0.007875990213266286,0.0074934574210425275,0.007110924628818769
blend,mv,2002-05-31,2002-06-30,0.0008237761897007102,0.38862186416299016,False,0.961921211439658,0.0004351543255377201,4.653246137472993e-05,-0.0003420894027882603
blend,mv,2002-06-30,2002-07-31,-0.017522805837015612,0.3195722688525342,False,0.9007247550677382,-0.017842378105868147,-0.01816195037472068,-0.018481522643573216
blend,mv,2002-07-31,2002-08-31,0.0286345715208115,0.38694938014014174,False,0.8876774631067759,0.028247622140671357,0.027860672760531217,0.027473723380391075
blend,mv,2002-08-31,2002-09-30,0.02799435956628831,0.431762148148816,False,0.9905974985188476,0.027562597418139496,0.027130835269990678,0.026699073121841863
blend,mv,2002-09-30,2002-10-31,-0.02265299805360778,0.4116820429862854,False,1.071459339557427,-0.023064680096594063,-0.023476362139580348,-0.023888044182566636
blend,mv,2002-10-31,2002-11-30,-0.03389111371662467,0.4996589916737448,False,1.049626224043576,-0.03439077270829841,-0.034890431699972156,-0.035390090691645906
blend,mv,2002-11-30,2002-12-31,0.02232480308667616,0.4619816765075024,False,0.9460851575146522,0.021862821410168657,0.021400839733661154,0.020938858057153655
blend,mv,2002-12-31,2003-01-31,-0.003751182789659133,0.37890352102508046,False,1.0002719066825048,-0.004130086310684213,-0.004508989831709294,-0.004887893352734374
blend,mv,2003-01-31,2003-02-28,-0.004596921973458895,0.36936751125013734,False,0.9466597002183461,-0.004966289484709033,-0.00533565699595917,-0.005705024507209307
blend,mv,2003-02-28,2003-03-31,-0.015584742495164613,0.4987108565674195,False,1.121943970493035,-0.016083453351732033,-0.01658216420829945,-0.01708087506486687
blend,mv,2003-03-31,2003-04-30,-0.00900374536334585,0.45521916874035073,False,1.2370888688693764,-0.009458964532086202,-0.009914183700826551,-0.010369402869566903
blend,mv,2003-04-30,2003-05-31,-0.02244432684512588,0.6209695693419716,False,1.3062431388854372,-0.02306529641446785,-0.023686265983809823,-0.024307235553151795
blend,mv,2003-05-31,2003-06-30,-0.0009781503368305258,0.5479420490524233,False,1.2770023776189465,-0.001526092385882949,-0.002074034434935372,-0.002621976483987796
blend,mv,2003-06-30,2003-07-31,-0.0057330001898253345,0.5282665201906407,False,1.1994909032600798,-0.006261266710015975,-0.006789533230206616,-0.007317799750397256
blend,mv,2003-07-31,2003-08-31,-0.00957925894073966,0.5262652031903412,False,1.103650507470092,-0.010105524143930001,-0.010631789347120342,-0.011158054550310683
blend,mv,2003-08-31,2003-09-30,0.014346807641355765,0.6444480905680482,False,1.1802603591209992,0.013702359550787717,0.013057911460219668,0.01241346336965162
blend,mv,2003-09-30,2003-10-31,0.020156448247203487,0.5905495169563446,False,0.9795880194318014,0.019565898730247142,0.018975349213290797,0.018384799696334452
blend,mv,2003-10-31,2003-11-30,0.01269446600005699,0.5114856176159718,False,1.0340782282871896,0.01218298038244102,0.011671494764825046,0.011160009147209075
blend,mv,2003-11-30,2003-12-31,-0.024793439905190263,0.5040814602469348,False,0.9948449136592156,-0.025297521365437198,-0.025801602825684132,-0.026305684285931066
blend,mv,2003-12-31,2004-01-31,-0.012687866196748398,0.4043199507683569,False,0.8846165338621013,-0.013092186147516754,-0.013496506098285111,-0.013900826049053468
blend,mv,2004-01-31,2004-02-29,0.009340687785304539,0.43030557880106196,False,0.9939844166017718,0.008910382206503477,0.008480076627702414,0.008049771048901352
blend,mv,2004-02-29,2004-03-31,0.00825484924819487,0.6639993556094317,False,1.1806639387668607,0.007590849892585439,0.006926850536976007,0.006262851181366576
blend,mv,2004-03-31,2004-04-30,-0.033443571060275984,0.4839352113107029,False,1.1451776898305857,-0.03392750627158669,-0.03441144148289739,-0.03489537669420809
blend,mv,2004-04-30,2004-05-31,0.003217166820560175,0.4593138343872985,False,1.0761135705317413,0.0027578529861728763,0.002298539151785578,0.0018392253173982794
blend,mv,2004-05-31,2004-06-30,0.002370120211649536,0.813046135793941,False,1.4132609958091193,0.0015570740758555947,0.0007440279400616537,-6.901819573228727e-05
blend,mv,2004-06-30,2004-07-31,-0.017092922426595696,0.5996289925787286,False,1.2928117439024636,-0.017692551419174425,-0.018292180411753154,-0.018891809404331883
blend,mv,2004-07-31,2004-08-31,-0.008604437978284026,0.6443721495085764,False,1.2842499808411088,-0.009248810127792603,-0.009893182277301179,-0.010537554426809755
blend,mv,2004-08-31,2004-09-30,0.022330488054750464,0.7402924241638928,False,1.38258560652671,0.021590195630586572,0.020849903206422677,0.020109610782258786
blend,mv,2004-09-30,2004-10-31,-0.017586888162687005,0.6872837589869603,False,1.3469869736476012,-0.018274171921673965,-0.018961455680660926,-0.019648739439647886
blend,mv,2004-10-31,2004-11-30,0.016041735482721795,0.5934403328909761,False,1.2926591120612025,0.015448295149830819,0.014854854816939843,0.014261414484048867
blend,mv,2004-11-30,2004-12-31,-0.0009492688432894736,0.5948830814026265,False,1.3524495017654854,-0.0015441519246921,-0.0021390350060947264,-0.0027339180874973532
blend,mv,2004-12-31,2005-01-31,0.027450884438807284,0.632802870578784,False,1.2342595258973938,0.0268180815682285,0.026185278697649715,0.02555247582707093
blend,mv,2005-01-31,2005-02-28,0.03227555321916226,0.6442575640247327,False,1.3077991895565293,0.03163129565513753,0.0309870380911128,0.030342780527088064
blend,mv,2005-02-28,2005-03-31,-0.0032804753853473627,0.6763409889374907,False,1.1620155285667153,-0.003956816374284853,-0.004633157363222344,-0.005309498352159835
blend,mv,2005-03-31,2005-04-30,-0.0015358445364069752,0.5068516912056084,False,1.0308847880279548,-0.0020426962276125834,-0.0025495479188181918,-0.0030563996100238
blend,mv,2005-04-30,2005-05-31,0.007022931632999075,0.4381209318627489,False,1.1435560485201597,0.006584810701136326,0.006146689769273577,0.005708568837410828
blend,mv,2005-05-31,2005-06-30,0.012532947285069164,0.3687273468374797,False,1.211912186410566,0.012164219938231684,0.011795492591394204,0.011426765244556724
blend,mv,2005-06-30,2005-07-31,0.0017335843982579885,0.3523494092963337,False,1.223544663135528,0.0013812349889616548,0.0010288855796653212,0.0006765361703689873
blend,mv,2005-07-31,2005-08-31,0.0012261676372049084,0.5609633487729007,False,1.1010874110953823,0.0006652042884320077,0.00010424093965910705,-0.0004567224091137935
blend,mv,2005-08-31,2005-09-30,0.004069873960033302,0.44165178627444956,False,1.0218082530840809,0.0036282221737588523,0.0031865703874844028,0.002744918601209953
blend,mv,2005-09-30,2005-10-31,-0.019097396763432563,0.33087803181025516,False,1.0772705598595405,-0.01942827479524282,-0.019759152827053074,-0.02009003085886333
blend,mv,2005-10-31,2005-11-30,-0.003663898155910817,0.5053461655825957,False,1.1486167021170315,-0.0041692443214934125,-0.004674590487076008,-0.005179936652658604
blend,mv,2005-11-30,2005-12-31,-0.00131826353850846,0.50004588160661,False,1.1738075317276844,-0.00181830942011507,-0.00231835530172168,-0.00281840118332829
blend,mv,2005-12-31,2006-01-31,0.02815045274025378,0.4954693804634912,False,1.232628863710683,0.02765498335979029,0.0271595139793268,0.026664044598863307
blend,mv,2006-01-31,2006-02-28,-0.013623886865757575,0.5792109990674551,False,1.2111596406875411,-0.01420309786482503,-0.014782308863892485,-0.01536151986295994
blend,mv,2006-02-28,2006-03-31,0.008004495048308196,0.5662958274478371,False,1.1663115297189344,0.007438199220860359,0.006871903393412522,0.006305607565964685
blend,mv,2006-03-31,2006-04-30,0.0245942555457247,0.5236069004440724,False,1.3799568355361842,0.024070648645280628,0.023547041744836555,0.023023434844392482
blend,mv,2006-04-30,2006-05-31,-0.024318481016307986,0.5833962168890645,False,1.2502374043630164,-0.02490187723319705,-0.025485273450086113,-0.02606866966697518
blend,mv,2006-05-31,2006-06-30,0.0003050424638235896,0.5758864793384487,False,1.052336530545991,-0.00027084401551485916,-0.0008467304948533079,-0.0014226169741917566
blend,mv,2006-06-30,2006-07-31,-0.01582304350334225,0.48329691772800487,False,1.216425140522328,-0.016306340421070254,-0.016789637338798256,-0.017272934256526262
blend,mv,2006-07-31,2006-08-31,-0.016459674686583787,0.5139027100819811,False,1.2532477232302863,-0.016973577396665766,-0.01748748010674775,-0.01800138281682973
blend,mv,2006-08-31,2006-09-30,0.0029211518239418903,0.5413989878445917,False,1.2778922669958772,0.0023797528360972988,0.0018383538482527068,0.001296954860408115
blend,mv,2006-09-30,2006-10-31,-0.006469191426657046,0.604021668093471,False,1.2712384880379681,-0.0070732130947505165,-0.007677234762843987,-0.008281256430937458
blend,mv,2006-10-31,2006-11-30,0.004601109186120795,0.6050869355871585,False,1.3391024242699743,0.0039960222505336365,0.003390935314946478,0.002785848379359319
blend,mv,2006-11-30,2006-12-31,0.003538423654832229,0.5643170601765382,False,1.4191579109976982,0.002974106594655691,0.0024097895344791526,0.0018454724743026145
blend,mv,2006-12-31,2007-01-31,0.011070931507929715,0.4341434444639102,False,1.4268461469597111,0.010636788063465805,0.010202644619001895,0.009768501174537984
blend,mv,2007-01-31,2007-02-28,0.0019901732403850014,0.6700561106240593,False,1.3076864437671916,0.001320117129760942,0.0006500610191368828,-1.9995091487176424e-05
blend,mv,2007-02-28,2007-03-31,0.025091280624494252,0.6016019631830065,False,1.3321346519431336,0.024489678661311246,0.02388807669812824,0.02328647473494523
blend,mv,2007-03-31,2007-04-30,-0.00919687788630301,0.5631196978687473,False,1.326816888958245,-0.009759997584171757,-0.010323117282040504,-0.010886236979909251
blend,mv,2007-04-30,2007-05-31,0.00032206679365811067,0.5050787602048922,False,1.2532893425615272,-0.00018301196654678148,-0.0006880907267516736,-0.0011931694869565658
blend,mv,2007-05-31,2007-06-30,-0.0010358223111466937,0.5074980895157081,False,1.265125660996,-0.0015433204006624018,-0.00205081849017811,-0.002558316579693818
blend,mv,2007-06-30,2007-07-31,0.012363397701354455,0.5262469694720684,False,1.270052522456872,0.011837150731882387,0.011310903762410318,0.01078465679293825
blend,mv,2007-07-31,2007-08-31,-0.006435024142077686,0.5078509802494067,False,1.1721886521580047,-0.006942875122327092,-0.007450726102576499,-0.007958577082825906
blend,mv,2007-08-31,2007-09-30,0.0180292560832359,0.5927051257187014,False,1.2361085000001415,0.0174365509575172,0.016843845831798498,0.016251140706079796
blend,mv,2007-09-30,2007-10-31,0.01032064317048333,0.6503888030528396,False,1.4869108131729873,0.00967025436743049,0.00901986556437765,0.008369476761324811
blend,mv,2007-10-31,2007-11-30,-0.0024644865544314783,0.6566081764642397,False,1.471020425736741,-0.003121094730895718,-0.003777702907359958,-0.004434311083824197
blend,mv,2007-11-30,2007-12-31,0.011906205096324446,0.6119787793958109,False,1.4334921544270467,0.011294226316928635,0.010682247537532824,0.010070268758137014
blend,mv,2007-12-31,2008-01-31,-0.022828442311102714,0.5648210632967094,False,1.393692047828524,-0.023393263374399422,-0.023958084437696134,-0.024522905500992842
blend,mv,2008-01-31,2008-02-29,0.05321375623066225,0.5121707378734716,False,1.2537885806047788,0.05270158549278878,0.05218941475491531,0.05167724401704183
blend,mv,2008-02-29,2008-03-31,-0.011366345728168956,0.6852155087000661,False,1.4099720802602353,-0.012051561236869021,-0.012736776745569087,-0.013421992254269155
blend,mv,2008-03-31,2008-04-30,0.01238616039891139,0.5118801024411372,False,1.3012288518892987,0.011874280296470254,0.011362400194029116,0.01085052009158798
blend,mv,2008-04-30,2008-05-31,0.026749852737801016,0.4598814757171509,False,1.4565663280593213,0.026289971262083864,0.025830089786366715,0.025370208310649563
blend,mv,2008-05-31,2008-06-30,0.058423732242034954,0.5379394210360725,False,1.37731019833296,0.05788579282099888,0.05734785339996281,0.056809913978926735
blend,mv,2008-06-30,2008-07-31,-0.023265853649666685,0.45040126399190583,False,1.2248968362449595,-0.02371625491365859,-0.024166656177650497,-0.0246170574416424
blend,mv,2008-07-31,2008-08-31,-0.018887868048250385,0.5707475105655113,False,1.07091140804949,-0.019458615558815895,-0.02002936306938141,-0.020600110579946918
blend,mv,2008-08-31,2008-09-30,-0.03465553810065129,0.4908503261439493,False,1.1249322052228405,-0.03514638842679524,-0.03563723875293919,-0.03612808907908314
blend,mv,2008-09-30,2008-10-31,0.039241785525840484,0.4531956534457494,False,1.2136789860012074,0.03878858987239473,0.038335394218948986,0.03788219856550323
blend,mv,2008-10-31,2008-11-30,0.00216906920895316,0.6579656052980295,False,1.3041152392519266,0.0015111036036551304,0.0008531379983571009,0.00019517239305907137
blend,mv,2008-11-30,2008-12-31,-0.027069088211593505,0.6322629995782872,False,1.1664422266515948,-0.02770135121117179,-0.02833361421075008,-0.028965877210328367
blend,mv,2008-12-31,2009-01-31,0.029436606499609597,0.539713942925523,False,1.1245295626406961,0.028896892556684074,0.02835717861375855,0.027817464670833028
blend,mv,2009-01-31,2009-02-28,0.011998895580744963,0.5663899586662975,False,1.0813933907327276,0.011432505622078665,0.010866115663412368,0.010299725704746071
blend,mv,2009-02-28,2009-03-31,-0.025488146533161806,0.48846314058300505,False,1.0061900219633682,-0.02597660967374481,-0.026465072814327816,-0.02695353595491082
blend,mv,2009-03-31,2009-04-30,-0.11989302976143996,0.5055537813333633,False,0.9309423872791598,-0.12039858354277333,-0.1209041373241067,-0.12140969110544006
blend,mv,2009-04-30,2009-05-31,-0.012245852479238999,0.8327844508379005,False,0.8057927722205818,-0.0130786369300769,-0.0139114213809148,-0.014744205831752701
blend,mv,2009-05-31,2009-06-30,0.004674741236986895,0.3442271103392491,False,0.8030244573776549,0.004330514126647646,0.003986287016308397,0.003642059905969148
blend,mv,2009-06-30,2009-07-31,-0.018411847868133043,0.4050544065073461,False,0.9052753798432217,-0.01881690227464039,-0.019221956681147734,-0.01962701108765508
blend,mv,2009-07-31,2009-08-31,-0.009919528729768543,0.4546289093060127,False,0.9132821304685129,-0.010374157639074556,-0.010828786548380568,-0.011283415457686581
blend,mv,2009-08-31,2009-09-30,-0.005098599503160527,0.4256430510602941,False,0.9623135525698437,-0.005524242554220821,-0.005949885605281115,-0.006375528656341409
blend,mv,2009-09-30,2009-10-31,0.011344650691521106,0.5973778174556252,False,1.130610424126501,0.01074727287406548,0.010149895056609855,0.00955251723915423
blend,mv,2009-10-31,2009-11-30,0.01291025770534963,0.683719987060413,False,0.8563007221080058,0.012226537718289217,0.011542817731228805,0.010859097744168392
blend,mv,2009-11-30,2009-12-31,-0.00042559312273286666,0.5323170077028736,False,0.9977060227621357,-0.0009579101304357403,-0.001490227138138614,-0.0020225441458414876
blend,mv,2009-12-31,2010-01-31,-0.011972358962630967,0.44396681176582653,False,0.8959361136503732,-0.012416325774396794,-0.01286029258616262,-0.013304259397928446
blend,mv,2010-01-31,2010-02-28,0.013334378692841051,0.36725560267833957,False,0.8225646704225781,0.012967123090162711,0.012599867487484371,0.012232611884806031
blend,mv,2010-02-28,2010-03-31,0.007346761582662477,0.6091793208184161,False,0.7693498912817173,0.006737582261844061,0.006128402941025644,0.005519223620207229
blend,mv,2010-03-31,2010-04-30,0.006033124655025115,0.5288259374846354,False,0.7625015737541093,0.00550429871754048,0.0049754727800558445,0.004446646842571209
blend,mv,2010-04-30,2010-05-31,0.006463318848631251,0.532250078748079,False,0.9482944666020623,0.005931068769883172,0.005398818691135093,0.004866568612387014
blend,mv,2010-05-31,2010-06-30,-0.01082965475233471,0.598921917938527,False,0.9390557217131089,-0.011428576670273237,-0.012027498588211763,-0.012626420506150291
blend,mv,2010-06-30,2010-07-31,-0.005510132609189982,0.48393155960172207,False,0.9883146925626451,-0.005994064168791704,-0.006477995728393427,-0.006961927287995148
blend,mv,2010-07-31,2010-08-31,0.02471134487636947,0.6420828045736371,False,0.9907936591046196,0.024069262071795834,0.023427179267222195,0.02278509646264856
blend,mv,2010-08-31,2010-09-30,0.014665736738407667,0.4996932192248071,False,1.1566519477206194,0.01416604351918286,0.013666350299958052,0.013166657080733245
blend,mv,2010-09-30,2010-10-31,0.0005208327115112733,0.5621719496822297,False,1.0442265714144636,-4.133923817095642e-05,-0.0006035111878531862,-0.001165683137535416
blend,mv,2010-10-31,2010-11-30,0.004559172538817003,0.4468974103606828,False,1.025208503186124,0.0041122751284563205,0.0036653777180956377,0.003218480307734955
blend,mv,2010-11-30,2010-12-31,-0.03331940432083316,0.4813375420756344,False,1.0857145968202413,-0.033800741862908795,-0.03428207940498443,-0.03476341694706007
blend,mv,2010-12-31,2011-01-31,-0.018242473443019082,0.7268379993626943,False,1.108106872493283,-0.018969311442381776,-0.01969614944174447,-0.020422987441107165
blend,mv,2011-01-31,2011-02-28,0.002638091346592343,0.6019289616273622,False,0.9449397031098657,0.0020361623849649807,0.0014342334233376185,0.0008323044617102563
blend,mv,2011-02-28,2011-03-31,0.01425001573269134,0.5149295984765315,False,1.0325063133237131,0.013735086134214808,0.013220156535738277,0.012705226937261744
blend,mv,2011-03-31,2011-04-30,0.001623116179478996,0.4273769818319989,False,1.0766624377977134,0.0011957391976469972,0.0007683622158149982,0.00034098523398299945
blend,mv,2011-04-30,2011-05-31,-0.0031432430442757974,0.5497294558123349,False,1.092589414054815,-0.0036929725000881325,-0.004242701955900467,-0.0047924314117128025
blend,mv,2011-05-31,2011-06-30,0.007334170693563604,0.41242244720988513,False,1.0448592603780875,0.006921748246353719,0.006509325799143834,0.006096903351933949
blend,mv,2011-06-30,2011-07-31,-0.0027728569513798236,0.5283726355578601,False,1.0415432340153552,-0.0033012295869376835,-0.003829602222495544,-0.004357974858053404
blend,mv,2011-07-31,2011-08-31,-0.0050961477197003485,0.5255242079879539,False,1.2172908092412813,-0.005621671927688302,-0.006147196135676256,-0.00667272034366421
blend,mv,2011-08-31,2011-09-30,-0.02256230719391606,0.5384588666670672,False,1.0517418016082463,-0.023100766060583127,-0.023639224927250194,-0.024177683793917264
blend,mv,2011-09-30,2011-10-31,-0.0026322663341483876,0.6730263198151762,False,1.1370594577911637,-0.003305292653963564,-0.00397831897377874,-0.004651345293593916
blend,mv,2011-10-31,2011-11-30,0.007154003882529489,0.8080303057624514,False,1.0352777694930906,0.006345973576767037,0.005537943271004586,0.004729912965242134
blend,mv,2011-11-30,2011-12-31,0.0069296444528187924,0.5055114373455181,False,1.089663390305605,0.006424133015473274,0.005918621578127756,0.005413110140782238
blend,mv,2011-12-31,2012-01-31,-0.01720814756670479,0.426244533286212,False,1.0403666951739767,-0.017634392099991004,-0.018060636633277213,-0.018486881166563426
blend,mv,2012-01-31,2012-02-29,0.002250452063581514,0.412300762976764,False,1.0642281849144897,0.0018381513006047502,0.0014258505376279862,0.0010135497746512222
blend,mv,2012-02-29,2012-03-31,0.010878818059237873,0.454493384158516,False,1.1685111062748328,0.010424324675079357,0.009969831290920841,0.009515337906762325
blend,mv,2012-03-31,2012-04-30,0.007203796510757493,0.4960679093818327,False,1.0846551209552229,0.00670772860137566,0.006211660691993828,0.0057155927826119945
blend,mv,2012-04-30,2012-05-31,0.016075581942171263,0.39322808546307036,False,1.1223428023859483,0.015682353856708194,0.015289125771245122,0.014895897685782053
blend,mv,2012-05-31,2012-06-30,-0.01425618714067129,0.35593222037903655,False,1.1960883685085972,-0.014612119361050327,-0.014968051581429364,-0.0153239838018084
blend,mv,2012-06-30,2012-07-31,0.02823202767839444,0.40500254257839446,False,1.1399704116809104,0.027827025135816048,0.02742202259323765,0.027017020050659257
blend,mv,2012-07-31,2012-08-31,-0.0187290137161004,0.5461214595517474,False,1.12836193837003,-0.019275135175652148,-0.019821256635203895,-0.020367378094755643
blend,mv,2012-08-31,2012-09-30,-0.007880871493722063,0.3996212441072625,False,1.0820916304196695,-0.008280492737829326,-0.008680113981936587,-0.00907973522604385
blend,mv,2012-09-30,2012-10-31,-0.016507412579699475,0.4658994690636544,False,1.086504311987899,-0.01697331204876313,-0.017439211517826785,-0.01790511098689044
blend,mv,2012-10-31,2012-11-30,0.009545978595767063,0.49362738377870946,False,1.1544354998337518,0.009052351211988352,0.008558723828209644,0.008065096444430934
blend,mv,2012-11-30,2012-12-31,-0.004187471431986973,0.40034851099322105,False,1.1392583159909622,-0.004587819942980194,-0.004988168453973416,-0.005388516964966636
blend,mv,2012-12-31,2013-01-31,0.01947663778228933,0.4837204058313782,False,1.1427372847860013,0.01899291737645795,0.01850919697062657,0.018025476564795195
blend,mv,2013-01-31,2013-02-28,0.010470200760087794,0.5027868043389929,False,1.0880685626745814,0.009967413955748801,0.009464627151409808,0.008961840347070815
blend,mv,2013-02-28,2013-03-31,0.007181520192567971,0.5331133312105117,False,1.066941170762191,0.006648406861357459,0.006115293530146948,0.005582180198936436
blend,mv,2013-03-31,2013-04-30,0.01624263706485282,0.5081632452535536,False,1.0520620677996202,0.015734473819599266,0.015226310574345711,0.014718147329092157
blend,mv,2013-04-30,2013-05-31,-0.005634191992769876,0.42307912208438936,False,1.084867100185265,-0.006057271114854265,-0.006480350236938655,-0.006903429359023044
blend,mv,2013-05-31,2013-06-30,0.01809111278171997,0.44206781005366563,False,1.0555367083540974,0.017649044971666306,0.017206977161612638,0.01676490935155897
blend,mv,2013-06-30,2013-07-31,0.00932090404167943,0.4955408744585378,False,1.093689604706894,0.008825363167220893,0.008329822292762355,0.007834281418303817
blend,mv,2013-07-31,2013-08-31,-0.004841289395614795,0.44037906300743107,False,0.9571599548803681,-0.005281668458622226,-0.005722047521629657,-0.006162426584637088
blend,mv,2013-08-31,2013-09-30,0.02055642358543964,0.4172985714632838,False,0.9343902570374473,0.020139125013976356,0.01972182644251307,0.019304527871049786
blend,mv,2013-09-30,2013-10-31,0.005439471072660824,0.3842545471303451,False,1.0075051257541334,0.005055216525530479,0.004670961978400134,0.004286707431269789
blend,mv,2013-10-31,2013-11-30,0.019491404000289918,0.37766309858995845,False,0.9982891173766958,0.01911374090169996,0.018736077803110002,0.018358414704520043
blend,mv,2013-11-30,2013-12-31,0.004339975964483221,0.35670447558292845,False,1.018296817239453,0.003983271488900293,0.003626567013317364,0.0032698625377344357
blend,mv,2013-12-31,2014-01-31,0.00396360753818702,0.38354791546801714,False,1.0085700568916678,0.003580059622719003,0.003196511707250986,0.002812963791782969
blend,mv,2014-01-31,2014-02-28,0.013494444318423556,0.5106999224766772,False,1.1295931744637104,0.01298374439594688,0.012473044473470201,0.011962344550993525
blend,mv,2014-02-28,2014-03-31,-0.009968255714193857,0.5096119869460576,False,1.0568616253667469,-0.010477867701139915,-0.010987479688085973,-0.01149709167503203
blend,mv,2014-03-31,2014-04-30,-0.010689031979807632,0.28817376752025664,False,1.0597315773580125,-0.010977205747327889,-0.011265379514848146,-0.011553553282368402
blend,mv,2014-04-30,2014-05-31,0.015148612957452257,0.4594607049208322,False,1.0482245087765014,0.014689152252531425,0.014229691547610593,0.01377023084268976
blend,mv,2014-05-31,2014-06-30,-0.011360153065596627,0.48046794485244565,False,1.1338897858761132,-0.011840621010449073,-0.012321088955301518,-0.012801556900153964
blend,mv,2014-06-30,2014-07-31,0.013467078334084491,0.46311144511652325,False,1.1104365999189667,0.013003966888967967,0.012540855443851445,0.012077743998734921
blend,mv,2014-07-31,2014-08-31,-0.007951895095556568,0.5125727280583247,False,1.199774721637631,-0.008464467823614893,-0.008977040551673218,-0.009489613279731543
blend,mv,2014-08-31,2014-09-30,0.01968422785800012,0.5900222694734792,False,1.217478693691879,0.01909420558852664,0.018504183319053163,0.017914161049579682
blend,mv,2014-09-30,2014-10-31,0.010255428267779483,0.6255586861289231,False,1.4946570681275195,0.00962986958165056,0.009004310895521637,0.008378752209392715
blend,mv,2014-10-31,2014-11-30,-0.009569734180676961,0.5700392028499295,False,1.3417449564758237,-0.01013977338352689,-0.01070981258637682,-0.01127985178922675
blend,mv,2014-11-30,2014-12-31,0.0007182583719871631,0.5336792013294107,False,1.3380273481297154,0.0001845791706577524,-0.00034910003067165833,-0.000882779232001069
blend,mv,2014-12-31,2015-01-31,-0.0065849834870081855,0.48854429608194255,False,1.3965915666391298,-0.007073527783090128,-0.00756207207917207,-0.008050616375254014
blend,mv,2015-01-31,2015-02-28,-0.00998281596344629,0.7091675152722792,False,1.2117770270643762,-0.01069198347871857,-0.011401150993990848,-0.012110318509263128
blend,mv,2015-02-28,2015-03-31,0.01795776649960443,0.605885244723383,False,1.2668450707335033,0.017351881254881046,0.016745996010157665,0.01614011076543428
blend,mv,2015-03-31,2015-04-30,-0.0346901936557509,0.602850975446189,False,1.3065663671193415,-0.03529304463119709,-0.035895895606643274,-0.036498746582089465
blend,mv,2015-04-30,2015-05-31,0.02926679699636692,0.6332953341234109,False,1.1962808604681756,0.02863350166224351,0.0280002063281201,0.02736691099399669
blend,mv,2015-05-31,2015-06-30,0.024888607283830196,0.5308734673540564,False,1.2965468428819005,0.02435773381647614,0.023826860349122084,0.023295986881768028
blend,mv,2015-06-30,2015-07-31,0.03166164124923109,0.511469704099941,False,1.2571595424222115,0.03115017154513115,0.03063870184103121,0.03012723213693127
blend,mv,2015-07-31,2015-08-31,-0.006873712549016178,0.6029301152455544,False,1.3370151455508488,-0.007476642664261732,-0.008079572779507287,-0.008682502894752841
blend,mv,2015-08-31,2015-09-30,0.0012780024464449672,0.5305379605309458,False,1.1223471344895832,0.0007474644859140215,0.00021692652538307568,-0.0003136114351478703
blend,mv,2015-09-30,2015-10-31,0.007305626007645084,0.602900847241472,False,1.1770648337021925,0.006702725160403612,0.0060998243131621405,0.005496923465920668
blend,mv,2015-10-31,2015-11-30,0.0005413577114654816,0.6924186771372881,False,1.1607214396842391,-0.00015106096567180658,-0.0008434796428090948,-0.0015358983199463827
blend,mv,2015-11-30,2015-12-31,0.004335183190627012,0.7209632469702864,False,1.1912443065378797,0.0036142199436567254,0.002893256696686439,0.002172293449716153
blend,mv,2015-12-31,2016-01-31,-0.0024722701240000237,0.6060913535117555,False,1.3598627239034717,-0.003078361477511779,-0.0036844528310235347,-0.00429054418453529
blend,mv,2016-01-31,2016-02-29,-0.03370463944912168,0.6601341396087581,False,1.4039787316567371,-0.034364773588730434,-0.035024907728339195,-0.03568504186794795
blend,mv,2016-02-29,2016-03-31,-0.008422532787560576,0.7333032968841159,False,1.5041980146722145,-0.009155836084444691,-0.009889139381328807,-0.010622442678212923
blend,mv,2016-03-31,2016-04-30,-0.0023532276798100254,0.6329896935056308,False,1.4393087338747343,-0.0029862173733156564,-0.0036192070668212874,-0.0042521967603269175
blend,mv,2016-04-30,2016-05-31,-0.004930373073944781,0.6229657359913574,False,1.5795764038708315,-0.005553338809936139,-0.006176304545927496,-0.006799270281918853
blend,mv,2016-05-31,2016-06-30,0.03417737620298175,0.6200815162585885,False,1.4398659234516937,0.033557294686723166,0.03293721317046457,0.03231713165420599
blend,mv,2016-06-30,2016-07-31,0.00032663451554642116,0.6333378749994929,False,1.4463499018251862,-0.0003067033594530717,-0.0009400412344525645,-0.0015733791094520576
blend,mv,2016-07-31,2016-08-31,-0.002882544027406712,0.6646704555185988,False,1.2509439468333756,-0.0035472144829253108,-0.004211884938443909,-0.004876555393962508
blend,mv,2016-08-31,2016-09-30,0.0026991756808243486,0.5845756090209041,False,1.148976804156179,0.0021146000718034446,0.0015300244627825404,0.0009454488537616362
blend,mv,2016-09-30,2016-10-31,-0.003297699238849654,0.5645338956282027,False,1.2752803643625532,-0.0038622331344778564,-0.004426767030106059,-0.004991300925734262
blend,mv,2016-10-31,2016-11-30,-0.034739447684051565,0.5821070881906252,False,1.2212815891633826,-0.03532155477224219,-0.03590366186043282,-0.03648576894862344
blend,mv,2016-11-30,2016-12-31,-0.0010169364859298864,0.6724637742896927,False,1.2839758997986779,-0.0016894002602195791,-0.002361864034509272,-0.0030343278087989643
blend,mv,2016-12-31,2017-01-31,0.014170454615969203,0.731533687575583,False,1.1917410207034238,0.01343892092839362,0.012707387240818038,0.011975853553242453
blend,mv,2017-01-31,2017-02-28,-0.00883812012075705,0.5061456456031219,False,1.1860837765834653,-0.009344265766360172,-0.009850411411963293,-0.010356557057566416
blend,mv,2017-02-28,2017-03-31,-0.011600523570084044,0.5391648740347721,False,1.2807834330988572,-0.012139688444118816,-0.012678853318153589,-0.01321801819218836
blend,mv,2017-03-31,2017-04-30,0.014859962853344209,0.6023874001808686,False,1.3835721459976986,0.01425757545316334,0.013655188052982471,0.013052800652801603
blend,mv,2017-04-30,2017-05-31,0.013857946658608695,0.9422917801583294,False,1.4583951987626962,0.012915654878450365,0.011973363098292037,0.011031071318133707
blend,mv,2017-05-31,2017-06-30,-0.02118362628625322,0.8242035383939802,False,1.6047510507738596,-0.0220078298246472,-0.02283203336304118,-0.02365623690143516
blend,mv,2017-06-30,2017-07-31,0.002845573704575416,0.6808939503036244,False,1.429477744269416,0.0021646797542717914,0.001483785803968167,0.0008028918536645427
blend,mv,2017-07-31,2017-08-31,0.019520116288638298,0.591903612240155,False,1.3445508837450553,0.018928212676398142,0.018336309064157987,0.017744405451917834
blend,mv,2017-08-31,2017-09-30,-0.001769776830969832,0.6755763532832766,False,1.5306745982741108,-0.002445353184253109,-0.0031209295375363853,-0.0037965058908196615
blend,mv,2017-09-30,2017-10-31,0.026874237937441467,0.7019938295295992,False,1.5568331233067563,0.026172244107911868,0.02547025027838227,0.02476825644885267
blend,mv,2017-10-31,2017-11-30,-0.01116452104128815,0.7293618145144273,False,1.47558107142587,-0.011893882855802578,-0.012623244670317006,-0.013352606484831431
blend,mv,2017-11-30,2017-12-31,-0.017893231955149195,0.9072744092821505,False,1.5417832259171476,-0.018800506364431344,-0.019707780773713497,-0.020615055182995647
blend,mv,2017-12-31,2018-01-31,0.02145249087765482,0.6862055146492066,False,1.4899364313877903,0.020766285363005614,0.020080079848356407,0.019393874333707203
blend,mv,2018-01-31,2018-02-28,0.007163016100243019,0.6278045183263503,False,1.6201664287732283,0.0065352115819166685,0.005907407063590319,0.005279602545263968
blend,mv,2018-02-28,2018-03-31,0.010000058077467337,0.7658487519143468,False,1.623710186347524,0.009234209325552991,0.008468360573638645,0.007702511821724297
blend,mv,2018-03-31,2018-04-30,-0.007831093092778643,0.5457276435198157,False,1.5931325414448885,-0.00837682073629846,-0.008922548379818275,-0.00946827602333809
blend,mv,2018-04-30,2018-05-31,0.017950578003738744,0.5827104527752588,False,1.5118290268240588,0.017367867550963485,0.016785157098188227,0.01620244664541297
blend,mv,2018-05-31,2018-06-30,-0.004928391263235169,0.7508164272840788,False,1.4393946967472933,-0.005679207690519248,-0.0064300241178033265,-0.007180840545087405
blend,mv,2018-06-30,2018-07-31,-0.01591579139434946,0.5394324896061005,False,1.356820811977467,-0.016455223883955563,-0.01699465637356166,-0.017534088863167763
blend,mv,2018-07-31,2018-08-31,0.025572558970112673,0.6044330557826509,False,1.4208811332280413,0.024968125914330022,0.02436369285854737,0.02375925980276472
blend,mv,2018-08-31,2018-09-30,0.011444499301995065,0.6126358384808648,False,1.4193958377851206,0.0108318634635142,0.010219227625033335,0.00960659178655247
blend,mv,2018-09-30,2018-10-31,-0.031986273727902706,0.5914334370173975,False,1.462144810160076,-0.0325777071649201,-0.0331691406019375,-0.033760574038954896
blend,mv,2018-10-31,2018-11-30,-0.019412637389673314,0.6958769563456438,False,1.400591016065214,-0.020108514346018957,-0.0208043913023646,-0.021500268258710247
blend,mv,2018-11-30,2018-12-31,0.0034440503393629966,0.6871308110880446,False,1.5232172502466907,0.002756919528274952,0.0020697887171869074,0.0013826579060988629
blend,mv,2018-12-31,2019-01-31,-0.00855763049961944,0.6698367120208121,False,1.6025989128894946,-0.009227467211640252,-0.009897303923661064,-0.010567140635681876
blend,mv,2019-01-31,2019-02-28,0.01472890637319141,0.7849629148336789,False,1.6191303922465712,0.01394394345835773,0.013158980543524053,0.012374017628690373
blend,mv,2019-02-28,2019-03-31,0.0010713650305491582,0.5882098233119742,False,1.687750655122052,0.0004831552072371839,-0.0001050546160747904,-0.0006932644393867647
blend,mv,2019-03-31,2019-04-30,-0.005927387120684649,0.618245495514003,False,1.6403776502981688,-0.006545632616198652,-0.007163878111712655,-0.007782123607226658
blend,mv,2019-04-30,2019-05-31,0.005677229356108477,0.8013209221963206,False,1.4554822813850103,0.004875908433912156,0.004074587511715836,0.003273266589519515
blend,mv,2019-05-31,2019-06-30,-0.023314617131209848,0.6617346642687642,False,1.3674385028000355,-0.023976351795478613,-0.024638086459747376,-0.02529982112401614
blend,mv,2019-06-30,2019-07-31,0.025766302716132693,0.8592521399916982,False,1.3956901015033447,0.024907050576140996,0.024047798436149296,0.0231885462961576
blend,mv,2019-07-31,2019-08-31,0.03221873477180554,0.5973821640877967,False,1.5164348066437392,0.03162135260771774,0.03102397044362995,0.03042658827954215
blend,mv,2019-08-31,2019-09-30,-0.007631976080563105,0.696732154465998,False,1.3772983315097342,-0.008328708235029103,-0.009025440389495102,-0.0097221725439611
blend,mv,2019-09-30,2019-10-31,-0.0013845470622642685,0.5658419226564524,False,1.2933029635015438,-0.0019503889849207209,-0.0025162309075771735,-0.0030820728302336257
blend,mv,2019-10-31,2019-11-30,0.006679286633091285,0.7184513245476716,False,1.5468401145202204,0.005960835308543613,0.005242383983995942,0.00452393265944827
blend,mv,2019-11-30,2019-12-31,-0.01021506491658376,0.6962694480832448,False,1.6416218477586584,-0.010911334364667005,-0.01160760381275025,-0.012303873260833494
blend,mv,2019-12-31,2020-01-31,0.02583994612487742,0.6962211461143589,False,1.4847436096284075,0.02514372497876306,0.024447503832648702,0.023751282686534342
blend,mv,2020-01-31,2020-02-29,-0.006079177951265324,0.6535413395044788,False,1.505180399202975,-0.006732719290769803,-0.007386260630274282,-0.00803980196977876
blend,mv,2020-02-29,2020-03-31,0.04027384155369744,0.7396233128245855,False,1.1594944433784804,0.03953421824087285,0.03879459492804827,0.038054971615223684
blend,mv,2020-03-31,2020-04-30,0.026791589308531195,0.5912989551747977,False,1.269693761239656,0.026200290353356397,0.0256089913981816,0.025017692443006802
blend,mv,2020-04-30,2020-05-31,0.0019452603469266318,0.8913637107889668,False,0.8259192541479654,0.001053896636137665,0.00016253292534869823,-0.0007288307854402686
blend,mv,2020-05-31,2020-06-30,0.013704471896365762,0.48494493602917244,False,0.9499826561719736,0.01321952696033659,0.012734582024307417,0.012249637088278245
blend,mv,2020-06-30,2020-07-31,0.02421998522339274,0.3317130874128698,False,1.0194383890819256,0.023888272135979872,0.023556559048567002,0.023224845961154133
blend,mv,2020-07-31,2020-08-31,0.04096229445620735,0.3466141955871357,False,1.0480274388329112,0.040615680260620214,0.04026906606503308,0.039922451869445943
blend,mv,2020-08-31,2020-09-30,-0.010761492280552426,0.36464670965821894,False,0.9694400295761594,-0.011126138990210645,-0.011490785699868864,-0.011855432409527083
blend,mv,2020-09-30,2020-10-31,-0.014829397307527794,0.3019510853494774,False,0.9383139161460752,-0.015131348392877272,-0.01543329947822675,-0.015735250563576227
blend,mv,2020-10-31,2020-11-30,-0.023286820780101917,0.3456566313564024,False,0.9416113575118695,-0.023632477411458318,-0.023978134042814722,-0.024323790674171123
blend,mv,2020-11-30,2020-12-31,0.01248121686839612,0.5081130405491953,False,0.8838566677344327,0.011973103827846925,0.01146499078729773,0.010956877746748535
blend,mv,2020-12-31,2021-01-31,0.01907342041791506,0.3901130168355804,False,1.0590110379296016,0.018683307401079482,0.0182931943842439,0.01790308136740832
blend,mv,2021-01-31,2021-02-28,-0.03121949358218865,0.42474932987804837,False,1.0121177023538044,-0.031644242912066696,-0.032068992241944747,-0.0324937415718228
blend,mv,2021-02-28,2021-03-31,-0.03614377244495589,0.4149710038307684,False,0.8627538768125537,-0.03655874344878666,-0.03697371445261743,-0.0373886854564482
blend,mv,2021-03-31,2021-04-30,0.008463086092969004,0.6322890046411516,False,0.7155276392662199,0.007830797088327852,0.007198508083686701,0.0065662190790455495
blend,mv,2021-04-30,2021-05-31,-0.013705451093992446,0.3245389198043592,False,0.7266784808371148,-0.014029990013796805,-0.014354528933601165,-0.014679067853405524
blend,mv,2021-05-31,2021-06-30,-0.004071395236553576,0.2944299871893234,False,0.7727261086665063,-0.0043658252237428995,-0.004660255210932223,-0.004954685198121546
blend,mv,2021-06-30,2021-07-31,0.013224787564162505,0.27267246408987955,False,0.8313971513286234,0.012952115100072626,0.012679442635982746,0.012406770171892866
blend,mv,2021-07-31,2021-08-31,0.006800058219814903,0.4238679523849154,False,0.8086175860065857,0.006376190267429987,0.005952322315045072,0.005528454362660157
blend,mv,2021-08-31,2021-09-30,-0.012612792805638389,0.5108106347494519,False,0.8818088114804339,-0.01312360344038784,-0.013634414075137293,-0.014145224709886745
blend,mv,2021-09-30,2021-10-31,0.007029603524516982,0.4297385088477378,False,0.8744345689028602,0.006599865015669244,0.006170126506821506,0.005740387997973768
blend,mv,2021-10-31,2021-11-30,-0.002736430391912655,0.4701909762684436,False,0.9556446402827721,-0.0032066213681810982,-0.003676812344449542,-0.004147003320717986
blend,mv,2021-11-30,2021-12-31,-0.0014537202539115326,0.4754383808098904,False,1.0472215501919158,-0.001929158634721423,-0.0024045970155313133,-0.002880035396341204
blend,mv,2021-12-31,2022-01-31,0.007820117141099966,0.49235818828306166,False,1.0305493019959355,0.0073277589528169046,0.006835400764533843,0.006343042576250782
blend,mv,2022-01-31,2022-02-28,0.01239664006247302,0.572862063213913,False,1.1086058819572957,0.011823777999259107,0.011250915936045195,0.010678053872831281
blend,mv,2022-02-28,2022-03-31,0.028348169689107694,0.6250636413325352,False,1.1403060343996558,0.02772310604777516,0.027098042406442622,0.026472978765110088
blend,mv,2022-03-31,2022-04-30,0.017113186489336678,0.562970907766036,False,0.9956067639529637,0.016550215581570642,0.015987244673804607,0.01542427376603857
blend,mv,2022-04-30,2022-05-31,0.002839662813760135,0.32437722118940576,False,0.7787826248107103,0.0025152855925707294,0.0021909083713813234,0.0018665311501919178
blend,mv,2022-05-31,2022-06-30,0.0038548788442390046,0.3491949740643297,False,0.8987241503490166,0.003505683870174675,0.003156488896110345,0.0028072939220460157
blend,mv,2022-06-30,2022-07-31,0.0038670126030151083,0.272580290809606,False,0.8130697717076103,0.003594432312205502,0.0033218520213958965,0.0030492717305862903
blend,mv,2022-07-31,2022-08-31,0.02481290877898392,0.3870818686064166,False,0.8630297635644861,0.024425826910377504,0.024038745041771087,0.02365166317316467
blend,mv,2022-08-31,2022-09-30,0.006656508951747884,0.26887275886923157,False,0.8940048967597266,0.006387636192878653,0.006118763434009421,0.005849890675140189
blend,mv,2022-09-30,2022-10-31,0.011524836799279813,0.2324015421881443,False,0.8817553553474988,0.011292435257091669,0.011060033714903524,0.01082763217271538
blend,mv,2022-10-31,2022-11-30,-0.018517739067396545,0.3696107676756359,False,0.9059754865191639,-0.01888734983507218,-0.019256960602747817,-0.01962657137042345
blend,mv,2022-11-30,2022-12-31,0.0009408297783443894,0.3323704022864436,False,0.7865839628479481,0.0006084593760579458,0.0002760889737715022,-5.628142851494145e-05
blend,mv,2022-12-31,2023-01-31,-0.03374745579199613,0.24340733525001315,False,0.7925637068499714,-0.03399086312724615,-0.03423427046249616,-0.03447767779774617
blend,mv,2023-01-31,2023-02-28,0.0059527100305694115,0.3559035372740742,False,0.8889329457618281,0.005596806493295337,0.005240902956021263,0.004884999418747189
blend,mv,2023-02-28,2023-03-31,-0.005739508313365642,0.3775202393395763,False,0.9391192724548995,-0.0061170285527052184,-0.006494548792044795,-0.006872069031384371
blend,mv,2023-03-31,2023-04-30,0.011541634796392676,0.5436095597880426,False,0.9938847127620909,0.010998025236604633,0.01045441567681659,0.009910806117028548
blend,mv,2023-04-30,2023-05-31,0.024082641412383317,0.6478615219311437,False,1.1098233557023827,0.023434779890452173,0.02278691836852103,0.022139056846589886
blend,mv,2023-05-31,2023-06-30,-0.0025525524440743394,0.6000621233299905,False,1.051535834980661,-0.00315261456740433,-0.0037526766907343204,-0.004352738814064311
blend,mv,2023-06-30,2023-07-31,-0.007544084632033756,0.6027127340696176,False,1.0103287496971192,-0.008146797366103372,-0.00874951010017299,-0.009352222834242608
blend,mv,2023-07-31,2023-08-31,0.002073358590334351,0.5132654568585547,False,1.2363880943608085,0.0015600931334757962,0.0010468276766172414,0.0005335622197586865
blend,mv,2023-08-31,2023-09-30,-0.010718393315640163,0.5065911767845297,False,1.166554224398028,-0.011224984492424693,-0.011731575669209222,-0.012238166845993752
blend,mv,2023-09-30,2023-10-31,0.01677676259273822,0.536685765132761,False,1.1580637245941683,0.01624007682760546,0.015703391062472698,0.015166705297339936
blend,mv,2023-10-31,2023-11-30,0.023192699297715832,0.5623601622974295,False,1.1655414318506352,0.0226303391354184,0.022067978973120975,0.021505618810823544
blend,mv,2023-11-30,2023-12-31,-0.010699190554110435,0.698038162346347,False,1.3002957625162972,-0.011397228716456782,-0.01209526687880313,-0.012793305041149476
blend,mv,2023-12-31,2024-01-31,0.021867992443617486,0.6872571750763483,False,0.9781089795985234,0.021180735268541136,0.02049347809346479,0.01980622091838844
blend,mv,2024-01-31,2024-02-29,0.007607667511602186,0.5051757913355166,False,1.0355380289786058,0.00710249172026667,0.006597315928931153,0.0060921401375956365
blend,mv,2024-02-29,2024-03-31,-0.013164774934423638,0.40805723007297345,False,1.0525462434342874,-0.01357283216449661,-0.013980889394569585,-0.014388946624642558
blend,mv,2024-03-31,2024-04-30,-0.016379586817737078,0.43001728331163824,False,1.0782954861243712,-0.016809604101048717,-0.017239621384360353,-0.017669638667671992
blend,mv,2024-04-30,2024-05-31,0.014336914517469544,0.4780151264645503,False,1.1363799250931284,0.013858899391004993,0.013380884264540443,0.012902869138075894
blend,mv,2024-05-31,2024-06-30,0.0012184322874717348,0.5580848649947893,False,1.1400723458880437,0.0006603474224769455,0.00010226255748215624,-0.000455822307512633
blend,mv,2024-06-30,2024-07-31,-0.00937435290759205,0.4494610073996279,False,1.1760258356677136,-0.009823813914991679,-0.010273274922391306,-0.010722735929790934
blend,mv,2024-07-31,2024-08-31,-0.0001825177687035524,0.5213248405150825,False,1.2311258021326354,-0.0007038426092186349,-0.0012251674497337174,-0.0017464922902488
blend,mv,2024-08-31,2024-09-30,-0.002577465478386356,0.6689280564326369,False,1.3439280469994856,-0.0032463935348189927,-0.0039153215912516295,-0.004584249647684266
blend,mv,2024-09-30,2024-10-31,-0.0002171828106209591,0.5064514774985741,False,1.1926733321003469,-0.0007236342881195331,-0.0012300857656181072,-0.0017365372431166813
blend,mv,2024-10-31,2024-11-30,0.006703561040196844,0.5858295125491466,False,1.1635189752001507,0.006117731527647698,0.005531902015098551,0.004946072502549404
blend,mv,2024-11-30,2024-12-31,-0.006302573127971372,0.6152261786436911,False,1.2396184652201567,-0.006917799306615063,-0.007533025485258754,-0.008148251663902446
blend,mv,2024-12-31,2025-01-31,0.015346612692216238,0.6670067907587944,False,1.3477099089434288,0.014679605901457443,0.014012599110698649,0.013345592319939856
blend,mv,2025-01-31,2025-02-28,-0.002290377472109564,0.6226232674745826,False,1.1389709941624508,-0.0029130007395841463,-0.003535624007058729,-0.004158247274533311
blend,mv,2025-02-28,2025-03-31,0.010386556636992575,0.5107371231283191,False,1.1783661404593972,0.009875819513864256,0.009365082390735937,0.008854345267607618
blend,mv,2025-03-31,2025-04-30,0.025820872392576986,0.48576015720545124,False,1.1925714016779743,0.025335112235371535,0.024849352078166083,0.02436359192096063
blend,mv,2025-04-30,2025-05-31,0.012976137379874872,0.5489146474845326,False,1.3378560249185438,0.01242722273239034,0.011878308084905807,0.011329393437421273
blend,mv,2025-05-31,2025-06-30,-0.007786423830962732,0.5084090776218894,False,1.208157808478785,-0.008294832908584623,-0.008803241986206512,-0.0093116510638284
blend,mv,2025-06-30,2025-07-31,-0.024270989019093605,0.6399783411763958,False,1.1603183528075784,-0.02491096736027,-0.025550945701446396,-0.02619092404262279
blend,mv,2025-07-31,2025-08-31,-0.011669417796358113,0.5084818837805676,False,1.1706262239090275,-0.01217789968013868,-0.012686381563919248,-0.013194863447699816
blend,mv,2025-08-31,2025-09-30,0.021500144526931168,0.5161912026604639,False,1.2813506144818445,0.020983953324270704,0.02046776212161024,0.019951570918949776
blend,mv,2025-09-30,2025-10-31,0.003383993308570475,0.481161374177523,False,1.2235498530932325,0.0029028319343929517,0.0024216705602154286,0.0019405091860379058
blend,mv,2025-10-31,2025-11-30,-0.0027761696624389355,0.5683838718224111,False,1.085703462760727,-0.0033445535342613466,-0.003912937406083758,-0.0044813212779061685
blend,mv,2025-11-30,2025-12-31,0.003735051153037254,0.5231907742638897,False,1.1145185621755485,0.003211860378773364,0.0026886696045094745,0.0021654788302455847
blend,mv,2025-12-31,2026-01-31,0.013189014866969216,0.5582850841934414,False,1.2087431545765281,0.012630729782775775,0.012072444698582332,0.011514159614388892
blend,diag,1995-01-31,1995-02-28,0.012835474831026998,1.556822804405637,True,1.556822804405637,0.011278652026621361,0.009721829222215725,0.008165006417810088
blend,diag,1995-02-28,1995-03-31,0.004023458852695415,0.9044390667002691,False,1.4845293725303017,0.003119019785995146,0.002214580719294877,0.0013101416525946076
blend,diag,1995-03-31,1995-04-30,0.028169273903307274,0.7072724182061401,False,1.6408613174606372,0.027462001485101133,0.026754729066894994,0.026047456648688853
blend,diag,1995-04-30,1995-05-31,-0.002585530883446153,0.7647415694210999,False,1.5905529460029415,-0.003350272452867253,-0.004115014022288353,-0.004879755591709453
blend,diag,1995-05-31,1995-06-30,0.01910930730653372,0.7468900883221224,False,1.6667108789061833,0.018362417218211597,0.017615527129889477,0.016868637041567353
blend,diag,1995-06-30,1995-07-31,-0.0004438061916921633,0.5206068763134885,False,1.5754640444955155,-0.0009644130680056518,-0.0014850199443191402,-0.0020056268206326286
blend,diag,1995-07-31,1995-08-31,-0.002653920529504538,0.6149954819587431,False,1.4198765238001796,-0.003268916011463281,-0.003883911493422024,-0.004498906975380767
blend,diag,1995-08-31,1995-09-30,0.014345726529496896,0.6861353154366695,False,1.4341898773388582,0.013659591214060227,0.012973455898623556,0.012287320583186887
blend,diag,1995-09-30,1995-10-31,0.032569977413527074,0.5622169081318181,False,1.480826374086937,0.03200776050539526,0.03144554359726344,0.03088332668913162
blend,diag,1995-10-31,1995-11-30,-0.021376964635414022,0.7707788068880448,False,1.5038543622071663,-0.022147743442302067,-0.02291852224919011,-0.023689301056078155
blend,diag,1995-11-30,1995-12-31,0.0004240009035593727,0.5070394093380745,False,1.4266961900868147,-8.303850577870176e-05,-0.0005900779151167762,-0.0010971173244548507
blend,diag,1995-12-31,1996-01-31,0.004409265986506391,0.5792316484817556,False,1.6029243852379815,0.0038300343380246356,0.00325080268954288,0.0026715710410611243
blend,diag,1996-01-31,1996-02-29,-0.0006934874794733572,0.5495556775025487,False,1.5675222694766546,-0.001243043156975906,-0.0017925988344784545,-0.0023421545119810035
blend,diag,1996-02-29,1996-03-31,-0.025944456027330136,0.6305993636295656,False,1.591766528718549,-0.026575055390959702,-0.02720565475458927,-0.027836254118218832
blend,diag,1996-03-31,1996-04-30,-0.012120919155976451,0.5417014886014714,False,1.6299365319904076,-0.012662620644577923,-0.013204322133179394,-0.013746023621780866
blend,diag,1996-04-30,1996-05-31,-0.0003441063506651144,0.7510070469509035,False,1.6077106197256572,-0.0010951133976160178,-0.0018461204445669214,-0.002597127491517825
blend,diag,1996-05-31,1996-06-30,0.0028204367412503913,0.943942209593555,False,1.7204623687179619,0.0018764945316568364,0.0009325523220632813,-1.138988753027377e-05
blend,diag,1996-06-30,1996-07-31,0.007787979327702493,0.8408065554133478,False,1.7866534395400833,0.0069471727722891456,0.006106366216875797,0.00526555966146245
blend,diag,1996-07-31,1996-08-31,-0.0023986240026990986,0.784117274282892,False,1.51326820582753,-0.0031827412769819905,-0.003966858551264883,-0.004750975825547775
blend,diag,1996-08-31,1996-09-30,0.0049614389615108955,0.6998596870712381,False,1.548666764661127,0.004261579274439657,0.003561719587368419,0.002861859900297181
blend,diag,1996-09-30,1996-10-31,0.007773026927011213,0.896554864653536,False,1.7651402439952173,0.006876472062357677,0.005979917197704141,0.0050833623330506054
blend,diag,1996-10-31,1996-11-30,-0.017015852208691125,1.0456545573238616,False,1.8886822094499742,-0.018061506766014986,-0.019107161323338846,-0.02015281588066271
blend,diag,1996-11-30,1996-12-31,0.012054235205199514,0.9914546659264082,False,1.7714801299747334,0.011062780539273105,0.010071325873346698,0.009079871207420289
blend,diag,1996-12-31,1997-01-31,0.024555549032218744,1.1702930250009511,False,1.8256184851609638,0.023385256007217792,0.02221496298221684,0.021044669957215892
blend,diag,1997-01-31,1997-02-28,-0.013057889177436317,0.9292396275388545,False,1.6776372955835486,-0.013987128804975171,-0.014916368432514026,-0.01584560806005288
blend,diag,1997-02-28,1997-03-31,0.0026125784492459637,0.8287425455345563,False,1.6227572453884722,0.0017838359037114075,0.0009550933581768512,0.00012635081264229494
blend,diag,1997-03-31,1997-04-30,0.017418493639268624,0.909405842622487,False,1.7606666753059086,0.016509087796646137,0.01559968195402365,0.014690276111401163
blend,diag,1997-04-30,1997-05-31,-0.007135334191153437,0.8950021402277182,False,1.733784945393428,-0.008030336331381156,-0.008925338471608873,-0.009820340611836592
blend,diag,1997-05-31,1997-06-30,0.013351483583894182,0.8109900776048956,False,1.6836643634248925,0.012540493506289286,0.01172950342868439,0.010918513351079495
blend,diag,1997-06-30,1997-07-31,0.05345761008130629,0.7150277363250936,False,1.8129487054902809,0.0527425823449812,0.0520275546086561,0.05131252687233101
blend,diag,1997-07-31,1997-08-31,-0.03418454720338456,0.7607543654117571,False,1.6628991810885652,-0.03494530156879632,-0.03570605593420808,-0.03646681029961983
blend,diag,1997-08-31,1997-09-30,0.0069584538748719135,0.7814204292156887,False,1.4235650642546767,0.006177033445656225,0.005395613016440536,0.004614192587224847
blend,diag,1997-09-30,1997-10-31,0.007694135443221012,0.7796823790996588,False,1.553344895834306,0.006914453064121353,0.006134770685021695,0.005355088305922036
blend,diag,1997-10-31,1997-11-30,0.004066950350750416,0.8793977556176276,False,1.6471918998486095,0.0031875525951327887,0.002308154839515161,0.0014287570838975336
blend,diag,1997-11-30,1997-12-31,0.028182435083023986,0.9668091075645928,False,1.5756447909591416,0.027215625975459394,0.0262488168678948,0.025282007760330207
blend,diag,1997-12-31,1998-01-31,0.0035088503774616583,0.8774898908602717,False,1.4692718655301733,0.0026313604866013865,0.0017538705957411147,0.0008763807048808429
blend,diag,1998-01-31,1998-02-28,-0.006196924718548556,0.7251931785759145,False,1.4080366346070445,-0.00692211789712447,-0.007647311075700386,-0.008372504254276299
blend,diag,1998-02-28,1998-03-31,0.004249900905583758,0.877221454439261,False,1.5137609288738354,0.003372679451144497,0.002495457996705236,0.001618236542265975
blend,diag,1998-03-31,1998-04-30,-0.015392803917462854,0.7610928403217061,False,1.5641410560981792,-0.01615389675778456,-0.016914989598106268,-0.017676082438427974
blend,diag,1998-04-30,1998-05-31,0.021918590852429115,0.5664143970151052,False,1.564183714281427,0.02135217645541401,0.020785762058398903,0.0202193476613838
blend,diag,1998-05-31,1998-06-30,0.0652235320872025,0.5985446634577521,False,1.5069212612210474,0.06462498742374474,0.06402644276028699,0.06342789809682924
blend,diag,1998-06-30,1998-07-31,0.02528634646105257,0.5898796370975926,False,1.3528537208109748,0.024696466823954977,0.024106587186857382,0.02351670754975979
blend,diag,1998-07-31,1998-08-31,0.012732056400240813,0.525017636947608,False,1.3059301044333937,0.012207038763293205,0.011682021126345598,0.01115700348939799
blend,diag,1998-08-31,1998-09-30,-0.02721618154487368,0.3602205987377939,False,1.2714858992784999,-0.027576402143611473,-0.027936622742349267,-0.02829684334108706
blend,diag,1998-09-30,1998-10-31,-0.007998055574844874,0.5916221901204018,False,1.2519260202287834,-0.008589677764965276,-0.009181299955085678,-0.00977292214520608
blend,diag,1998-10-31,1998-11-30,0.008857362929143846,0.6570321951749145,False,1.2915157539320428,0.008200330733968931,0.007543298538794017,0.006886266343619102
blend,diag,1998-11-30,1998-12-31,0.05046483573640469,0.4991972584819931,False,1.363001316200815,0.049965638477922694,0.0494664412194407,0.04896724396095871
blend,diag,1998-12-31,1999-01-31,0.041236564702433406,0.4216355303618727,False,1.2109345146660864,0.04081492917207153,0.04039329364170966,0.039971658111347785
blend,diag,1999-01-31,1999-02-28,-0.003478463745352811,0.41928000744104316,False,1.1428841575889486,-0.003897743752793854,-0.004317023760234897,-0.004736303767675941
blend,diag,1999-02-28,1999-03-31,0.018796385479908362,0.4065327328813222,False,1.035621608217541,0.01838985274702704,0.017983320014145716,0.017576787281264394
blend,diag,1999-03-31,1999-04-30,-0.07139963730291338,0.4046591328823082,False,1.1020234350655926,-0.07180429643579568,-0.072208955568678,-0.0726136147015603
blend,diag,1999-04-30,1999-05-31,-0.007686789022419279,0.4745606484203635,False,1.0161228196042384,-0.008161349670839643,-0.008635910319260006,-0.00911047096768037
blend,diag,1999-05-31,1999-06-30,0.026910567344268096,0.6001509328529392,False,1.0763772575133774,0.02631041641141516,0.025710265478562217,0.02511011454570928
blend,diag,1999-06-30,1999-07-31,0.01369556287127148,0.4918851252665226,False,1.143063984584444,0.013203677746004958,0.012711792620738434,0.012219907495471912
blend,diag,1999-07-31,1999-08-31,0.01761282111290667,0.4488631144133977,False,1.1631238848729168,0.017163957998493275,0.016715094884079875,0.01626623176966648
blend,diag,1999-08-31,1999-09-30,0.029435575647847788,0.41616550547948444,False,1.081463641259986,0.029019410142368304,0.02860324463688882,0.028187079131409335
blend,diag,1999-09-30,1999-10-31,0.024817574673706534,0.3785635963981424,False,1.0894504489421755,0.024439011077308392,0.024060447480910248,0.023681883884512107
blend,diag,1999-10-31,1999-11-30,0.024160536879198592,0.5385894653356798,False,1.0401822749418386,0.023621947413862913,0.02308335794852723,0.022544768483191552
blend,diag,1999-11-30,1999-12-31,0.05513269608530483,0.4088330909926348,False,1.0127036073753957,0.05472386299431219,0.05431502990331956,0.053906196812326924
blend,diag,1999-12-31,2000-01-31,0.0012624748691624566,0.4039239708239147,False,0.9965864214952416,0.0008585508983385419,0.00045462692751462724,5.070295669071245e-05
blend,diag,2000-01-31,2000-02-29,0.0660293045185264,0.4032001006975634,False,1.040860382219861,0.06562610441782883,0.06522290431713128,0.06481970421643371
blend,diag,2000-02-29,2000-03-31,-0.018786263455145575,0.372476878801234,False,0.8544980530457194,-0.019158740333946808,-0.01953121721274804,-0.019903694091549278
blend,diag,2000-03-31,2000-04-30,-0.02580643896432401,0.3905785554923818,False,0.7491684628266124,-0.02619701751981639,-0.026587596075308775,-0.026978174630801155
blend,diag,2000-04-30,2000-05-31,-0.023825071212609437,0.3195105046760356,False,0.7875310590306122,-0.024144581717285472,-0.024464092221961508,-0.024783602726637544
blend,diag,2000-05-31,2000-06-30,0.03943062973554123,0.2775119044172099,False,0.8268781759346231,0.03915311783112402,0.03887560592670681,0.0385980940222896
blend,diag,2000-06-30,2000-07-31,-0.026397086198034846,0.34907639743889735,False,0.9084469018257654,-0.026746162595473744,-0.02709523899291264,-0.027444315390351536
blend,diag,2000-07-31,2000-08-31,0.03351435599069769,0.316049003904297,False,0.8454767442097586,0.033198306986793394,0.0328822579828891,0.0325662089789848
blend,diag,2000-08-31,2000-09-30,-0.01927084679133342,0.3564520163899081,False,0.9594457218306899,-0.019627298807723327,-0.019983750824113237,-0.020340202840503144
blend,diag,2000-09-30,2000-10-31,-0.03231098822356189,0.33520487536463683,False,0.9431639383296834,-0.032646193098926524,-0.032981397974291164,-0.0333166028496558
blend,diag,2000-10-31,2000-11-30,-0.03110677916304215,0.39349008209594133,False,1.0358322719529691,-0.031500269245138095,-0.03189375932723403,-0.03228724940932998
blend,diag,2000-11-30,2000-12-31,-0.0036062799630574615,0.482395605064465,False,1.1713768634534738,-0.004088675568121926,-0.004571071173186392,-0.0050534667782508565
blend,diag,2000-12-31,2001-01-31,-0.06434481252998499,0.7820828036611103,False,0.9675498980895865,-0.0651268953336461,-0.06590897813730721,-0.06669106094096831
blend,diag,2001-01-31,2001-02-28,0.03226084148423654,0.4384848524548545,False,0.7710792690928007,0.031822356631781686,0.031383871779326826,0.030945386926871973
blend,diag,2001-02-28,2001-03-31,0.015487387494698877,0.3211193426332121,False,0.7069978482262512,0.015166268152065666,0.014845148809432452,0.01452402946679924
blend,diag,2001-03-31,2001-04-30,-0.01684377412298385,0.3630997905046043,False,0.6024156127460836,-0.017206873913488456,-0.01756997370399306,-0.017933073494497666
blend,diag,2001-04-30,2001-05-31,0.007764560167414199,0.21217993231386872,False,0.6264590465602707,0.007552380235100331,0.0073402003027864616,0.007128020370472592
blend,diag,2001-05-31,2001-06-30,0.008816745197782744,0.3063634963188285,False,0.66905653229786,0.008510381701463916,0.008204018205145087,0.007897654708826259
blend,diag,2001-06-30,2001-07-31,0.014960795962032095,0.2843170081788794,False,0.6689886379666458,0.014676478953853217,0.014392161945674336,0.014107844937495458
blend,diag,2001-07-31,2001-08-31,0.010970759908801747,0.26576073144389956,False,0.6538961160199406,0.010704999177357849,0.010439238445913948,0.01017347771447005
blend,diag,2001-08-31,2001-09-30,0.020791518578982454,0.2564833778950354,False,0.6219601228722392,0.020535035201087418,0.020278551823192385,0.020022068445297348
blend,diag,2001-09-30,2001-10-31,-0.012215159296285794,0.3125379656739084,False,0.6475453375578564,-0.012527697261959703,-0.012840235227633612,-0.013152773193307519
blend,diag,2001-10-31,2001-11-30,-0.029859529748527448,0.2946203219261483,False,0.6450295663552259,-0.030154150070453595,-0.030448770392379743,-0.03074339071430589
blend,diag,2001-11-30,2001-12-31,0.013820453450757112,0.3249609924596938,False,0.7219218486429971,0.013495492458297419,0.013170531465837725,0.01284557047337803
blend,diag,2001-12-31,2002-01-31,0.01826949455267015,0.40806097586335277,False,0.8231170754280661,0.017861433576806796,0.017453372600943446,0.017045311625080092
blend,diag,2002-01-31,2002-02-28,0.020583149914903853,0.4442079324211908,False,0.711964684630738,0.02013894198248266,0.01969473405006147,0.01925052611764028
blend,diag,2002-02-28,2002-03-31,0.001273049340390808,0.4415220207178214,False,0.9762494660324231,0.0008315273196729867,0.00039000529895516533,-5.1516721762656084e-05
blend,diag,2002-03-31,2002-04-30,0.039649408582826076,0.3659556248889298,False,0.8762819037261722,0.03928345295793715,0.038917497333048216,0.03855154170815929
blend,diag,2002-04-30,2002-05-31,0.006876597811748178,0.2792643961641852,False,0.7836679141136775,0.006597333415583993,0.006318069019419808,0.0060388046232556225
blend,diag,2002-05-31,2002-06-30,0.014857516724488208,0.269133772400906,False,0.8226281029937474,0.014588382952087302,0.014319249179686397,0.01405011540728549
blend,diag,2002-06-30,2002-07-31,-0.012875793736254004,0.23428479503348876,False,0.7548187479092414,-0.013110078531287492,-0.013344363326320982,-0.01357864812135447
blend,diag,2002-07-31,2002-08-31,0.01564139845764681,0.27640294848361,False,0.7557339306839859,0.0153649955091632,0.015088592560679591,0.01481218961219598
blend,diag,2002-08-31,2002-09-30,0.020033376289730575,0.2802555479094492,False,0.7440160627427514,0.019753120741821124,0.019472865193911677,0.019192609646002227
blend,diag,2002-09-30,2002-10-31,-0.025921619955634502,0.4095187455052427,False,0.9058518021129547,-0.026331138701139744,-0.026740657446644986,-0.02715017619215023
blend,diag,2002-10-31,2002-11-30,-0.03168328804282184,0.4230052677225427,False,0.7297132642977479,-0.03210629331054438,-0.032529298578266926,-0.03295230384598947
blend,diag,2002-11-30,2002-12-31,0.024315571783320545,0.34761311972215575,False,0.7315893238377902,0.02396795866359839,0.023620345543876233,0.023272732424154077
blend,diag,2002-12-31,2003-01-31,-0.005034628291841616,0.34346983809542686,False,0.8821693391173413,-0.005378098129937043,-0.00572156796803247,-0.006065037806127897
blend,diag,2003-01-31,2003-02-28,-0.006081487119024247,0.36102776344813586,False,0.7532840557545595,-0.006442514882472383,-0.0068035426459205186,-0.007164570409368655
blend,diag,2003-02-28,2003-03-31,-0.004083281949683688,0.43298499630376974,False,0.8714461371878148,-0.004516266945987457,-0.004949251942291228,-0.005382236938594997
blend,diag,2003-03-31,2003-04-30,-0.01885971744560381,0.3333162144241288,False,0.9569017438934869,-0.019193033660027937,-0.019526349874452065,-0.019859666088876196
blend,diag,2003-04-30,2003-05-31,-0.021316171100349494,0.5560791608758496,False,1.069104571549804,-0.021872250261225343,-0.022428329422101195,-0.022984408582977043
blend,diag,2003-05-31,2003-06-30,-0.005646525877949494,0.477917082704241,False,1.2172523594927342,-0.006124442960653734,-0.006602360043357976,-0.007080277126062217
blend,diag,2003-06-30,2003-07-31,-0.008656152521909278,0.6921237409024756,False,1.1279500594348744,-0.009348276262811754,-0.01004040000371423,-0.010732523744616706
blend,diag,2003-07-31,2003-08-31,-0.0017033466822113637,0.6895319452291779,False,0.9634605573817323,-0.0023928786274405416,-0.0030824105726697196,-0.0037719425178988977
blend,diag,2003-08-31,2003-09-30,0.004246170209515555,0.6542504726404965,False,0.9003526649430893,0.003591919736875058,0.0029376692642345617,0.002283418791594065
blend,diag,2003-09-30,2003-10-31,0.02152722577549545,0.45208566766204666,False,0.6536571021844332,0.021075140107833405,0.020623054440171356,0.02017096877250931
blend,diag,2003-10-31,2003-11-30,0.013803956817040792,0.46183775257230575,False,0.8992861645396595,0.013342119064468486,0.012880281311896181,0.012418443559323875
blend,diag,2003-11-30,2003-12-31,-0.018211780719360894,0.4089172098905377,False,0.9080961025632059,-0.01862069792925143,-0.01902961513914197,-0.019438532349032506
blend,diag,2003-12-31,2004-01-31,-0.007758051468981798,0.3664461176710492,False,0.8457280583124331,-0.008124497586652847,-0.008490943704323897,-0.008857389821994946
blend,diag,2004-01-31,2004-02-29,0.0022030118447610996,0.3112417393620914,False,0.8130446164718135,0.0018917701053990082,0.0015805283660369168,0.0012692866266748254
blend,diag,2004-02-29,2004-03-31,0.000149904503853241,0.32801880178859777,False,0.8879456195685316,-0.00017811429793535677,-0.0005061330997239545,-0.0008341519015125523
blend,diag,2004-03-31,2004-04-30,-0.03390710308791978,0.268750739849055,False,0.8558212246538068,-0.03417585382776883,-0.03444460456761789,-0.03471335530746694
blend,diag,2004-04-30,2004-05-31,0.007300346382938328,0.3598328335373351,False,0.9236494655753138,0.006940513549400992,0.006580680715863658,0.006220847882326323
blend,diag,2004-05-31,2004-06-30,0.00648427105168501,0.8316182012979012,False,1.3376461955772472,0.005652652850387109,0.004821034649089208,0.003989416447791307
blend,diag,2004-06-30,2004-07-31,-0.010824589026497924,0.5338201617616911,False,1.2220815472792952,-0.011358409188259616,-0.011892229350021306,-0.012426049511782998
blend,diag,2004-07-31,2004-08-31,-0.003992877874912586,0.6712975747597085,False,1.2585716257213146,-0.004664175449672294,-0.005335473024432003,-0.006006770599191712
blend,diag,2004-08-31,2004-09-30,0.017544852603923255,0.8217262249985948,False,1.2086978383568188,0.01672312637892466,0.015901400153926066,0.01507967392892747
blend,diag,2004-09-30,2004-10-31,-0.01737661798821279,0.49174492850586105,False,1.1097817306273083,-0.01786836291671865,-0.018360107845224512,-0.018851852773730374
blend,diag,2004-10-31,2004-11-30,0.01558768432169098,0.46305667244862053,False,1.1052868023385045,0.01512462764924236,0.014661570976793738,0.01419851430434512
blend,diag,2004-11-30,2004-12-31,-0.0015166291732414709,0.5295404792118621,False,1.1600328692688062,-0.002046169652453333,-0.0025757101316651954,-0.003105250610877057
blend,diag,2004-12-31,2005-01-31,0.02324407729872006,0.5542654695822558,False,1.1361352935842417,0.022689811829137804,0.02213554635955555,0.021581280889973294
blend,diag,2005-01-31,2005-02-28,0.02991541228709667,0.4541789404842173,False,1.1243437855051244,0.029461233346612454,0.029007054406128236,0.02855287546564402
blend,diag,2005-02-28,2005-03-31,-0.0026737004565184673,0.47662177285687546,False,1.1035349638102603,-0.003150322229375343,-0.0036269440022322183,-0.004103565775089094
blend,diag,2005-03-31,2005-04-30,-0.005635098710538761,0.42802311476430993,False,1.088155347354266,-0.006063121825303071,-0.0064911449400673815,-0.006919168054831691
blend,diag,2005-04-30,2005-05-31,0.006925563955097965,0.3047913823828746,False,1.1207366818117104,0.00662077257271509,0.006315981190332216,0.006011189807949341
blend,diag,2005-05-31,2005-06-30,0.016301007020726115,0.37975739123542995,False,1.1248939656746133,0.015921249629490684,0.015541492238255255,0.015161734847019825
blend,diag,2005-06-30,2005-07-31,-0.0002477978681212136,0.3071655092245591,False,1.0931695653941185,-0.0005549633773457727,-0.0008621288865703318,-0.0011692943957948908
blend,diag,2005-07-31,2005-08-31,0.0025163610771951144,0.4478090486022355,False,1.030624567348579,0.002068552028592879,0.0016207429799906434,0.0011729339313884077
blend,diag,2005-08-31,2005-09-30,0.013145597964712773,0.44479509632282466,False,1.054507990835678,0.012700802868389949,0.012256007772067125,0.011811212675744299
blend,diag,2005-09-30,2005-10-31,-0.026532875793304288,0.32285193915775645,False,1.1224653543980907,-0.026855727732462045,-0.0271785796716198,-0.027501431610777557
blend,diag,2005-10-31,2005-11-30,-0.001462282873262238,0.4766004967763431,False,1.1128664741953616,-0.0019388833700385811,-0.002415483866814924,-0.002892084363591267
blend,diag,2005-11-30,2005-12-31,0.0037345138992751917,0.4453875433100465,False,1.129196288236818,0.0032891263559651452,0.0028437388126550988,0.0023983512693450523
blend,diag,2005-12-31,2006-01-31,0.039325224103990336,0.4295676212455066,False,1.1276332970909024,0.03889565648274483,0.038466088861499326,0.038036521240253814
blend,diag,2006-01-31,2006-02-28,-0.019215250599297518,0.42725029946394577,False,1.074186146255079,-0.019642500898761465,-0.02006975119822541,-0.020497001497689356
blend,diag,2006-02-28,2006-03-31,0.013895321768855676,0.4255740981057104,False,1.0198614970148803,0.013469747670749965,0.013044173572644254,0.012618599474538545
blend,diag,2006-03-31,2006-04-30,0.023215259497610122,0.3224687443377098,False,1.1422034872268845,0.022892790753272413,0.0225703220089347,0.02224785326459699
blend,diag,2006-04-30,2006-05-31,-0.021310991252931358,0.4337476333188597,False,0.9802320909692255,-0.02174473888625022,-0.022178486519569076,-0.022612234152887937
blend,diag,2006-05-31,2006-06-30,0.0004020560440194459,0.3581274671894121,False,0.8715437435037027,4.3928576830033815e-05,-0.00031419889035937826,-0.0006723263575487903
blend,diag,2006-06-30,2006-07-31,-0.013888159234829823,0.36720150684280556,False,0.9907252086206291,-0.014255360741672628,-0.014622562248515434,-0.01498976375535824
blend,diag,2006-07-31,2006-08-31,-0.014676447628811868,0.36644903353170877,False,1.0622746919882555,-0.015042896662343576,-0.015409345695875286,-0.015775794729406992
blend,diag,2006-08-31,2006-09-30,-0.005818940559560299,0.4822747162360182,False,1.213156927528789,-0.006301215275796317,-0.006783489992032336,-0.007265764708268354
blend,diag,2006-09-30,2006-10-31,-0.0036637280352015892,0.624878982108354,False,1.2735404591575972,-0.004288607017309943,-0.004913485999418297,-0.005538364981526651
blend,diag,2006-10-31,2006-11-30,0.0020094593971453825,0.5628797764920069,False,1.266998895209231,0.0014465796206533754,0.0008836998441613686,0.0003208200676693615
blend,diag,2006-11-30,2006-12-31,0.0019628137632014342,0.5492873432695279,False,1.350591052284969,0.0014135264199319063,0.0008642390766623784,0.0003149517333928505
blend,diag,2006-12-31,2007-01-31,0.00786443455314175,0.3820684776965769,False,1.3532565715685225,0.0074823660754451725,0.007100297597748596,0.006718229120052019
blend,diag,2007-01-31,2007-02-28,-0.005132112258328591,0.9448863296808038,False,1.1470972591379711,-0.006076998588009395,-0.007021884917690198,-0.007966771247371001
blend,diag,2007-02-28,2007-03-31,0.02024926744335988,0.6177332157150937,False,1.2684527336362499,0.019631534227644788,0.019013801011929694,0.0183960677962146
blend,diag,2007-03-31,2007-04-30,-0.009384130090035876,0.6074997026103437,False,1.3153754728541527,-0.00999162979264622,-0.010599129495256564,-0.011206629197866906
blend,diag,2007-04-30,2007-05-31,-0.005730085156403468,0.5380564763012606,False,1.2006445918651896,-0.0062681416327047285,-0.006806198109005989,-0.007344254585307249
blend,diag,2007-05-31,2007-06-30,0.0028198057119535945,0.5743986340133025,False,1.2835473021074912,0.002245407077940292,0.0016710084439269894,0.001096609809913687
blend,diag,2007-06-30,2007-07-31,0.011257286348944302,0.606136248661954,False,1.2926353621090656,0.010651150100282348,0.010045013851620394,0.00943887760295844
blend,diag,2007-07-31,2007-08-31,-0.009607537535058129,0.7009017554414277,False,1.1694933838408483,-0.010308439290499558,-0.011009341045940984,-0.011710242801382413
blend,diag,2007-08-31,2007-09-30,0.015491521339683068,0.5227395340586739,False,1.1943894602691738,0.014968781805624394,0.01444604227156572,0.013923302737507045
blend,diag,2007-09-30,2007-10-31,0.011416007201243613,0.5736336076736571,False,1.2014872972866997,0.010842373593569956,0.010268739985896298,0.009695106378222641
blend,diag,2007-10-31,2007-11-30,0.0030680267621573023,0.5493837151669345,False,1.3393893911603731,0.002518643046990368,0.0019692593318234334,0.0014198756166564988
blend,diag,2007-11-30,2007-12-31,0.023611533252425133,0.4352653256278627,False,1.371041568321323,0.02317626792679727,0.02274100260116941,0.022305737275541547
blend,diag,2007-12-31,2008-01-31,-0.02988712947366521,0.4335407873248061,False,1.3025635281411114,-0.030320670260990015,-0.03075421104831482,-0.031187751835639627
blend,diag,2008-01-31,2008-02-29,0.059627137512653354,0.36639510665231506,False,1.21290489122559,0.05926074240600104,0.058894347299348726,0.05852795219269641
blend,diag,2008-02-29,2008-03-31,-0.008108518051930058,0.4008941292169461,False,1.205075855298777,-0.008509412181147005,-0.00891030631036395,-0.009311200439580896
blend,diag,2008-03-31,2008-04-30,0.01614792216964193,0.29169050570062915,False,1.1421950520824264,0.015856231663941303,0.015564541158240673,0.015272850652540044
blend,diag,2008-04-30,2008-05-31,0.026670035055475293,0.2804340358161882,False,1.2144138351608529,0.026389601019659103,0.026109166983842916,0.025828732948026727
blend,diag,2008-05-31,2008-06-30,0.05749194507860085,0.30110890220074377,False,1.2126592207681284,0.057190836176400105,0.056889727274199366,0.05658861837199862
blend,diag,2008-06-30,2008-07-31,-0.025877931482279414,0.23914546086558008,False,1.1075414454228336,-0.026117076943144996,-0.026356222404010574,-0.026595367864876155
blend,diag,2008-07-31,2008-08-31,-0.024535233363904698,0.37145760822612894,False,0.9929820587860682,-0.024906690972130826,-0.025278148580356957,-0.025649606188583085
blend,diag,2008-08-31,2008-09-30,-0.039852664367223095,0.3143441012037242,False,1.0492815611695314,-0.04016700846842682,-0.04048135256963054,-0.04079569667083427
blend,diag,2008-09-30,2008-10-31,0.03288804622187856,0.3839461761362867,False,1.0714249074169628,0.03250410004574227,0.03212015386960599,0.0317362076934697
blend,diag,2008-10-31,2008-11-30,0.018461659228230363,0.6285537913319623,False,1.0200559333942398,0.0178331054368984,0.01720455164556644,0.016575997854234477
blend,diag,2008-11-30,2008-12-31,-0.015875814739154843,0.43213369763654813,False,0.959176213153808,-0.01630794843679139,-0.01674008213442794,-0.017172215832064488
blend,diag,2008-12-31,2009-01-31,0.02007104525683793,0.3620634872664379,False,0.912992057582521,0.01970898176957149,0.019346918282305052,0.018984854795038614
blend,diag,2009-01-31,2009-02-28,0.013846483129752209,0.39198427476890246,False,0.9245767887401892,0.013454498854983307,0.013062514580214403,0.012670530305445502
blend,diag,2009-02-28,2009-03-31,-0.029235410198945735,0.29877969008127503,False,0.9351259720685628,-0.02953418988902701,-0.029832969579108286,-0.03013174926918956
blend,diag,2009-03-31,2009-04-30,-0.12420478514227841,0.3093411884217053,False,0.965980570943979,-0.12451412633070011,-0.12482346751912182,-0.12513280870754354
blend,diag,2009-04-30,2009-05-31,-0.00706933458086603,0.6250402088885401,False,0.7248672522542202,-0.007694374789754569,-0.00831941499864311,-0.00894445520753165
blend,diag,2009-05-31,2009-06-30,0.012238695749043857,0.24821492141645488,False,0.7691639968042182,0.011990480827627402,0.011742265906210948,0.011494050984794493
blend,diag,2009-06-30,2009-07-31,-0.02430838962491478,0.2663448438024136,False,0.7827811209895242,-0.024574734468717194,-0.024841079312519606,-0.02510742415632202
blend,diag,2009-07-31,2009-08-31,-0.011680125740749373,0.2772163316968139,False,0.804447024924608,-0.011957342072446187,-0.012234558404143,-0.012511774735839814
blend,diag,2009-08-31,2009-09-30,-0.006964097664316107,0.24236862436361795,False,0.8389132295995871,-0.007206466288679725,-0.007448834913043343,-0.007691203537406961
blend,diag,2009-09-30,2009-10-31,0.012492902518322569,0.7014933283740559,False,1.029850511514524,0.011791409189948513,0.011089915861574456,0.010388422533200402
blend,diag,2009-10-31,2009-11-30,0.0030921445331241514,0.8492720650652196,False,0.8249768741339698,0.002242872468058932,0.0013936004029937122,0.0005443283379284927
blend,diag,2009-11-30,2009-12-31,0.0038360122905034084,0.43318815421116996,False,0.8621374407272673,0.0034028241362922384,0.0029696359820810684,0.0025364478278698983
blend,diag,2009-12-31,2010-01-31,-0.018328607586954152,0.36910023844166207,False,0.8453526747641483,-0.018697707825395815,-0.019066808063837475,-0.019435908302279137
blend,diag,2010-01-31,2010-02-28,0.015188391619448982,0.3776801057600364,False,0.7964673160607283,0.014810711513688946,0.01443303140792891,0.014055351302168874
blend,diag,2010-02-28,2010-03-31,0.011188691792408959,0.479547754039627,False,0.7201293961568087,0.010709144038369332,0.010229596284329704,0.009750048530290076
blend,diag,2010-03-31,2010-04-30,0.013928701914742533,0.2892706588041707,False,0.6988343304864703,0.013639431255938363,0.013350160597134193,0.01306088993833002
blend,diag,2010-04-30,2010-05-31,-0.002112319733171981,0.44548471929697986,False,0.8630974607967162,-0.002557804452468961,-0.003003289171765941,-0.003448773891062921
blend,diag,2010-05-31,2010-06-30,-0.016723862132682635,0.46501146363431967,False,0.7835530783698906,-0.017188873596316954,-0.017653885059951274,-0.018118896523585594
blend,diag,2010-06-30,2010-07-31,0.00922212273665991,0.307586151180353,False,0.8270196315106524,0.008914536585479556,0.008606950434299203,0.008299364283118851
blend,diag,2010-07-31,2010-08-31,0.015913113289655816,0.5955997594499554,False,1.0010496616792408,0.015317513530205861,0.014721913770755905,0.01412631401130595
blend,diag,2010-08-31,2010-09-30,0.017746633004259764,0.5323253600777939,False,1.1282880185854207,0.01721430764418197,0.016681982284104176,0.01614965692402638
blend,diag,2010-09-30,2010-10-31,0.008328975809086715,0.5721304508977598,False,1.1048170215319224,0.007756845358188955,0.007184714907291195,0.0066125844563934355
blend,diag,2010-10-31,2010-11-30,0.013242162513023082,0.5526345991240879,False,0.9963444165238394,0.012689527913898994,0.012136893314774907,0.011584258715650818
blend,diag,2010-11-30,2010-12-31,-0.023085344803266888,0.376466248298949,False,0.9700127830782329,-0.023461811051565837,-0.023838277299864787,-0.024214743548163734
blend,diag,2010-12-31,2011-01-31,-0.01189824907512989,0.5037394735414398,False,1.032292986402904,-0.01240198854867133,-0.01290572802221277,-0.01340946749575421
blend,diag,2011-01-31,2011-02-28,0.0012074366632983348,0.5114659408166855,False,0.926311829132007,0.0006959707224816492,0.0001845047816649637,-0.0003269611591517217
blend,diag,2011-02-28,2011-03-31,0.014122237967337487,0.36715496977592466,False,0.8904126021296417,0.013755082997561563,0.013387928027785639,0.013020773058009713
blend,diag,2011-03-31,2011-04-30,-0.0026808236144653043,0.30658676975654875,False,0.9639165873715496,-0.002987410384221853,-0.003293997153978402,-0.0036005839237349506
blend,diag,2011-04-30,2011-05-31,-0.01128708779516084,0.3281719628955222,False,0.9106564520160199,-0.011615259758056362,-0.011943431720951884,-0.012271603683847407
blend,diag,2011-05-31,2011-06-30,0.006720524628503825,0.29577940264042946,False,0.9043804666746769,0.006424745225863396,0.006128965823222966,0.005833186420582536
blend,diag,2011-06-30,2011-07-31,-0.0018507155655272899,0.38204325572250714,False,0.9186085605836903,-0.002232758821249797,-0.0026148020769723042,-0.0029968453326948115
blend,diag,2011-07-31,2011-08-31,-0.005728259500590035,0.46694553028314156,False,1.039384002769155,-0.006195205030873177,-0.006662150561156318,-0.00712909609143946
blend,diag,2011-08-31,2011-09-30,-0.033369831403915376,0.46763924977887233,False,0.9492749944352573,-0.033837470653694246,-0.03430510990347312,-0.03477274915325199
blend,diag,2011-09-30,2011-10-31,-0.000857498711115422,0.7752054410907534,False,1.1544103312857004,-0.0016327041522061754,-0.0024079095932969287,-0.003183115034387682
blend,diag,2011-10-31,2011-11-30,0.00584924441041528,1.0019416689425258,False,0.8218913149175374,0.004847302741472754,0.003845361072530228,0.0028434194035877026
blend,diag,2011-11-30,2011-12-31,0.013998864352621675,0.3798380744735122,False,0.9645260154988418,0.013619026278148162,0.01323918820367465,0.012859350129201138
blend,diag,2011-12-31,2012-01-31,-0.02648393634889439,0.3197895614317823,False,0.8784117846545831,-0.026803725910326173,-0.027123515471757953,-0.027443305033189737
blend,diag,2012-01-31,2012-02-29,0.001387979724204316,0.34959663066203894,False,0.8362262591756848,0.0010383830935422772,0.0006887864628802381,0.00033918983221819924
blend,diag,2012-02-29,2012-03-31,0.010090457069583166,0.3168665567867525,False,0.9064535523587017,0.009773590512796413,0.00945672395600966,0.00913985739922291
blend,diag,2012-03-31,2012-04-30,0.009661255319315942,0.3647742916869175,False,0.8518244398133631,0.009296481027629025,0.008931706735942107,0.00856693244425519
blend,diag,2012-04-30,2012-05-31,0.025091968103580393,0.2526795660584364,False,0.8624584728660771,0.02483928853752196,0.02458660897146352,0.024333929405405085
blend,diag,2012-05-31,2012-06-30,-0.013933864549490589,0.2776284542416601,False,0.8906928830127652,-0.01421149300373225,-0.01448912145797391,-0.01476674991221557
blend,diag,2012-06-30,2012-07-31,0.017600150168128152,0.32179480216477546,False,0.8145850243201445,0.017278355365963376,0.0169565605637986,0.016634765761633825
blend,diag,2012-07-31,2012-08-31,-0.011136821464515457,0.3571598004333214,False,0.8114996152415213,-0.011493981264948779,-0.0118511410653821,-0.012208300865815421
blend,diag,2012-08-31,2012-09-30,-0.010007621083889775,0.3276600073425137,False,0.8220955706372708,-0.010335281091232289,-0.010662941098574802,-0.010990601105917316
blend,diag,2012-09-30,2012-10-31,-0.010183849441938187,0.6727595598361643,False,1.0401186597982386,-0.010856609001774351,-0.011529368561610517,-0.01220212812144668
blend,diag,2012-10-31,2012-11-30,0.004958438404362058,0.6343544736235077,False,0.9911943440100575,0.00432408393073855,0.003689729457115042,0.0030553749834915343
blend,diag,2012-11-30,2012-12-31,-0.003381802379559487,0.3848114703363894,False,1.0463278295241856,-0.003766613849895876,-0.0041514253202322654,-0.004536236790568655
blend,diag,2012-12-31,2013-01-31,0.01675667789734906,0.45402901673828194,False,1.0646883400721785,0.016302648880610778,0.015848619863872496,0.015394590847134215
blend,diag,2013-01-31,2013-02-28,0.011335588544031076,0.49204529126617963,False,0.9865775950050619,0.010843543252764896,0.010351497961498717,0.009859452670232537
blend,diag,2013-02-28,2013-03-31,0.007719750921656359,0.4814514805182076,False,1.07854112042537,0.007238299441138151,0.006756847960619944,0.006275396480101736
blend,diag,2013-03-31,2013-04-30,0.009810434330563982,0.40539086335759394,False,1.0473994031004348,0.009405043467206388,0.008999652603848794,0.0085942617404912
blend,diag,2013-04-30,2013-05-31,-0.001978164168173185,0.34227101553292044,False,1.057614824435886,-0.0023204351837061055,-0.0026627061992390262,-0.0030049772147719466
blend,diag,2013-05-31,2013-06-30,0.018563560341865744,0.4207816713430039,False,1.0499301488264265,0.01814277867052274,0.017721996999179736,0.01730121532783673
blend,diag,2013-06-30,2013-07-31,0.009097008131903284,0.5278018113376058,False,1.0119727881086318,0.008569206320565678,0.008041404509228071,0.007513602697890466
blend,diag,2013-07-31,2013-08-31,-0.009093763805478845,0.35779193116019503,False,0.965314558596752,-0.00945155573663904,-0.009809347667799236,-0.01016713959895943
blend,diag,2013-08-31,2013-09-30,0.01893625159187189,0.355764555610365,False,1.0357609002121388,0.018580487036261525,0.01822472248065116,0.017868957925040795
blend,diag,2013-09-30,2013-10-31,0.003831821511182858,0.3714644170159632,False,1.0894147635154505,0.003460357094166895,0.003088892677150932,0.0027174282601349683
blend,diag,2013-10-31,2013-11-30,0.023074093688895927,0.3526075872577219,False,0.999632974500925,0.022721486101638204,0.022368878514380484,0.02201627092712276
blend,diag,2013-11-30,2013-12-31,0.0026296357779260386,0.2700206874378632,False,1.0267499070296497,0.0023596150904881753,0.002089594403050312,0.001819573715612449
blend,diag,2013-12-31,2014-01-31,0.0009657120665210954,0.3262129343389543,False,1.0372056846206668,0.0006394991321821411,0.0003132861978431867,-1.2926736495767711e-05
blend,diag,2014-01-31,2014-02-28,0.00566439667288443,0.4557601824660141,False,1.126711530138896,0.005208636490418416,0.004752876307952402,0.004297116125486388
blend,diag,2014-02-28,2014-03-31,-0.008258755352289801,0.4543728888990141,False,1.1661728673758731,-0.008713128241188816,-0.00916750113008783,-0.009621874018986844
blend,diag,2014-03-31,2014-04-30,-0.01358671453921419,0.31219439831517104,False,1.216107357497433,-0.013898908937529361,-0.014211103335844532,-0.014523297734159703
blend,diag,2014-04-30,2014-05-31,0.012037601178849089,0.45546026286837776,False,1.2452957939609162,0.011582140915980711,0.011126680653112333,0.010671220390243956
blend,diag,2014-05-31,2014-06-30,-0.011384147364460095,0.5912701284918678,False,1.2919005855095902,-0.011975417492951963,-0.01256668762144383,-0.013157957749935698
blend,diag,2014-06-30,2014-07-31,0.010636651969808605,0.5188144685921795,False,1.2636061699172536,0.010117837501216425,0.009599023032624247,0.009080208564032067
blend,diag,2014-07-31,2014-08-31,-0.004377591687514486,0.5327987834998917,False,1.2184156297605135,-0.004910390471014377,-0.005443189254514269,-0.005975988038014161
blend,diag,2014-08-31,2014-09-30,0.014513178685418753,0.7016089805229905,False,1.3396471700583492,0.013811569704895763,0.013109960724372772,0.012408351743849782
blend,diag,2014-09-30,2014-10-31,0.008241027236718493,0.6102672423141082,False,1.3444893542082204,0.007630759994404385,0.007020492752090277,0.006410225509776169
blend,diag,2014-10-31,2014-11-30,0.0011641113385148533,0.6456018512388401,False,1.2117576464953315,0.0005185094872760133,-0.00012709236396282676,-0.000772694215201667
blend,diag,2014-11-30,2014-12-31,0.008073092696851664,0.5253949877093251,False,1.2152202950000115,0.0075476977091423385,0.007022302721433013,0.006496907733723688
blend,diag,2014-12-31,2015-01-31,0.0028163848712377667,0.48135539848058057,False,1.0772476417090617,0.002335029472757186,0.0018536740742766057,0.001372318675796025
blend,diag,2015-01-31,2015-02-28,-0.01101076226353861,0.49697342152113305,False,1.0228560658936272,-0.011507735685059743,-0.012004709106580875,-0.012501682528102008
blend,diag,2015-02-28,2015-03-31,0.01661994342002622,0.4074895003542138,False,1.03850079320769,0.016212453919672007,0.015804964419317794,0.015397474918963578
blend,diag,2015-03-31,2015-04-30,-0.03233080272464508,0.41319007601203767,False,1.0811043980317412,-0.03274399280065712,-0.033157182876669154,-0.03357037295268119
blend,diag,2015-04-30,2015-05-31,0.024301205876073612,0.41970309832201297,False,1.0620162020439343,0.023881502777751598,0.023461799679429587,0.023042096581107573
blend,diag,2015-05-31,2015-06-30,0.02430973485100874,0.35215725659647906,False,1.105002258811405,0.02395757759441226,0.02360542033781578,0.023253263081219302
blend,diag,2015-06-30,2015-07-31,0.041125356043067635,0.3132156540984545,False,1.0637493522343513,0.04081214038896918,0.040498924734870725,0.04018570908077227
blend,diag,2015-07-31,2015-08-31,-0.005407026905335868,0.44159986166473003,False,1.146306528156515,-0.005848626767000598,-0.006290226628665328,-0.006731826490330058
blend,diag,2015-08-31,2015-09-30,0.017688767444845665,0.3227266434311468,False,1.038684419880614,0.017366040801414517,0.01704331415798337,0.016720587514552226
blend,diag,2015-09-30,2015-10-31,-0.0007391191115190871,0.32481914643309456,False,0.9494749901695195,-0.0010639382579521817,-0.0013887574043852761,-0.0017135765508183708
blend,diag,2015-10-31,2015-11-30,0.001704993962687334,0.39701484981703494,False,0.943078742126597,0.0013079791128702992,0.0009109642630532642,0.0005139494132362292
blend,diag,2015-11-30,2015-12-31,0.012772762912759653,0.41762320913519385,False,1.015950754548855,0.012355139703624458,0.011937516494489264,0.01151989328535407
blend,diag,2015-12-31,2016-01-31,0.004442893309040319,0.3670337392251239,False,1.1097684851528553,0.004075859569815195,0.0037088258305900713,0.0033417920913649474
blend,diag,2016-01-31,2016-02-29,-0.02857474501658163,0.4919168422086676,False,1.2865869255811808,-0.029066661858790296,-0.029558578700998966,-0.030050495543207635
blend,diag,2016-02-29,2016-03-31,-0.018114843738226978,0.6617634569214831,False,1.1951572797521228,-0.01877660719514846,-0.019438370652069943,-0.020100134108991426
blend,diag,2016-03-31,2016-04-30,-0.01447077945359404,0.5522679793515829,False,1.2359169311649587,-0.015023047432945623,-0.015575315412297206,-0.01612758339164879
blend,diag,2016-04-30,2016-05-31,0.005447451323209413,0.5163034116595075,False,1.3387921966727245,0.004931147911549905,0.0044148444998903975,0.0038985410882308906
blend,diag,2016-05-31,2016-06-30,0.03720839054987249,0.5970604452292755,False,1.3281891322967132,0.036611330104643215,0.036014269659413935,0.03541720921418466
blend,diag,2016-06-30,2016-07-31,-0.011470755235217052,0.5587236858733821,False,1.3384975611938636,-0.012029478921090433,-0.012588202606963816,-0.013146926292837199
blend,diag,2016-07-31,2016-08-31,-0.009315868798679692,0.7124695633403245,False,1.1700038902384553,-0.010028338362020016,-0.01074080792536034,-0.011453277488700665
blend,diag,2016-08-31,2016-09-30,0.003998641944919435,0.49114621751085163,False,1.1819850067691595,0.0035074957274085833,0.003016349509897732,0.00252520329238688
blend,diag,2016-09-30,2016-10-31,-0.003573569990483961,0.6904863528328773,False,1.3157805329517305,-0.004264056343316838,-0.004954542696149715,-0.005645029048982593
blend,diag,2016-10-31,2016-11-30,-0.020367422726019456,0.5751291195187465,False,1.1293361207490262,-0.020942551845538202,-0.02151768096505695,-0.022092810084575695
blend,diag,2016-11-30,2016-12-31,-0.006397049984444393,0.6657126470067163,False,1.1708514194793458,-0.0070627626314511095,-0.007728475278457826,-0.008394187925464543
blend,diag,2016-12-31,2017-01-31,0.0118642293155744,0.8161869350888977,False,0.9095428083892304,0.011048042380485503,0.010231855445396605,0.009415668510307708
blend,diag,2017-01-31,2017-02-28,-0.007960658439316457,0.38428402918632154,False,0.956459068236556,-0.00834494246850278,-0.0087292264976891,-0.009113510526875422
blend,diag,2017-02-28,2017-03-31,-0.008004299997734103,0.34551848099984855,False,1.026825528286659,-0.008349818478733952,-0.0086953369597338,-0.009040855440733648
blend,diag,2017-03-31,2017-04-30,0.007019253790932921,0.452035016986675,False,1.1630718315832365,0.006567218773946246,0.006115183756959571,0.005663148739972896
blend,diag,2017-04-30,2017-05-31,0.007167518628612712,0.8238490510179278,False,1.318928902148558,0.006343669577594784,0.005519820526576856,0.004695971475558928
blend,diag,2017-05-31,2017-06-30,-0.005387860327598048,0.637211797812438,False,1.4269726769108553,-0.006025072125410486,-0.006662283923222924,-0.007299495721035362
blend,diag,2017-06-30,2017-07-31,0.002668132233573449,0.552618275402373,False,1.398209937520992,0.0021155139581710758,0.001562895682768703,0.00101027740736633
blend,diag,2017-07-31,2017-08-31,0.012699536770880536,0.4490369391159881,False,1.3281073445056748,0.012250499831764548,0.01180146289264856,0.011352425953532572
blend,diag,2017-08-31,2017-09-30,0.010465754610582807,0.6914038919785128,False,1.4640923372324668,0.009774350718604295,0.009082946826625781,0.00839154293464727
blend,diag,2017-09-30,2017-10-31,0.03034916816132648,0.519993727728729,False,1.5568939449320736,0.02982917443359775,0.02930918070586902,0.028789186978140292
blend,diag,2017-10-31,2017-11-30,-0.007955491029905837,0.6944083623434129,False,1.3781897745905654,-0.00864989939224925,-0.009344307754592662,-0.010038716116936075
blend,diag,2017-11-30,2017-12-31,-0.018432108946889524,0.8709596064693506,False,1.48086807363181,-0.019303068553358876,-0.020174028159828224,-0.021044987766297575
blend,diag,2017-12-31,2018-01-31,0.024292947824108162,0.48347879265538524,False,1.4649166243366096,0.023809469031452778,0.023325990238797393,0.022842511446142008
blend,diag,2018-01-31,2018-02-28,0.010909254310020954,0.4979607734937741,False,1.5280886207368862,0.010411293536527179,0.009913332763033406,0.009415371989539631
blend,diag,2018-02-28,2018-03-31,0.002641336701524702,0.5759101434471671,False,1.5257130822949965,0.0020654265580775347,0.0014895164146303676,0.0009136062711832006
blend,diag,2018-03-31,2018-04-30,0.0006131684724481107,0.49067159152417084,False,1.5013676694679219,0.00012249688092393985,-0.000368174710600231,-0.0008588463021244018
blend,diag,2018-04-30,2018-05-31,0.023190273572158897,0.46809862325958784,False,1.5133358673681707,0.02272217494889931,0.02225407632563972,0.021785977702380135
blend,diag,2018-05-31,2018-06-30,-0.009740699823415685,0.657331936231337,False,1.4035866450463848,-0.010398031759647023,-0.011055363695878359,-0.011712695632109697
blend,diag,2018-06-30,2018-07-31,-0.015153045670742838,0.4535863175278202,False,1.3173043925971861,-0.015606631988270659,-0.016060218305798478,-0.0165138046233263
blend,diag,2018-07-31,2018-08-31,0.02199781722340315,0.5358524032599044,False,1.4483027138605793,0.021461964820143245,0.02092611241688334,0.020390260013623436
blend,diag,2018-08-31,2018-09-30,0.00397115653160215,0.5321344511111539,False,1.4784271318316187,0.0034390220804909966,0.0029068876293798424,0.0023747531782686887
blend,diag,2018-09-30,2018-10-31,-0.024644557491852508,0.783757500280605,False,1.5181570446067556,-0.025428314992133112,-0.026212072492413717,-0.02699582999269432
blend,diag,2018-10-31,2018-11-30,-0.02421451736639872,0.53845388044513,False,1.4774097181902726,-0.02475297124684385,-0.025291425127288977,-0.02582987900773411
blend,diag,2018-11-30,2018-12-31,0.003275557403256518,0.625936714523442,False,1.4263112056822977,0.002649620688733076,0.002023683974209634,0.001397747259686192
blend,diag,2018-12-31,2019-01-31,-0.010583564415162542,0.5914726425537263,False,1.3075007565346273,-0.011175037057716268,-0.011766509700269994,-0.01235798234282372
blend,diag,2019-01-31,2019-02-28,0.0019279491183374175,0.6039842884096754,False,1.3025587247355233,0.001323964829927742,0.0007199805415180666,0.00011599625310839117
blend,diag,2019-02-28,2019-03-31,0.01593888577729028,0.41258603086094725,False,1.3319641915734715,0.015526299746429334,0.015113713715568387,0.014701127684707438
blend,diag,2019-03-31,2019-04-30,-0.004113300040499753,0.5001295443364093,False,1.3946741610012325,-0.004613429584836163,-0.005113559129172572,-0.005613688673508982
blend,diag,2019-04-30,2019-05-31,0.022054006998850184,0.5980586504032086,False,1.2584066918139185,0.021455948348446975,0.020857889698043766,0.020259831047640557
blend,diag,2019-05-31,2019-06-30,-0.02110512108154149,0.5360811550396024,False,1.1067905820654196,-0.021641202236581093,-0.022177283391620693,-0.022713364546660297
blend,diag,2019-06-30,2019-07-31,0.015443697644979708,0.5220775231356286,False,1.1199071828214633,0.01492162012184408,0.01439954259870845,0.013877465075572823
blend,diag,2019-07-31,2019-08-31,0.034292542723972724,0.36314985008556977,False,1.1680612373044605,0.03392939287388715,0.03356624302380158,0.03320309317371602
blend,diag,2019-08-31,2019-09-30,-0.016108056284275023,0.4353914285701214,False,1.090806263731927,-0.016543447712845143,-0.016978839141415264,-0.017414230569985388
blend,diag,2019-09-30,2019-10-31,-0.008741342361381564,0.36768164226759525,False,1.0838555879280565,-0.00910902400364916,-0.009476705645916754,-0.009844387288184351
blend,diag,2019-10-31,2019-11-30,0.004684499036279529,0.7462317575067923,False,1.291816010372114,0.003938267278772736,0.0031920355212659442,0.002445803763759152
blend,diag,2019-11-30,2019-12-31,-0.011844283547726098,0.7752630375083314,False,1.5592596099746896,-0.01261954658523443,-0.01339480962274276,-0.014170072660251092
blend,diag,2019-12-31,2020-01-31,0.03298541750937311,0.7149429723894895,False,1.522361529783248,0.03227047453698362,0.03155553156459413,0.03084058859220464
blend,diag,2020-01-31,2020-02-29,-0.0016611510140474878,0.6711335943350792,False,1.519126546599231,-0.002332284608382567,-0.0030034182027176464,-0.0036745517970527258
blend,diag,2020-02-29,2020-03-31,0.04469138514746797,0.7322301480863705,False,1.1392469703706034,0.0439591549993816,0.04322692485129523,0.04249469470320886
blend,diag,2020-03-31,2020-04-30,0.01040037344725205,0.538509650423738,False,1.1738911432398829,0.009861863796828312,0.009323354146404575,0.008784844495980836
blend,diag,2020-04-30,2020-05-31,-0.006234182281048843,1.0841313903902428,False,0.8742406383970147,-0.007318313671439086,-0.008402445061829328,-0.00948657645221957
blend,diag,2020-05-31,2020-06-30,0.007609659793166595,0.5125649003126356,False,0.9922568047200011,0.00709709489285396,0.006584529992541324,0.006071965092228689
blend,diag,2020-06-30,2020-07-31,0.028979793690874174,0.307646803872089,False,0.9968942021824231,0.028672146887002085,0.028364500083129997,0.028056853279257908
blend,diag,2020-07-31,2020-08-31,0.031530298766229044,0.32073319610132706,False,1.0910434418992945,0.031209565570127717,0.03088883237402639,0.03056809917792506
blend,diag,2020-08-31,2020-09-30,-0.0064916704408068,0.3951581799358679,False,1.0781349598252175,-0.0068868286207426676,-0.0072819868006785355,-0.007677144980614403
blend,diag,2020-09-30,2020-10-31,-0.006898089476516176,0.3019710005538522,False,1.071928287928107,-0.007200060477070028,-0.007502031477623881,-0.007804002478177733
blend,diag,2020-10-31,2020-11-30,-0.03120093249074424,0.29518161198408377,False,1.0971486254095688,-0.031496114102728325,-0.03179129571471241,-0.03208647732669649
blend,diag,2020-11-30,2020-12-31,0.009084447740719443,0.48573975570254124,False,1.055656444456548,0.008598707985016902,0.00811296822931436,0.00762722847361182
blend,diag,2020-12-31,2021-01-31,0.022041105592121992,0.39827352018232826,False,1.158213854191109,0.021642832071939663,0.021244558551757334,0.020846285031575006
blend,diag,2021-01-31,2021-02-28,-0.021692493687588323,0.4215523547221703,False,1.0653355604350903,-0.022114046042310494,-0.022535598397032664,-0.022957150751754835
blend,diag,2021-02-28,2021-03-31,-0.03095926409578949,0.3289164069776279,False,0.9713916718518332,-0.03128818050276712,-0.03161709690974475,-0.03194601331672237
blend,diag,2021-03-31,2021-04-30,0.0008240712951810827,0.6867236130864979,False,0.7968316319062466,0.00013734768209458482,-0.0005493759309919131,-0.0012360995440784108
blend,diag,2021-04-30,2021-05-31,3.8479583020333965e-05,0.28961929009983794,False,0.8182019108521588,-0.000251139707079504,-0.0005407589971793419,-0.0008303782872791799
blend,diag,2021-05-31,2021-06-30,-0.001756927916584768,0.17500758690973944,False,0.8004930083435807,-0.0019319355034945074,-0.002106943090404247,-0.0022819506773139866
blend,diag,2021-06-30,2021-07-31,0.004034849525397227,0.2371127637133195,False,0.8326574883598377,0.0037977367616839073,0.003560623997970588,0.0033235112342572684
blend,diag,2021-07-31,2021-08-31,0.004669134553303194,0.2805713926539947,False,0.8275226290292136,0.0043885631606491995,0.004107991767995205,0.00382742037534121
blend,diag,2021-08-31,2021-09-30,-0.0023697193421007095,0.38364625190425766,False,0.9054550756556121,-0.002753365594004967,-0.003137011845909225,-0.0035206580978134824
blend,diag,2021-09-30,2021-10-31,0.015711653266486915,0.2792777492133122,False,0.8919349355951708,0.015432375517273602,0.01515309776806029,0.014873820018846979
blend,diag,2021-10-31,2021-11-30,-0.005064102852533736,0.3764341061220255,False,0.8328775361920912,-0.005440536958655762,-0.005816971064777787,-0.0061934051708998124
blend,diag,2021-11-30,2021-12-31,-0.010898185878799411,0.4074092220666148,False,0.9448516706233319,-0.011305595100866025,-0.011713004322932642,-0.012120413544999256
blend,diag,2021-12-31,2022-01-31,-0.007055576600018342,0.501618367666618,False,1.072439120948499,-0.0075571949676849605,-0.008058813335351578,-0.008560431703018196
blend,diag,2022-01-31,2022-02-28,0.015851562643926388,0.5862332927989222,False,1.073623282874359,0.015265329351127465,0.014679096058328543,0.01409286276552962
blend,diag,2022-02-28,2022-03-31,0.023066293812783027,0.8200650766048162,False,1.1917371832923997,0.02224622873617821,0.021426163659573394,0.02060609858296858
blend,diag,2022-03-31,2022-04-30,0.01585330172777068,0.7394386811017848,False,0.9435772673242993,0.015113863046668896,0.014374424365567112,0.013634985684465327
blend,diag,2022-04-30,2022-05-31,0.0004045582430229074,0.3353820309673705,False,0.8266254059257672,6.917621205553692e-05,-0.00026620581891183357,-0.0006015878498792042
blend,diag,2022-05-31,2022-06-30,0.004464280876196066,0.41198915597275937,False,0.9224732453266966,0.004052291720223307,0.0036403025642505475,0.0032283134082777883
blend,diag,2022-06-30,2022-07-31,-0.015646973792477852,0.2944589313615323,False,0.8605146039605185,-0.015941432723839386,-0.016235891655200917,-0.01653035058656245
blend,diag,2022-07-31,2022-08-31,0.02369052262770602,0.32282223072060123,False,0.9027913954222582,0.02336770039698542,0.02304487816626482,0.022722055935544216
blend,diag,2022-08-31,2022-09-30,0.01062632754093271,0.22596529806713855,False,0.9228150272429583,0.010400362242865571,0.010174396944798433,0.009948431646731294
blend,diag,2022-09-30,2022-10-31,0.020986147890129824,0.21771376233930512,False,0.9135540219221332,0.02076843412779052,0.020550720365451212,0.02033300660311191
blend,diag,2022-10-31,2022-11-30,-0.01866062621177299,0.34006681597098065,False,0.9076777697806783,-0.019000693027743973,-0.01934075984371495,-0.019680826659685933
blend,diag,2022-11-30,2022-12-31,0.002202172333149545,0.3061170695388093,False,0.8571028580680736,0.0018960552636107357,0.0015899381940719264,0.001283821124533117
blend,diag,2022-12-31,2023-01-31,-0.02869210796448915,0.20053802378799537,False,0.8488504407513578,-0.028892645988277146,-0.02909318401206514,-0.029293722035853134
blend,diag,2023-01-31,2023-02-28,0.00010929321801258643,0.30054292947824257,False,0.8965464522578347,-0.00019124971146565614,-0.0004917926409438988,-0.0007923355704221413
blend,diag,2023-02-28,2023-03-31,-0.009447854910818742,0.38120858505731264,False,1.0210506557855494,-0.009829063495876054,-0.010210272080933367,-0.01059148066599068
blend,diag,2023-03-31,2023-04-30,0.01075385803949477,0.5245528997965353,False,1.0885487492194437,0.010229305139698235,0.0097047522399017,0.009180199340105165
blend,diag,2023-04-30,2023-05-31,0.023896382032480883,0.8083452709018134,False,1.1741186500500231,0.02308803676157907,0.022279691490677257,0.021471346219775443
blend,diag,2023-05-31,2023-06-30,9.301823827375439e-05,0.6286557876032369,False,1.1560973535358734,-0.0005356375493294826,-0.0011642933369327196,-0.0017929491245359565
blend,diag,2023-06-30,2023-07-31,-0.005298280161487262,0.7751586273965525,False,1.0897092562451314,-0.006073438788883815,-0.006848597416280367,-0.0076237560436769195
blend,diag,2023-07-31,2023-08-31,0.0012383119708371125,0.4552762501355322,False,1.1998445865465677,0.0007830357207015803,0.0003277594705660481,-0.0001275167795694841
blend,diag,2023-08-31,2023-09-30,-0.014459191196326661,0.4478266914271272,False,1.093272958206853,-0.014907017887753789,-0.015354844579180916,-0.015802671270608044
blend,diag,2023-09-30,2023-10-31,0.005005288825653345,0.4040004986838361,False,1.1170514091698895,0.004601288326969509,0.004197287828285673,0.003793287329601837
blend,diag,2023-10-31,2023-11-30,0.02626877307814977,0.4585294156334027,False,1.1102190638004406,0.025810243662516368,0.025351714246882963,0.02489318483124956
blend,diag,2023-11-30,2023-12-31,-0.001796636680485047,0.6454888922243125,False,1.2244418133638164,-0.0024421255727093594,-0.003087614464933672,-0.0037331033571579844
blend,diag,2023-12-31,2024-01-31,0.010089247591859933,0.6499602797784798,False,0.9436590950904777,0.009439287312081454,0.008789327032302974,0.008139366752524494
blend,diag,2024-01-31,2024-02-29,0.016103365259344717,0.41822622671063037,False,1.0536075798592617,0.015685139032634087,0.015266912805923457,0.014848686579212827
blend,diag,2024-02-29,2024-03-31,-0.01151884549345199,0.45951735920054737,False,1.1630902085440893,-0.011978362852652538,-0.012437880211853086,-0.012897397571053633
blend,diag,2024-03-31,2024-04-30,-0.02022095534625667,0.49416611794158516,False,1.1538848652010614,-0.020715121464198256,-0.021209287582139844,-0.021703453700081428
blend,diag,2024-04-30,2024-05-31,0.011124025800006687,0.45635385248391064,False,1.0838925734476037,0.010667671947522776,0.010211318095038866,0.009754964242554955
blend,diag,2024-05-31,2024-06-30,-0.003967965854943339,0.5718586125809054,False,1.0884317014778868,-0.004539824467524245,-0.00511168308010515,-0.005683541692686055
blend,diag,2024-06-30,2024-07-31,-0.00011917782674129892,0.6696425381401035,False,1.3151873855203067,-0.0007888203648814025,-0.001458462903021506,-0.0021281054411616098
blend,diag,2024-07-31,2024-08-31,-0.00042870516185090213,0.6648180339963414,False,1.281325432076064,-0.0010935231958472435,-0.001758341229843585,-0.0024231592638399267
blend,diag,2024-08-31,2024-09-30,-0.0008574324529072423,0.8448639462694123,False,1.3130377211917794,-0.0017022963991766547,-0.002547160345446067,-0.0033920242917154795
blend,diag,2024-09-30,2024-10-31,0.001270780451187655,0.580641641426955,False,1.2306637531892,0.0006901388097607,0.00010949716833374501,-0.00047114447309320995
blend,diag,2024-10-31,2024-11-30,0.011749530771390211,0.6849810439496414,False,1.0890179609431763,0.01106454972744057,0.01037956868349093,0.009694587639541287
blend,diag,2024-11-30,2024-12-31,-0.005449959671448091,0.5969433779238221,False,1.209522777971885,-0.006046903049371913,-0.006643846427295735,-0.007240789805219557
blend,diag,2024-12-31,2025-01-31,0.017149922417770705,0.6564871883008753,False,1.2587223132943939,0.01649343522946983,0.015836948041168954,0.015180460852868078
blend,diag,2025-01-31,2025-02-28,-0.011382209314302057,0.63683629856502,False,1.1517903130573428,-0.012019045612867077,-0.012655881911432097,-0.013292718209997117
blend,diag,2025-02-28,2025-03-31,-0.004120578651775327,0.4859255704932804,False,1.206933831397539,-0.004606504222268607,-0.005092429792761888,-0.005578355363255168
blend,diag,2025-03-31,2025-04-30,0.02195705916391504,0.6552635584929418,False,1.2284656608945808,0.021301795605422096,0.020646532046929154,0.019991268488436215
blend,diag,2025-04-30,2025-05-31,0.006742612200652519,0.4837460663803362,False,1.2466943726627577,0.006258866134272183,0.0057751200678918466,0.00529137400151151
blend,diag,2025-05-31,2025-06-30,-0.005782722966508547,0.4435431717050513,False,1.2129719630689497,-0.006226266138213599,-0.00666980930991865,-0.007113352481623701
blend,diag,2025-06-30,2025-07-31,-0.019566573195090187,0.4936794619048435,False,1.2268576533500182,-0.020060252656995032,-0.020553932118899873,-0.021047611580804718
blend,diag,2025-07-31,2025-08-31,-0.016377846076278683,0.582263762865319,False,1.17500898827024,-0.016960109839144002,-0.01754237360200932,-0.01812463736487464
blend,diag,2025-08-31,2025-09-30,0.025047614682591413,0.6104052853388435,False,1.144401617113024,0.02443720939725257,0.023826804111913725,0.023216398826574884
blend,diag,2025-09-30,2025-10-31,0.012086398174408772,0.3427497671364073,False,1.1347519273825901,0.011743648407272364,0.011400898640135958,0.01105814887299955
blend,diag,2025-10-31,2025-11-30,-0.01695715587624701,0.5426747144520716,False,1.048417493678783,-0.01749983059069908,-0.018042505305151155,-0.018585180019603225
blend,diag,2025-11-30,2025-12-31,0.004596610772968335,0.4735184053366187,False,1.0732917103274844,0.004123092367631717,0.003649573962295098,0.003176055556958479
blend,diag,2025-12-31,2026-01-31,0.02717728426291101,0.5165464079973585,False,1.1567554159358424,0.02666073785491365,0.026144191446916293,0.02562764503891893
